시도,ym,year,month,real_powerCPI
전국,2004.01,2004,1,1.488703423
전국,2004.02,2004,2,1.482143607
전국,2004.03,2004,3,1.467893213
전국,2004.04,2004,4,1.420720134
전국,2004.05,2004,5,1.421941513
전국,2004.06,2004,6,1.421941513
전국,2004.07,2004,7,1.413279861
전국,2004.08,2004,8,1.401114891
전국,2004.09,2004,9,1.401114891
전국,2004.1,2004,10,1.401114891
전국,2004.11,2004,11,1.409608247
전국,2004.12,2004,12,1.407151776
전국,2005.01,2005,1,1.3934424
전국,2005.02,2005,2,1.387822768
전국,2005.03,2005,3,1.379496354
전국,2005.04,2005,4,1.378105976
전국,2005.05,2005,5,1.379496354
전국,2005.06,2005,6,1.383665704
전국,2005.07,2005,7,1.378105976
전국,2005.08,2005,8,1.373988424
전국,2005.09,2005,9,1.367174168
전국,2005.1,2005,10,1.369895403
전국,2005.11,2005,11,1.375370502
전국,2005.12,2005,12,1.371250919
전국,2006.01,2006,1,1.383565286
전국,2006.02,2006,2,1.380812141
전국,2006.03,2006,3,1.372690466
전국,2006.04,2006,4,1.371334089
전국,2006.05,2006,5,1.368665352
전국,2006.06,2006,6,1.371334089
전국,2006.07,2006,7,1.365989055
전국,2006.08,2006,8,1.358040316
전국,2006.09,2006,9,1.354100536
전국,2006.1,2006,10,1.360685526
전국,2006.11,2006,11,1.367316913
전국,2006.12,2006,12,1.363323204
전국,2007.01,2007,1,1.366058356
전국,2007.02,2007,2,1.356817326
전국,2007.03,2007,3,1.348987917
전국,2007.04,2007,4,1.343835599
전국,2007.05,2007,5,1.342540727
전국,2007.06,2007,6,1.342540727
전국,2007.07,2007,7,1.337420329
전국,2007.08,2007,8,1.336154869
전국,2007.09,2007,9,1.328561439
전국,2007.1,2007,10,1.326066267
전국,2007.11,2007,11,1.326066267
전국,2007.12,2007,12,1.32107053
전국,2008.01,2008,1,1.314903362
전국,2008.02,2008,2,1.309974803
전국,2008.03,2008,3,1.297869962
전국,2008.04,2008,4,1.290704281
전국,2008.05,2008,5,1.280142105
전국,2008.06,2008,6,1.272023469
전국,2008.07,2008,7,1.262861493
전국,2008.08,2008,8,1.265139592
전국,2008.09,2008,9,1.263991872
전국,2008.1,2008,10,1.265139592
전국,2008.11,2008,11,1.268564492
전국,2008.12,2008,12,1.268564492
전국,2009.01,2009,1,1.267410552
전국,2009.02,2009,2,1.258329821
전국,2009.03,2009,3,1.249378288
전국,2009.04,2009,4,1.246070926
전국,2009.05,2009,5,1.246070926
전국,2009.06,2009,6,1.247171433
전국,2009.07,2009,7,1.242751469
전국,2009.08,2009,8,1.238362723
전국,2009.09,2009,9,1.237263051
전국,2009.1,2009,10,1.240553214
전국,2009.11,2009,11,1.238362723
전국,2009.12,2009,12,1.234004865
전국,2010.01,2010,1,1.224473058
전국,2010.02,2010,2,1.222010453
전국,2010.03,2010,3,1.219543503
전국,2010.04,2010,4,1.214653479
전국,2010.05,2010,5,1.213426528
전국,2010.06,2010,6,1.214653479
전국,2010.07,2010,7,1.212216113
전국,2010.08,2010,8,1.230475377
전국,2010.09,2010,9,1.22075409
전국,2010.1,2010,10,1.22075409
전국,2010.11,2010,11,1.226808276
전국,2010.12,2010,12,1.221957341
전국,2011.01,2011,1,1.207604657
전국,2011.02,2011,2,1.199399271
전국,2011.03,2011,3,1.194748874
전국,2011.04,2011,4,1.193585223
전국,2011.05,2011,5,1.191291328
전국,2011.06,2011,6,1.188992974
전국,2011.07,2011,7,1.183292269
전국,2011.08,2011,8,1.198628551
전국,2011.09,2011,9,1.199779298
전국,2011.1,2011,10,1.202060853
전국,2011.11,2011,11,1.200918992
전국,2011.12,2011,12,1.196359995
전국,2012.01,2012,1,1.191490761
전국,2012.02,2012,2,1.186989562
전국,2012.03,2012,3,1.186652695
전국,2012.04,2012,4,1.186769281
전국,2012.05,2012,5,1.184648411
전국,2012.06,2012,6,1.186328965
전국,2012.07,2012,7,1.189014787
전국,2012.08,2012,8,1.209101301
전국,2012.09,2012,9,1.200514528
전국,2012.1,2012,10,1.202763729
전국,2012.11,2012,11,1.207051331
전국,2012.12,2012,12,1.204903716
전국,2013.01,2013,1,1.221820809
전국,2013.02,2013,2,1.217749737
전국,2013.03,2013,3,1.218876409
전국,2013.04,2013,4,1.220570333
전국,2013.05,2013,5,1.220570333
전국,2013.06,2013,6,1.22205803
전국,2013.07,2013,7,1.219440528
전국,2013.08,2013,8,1.215137605
전국,2013.09,2013,9,1.212783267
전국,2013.1,2013,10,1.216494513
전국,2013.11,2013,11,1.249645603
전국,2013.12,2013,12,1.248130946
전국,2014.01,2014,1,1.241459511
전국,2014.02,2014,2,1.238157055
전국,2014.03,2014,3,1.235882022
전국,2014.04,2014,4,1.235081835
전국,2014.05,2014,5,1.233053227
전국,2014.06,2014,6,1.234636279
전국,2014.07,2014,7,1.23283114
전국,2014.08,2014,8,1.230679739
전국,2014.09,2014,9,1.23147423
전국,2014.1,2014,10,1.23519983
전국,2014.11,2014,11,1.237696112
전국,2014.12,2014,12,1.237814608
전국,2015.01,2015,1,1.228416259
전국,2015.02,2015,2,1.22914354
전국,2015.03,2015,3,1.229026597
전국,2015.04,2015,4,1.228649934
전국,2015.05,2015,5,1.225218674
전국,2015.06,2015,6,1.224973396
전국,2015.07,2015,7,1.144804375
전국,2015.08,2015,8,1.143205235
전국,2015.09,2015,9,1.146178632
전국,2015.1,2015,10,1.224238148
전국,2015.11,2015,11,1.226562995
전국,2015.12,2015,12,1.222898917
전국,2016.01,2016,1,1.220818632
전국,2016.02,2016,2,1.215610623
전국,2016.03,2016,3,1.21875819
전국,2016.04,2016,4,1.216462809
전국,2016.05,2016,5,1.215737739
전국,2016.06,2016,6,1.215979333
전국,2016.07,2016,7,0.990128994
전국,2016.08,2016,8,0.987583223
전국,2016.09,2016,9,0.981734496
전국,2016.1,2016,10,1.206289752
전국,2016.11,2016,11,1.208069661
전국,2016.12,2016,12,1.0667414
전국,2017.01,2017,1,1.055522462
전국,2017.02,2017,2,1.052646673
전국,2017.03,2017,3,1.053369549
전국,2017.04,2017,4,1.054699206
전국,2017.05,2017,5,1.053574724
전국,2017.06,2017,6,1.055826091
전국,2017.07,2017,7,1.054082606
전국,2017.08,2017,8,1.048073589
전국,2017.09,2017,9,1.046856538
전국,2017.1,2017,10,1.047870551
전국,2017.11,2017,11,1.055728476
전국,2017.12,2017,12,1.051935557
전국,2018.01,2018,1,1.047560802
전국,2018.02,2018,2,1.039623691
전국,2018.03,2018,3,1.040718575
전국,2018.04,2018,4,1.03882504
전국,2018.05,2018,5,1.03832126
전국,2018.06,2018,6,1.040423572
전국,2018.07,2018,7,0.859417791
전국,2018.08,2018,8,0.851883131
전국,2018.09,2018,9,1.025453747
전국,2018.1,2018,10,1.027298807
전국,2018.11,2018,11,1.03465217
전국,2018.12,2018,12,1.038226856
전국,2019.01,2019,1,1.039318798
전국,2019.02,2019,2,1.034850117
전국,2019.03,2019,3,1.036833769
전국,2019.04,2019,4,1.033081694
전국,2019.05,2019,5,1.031308955
전국,2019.06,2019,6,1.032977857
전국,2019.07,2019,7,0.868440421
전국,2019.08,2019,8,0.866361579
전국,2019.09,2019,9,1.029841473
전국,2019.1,2019,10,1.027298807
전국,2019.11,2019,11,1.033081694
전국,2019.12,2019,12,1.030616031
전국,2020.01,2020,1,1.026476171
전국,2020.02,2020,2,1.025758786
전국,2020.03,2020,3,1.02801681
전국,2020.04,2020,4,1.032562814
전국,2020.05,2020,5,1.033185841
전국,2020.06,2020,6,1.030388126
전국,2020.07,2020,7,0.866104587
전국,2020.08,2020,8,0.861263599
전국,2020.09,2020,9,1.019853087
전국,2020.1,2020,10,1.025554003
전국,2020.11,2020,11,1.026476171
전국,2020.12,2020,12,1.024020732
전국,2021.01,2021,1,0.993467933
전국,2021.02,2021,2,0.988186651
전국,2021.03,2021,3,0.985663786
전국,2021.04,2021,4,0.984310649
전국,2021.05,2021,5,0.983635473
전국,2021.06,2021,6,0.983635473
전국,2021.07,2021,7,0.844025034
전국,2021.08,2021,8,0.84
전국,2021.09,2021,9,0.995929049
전국,2021.1,2021,10,1.019738752
전국,2021.11,2021,11,1.014633677
전국,2021.12,2021,12,1.012975779
전국,2022.01,2022,1,1.005340963
전국,2022.02,2022,2,0.999905141
전국,2022.03,2022,3,0.993496701
전국,2022.04,2022,4,1.043620706
전국,2022.05,2022,5,1.037116279
전국,2022.06,2022,6,1.030311431
전국,2022.07,2022,7,0.939575094
전국,2022.08,2022,8,0.940440026
전국,2022.09,2022,9,1.087300129
전국,2022.1,2022,10,1.143550751
전국,2022.11,2022,11,1.144494361
전국,2022.12,2022,12,1.142504119
전국,2023.01,2023,1,1.238848006
전국,2023.02,2023,2,1.235928578
전국,2023.03,2023,3,1.233803836
전국,2023.04,2023,4,1.231019229
전국,2023.05,2023,5,1.259785836
전국,2023.06,2023,6,1.290122346
전국,2023.07,2023,7,1.146374337
전국,2023.08,2023,8,1.136266477
전국,2023.09,2023,9,1.270801949
전국,2023.1,2023,10,1.266089874
전국,2023.11,2023,11,1.272719205
전국,2023.12,2023,12,1.272154706
전국,2024.01,2024,1,1.267208624
전국,2024.02,2024,2,1.260414836
전국,2024.03,2024,3,1.258534445
전국,2024.04,2024,4,1.257872116
전국,2024.05,2024,5,1.25687993
전국,2024.06,2024,6,1.259750527
전국,2024.07,2024,7,1.112941383
전국,2024.08,2024,8,1.108957569
전국,2024.09,2024,9,1.24535543
전국,2024.1,2024,10,1.244921092
전국,2024.11,2024,11,1.248076923
전국,2024.12,2024,12,1.242537638
전국,2025.01,2025,1,1.233946936
전국,2025.02,2025,2,1.230013784
전국,2025.03,2025,3,1.227792587
전국,2025.04,2025,4,1.2268431
전국,2025.05,2025,5,1.228003784
서울특별시,2004.01,2004,1,1.500849907
서울특별시,2004.02,2004,2,1.494309287
서울특별시,2004.03,2004,3,1.480114549
서울특별시,2004.04,2004,4,1.433790529
서울특별시,2004.05,2004,5,1.432548718
서울특별시,2004.06,2004,6,1.432548718
서울특별시,2004.07,2004,7,1.423935683
서울특별시,2004.08,2004,8,1.413026704
서울특별시,2004.09,2004,9,1.411820585
서울특별시,2004.1,2004,10,1.409395143
서울특별시,2004.11,2004,11,1.417852254
서울특별시,2004.12,2004,12,1.416637887
서울특별시,2005.01,2005,1,1.403147021
서울특별시,2005.02,2005,2,1.397506132
서울특별시,2005.03,2005,3,1.39051377
서울특별시,2005.04,2005,4,1.39051377
서울특별시,2005.05,2005,5,1.391910417
서울특별시,2005.06,2005,6,1.396117245
서울특별시,2005.07,2005,7,1.39051377
서울특별시,2005.08,2005,8,1.387747645
서울특별시,2005.09,2005,9,1.38222965
서울특별시,2005.1,2005,10,1.383591031
서울특별시,2005.11,2005,11,1.387747645
서울특별시,2005.12,2005,12,1.383591031
서울특별시,2006.01,2006,1,1.397384779
서울특별시,2006.02,2006,2,1.393251057
서울특별시,2006.03,2006,3,1.387789659
서울특별시,2006.04,2006,4,1.385056554
서울특별시,2006.05,2006,5,1.383694034
서울특별시,2006.06,2006,6,1.386403293
서울특별시,2006.07,2006,7,1.382352551
서울특별시,2006.08,2006,8,1.37426723
서울특별시,2006.09,2006,9,1.371587076
서울특별시,2006.1,2006,10,1.375611239
서울특별시,2006.11,2006,11,1.379622511
서울특별시,2006.12,2006,12,1.375611239
서울특별시,2007.01,2007,1,1.378347007
서울특별시,2007.02,2007,2,1.370357742
서울특별시,2007.03,2007,3,1.362442796
서울특별시,2007.04,2007,4,1.355919448
서울특별시,2007.05,2007,5,1.354636315
서울특별시,2007.06,2007,6,1.354636315
서울특별시,2007.07,2007,7,1.350766526
서울특별시,2007.08,2007,8,1.349475696
서울특별시,2007.09,2007,9,1.341816688
서울특별시,2007.1,2007,10,1.340525701
서울특별시,2007.11,2007,11,1.339271525
서울특별시,2007.12,2007,12,1.335471833
서울특별시,2008.01,2008,1,1.327970517
서울특별시,2008.02,2008,2,1.32423459
서울특별시,2008.03,2008,3,1.315631767
서울특별시,2008.04,2008,4,1.309564389
서울특별시,2008.05,2008,5,1.301134312
서울특별시,2008.06,2008,6,1.295199613
서울특별시,2008.07,2008,7,1.28696873
서울특별시,2008.08,2008,8,1.288126818
서울특별시,2008.09,2008,9,1.284627205
서울특별시,2008.1,2008,10,1.283459635
서울특별시,2008.11,2008,11,1.285781081
서울특별시,2008.12,2008,12,1.283459635
서울특별시,2009.01,2009,1,1.279985301
서울특별시,2009.02,2009,2,1.274241537
서울특별시,2009.03,2009,3,1.266258709
서울특별시,2009.04,2009,4,1.262876755
서울특별시,2009.05,2009,5,1.262876755
서울특별시,2009.06,2009,6,1.262876755
서울특별시,2009.07,2009,7,1.258390434
서울특별시,2009.08,2009,8,1.255050323
서울특별시,2009.09,2009,9,1.253920827
서울특별시,2009.1,2009,10,1.256166755
서울특별시,2009.11,2009,11,1.255050323
서울특별시,2009.12,2009,12,1.250619338
서울특별시,2010.01,2010,1,1.243352567
서울특별시,2010.02,2010,2,1.24084298
서울특별시,2010.03,2010,3,1.235839463
서울특별시,2010.04,2010,4,1.230890632
서울특별시,2010.05,2010,5,1.230890632
서울특별시,2010.06,2010,6,1.233360083
서울특별시,2010.07,2010,7,1.229659611
서울특별시,2010.08,2010,8,1.248194153
서울특별시,2010.09,2010,9,1.237100124
서울특별시,2010.1,2010,10,1.237100124
서울특별시,2010.11,2010,11,1.243230952
서울특별시,2010.12,2010,12,1.239545185
서울특별시,2011.01,2011,1,1.226187464
서울특별시,2011.02,2011,2,1.219023336
서울특별시,2011.03,2011,3,1.214302798
서울특별시,2011.04,2011,4,1.213128371
서울특별시,2011.05,2011,5,1.210772568
서울특별시,2011.06,2011,6,1.208439593
서울특별시,2011.07,2011,7,1.202619171
서울특별시,2011.08,2011,8,1.218196078
서울특별시,2011.09,2011,9,1.219371047
서울특별시,2011.1,2011,10,1.220534582
서울특별시,2011.11,2011,11,1.220534582
서울특별시,2011.12,2011,12,1.217036996
서울특별시,2012.01,2012,1,1.210232776
서울특별시,2012.02,2012,2,1.205214904
서울특별시,2012.03,2012,3,1.203627023
서울특별시,2012.04,2012,4,1.203174111
서울특별시,2012.05,2012,5,1.201923715
서울특별시,2012.06,2012,6,1.203174111
서울특별시,2012.07,2012,7,1.203853607
서울특별시,2012.08,2012,8,1.222584267
서울특별시,2012.09,2012,9,1.214389591
서울특별시,2012.1,2012,10,1.217451357
서울특별시,2012.11,2012,11,1.222247901
서울특별시,2012.12,2012,12,1.219724342
서울특별시,2013.01,2013,1,1.237555844
서울특별시,2013.02,2013,2,1.234118339
서울특별시,2013.03,2013,3,1.23526205
서울특별시,2013.04,2013,4,1.235491047
서울특별시,2013.05,2013,5,1.235491047
서울특별시,2013.06,2013,6,1.237326082
서울특별시,2013.07,2013,7,1.234911984
서울특별시,2013.08,2013,8,1.230472653
서울특별시,2013.09,2013,9,1.22761946
서울특별시,2013.1,2013,10,1.230806835
서울특별시,2013.11,2013,11,1.264227201
서울특별시,2013.12,2013,12,1.262348257
서울특별시,2014.01,2014,1,1.255402475
서울특별시,2014.02,2014,2,1.252861311
서울특별시,2014.03,2014,3,1.249994629
서울특별시,2014.04,2014,4,1.247609041
서울특별시,2014.05,2014,5,1.245659109
서울특별시,2014.06,2014,6,1.246913845
서울특별시,2014.07,2014,7,1.244300441
서울특별시,2014.08,2014,8,1.241247627
서울특별시,2014.09,2014,9,1.242493487
서울특별시,2014.1,2014,10,1.246112658
서울특별시,2014.11,2014,11,1.247609041
서울특별시,2014.12,2014,12,1.246112658
서울특별시,2015.01,2015,1,1.2369639
서울특별시,2015.02,2015,2,1.236095901
서울특별시,2015.03,2015,3,1.237214004
서울특별시,2015.04,2015,4,1.235215996
서울특별시,2015.05,2015,5,1.232871338
서울특별시,2015.06,2015,6,1.232753685
서울특별시,2015.07,2015,7,1.149191803
서울특별시,2015.08,2015,8,1.146335555
서울특별시,2015.09,2015,9,1.148052441
서울특별시,2015.1,2015,10,1.226601817
서울특별시,2015.11,2015,11,1.228442218
서울특별시,2015.12,2015,12,1.22391595
서울특별시,2016.01,2016,1,1.222950371
서울특별시,2016.02,2016,2,1.218106953
서울특별시,2016.03,2016,3,1.221973471
서울특별시,2016.04,2016,4,1.219921932
서울특별시,2016.05,2016,5,1.219435704
서울특별시,2016.06,2016,6,1.220037149
서울특별시,2016.07,2016,7,0.992646209
서울특별시,2016.08,2016,8,0.988823425
서울특별시,2016.09,2016,9,0.98327714
서울특별시,2016.1,2016,10,1.20818265
서울특별시,2016.11,2016,11,1.209728942
서울특별시,2016.12,2016,12,1.067683389
서울특별시,2017.01,2017,1,1.058544825
서울특별시,2017.02,2017,2,1.056184163
서울특별시,2017.03,2017,3,1.055468261
서울특별시,2017.04,2017,4,1.056390436
서울특별시,2017.05,2017,5,1.054948213
서울특별시,2017.06,2017,6,1.056488173
서울특별시,2017.07,2017,7,1.053315568
서울특별시,2017.08,2017,8,1.047133862
서울특별시,2017.09,2017,9,1.04824463
서울특별시,2017.1,2017,10,1.050881427
서울특별시,2017.11,2017,11,1.057618886
서울특별시,2017.12,2017,12,1.054547693
서울특별시,2018.01,2018,1,1.050365889
서울특별시,2018.02,2018,2,1.042820034
서울특별시,2018.03,2018,3,1.042915276
서울특별시,2018.04,2018,4,1.040518376
서울특별시,2018.05,2018,5,1.040423572
서울특별시,2018.06,2018,6,1.044123175
서울특별시,2018.07,2018,7,0.861147248
서울특별시,2018.08,2018,8,0.853857627
서울특별시,2018.09,2018,9,1.029202051
서울특별시,2018.1,2018,10,1.032822141
서울특별시,2018.11,2018,11,1.038342241
서울특별시,2018.12,2018,12,1.041119204
서울특별시,2019.01,2019,1,1.040623734
서울특별시,2019.02,2019,2,1.035371395
서울특별시,2019.03,2019,3,1.037451293
서울특별시,2019.04,2019,4,1.033507643
서울특별시,2019.05,2019,5,1.033019389
서울특별시,2019.06,2019,6,1.034391827
서울특별시,2019.07,2019,7,0.869115125
서울특별시,2019.08,2019,8,0.866640508
서울특별시,2019.09,2019,9,1.030471359
서울특별시,2019.1,2019,10,1.028234117
서울특별시,2019.11,2019,11,1.033705153
서울특별시,2019.12,2019,12,1.031743801
서울특별시,2020.01,2020,1,1.029458918
서울특별시,2020.02,2020,2,1.029046474
서울특별시,2020.03,2020,3,1.029149554
서울특별시,2020.04,2020,4,1.031422548
서울특별시,2020.05,2020,5,1.03100853
서울특별시,2020.06,2020,6,1.028325493
서울특별시,2020.07,2020,7,0.865149388
서울특별시,2020.08,2020,8,0.860576444
서울특별시,2020.09,2020,9,1.020258193
서울특별시,2020.1,2020,10,1.025042402
서울특별시,2020.11,2020,11,1.025963651
서울특별시,2020.12,2020,12,1.02463349
서울특별시,2021.01,2021,1,0.995240928
서울특별시,2021.02,2021,2,0.990624692
서울특별시,2021.03,2021,3,0.988283942
서울특별시,2021.04,2021,4,0.987214792
서울특별시,2021.05,2021,5,0.986632593
서울특별시,2021.06,2021,6,0.987214792
서울특별시,2021.07,2021,7,0.847173145
서울특별시,2021.08,2021,8,0.843447669
서울특별시,2021.09,2021,9,1.000779195
서울특별시,2021.1,2021,10,1.024198251
서울특별시,2021.11,2021,11,1.02122093
서울특별시,2021.12,2021,12,1.020034843
서울특별시,2022.01,2022,1,1.012681333
서울특별시,2022.02,2022,2,1.00678128
서울특별시,2022.03,2022,3,1.003045009
서울특별시,2022.04,2022,4,1.054478388
서울특별시,2022.05,2022,5,1.048922758
서울특별시,2022.06,2022,6,1.043425363
서울특별시,2022.07,2022,7,0.950590863
서울특별시,2022.08,2022,8,0.949001393
서울특별시,2022.09,2022,9,1.097791798
서울특별시,2022.1,2022,10,1.154550499
서울특별시,2022.11,2022,11,1.155833333
서울특별시,2022.12,2022,12,1.150931219
서울특별시,2023.01,2023,1,1.248489288
서울특별시,2023.02,2023,2,1.244160584
서울특별시,2023.03,2023,3,1.242233762
서울특별시,2023.04,2023,4,1.240312898
서울특별시,2023.05,2023,5,1.268460632
서울특별시,2023.06,2023,6,1.297828054
서울특별시,2023.07,2023,7,1.153213414
서울특별시,2023.08,2023,8,1.14226878
서울특별시,2023.09,2023,9,1.279532477
서울특별시,2023.1,2023,10,1.274642254
서울특별시,2023.11,2023,11,1.280675121
서울특별시,2023.12,2023,12,1.277594655
서울특별시,2024.01,2024,1,1.273623446
서울특별시,2024.02,2024,2,1.268329353
서울특별시,2024.03,2024,3,1.268890462
서울특별시,2024.04,2024,4,1.264973097
서울특별시,2024.05,2024,5,1.264415447
서울특별시,2024.06,2024,6,1.267208624
서울특별시,2024.07,2024,7,1.119513485
서울특별시,2024.08,2024,8,1.114797262
서울특별시,2024.09,2024,9,1.253335674
서울특별시,2024.1,2024,10,1.252016836
서울특별시,2024.11,2024,11,1.255429526
서울특별시,2024.12,2024,12,1.24982493
서울특별시,2025.01,2025,1,1.242645779
서울특별시,2025.02,2025,2,1.239302144
서울특별시,2025.03,2025,3,1.237261698
서울특별시,2025.04,2025,4,1.234693878
서울특별시,2025.05,2025,5,1.236083456
부산광역시,2004.01,2004,1,1.50869299
부산광역시,2004.02,2004,2,1.501998809
부산광역시,2004.03,2004,3,1.486155918
부산광역시,2004.04,2004,4,1.440922312
부산광역시,2004.05,2004,5,1.442178688
부산광역시,2004.06,2004,6,1.442178688
부산광역시,2004.07,2004,7,1.43459284
부산광역시,2004.08,2004,8,1.420897301
부산광역시,2004.09,2004,9,1.41842098
부산광역시,2004.1,2004,10,1.41842098
부산광역시,2004.11,2004,11,1.427086377
부산광역시,2004.12,2004,12,1.424588456
부산광역시,2005.01,2005,1,1.410325526
부산광역시,2005.02,2005,2,1.40464613
부산광역시,2005.03,2005,3,1.394825968
부산광역시,2005.04,2005,4,1.394825968
부산광역시,2005.05,2005,5,1.396212286
부산광역시,2005.06,2005,6,1.40464613
부산광역시,2005.07,2005,7,1.396212286
부산광역시,2005.08,2005,8,1.392061574
부산광역시,2005.09,2005,9,1.38377773
부산광역시,2005.1,2005,10,1.389289295
부산광역시,2005.11,2005,11,1.397601363
부산광역시,2005.12,2005,12,1.392061574
부산광역시,2006.01,2006,1,1.401750724
부산광역시,2006.02,2006,2,1.400374018
부산광역시,2006.03,2006,3,1.394838053
부산광역시,2006.04,2006,4,1.393474885
부산광역시,2006.05,2006,5,1.388011735
부산광역시,2006.06,2006,6,1.392114379
부산광역시,2006.07,2006,7,1.383951602
부산광역시,2006.08,2006,8,1.374539452
부산광역시,2006.09,2006,9,1.37055764
부산광역시,2006.1,2006,10,1.377212946
부산광역시,2006.11,2006,11,1.383951602
부산광역시,2006.12,2006,12,1.379896859
부산광역시,2007.01,2007,1,1.382651036
부산광역시,2007.02,2007,2,1.37464811
부산광역시,2007.03,2007,3,1.368043464
부산광역시,2007.04,2007,4,1.364096807
부산광역시,2007.05,2007,5,1.362780386
부산광역시,2007.06,2007,6,1.361484242
부산광역시,2007.07,2007,7,1.355022757
부산광역시,2007.08,2007,8,1.355022757
부산광역시,2007.09,2007,9,1.347318205
부산광역시,2007.1,2007,10,1.344769454
부산광역시,2007.11,2007,11,1.347318205
부산광역시,2007.12,2007,12,1.343490055
부산광역시,2008.01,2008,1,1.337180734
부산광역시,2008.02,2008,2,1.328443213
부산광역시,2008.03,2008,3,1.318586751
부산광역시,2008.04,2008,4,1.310089765
부산광역시,2008.05,2008,5,1.299338506
부산광역시,2008.06,2008,6,1.289907668
부산광역시,2008.07,2008,7,1.280612745
부산광역시,2008.08,2008,8,1.279452457
부산광역시,2008.09,2008,9,1.280612745
부산광역시,2008.1,2008,10,1.280612745
부산광역시,2008.11,2008,11,1.28409049
부산광역시,2008.12,2008,12,1.282923895
부산광역시,2009.01,2009,1,1.281759417
부산광역시,2009.02,2009,2,1.272596634
부산광역시,2009.03,2009,3,1.263548645
부산광역시,2009.04,2009,4,1.260181132
부산광역시,2009.05,2009,5,1.260181132
부산광역시,2009.06,2009,6,1.262419059
부산광역시,2009.07,2009,7,1.255744088
부산광역시,2009.08,2009,8,1.251338179
부산광역시,2009.09,2009,9,1.251338179
부산광역시,2009.1,2009,10,1.253529743
부산광역시,2009.11,2009,11,1.250245268
부산광역시,2009.12,2009,12,1.2469482
부산광역시,2010.01,2010,1,1.237932791
부산광역시,2010.02,2010,2,1.23417572
부산광역시,2010.03,2010,3,1.230441386
부산광역시,2010.04,2010,4,1.226743981
부산광역시,2010.05,2010,5,1.225506866
부산광역시,2010.06,2010,6,1.227969169
부산광역시,2010.07,2010,7,1.224272243
부산광역시,2010.08,2010,8,1.242738251
부산광역시,2010.09,2010,9,1.23412161
부산광역시,2010.1,2010,10,1.230461176
부산광역시,2010.11,2010,11,1.237789516
부산광역시,2010.12,2010,12,1.230461176
부산광역시,2011.01,2011,1,1.2148701
부산광역시,2011.02,2011,2,1.205474651
부산광역시,2011.03,2011,3,1.20199549
부산광역시,2011.04,2011,4,1.198522882
부산광역시,2011.05,2011,5,1.197378765
부산광역시,2011.06,2011,6,1.196223409
부산광역시,2011.07,2011,7,1.190519792
부산광역시,2011.08,2011,8,1.20483156
부산광역시,2011.09,2011,9,1.207118987
부산광역시,2011.1,2011,10,1.208259246
부산광역시,2011.11,2011,11,1.207118987
부산광역시,2011.12,2011,12,1.202552787
부산광역시,2012.01,2012,1,1.198254103
부산광역시,2012.02,2012,2,1.191947986
부산광역시,2012.03,2012,3,1.191164386
부산광역시,2012.04,2012,4,1.190499135
부산광역시,2012.05,2012,5,1.187936404
부산광역시,2012.06,2012,6,1.190616478
부산광역시,2012.07,2012,7,1.193413469
부산광역시,2012.08,2012,8,1.214177171
부산광역시,2012.09,2012,9,1.204590071
부산광역시,2012.1,2012,10,1.205819445
부산광역시,2012.11,2012,11,1.209311948
부산광역시,2012.12,2012,12,1.207497527
부산광역시,2013.01,2013,1,1.22294183
부산광역시,2013.02,2013,2,1.218771515
부산광역시,2013.03,2013,3,1.219440528
부산광역시,2013.04,2013,4,1.222717462
부산광역시,2013.05,2013,5,1.222717462
부산광역시,2013.06,2013,6,1.225084071
부산광역시,2013.07,2013,7,1.223047444
부산광역시,2013.08,2013,8,1.218443835
부산광역시,2013.09,2013,9,1.215085477
부산광역시,2013.1,2013,10,1.218666638
부산광역시,2013.11,2013,11,1.251863885
부산광역시,2013.12,2013,12,1.249444331
부산광역시,2014.01,2014,1,1.24202931
부산광역시,2014.02,2014,2,1.238288816
부산광역시,2014.03,2014,3,1.236499267
부산광역시,2014.04,2014,4,1.237288136
부산광역시,2014.05,2014,5,1.236381023
부산광역시,2014.06,2014,6,1.238407424
부산광역시,2014.07,2014,7,1.237511831
부산광역시,2014.08,2014,8,1.234020892
부산광역시,2014.09,2014,9,1.233916206
부산광역시,2014.1,2014,10,1.237617128
부산광역시,2014.11,2014,11,1.239423118
부산광역시,2014.12,2014,12,1.240440479
부산광역시,2015.01,2015,1,1.227262171
부산광역시,2015.02,2015,2,1.228494141
부산광역시,2015.03,2015,3,1.228001056
부산광역시,2015.04,2015,4,1.227508367
부산광역시,2015.05,2015,5,1.22517994
부산광역시,2015.06,2015,6,1.225050841
부산광역시,2015.07,2015,7,1.146830748
부산광역시,2015.08,2015,8,1.145684002
부산광역시,2015.09,2015,9,1.148670325
부산광역시,2015.1,2015,10,1.225296151
부산광역시,2015.11,2015,11,1.228610982
부산광역시,2015.12,2015,12,1.224573415
부산광역시,2016.01,2016,1,1.222127615
부산광역시,2016.02,2016,2,1.212694273
부산광역시,2016.03,2016,3,1.215826736
부산광역시,2016.04,2016,4,1.213061216
부산광역시,2016.05,2016,5,1.212226428
부산광역시,2016.06,2016,6,1.213656388
부산광역시,2016.07,2016,7,0.989413613
부산광역시,2016.08,2016,8,0.986675717
부산광역시,2016.09,2016,9,0.980654468
부산광역시,2016.1,2016,10,1.204365347
부산광역시,2016.11,2016,11,1.20685324
부산광역시,2016.12,2016,12,1.065050003
부산광역시,2017.01,2017,1,1.056119041
부산광역시,2017.02,2017,2,1.053250799
부산광역시,2017.03,2017,3,1.053963696
부산광역시,2017.04,2017,4,1.054894071
부산광역시,2017.05,2017,5,1.052431082
부산광역시,2017.06,2017,6,1.056640243
부산광역시,2017.07,2017,7,1.055609195
부산광역시,2017.08,2017,8,1.050290748
부산광역시,2017.09,2017,9,1.046643311
부산광역시,2017.1,2017,10,1.045429577
부산광역시,2017.11,2017,11,1.054071795
부산광역시,2017.12,2017,12,1.051612639
부산광역시,2018.01,2018,1,1.04653673
부산광역시,2018.02,2018,2,1.03801713
부산광역시,2018.03,2018,3,1.037723656
부산광역시,2018.04,2018,4,1.034745925
부산광역시,2018.05,2018,5,1.03643643
부산광역시,2018.06,2018,6,1.03801713
부산광역시,2018.07,2018,7,0.85825998
부산광역시,2018.08,2018,8,0.851309669
부산광역시,2018.09,2018,9,1.023034502
부산광역시,2018.1,2018,10,1.021204714
부산광역시,2018.11,2018,11,1.030915839
부산광역시,2018.12,2018,12,1.034454297
부산광역시,2019.01,2019,1,1.033466071
부산광역시,2019.02,2019,2,1.029831154
부산광역시,2019.03,2019,3,1.031598812
부산광역시,2019.04,2019,4,1.028666373
부산광역시,2019.05,2019,5,1.028862037
부산광역시,2019.06,2019,6,1.02954229
부산광역시,2019.07,2019,7,0.865125996
부산광역시,2019.08,2019,8,0.864058582
부산광역시,2019.09,2019,9,1.02496285
부산광역시,2019.1,2019,10,1.025545843
부산광역시,2019.11,2019,11,1.030326727
부산광역시,2019.12,2019,12,1.028563422
부산광역시,2020.01,2020,1,1.02678393
부산광역시,2020.02,2020,2,1.025554003
부산광역시,2020.03,2020,3,1.028325493
부산광역시,2020.04,2020,4,1.032044199
부산광역시,2020.05,2020,5,1.032251582
부산광역시,2020.06,2020,6,1.030594844
부산광역시,2020.07,2020,7,0.866626494
부산광역시,2020.08,2020,8,0.861607589
부산광역시,2020.09,2020,9,1.019347157
부산광역시,2020.1,2020,10,1.025144682
부산광역시,2020.11,2020,11,1.02678393
부산광역시,2020.12,2020,12,1.024531312
부산광역시,2021.01,2021,1,0.992191361
부산광역시,2021.02,2021,2,0.986147952
부산광역시,2021.03,2021,3,0.984986753
부산광역시,2021.04,2021,4,0.984117647
부산광역시,2021.05,2021,5,0.983828286
부산광역시,2021.06,2021,6,0.984600294
부산광역시,2021.07,2021,7,0.84460319
부산광역시,2021.08,2021,8,0.841146087
부산광역시,2021.09,2021,9,0.995929049
부산광역시,2021.1,2021,10,1.021023058
부산광역시,2021.11,2021,11,1.016983499
부산광역시,2021.12,2021,12,1.014633677
부산광역시,2022.01,2022,1,1.006588999
부산광역시,2022.02,2022,2,1.001710539
부산광역시,2022.03,2022,3,0.995843174
부산광역시,2022.04,2022,4,1.04744457
부산광역시,2022.05,2022,5,1.041475946
부산광역시,2022.06,2022,6,1.034421971
부산광역시,2022.07,2022,7,0.944264719
부산광역시,2022.08,2022,8,0.944002957
부산광역시,2022.09,2022,9,1.091714338
부산광역시,2022.1,2022,10,1.147440022
부산광역시,2022.11,2022,11,1.148178808
부산광역시,2022.12,2022,12,1.147018285
부산광역시,2023.01,2023,1,1.241555131
부산광역시,2023.02,2023,2,1.239636364
부산광역시,2023.03,2023,3,1.236937591
부산광역시,2023.04,2023,4,1.235033059
부산광역시,2023.05,2023,5,1.26308192
부산광역시,2023.06,2023,6,1.293146979
부산광역시,2023.07,2023,7,1.148334833
부산광역시,2023.08,2023,8,1.140227009
부산광역시,2023.09,2023,9,1.275435788
부산광역시,2023.1,2023,10,1.267768741
부산광역시,2023.11,2023,11,1.273962868
부산광역시,2023.12,2023,12,1.272832165
부산광역시,2024.01,2024,1,1.267880824
부산광역시,2024.02,2024,2,1.259750527
부산광역시,2024.03,2024,3,1.258203194
부산광역시,2024.04,2024,4,1.258865871
부산광역시,2024.05,2024,5,1.259418635
부산광역시,2024.06,2024,6,1.261190748
부산광역시,2024.07,2024,7,1.114503817
부산광역시,2024.08,2024,8,1.110411749
부산광역시,2024.09,2024,9,1.245138223
부산광역시,2024.1,2024,10,1.244161729
부산광역시,2024.11,2024,11,1.249278152
부산광역시,2024.12,2024,12,1.241889188
부산광역시,2025.01,2025,1,1.233520518
부산광역시,2025.02,2025,2,1.229801895
부산광역시,2025.03,2025,3,1.226737692
부산광역시,2025.04,2025,4,1.226737692
부산광역시,2025.05,2025,5,1.227898177
대구광역시,2004.01,2004,1,1.493972166
대구광역시,2004.02,2004,2,1.488619759
대구광역시,2004.03,2004,3,1.47543586
대구광역시,2004.04,2004,4,1.429274276
대구광역시,2004.05,2004,5,1.431828654
대구광역시,2004.06,2004,6,1.431828654
대구광역시,2004.07,2004,7,1.425499381
대구광역시,2004.08,2004,8,1.411742841
대구광역시,2004.09,2004,9,1.411742841
대구광역시,2004.1,2004,10,1.41050011
대구광역시,2004.11,2004,11,1.419206178
대구광역시,2004.12,2004,12,1.419206178
대구광역시,2005.01,2005,1,1.407924544
대구광역시,2005.02,2005,2,1.400827801
대구광역시,2005.03,2005,3,1.393802243
대구광역시,2005.04,2005,4,1.389628164
대구광역시,2005.05,2005,5,1.391004164
대구광역시,2005.06,2005,6,1.396611601
대구광역시,2005.07,2005,7,1.389628164
대구광역시,2005.08,2005,8,1.385460293
대구광역시,2005.09,2005,9,1.377217604
대구광역시,2005.1,2005,10,1.378587656
대구광역시,2005.11,2005,11,1.384095234
대구광역시,2005.12,2005,12,1.381317349
대구광역시,2006.01,2006,1,1.395118486
대구광역시,2006.02,2006,2,1.392375092
대구광역시,2006.03,2006,3,1.384172451
대구광역시,2006.04,2006,4,1.381435226
대구광역시,2006.05,2006,5,1.380116416
대구광역시,2006.06,2006,6,1.38281167
대구광역시,2006.07,2006,7,1.377413421
대구광역시,2006.08,2006,8,1.366742387
대구광역시,2006.09,2006,9,1.364091475
대구광역시,2006.1,2006,10,1.372057156
대구광역시,2006.11,2006,11,1.378745331
대구광역시,2006.12,2006,12,1.373378723
대구광역시,2007.01,2007,1,1.377474889
대구광역시,2007.02,2007,2,1.368150932
대구광역시,2007.03,2007,3,1.36027909
대구광역시,2007.04,2007,4,1.356359436
대구광역시,2007.05,2007,5,1.355057899
대구광역시,2007.06,2007,6,1.356359436
대구광역시,2007.07,2007,7,1.351185704
대구광역시,2007.08,2007,8,1.348604909
대구광역시,2007.09,2007,9,1.340955754
대구광역시,2007.1,2007,10,1.339666423
대구광역시,2007.11,2007,11,1.340955754
대구광역시,2007.12,2007,12,1.335881571
대구광역시,2008.01,2008,1,1.329626425
대구광역시,2008.02,2008,2,1.322156992
대구광역시,2008.03,2008,3,1.311141782
대구광역시,2008.04,2008,4,1.300292416
대구광역시,2008.05,2008,5,1.289637044
대구광역시,2008.06,2008,6,1.279154885
대구광역시,2008.07,2008,7,1.268857157
대구광역시,2008.08,2008,8,1.269982864
대구광역시,2008.09,2008,9,1.274552374
대구광역시,2008.1,2008,10,1.276857283
대구광역시,2008.11,2008,11,1.282640449
대구광역시,2008.12,2008,12,1.283806528
대구광역시,2009.01,2009,1,1.283806528
대구광역시,2009.02,2009,2,1.273418554
대구광역시,2009.03,2009,3,1.264313023
대구광역시,2009.04,2009,4,1.260941441
대구광역시,2009.05,2009,5,1.260941441
대구광역시,2009.06,2009,6,1.262068382
대구광역시,2009.07,2009,7,1.257572658
대구광역시,2009.08,2009,8,1.254236881
대구광역시,2009.09,2009,9,1.252027845
대구광역시,2009.1,2009,10,1.256468834
대구광역시,2009.11,2009,11,1.254236881
대구광역시,2009.12,2009,12,1.249826576
대구광역시,2010.01,2010,1,1.242377052
대구광역시,2010.02,2010,2,1.238607677
대구광역시,2010.03,2010,3,1.234875697
대구광역시,2010.04,2010,4,1.231151635
대구광역시,2010.05,2010,5,1.228691011
대구광역시,2010.06,2010,6,1.231151635
대구광역시,2010.07,2010,7,1.228691011
대구광역시,2010.08,2010,8,1.248457242
대구광역시,2010.09,2010,9,1.237344196
대구광역시,2010.1,2010,10,1.234893499
대구광역시,2010.11,2010,11,1.243491952
대구광역시,2010.12,2010,12,1.238566002
대구광역시,2011.01,2011,1,1.225215183
대구광역시,2011.02,2011,2,1.215701254
대구광역시,2011.03,2011,3,1.207481568
대구광역시,2011.04,2011,4,1.208645082
대구광역시,2011.05,2011,5,1.206320291
대구광역시,2011.06,2011,6,1.205161247
대구광역시,2011.07,2011,7,1.197082996
대구광역시,2011.08,2011,8,1.211463464
대구광역시,2011.09,2011,9,1.212625474
대구광역시,2011.1,2011,10,1.216084112
대구광역시,2011.11,2011,11,1.214929042
대구광역시,2011.12,2011,12,1.211463464
대구광역시,2012.01,2012,1,1.20699456
대구광역시,2012.02,2012,2,1.203360563
대구광역시,2012.03,2012,3,1.199285155
대구광역시,2012.04,2012,4,1.196697672
대구광역시,2012.05,2012,5,1.193675542
대구광역시,2012.06,2012,6,1.195460693
대구광역시,2012.07,2012,7,1.198505093
대구광역시,2012.08,2012,8,1.220139743
대구광역시,2012.09,2012,9,1.212189345
대구광역시,2012.1,2012,10,1.213885215
대구광역시,2012.11,2012,11,1.218319438
대구광역시,2012.12,2012,12,1.215918546
대구광역시,2013.01,2013,1,1.230739984
대구광역시,2013.02,2013,2,1.226782021
대구광역시,2013.03,2013,3,1.225972255
대구광역시,2013.04,2013,4,1.227912169
대구광역시,2013.05,2013,5,1.227912169
대구광역시,2013.06,2013,6,1.229831531
대구광역시,2013.07,2013,7,1.228364811
대구광역시,2013.08,2013,8,1.222823037
대구광역시,2013.09,2013,9,1.220570333
대구광역시,2013.1,2013,10,1.222493175
대구광역시,2013.11,2013,11,1.255673418
대구광역시,2013.12,2013,12,1.254401
대구광역시,2014.01,2014,1,1.248318404
대구광역시,2014.02,2014,2,1.244340359
대구광역시,2014.03,2014,3,1.24173772
대구광역시,2014.04,2014,4,1.24173772
대구광역시,2014.05,2014,5,1.238697453
대구광역시,2014.06,2014,6,1.240057121
대구광역시,2014.07,2014,7,1.23780144
대구광역시,2014.08,2014,8,1.235790144
대구광역시,2014.09,2014,9,1.236341614
대구광역시,2014.1,2014,10,1.239938196
대구광역시,2014.11,2014,11,1.242984564
대구광역시,2014.12,2014,12,1.243768438
대구광역시,2015.01,2015,1,1.232217995
대구광역시,2015.02,2015,2,1.233826463
대구광역시,2015.03,2015,3,1.234075301
대구광역시,2015.04,2015,4,1.234075301
대구광역시,2015.05,2015,5,1.229260505
대구광역시,2015.06,2015,6,1.228649934
대구광역시,2015.07,2015,7,1.149738043
대구광역시,2015.08,2015,8,1.147907153
대구광역시,2015.09,2015,9,1.151343347
대구광역시,2015.1,2015,10,1.230743987
대구광역시,2015.11,2015,11,1.233446853
대구광역시,2015.12,2015,12,1.228766805
대구광역시,2016.01,2016,1,1.227430611
대구광역시,2016.02,2016,2,1.222423165
대구광역시,2016.03,2016,3,1.224006148
대구광역시,2016.04,2016,4,1.221216164
대구광역시,2016.05,2016,5,1.220972485
대구광역시,2016.06,2016,6,1.220485419
대구광역시,2016.07,2016,7,0.993899168
대구광역시,2016.08,2016,8,0.991729379
대구광역시,2016.09,2016,9,0.984506543
대구광역시,2016.1,2016,10,1.209099891
대구광역시,2016.11,2016,11,1.211834727
대구광역시,2016.12,2016,12,1.07007351
대구광역시,2017.01,2017,1,1.057999959
대구광역시,2017.02,2017,2,1.053801589
대구광역시,2017.03,2017,3,1.055739322
대구광역시,2017.04,2017,4,1.058108887
대구광역시,2017.05,2017,5,1.058108887
대구광역시,2017.06,2017,6,1.060478171
대구광역시,2017.07,2017,7,1.059450544
대구광역시,2017.08,2017,8,1.052474193
대구광역시,2017.09,2017,9,1.049732899
대구광역시,2017.1,2017,10,1.0501405
대구광역시,2017.11,2017,11,1.058108887
대구광역시,2017.12,2017,12,1.053293978
대구광역시,2018.01,2018,1,1.048319478
대구광역시,2018.02,2018,2,1.039897196
대구광역시,2018.03,2018,3,1.042196104
대구광역시,2018.04,2018,4,1.040002429
대구광역시,2018.05,2018,5,1.040097156
대구광역시,2018.06,2018,6,1.042196104
대구광역시,2018.07,2018,7,0.860465116
대구광역시,2018.08,2018,8,0.851318222
대구광역시,2018.09,2018,9,1.025689136
대구광역시,2018.1,2018,10,1.025494677
대구광역시,2018.11,2018,11,1.033777939
대구광역시,2018.12,2018,12,1.037912299
대구광역시,2019.01,2019,1,1.040002429
대구광역시,2019.02,2019,2,1.034954331
대구광역시,2019.03,2019,3,1.036729177
대구광역시,2019.04,2019,4,1.029862113
대구광역시,2019.05,2019,5,1.02752477
대구광역시,2019.06,2019,6,1.028686966
대구광역시,2019.07,2019,7,0.86555196
대구광역시,2019.08,2019,8,0.86325326
대구광역시,2019.09,2019,9,1.025883668
대구광역시,2019.1,2019,10,1.023268781
대구광역시,2019.11,2019,11,1.030450694
대구광역시,2019.12,2019,12,1.028789942
대구광역시,2020.01,2020,1,1.026373626
대구광역시,2020.02,2020,2,1.025144682
대구광역시,2020.03,2020,3,1.027913957
대구광역시,2020.04,2020,4,1.034330011
대구광역시,2020.05,2020,5,1.034434152
대구광역시,2020.06,2020,6,1.031215497
대구광역시,2020.07,2020,7,0.866017664
대구광역시,2020.08,2020,8,0.860404826
대구광역시,2020.09,2020,9,1.019246032
대구광역시,2020.1,2020,10,1.024735687
대구광역시,2020.11,2020,11,1.026373626
대구광역시,2020.12,2020,12,1.023612633
대구광역시,2021.01,2021,1,0.992681962
대구광역시,2021.02,2021,2,0.988283942
대구광역시,2021.03,2021,3,0.984214139
대구광역시,2021.04,2021,4,0.983250073
대구광역시,2021.05,2021,5,0.982768749
대구광역시,2021.06,2021,6,0.982961222
대구광역시,2021.07,2021,7,0.843200469
대구광역시,2021.08,2021,8,0.83877551
대구광역시,2021.09,2021,9,0.993425505
대구광역시,2021.1,2021,10,1.017670915
대구광역시,2021.11,2021,11,1.012294688
대구광역시,2021.12,2021,12,1.010450623
대구광역시,2022.01,2022,1,1.002949572
대구광역시,2022.02,2022,2,0.996407978
대구광역시,2022.03,2022,3,0.990323187
대구광역시,2022.04,2022,4,1.041086936
대구광역시,2022.05,2022,5,1.034709977
대구광역시,2022.06,2022,6,1.029645364
대구광역시,2022.07,2022,7,0.937849995
대구광역시,2022.08,2022,8,0.938280676
대구광역시,2022.09,2022,9,1.082624211
대구광역시,2022.1,2022,10,1.138855944
대구광역시,2022.11,2022,11,1.140208257
대구광역시,2022.12,2022,12,1.139063783
대구광역시,2023.01,2023,1,1.234809382
대구광역시,2023.02,2023,2,1.232020239
대구광역시,2023.03,2023,3,1.229243667
대구광역시,2023.04,2023,4,1.227031405
대구광역시,2023.05,2023,5,1.258200773
대구광역시,2023.06,2023,6,1.288383793
대구광역시,2023.07,2023,7,1.14452319
대구광역시,2023.08,2023,8,1.133339256
대구광역시,2023.09,2023,9,1.269676848
대구광역시,2023.1,2023,10,1.264861528
대구광역시,2023.11,2023,11,1.272041866
대구광역시,2023.12,2023,12,1.274076048
대구광역시,2024.01,2024,1,1.267544635
대구광역시,2024.02,2024,2,1.258534445
대구광역시,2024.03,2024,3,1.257100281
대구광역시,2024.04,2024,4,1.259418635
대구광역시,2024.05,2024,5,1.257982456
대구광역시,2024.06,2024,6,1.259529246
대구광역시,2024.07,2024,7,1.113038906
대구광역시,2024.08,2024,8,1.108957569
대구광역시,2024.09,2024,9,1.244487057
대구광역시,2024.1,2024,10,1.244487057
대구광역시,2024.11,2024,11,1.247095816
대구광역시,2024.12,2024,12,1.243295019
대구광역시,2025.01,2025,1,1.235441724
대구광역시,2025.02,2025,2,1.229801895
대구광역시,2025.03,2025,3,1.227264913
대구광역시,2025.04,2025,4,1.226105625
대구광역시,2025.05,2025,5,1.22810941
인천광역시,2004.01,2004,1,1.482745109
인천광역시,2004.02,2004,2,1.478813086
인천광역시,2004.03,2004,3,1.459381284
인천광역시,2004.04,2004,4,1.413747467
인천광역시,2004.05,2004,5,1.414976405
인천광역시,2004.06,2004,6,1.416207482
인천광역시,2004.07,2004,7,1.407557373
인천광역시,2004.08,2004,8,1.397791863
인천광역시,2004.09,2004,9,1.39659258
인천광역시,2004.1,2004,10,1.397791863
인천광역시,2004.11,2004,11,1.403876956
인천광역시,2004.12,2004,12,1.402648028
인천광역시,2005.01,2005,1,1.38823609
인천광역시,2005.02,2005,2,1.384039193
인천광역시,2005.03,2005,3,1.374356706
인천광역시,2005.04,2005,4,1.375739526
인천광역시,2005.05,2005,5,1.377106638
인천광역시,2005.06,2005,6,1.382658289
인천광역시,2005.07,2005,7,1.377106638
인천광역시,2005.08,2005,8,1.372995046
인천광역시,2005.09,2005,9,1.364808752
인천광역시,2005.1,2005,10,1.370261495
인천광역시,2005.11,2005,11,1.375739526
인천광역시,2005.12,2005,12,1.366172415
인천광역시,2006.01,2006,1,1.378453185
인천광역시,2006.02,2006,2,1.37710362
인천광역시,2006.03,2006,3,1.36631181
인천광역시,2006.04,2006,4,1.363644701
인천광역시,2006.05,2006,5,1.363644701
인천광역시,2006.06,2006,6,1.36631181
인천광역시,2006.07,2006,7,1.362306132
인천광역시,2006.08,2006,8,1.353061994
인천광역시,2006.09,2006,9,1.349151005
인천광역시,2006.1,2006,10,1.358359325
인천광역시,2006.11,2006,11,1.36631181
인천광역시,2006.12,2006,12,1.360987984
인천광역시,2007.01,2007,1,1.36372297
인천광역시,2007.02,2007,2,1.355796302
인천광역시,2007.03,2007,3,1.349266605
인천광역시,2007.04,2007,4,1.344094873
인천광역시,2007.05,2007,5,1.341523846
인천광역시,2007.06,2007,6,1.340233423
인천광역시,2007.07,2007,7,1.337677134
인천광역시,2007.08,2007,8,1.335130577
인천광역시,2007.09,2007,9,1.325040576
인천광역시,2007.1,2007,10,1.323781654
인천광역시,2007.11,2007,11,1.322525122
인천광역시,2007.12,2007,12,1.318803084
인천광역시,2008.01,2008,1,1.31140505
인천광역시,2008.02,2008,2,1.307728888
인천광역시,2008.03,2008,3,1.292060784
인천광역시,2008.04,2008,4,1.28259322
인천광역시,2008.05,2008,5,1.274443564
인천광역시,2008.06,2008,6,1.266381473
인천광역시,2008.07,2008,7,1.257300302
인천광역시,2008.08,2008,8,1.259558363
인천광역시,2008.09,2008,9,1.258435897
인천광역시,2008.1,2008,10,1.261824549
인천광역시,2008.11,2008,11,1.266381473
인천광역시,2008.12,2008,12,1.267533539
인천광역시,2009.01,2009,1,1.264098904
인천광역시,2009.02,2009,2,1.256166755
인천광역시,2009.03,2009,3,1.245002025
인천광역시,2009.04,2009,4,1.241717762
인천광역시,2009.05,2009,5,1.24392015
인천광역시,2009.06,2009,6,1.24392015
인천광역시,2009.07,2009,7,1.238421427
인천광역시,2009.08,2009,8,1.234063157
인천광역시,2009.09,2009,9,1.235142546
인천광역시,2009.1,2009,10,1.237321651
인천광역시,2009.11,2009,11,1.235142546
인천광역시,2009.12,2009,12,1.230807284
인천광역시,2010.01,2010,1,1.221082395
인천광역시,2010.02,2010,2,1.217384214
인천광역시,2010.03,2010,3,1.214921764
인천광역시,2010.04,2010,4,1.208822985
인천광역시,2010.05,2010,5,1.207621733
인천광역시,2010.06,2010,6,1.208822985
인천광역시,2010.07,2010,7,1.205198579
인천광역시,2010.08,2010,8,1.224581917
인천광역시,2010.09,2010,9,1.213708392
인천광역시,2010.1,2010,10,1.212493745
인천광역시,2010.11,2010,11,1.219734584
인천광역시,2010.12,2010,12,1.216103387
인천광역시,2011.01,2011,1,1.204181208
인천광역시,2011.02,2011,2,1.197136762
인천광역시,2011.03,2011,3,1.19480243
인천광역시,2011.04,2011,4,1.195981872
인천광역시,2011.05,2011,5,1.193652038
인천광역시,2011.06,2011,6,1.190187542
인천광역시,2011.07,2011,7,1.184449086
인천광역시,2011.08,2011,8,1.199752819
인천광역시,2011.09,2011,9,1.203204887
인천광역시,2011.1,2011,10,1.205526234
인천광역시,2011.11,2011,11,1.203204887
인천광역시,2011.12,2011,12,1.198602123
인천광역시,2012.01,2012,1,1.192327096
인천광역시,2012.02,2012,2,1.188481847
인천광역시,2012.03,2012,3,1.189951839
인천광역시,2012.04,2012,4,1.193465875
인천광역시,2012.05,2012,5,1.191307969
인천광역시,2012.06,2012,6,1.190851234
인천광역시,2012.07,2012,7,1.191647484
인천광역시,2012.08,2012,8,1.213116187
인천광역시,2012.09,2012,9,1.205688541
인천광역시,2012.1,2012,10,1.20602895
인천광역시,2012.11,2012,11,1.20944364
인천광역시,2012.12,2012,12,1.206710345
인천광역시,2013.01,2013,1,1.226250906
인천광역시,2013.02,2013,2,1.222466794
인천광역시,2013.03,2013,3,1.22464708
인천광역시,2013.04,2013,4,1.226715607
인천광역시,2013.05,2013,5,1.226476574
인천광역시,2013.06,2013,6,1.226941445
인천광역시,2013.07,2013,7,1.226835158
인천광역시,2013.08,2013,8,1.222796641
인천광역시,2013.09,2013,9,1.220162836
인천광역시,2013.1,2013,10,1.223602216
인천광역시,2013.11,2013,11,1.256351289
인천광역시,2013.12,2013,12,1.255646319
인천광역시,2014.01,2014,1,1.247114303
인천광역시,2014.02,2014,2,1.2436488
인천광역시,2014.03,2014,3,1.240877002
인천광역시,2014.04,2014,4,1.241009343
인천광역시,2014.05,2014,5,1.23745919
인천광역시,2014.06,2014,6,1.239277917
인천광역시,2014.07,2014,7,1.238591972
인천광역시,2014.08,2014,8,1.235842644
인천광역시,2014.09,2014,9,1.236775256
인천광역시,2014.1,2014,10,1.23893485
인천광역시,2014.11,2014,11,1.241115235
인천광역시,2014.12,2014,12,1.24077115
인천광역시,2015.01,2015,1,1.2304444
인천광역시,2015.02,2015,2,1.229325495
인천광역시,2015.03,2015,3,1.228961639
인천광역시,2015.04,2015,4,1.229455495
인천광역시,2015.05,2015,5,1.226873641
인천광역시,2015.06,2015,6,1.226511235
인천광역시,2015.07,2015,7,1.146118289
인천광역시,2015.08,2015,8,1.144756216
인천광역시,2015.09,2015,9,1.14738684
인천광역시,2015.1,2015,10,1.225399469
인천광역시,2015.11,2015,11,1.228597998
인천광역시,2015.12,2015,12,1.224792727
인천광역시,2016.01,2016,1,1.221382947
인천광역시,2016.02,2016,2,1.217379923
인천광역시,2016.03,2016,3,1.220895554
인천광역시,2016.04,2016,4,1.218464408
인천광역시,2016.05,2016,5,1.219192735
인천광역시,2016.06,2016,6,1.218949863
인천광역시,2016.07,2016,7,0.992750502
인천광역시,2016.08,2016,8,0.990388445
인천광역시,2016.09,2016,9,0.985194299
인천광역시,2016.1,2016,10,1.209930377
인천광역시,2016.11,2016,11,1.210409054
인천광역시,2016.12,2016,12,1.068815974
인천광역시,2017.01,2017,1,1.057869274
인천광역시,2017.02,2017,2,1.055500781
인천광역시,2017.03,2017,3,1.056531617
인천광역시,2017.04,2017,4,1.058174255
인천광역시,2017.05,2017,5,1.056835827
인천광역시,2017.06,2017,6,1.058174255
인천광역시,2017.07,2017,7,1.057455653
인천광역시,2017.08,2017,8,1.05181713
인천광역시,2017.09,2017,9,1.049979567
인천광역시,2017.1,2017,10,1.050591374
인천광역시,2017.11,2017,11,1.057662423
인천광역시,2017.12,2017,12,1.053553123
인천광역시,2018.01,2018,1,1.048159102
인천광역시,2018.02,2018,2,1.040118209
인천광역시,2018.03,2018,3,1.042016466
인천광역시,2018.04,2018,4,1.040318254
인천광역시,2018.05,2018,5,1.039413401
인천광역시,2018.06,2018,6,1.040518376
인천광역시,2018.07,2018,7,0.860569989
인천광역시,2018.08,2018,8,0.854158896
인천광역시,2018.09,2018,9,1.027894742
인천광역시,2018.1,2018,10,1.029841473
인천광역시,2018.11,2018,11,1.03574704
인천광역시,2018.12,2018,12,1.038720045
인천광역시,2019.01,2019,1,1.041214135
인천광역시,2019.02,2019,2,1.037325635
인천광역시,2019.03,2019,3,1.039213704
인천광역시,2019.04,2019,4,1.035840993
인천광역시,2019.05,2019,5,1.034558431
인천광역시,2019.06,2019,6,1.03643643
인천광역시,2019.07,2019,7,0.87026541
인천광역시,2019.08,2019,8,0.868685646
인천광역시,2019.09,2019,9,1.032002812
인천광역시,2019.1,2019,10,1.03023377
인천광역시,2019.11,2019,11,1.03524624
인천광역시,2019.12,2019,12,1.032583468
인천광역시,2020.01,2020,1,1.02801681
인천광역시,2020.02,2020,2,1.026681323
인천광역시,2020.03,2020,3,1.028531385
인천광역시,2020.04,2020,4,1.0326666
인천광역시,2020.05,2020,5,1.033393683
인천광역시,2020.06,2020,6,1.029768467
인천광역시,2020.07,2020,7,0.865062657
인천광역시,2020.08,2020,8,0.860833998
인천광역시,2020.09,2020,9,1.019144926
인천광역시,2020.1,2020,10,1.025144682
인천광역시,2020.11,2020,11,1.02678393
인천광역시,2020.12,2020,12,1.023918676
인천광역시,2021.01,2021,1,0.993566267
인천광역시,2021.02,2021,2,0.987506149
인천광역시,2021.03,2021,3,0.985760581
인천광역시,2021.04,2021,4,0.983924721
인천광역시,2021.05,2021,5,0.983346395
인천광역시,2021.06,2021,6,0.983057487
인천광역시,2021.07,2021,7,0.843200469
인천광역시,2021.08,2021,8,0.838449582
인천광역시,2021.09,2021,9,0.993617639
인천광역시,2021.1,2021,10,1.017670915
인천광역시,2021.11,2021,11,1.012781088
인천광역시,2021.12,2021,12,1.009676183
인천광역시,2022.01,2022,1,1.001615355
인천광역시,2022.02,2022,2,0.995655049
인천광역시,2022.03,2022,3,0.992094118
인천광역시,2022.04,2022,4,1.04167056
인천광역시,2022.05,2022,5,1.035094235
인천광역시,2022.06,2022,6,1.028126153
인천광역시,2022.07,2022,7,0.93836686
인천광역시,2022.08,2022,8,0.939834407
인천광역시,2022.09,2022,9,1.086102442
인천광역시,2022.1,2022,10,1.141042048
인천광역시,2022.11,2022,11,1.1414594
인천광역시,2022.12,2022,12,1.138336677
인천광역시,2023.01,2023,1,1.234250543
인천광역시,2023.02,2023,2,1.232799928
인천광역시,2023.03,2023,3,1.231241535
인천광역시,2023.04,2023,4,1.229022082
인천광역시,2023.05,2023,5,1.25774863
인천광역시,2023.06,2023,6,1.28896279
인천광역시,2023.07,2023,7,1.143087537
인천광역시,2023.08,2023,8,1.132132399
인천광역시,2023.09,2023,9,1.267208624
인천광역시,2023.1,2023,10,1.260304069
인천광역시,2023.11,2023,11,1.267768741
인천광역시,2023.12,2023,12,1.266089874
인천광역시,2024.01,2024,1,1.260636428
인천광역시,2024.02,2024,2,1.253145753
인천광역시,2024.03,2024,3,1.249324854
인천광역시,2024.04,2024,4,1.251833101
인천광역시,2024.05,2024,5,1.249433699
인천광역시,2024.06,2024,6,1.252707897
인천광역시,2024.07,2024,7,1.107314096
인천광역시,2024.08,2024,8,1.102891378
인천광역시,2024.09,2024,9,1.239517319
인천광역시,2024.1,2024,10,1.239624935
인천광역시,2024.11,2024,11,1.243295019
인천광역시,2024.12,2024,12,1.235976454
인천광역시,2025.01,2025,1,1.226000343
인천광역시,2025.02,2025,2,1.220759234
인천광역시,2025.03,2025,3,1.221281328
인천광역시,2025.04,2025,4,1.220550521
인천광역시,2025.05,2025,5,1.2213858
광주광역시,2004.01,2004,1,1.482911127
광주광역시,2004.02,2004,2,1.474963458
광주광역시,2004.03,2004,3,1.4568329
광주광역시,2004.04,2004,4,1.408775569
광주광역시,2004.05,2004,5,1.408775569
광주광역시,2004.06,2004,6,1.411218297
광주광역시,2004.07,2004,7,1.403819302
광주광역시,2004.08,2004,8,1.385647498
광주광역시,2004.09,2004,9,1.385647498
광주광역시,2004.1,2004,10,1.390438355
광주광역시,2004.11,2004,11,1.402571292
광주광역시,2004.12,2004,12,1.401382948
광주광역시,2005.01,2005,1,1.385086037
광주광역시,2005.02,2005,2,1.379477798
광주광역시,2005.03,2005,3,1.369785614
광주광역시,2005.04,2005,4,1.367028367
광주광역시,2005.05,2005,5,1.367028367
광주광역시,2005.06,2005,6,1.369785614
광주광역시,2005.07,2005,7,1.360228675
광주광역시,2005.08,2005,8,1.356163297
광주광역시,2005.09,2005,9,1.349453239
광주광역시,2005.1,2005,10,1.350804168
광주광역시,2005.11,2005,11,1.360228675
광주광역시,2005.12,2005,12,1.35750973
광주광역시,2006.01,2006,1,1.368341484
광주광역시,2006.02,2006,2,1.368341484
광주광역시,2006.03,2006,3,1.362966164
광주광역시,2006.04,2006,4,1.360276533
광주광역시,2006.05,2006,5,1.354964267
광주광역시,2006.06,2006,6,1.356288439
광주광역시,2006.07,2006,7,1.350989681
광주광역시,2006.08,2006,8,1.341828776
광주광역시,2006.09,2006,9,1.337947966
광주광역시,2006.1,2006,10,1.347038346
광주광역시,2006.11,2006,11,1.356288439
광주광역시,2006.12,2006,12,1.348364531
광주광역시,2007.01,2007,1,1.352357288
광주광역시,2007.02,2007,2,1.343231014
광주광역시,2007.03,2007,3,1.334193021
광주광역시,2007.04,2007,4,1.331642731
광주광역시,2007.05,2007,5,1.331642731
광주광역시,2007.06,2007,6,1.330354301
광주광역시,2007.07,2007,7,1.324033247
광주광역시,2007.08,2007,8,1.322759494
광주광역시,2007.09,2007,9,1.310303319
광주광역시,2007.1,2007,10,1.309072232
광주광역시,2007.11,2007,11,1.307843456
광주광역시,2007.12,2007,12,1.306616985
광주광역시,2008.01,2008,1,1.299290039
광주광역시,2008.02,2008,2,1.293244063
광주광역시,2008.03,2008,3,1.282514513
광주광역시,2008.04,2008,4,1.275439089
광주광역시,2008.05,2008,5,1.263854285
광주광역시,2008.06,2008,6,1.254718794
광주광역시,2008.07,2008,7,1.245729272
광주광역시,2008.08,2008,8,1.247975733
광주광역시,2008.09,2008,9,1.250200395
광주광역시,2008.1,2008,10,1.252463025
광주광역시,2008.11,2008,11,1.259269971
광주광역시,2008.12,2008,12,1.260409128
광주광역시,2009.01,2009,1,1.256997823
광주광역시,2009.02,2009,2,1.246844052
광주광역시,2009.03,2009,3,1.239067539
광주광역시,2009.04,2009,4,1.234660964
광주광역시,2009.05,2009,5,1.234660964
광주광역시,2009.06,2009,6,1.235756013
광주광역시,2009.07,2009,7,1.229214699
광주광역시,2009.08,2009,8,1.22595556
광주광역시,2009.09,2009,9,1.223801939
광주광역시,2009.1,2009,10,1.229214699
광주광역시,2009.11,2009,11,1.228116773
광주광역시,2009.12,2009,12,1.224863446
광주광역시,2010.01,2010,1,1.21589706
광주광역시,2010.02,2010,2,1.212216113
광주광역시,2010.03,2010,3,1.207328766
광주광역시,2010.04,2010,4,1.203685574
광주광역시,2010.05,2010,5,1.20248067
광주광역시,2010.06,2010,6,1.20248067
광주광역시,2010.07,2010,7,1.198866635
광주광역시,2010.08,2010,8,1.218173716
광주광역시,2010.09,2010,9,1.208549179
광주광역시,2010.1,2010,10,1.207344831
광주광역시,2010.11,2010,11,1.218173716
광주광역시,2010.12,2010,12,1.212135337
광주광역시,2011.01,2011,1,1.196706775
광주광역시,2011.02,2011,2,1.187417167
광주광역시,2011.03,2011,3,1.183975569
광주광역시,2011.04,2011,4,1.182832799
광주광역시,2011.05,2011,5,1.180553864
광주광역시,2011.06,2011,6,1.178270672
광주광역시,2011.07,2011,7,1.172620488
광주광역시,2011.08,2011,8,1.186697082
광주광역시,2011.09,2011,9,1.185558354
광주광역시,2011.1,2011,10,1.187825023
광주광역시,2011.11,2011,11,1.188942108
광주광역시,2011.12,2011,12,1.186697082
광주광역시,2012.01,2012,1,1.181519802
광주광역시,2012.02,2012,2,1.178842129
광주광역시,2012.03,2012,3,1.178394901
광주광역시,2012.04,2012,4,1.178624862
광주광역시,2012.05,2012,5,1.177731074
광주광역시,2012.06,2012,6,1.180185853
광주광역시,2012.07,2012,7,1.183307392
광주광역시,2012.08,2012,8,1.20338928
광주광역시,2012.09,2012,9,1.193470739
광주광역시,2012.1,2012,10,1.197175811
광주광역시,2012.11,2012,11,1.201462586
광주광역시,2012.12,2012,12,1.199542052
광주광역시,2013.01,2013,1,1.216128894
광주광역시,2013.02,2013,2,1.212939073
광주광역시,2013.03,2013,3,1.213510706
광주광역시,2013.04,2013,4,1.214082877
광주광역시,2013.05,2013,5,1.214408215
광주광역시,2013.06,2013,6,1.215998369
광주광역시,2013.07,2013,7,1.213068942
광주광역시,2013.08,2013,8,1.20708502
광주광역시,2013.09,2013,9,1.204505587
광주광역시,2013.1,2013,10,1.208656041
광주광역시,2013.11,2013,11,1.240665316
광주광역시,2013.12,2013,12,1.23893485
광주광역시,2014.01,2014,1,1.232191454
광주광역시,2014.02,2014,2,1.228107948
광주광역시,2014.03,2014,3,1.223497992
광주광역시,2014.04,2014,4,1.222495377
광주광역시,2014.05,2014,5,1.221366194
광주광역시,2014.06,2014,6,1.222713756
광주광역시,2014.07,2014,7,1.221250827
광주광역시,2014.08,2014,8,1.220021598
광주광역시,2014.09,2014,9,1.219919275
광주광역시,2014.1,2014,10,1.225069485
광주광역시,2014.11,2014,11,1.227887639
광주광역시,2014.12,2014,12,1.227654456
광주광역시,2015.01,2015,1,1.218898744
광주광역시,2015.02,2015,2,1.220857092
광주광역시,2015.03,2015,3,1.221960628
광주광역시,2015.04,2015,4,1.222693141
광주광역시,2015.05,2015,5,1.218170769
광주광역시,2015.06,2015,6,1.217571162
광주광역시,2015.07,2015,7,1.140725215
광주광역시,2015.08,2015,8,1.140163617
광주광역시,2015.09,2015,9,1.14404633
광주광역시,2015.1,2015,10,1.218413331
광주광역시,2015.11,2015,11,1.222448872
광주광역시,2015.12,2015,12,1.219269451
광주광역시,2016.01,2016,1,1.218541033
광주광역시,2016.02,2016,2,1.212719573
광주광역시,2016.03,2016,3,1.214899264
광주광역시,2016.04,2016,4,1.212846085
광주광역시,2016.05,2016,5,1.211519023
광주광역시,2016.06,2016,6,1.210799833
광주광역시,2016.07,2016,7,0.985615638
광주광역시,2016.08,2016,8,0.982878244
광주광역시,2016.09,2016,9,0.97629749
광주광역시,2016.1,2016,10,1.199370712
광주광역시,2016.11,2016,11,1.201726187
광주광역시,2016.12,2016,12,1.060839406
광주광역시,2017.01,2017,1,1.049282761
광주광역시,2017.02,2017,2,1.044706935
광주광역시,2017.03,2017,3,1.046931187
광주광역시,2017.04,2017,4,1.049079254
광주광역시,2017.05,2017,5,1.047443358
광주광역시,2017.06,2017,6,1.049079254
광주광역시,2017.07,2017,7,1.049175642
광주광역시,2017.08,2017,8,1.043391744
광주광역시,2017.09,2017,9,1.04207986
광주광역시,2017.1,2017,10,1.04207986
광주광역시,2017.11,2017,11,1.049282761
광주광역시,2017.12,2017,12,1.047347288
광주광역시,2018.01,2018,1,1.04359305
광주광역시,2018.02,2018,2,1.035872315
광주광역시,2018.03,2018,3,1.038667556
광주광역시,2018.04,2018,4,1.03617519
광주광역시,2018.05,2018,5,1.03477718
광주광역시,2018.06,2018,6,1.035673976
광주광역시,2018.07,2018,7,0.855996929
광주광역시,2018.08,2018,8,0.851326776
광주광역시,2018.09,2018,9,1.023778453
광주광역시,2018.1,2018,10,1.024850419
광주광역시,2018.11,2018,11,1.033195938
광주광역시,2018.12,2018,12,1.036865151
광주광역시,2019.01,2019,1,1.038163929
광주광역시,2019.02,2019,2,1.034683419
광주광역시,2019.03,2019,3,1.036771011
광주광역시,2019.04,2019,4,1.032697602
광주광역시,2019.05,2019,5,1.029449475
광주광역시,2019.06,2019,6,1.032199747
광주광역시,2019.07,2019,7,0.86795913
광주광역시,2019.08,2019,8,0.866047999
광주광역시,2019.09,2019,9,1.028851737
광주광역시,2019.1,2019,10,1.025525376
광주광역시,2019.11,2019,11,1.030430031
광주광역시,2019.12,2019,12,1.029150519
광주광역시,2020.01,2020,1,1.025144682
광주광역시,2020.02,2020,2,1.023816642
광주광역시,2020.03,2020,3,1.027708312
광주광역시,2020.04,2020,4,1.031526104
광주광역시,2020.05,2020,5,1.031215497
광주광역시,2020.06,2020,6,1.030801645
광주광역시,2020.07,2020,7,0.866800603
광주광역시,2020.08,2020,8,0.862124088
광주광역시,2020.09,2020,9,1.020967902
광주광역시,2020.1,2020,10,1.027091872
광주광역시,2020.11,2020,11,1.028119684
광주광역시,2020.12,2020,12,1.023918676
광주광역시,2021.01,2021,1,0.992583803
광주광역시,2021.02,2021,2,0.988673299
광주광역시,2021.03,2021,3,0.98489011
광주광역시,2021.04,2021,4,0.982864976
광주광역시,2021.05,2021,5,0.981807512
광주광역시,2021.06,2021,6,0.982287895
광주광역시,2021.07,2021,7,0.843200469
광주광역시,2021.08,2021,8,0.839428127
광주광역시,2021.09,2021,9,0.996122152
광주광역시,2021.1,2021,10,1.020528711
광주광역시,2021.11,2021,11,1.013852814
광주광역시,2021.12,2021,12,1.012391931
광주광역시,2022.01,2022,1,1.005532767
광주광역시,2022.02,2022,2,1.001615355
광주광역시,2022.03,2022,3,0.993403072
광주광역시,2022.04,2022,4,1.042937325
광주광역시,2022.05,2022,5,1.033654738
광주광역시,2022.06,2022,6,1.02717892
광주광역시,2022.07,2022,7,0.937161728
광주광역시,2022.08,2022,8,0.939229567
광주광역시,2022.09,2022,9,1.0875
광주광역시,2022.1,2022,10,1.143550751
광주광역시,2022.11,2022,11,1.144179652
광주광역시,2022.12,2022,12,1.144179652
광주광역시,2023.01,2023,1,1.238848006
광주광역시,2023.02,2023,2,1.235816567
광주광역시,2023.03,2023,3,1.230463815
광주광역시,2023.04,2023,4,1.229022082
광주광역시,2023.05,2023,5,1.258540093
광주광역시,2023.06,2023,6,1.287342908
광주광역시,2023.07,2023,7,1.144112636
광주광역시,2023.08,2023,8,1.134246088
광주광역시,2023.09,2023,9,1.269339706
광주광역시,2023.1,2023,10,1.263858289
광주광역시,2023.11,2023,11,1.269676848
광주광역시,2023.12,2023,12,1.270014169
광주광역시,2024.01,2024,1,1.263858289
광주광역시,2024.02,2024,2,1.256769784
광주광역시,2024.03,2024,3,1.253912739
광주광역시,2024.04,2024,4,1.251177805
광주광역시,2024.05,2024,5,1.249324854
광주광역시,2024.06,2024,6,1.253803112
광주광역시,2024.07,2024,7,1.108280255
광주광역시,2024.08,2024,8,1.105002175
광주광역시,2024.09,2024,9,1.243619894
광주광역시,2024.1,2024,10,1.242321413
광주광역시,2024.11,2024,11,1.245790071
광주광역시,2024.12,2024,12,1.240055585
광주광역시,2025.01,2025,1,1.231499051
광주광역시,2025.02,2025,2,1.226105625
광주광역시,2025.03,2025,3,1.224843442
광주광역시,2025.04,2025,4,1.222850291
광주광역시,2025.05,2025,5,1.226000343
대전광역시,2004.01,2004,1,1.468340748
대전광역시,2004.02,2004,2,1.461777244
대전광역시,2004.03,2004,3,1.445011183
대전광역시,2004.04,2004,4,1.398573455
대전광역시,2004.05,2004,5,1.397315711
대전광역시,2004.06,2004,6,1.397315711
대전광역시,2004.07,2004,7,1.388762493
대전광역시,2004.08,2004,8,1.374301451
대전광역시,2004.09,2004,9,1.373105351
대전광역시,2004.1,2004,10,1.376681434
대전광역시,2004.11,2004,11,1.385123453
대전광역시,2004.12,2004,12,1.385123453
대전광역시,2005.01,2005,1,1.369310064
대전광역시,2005.02,2005,2,1.366554729
대전광역시,2005.03,2005,3,1.358318874
대전광역시,2005.04,2005,4,1.354247002
대전광역시,2005.05,2005,5,1.355589631
대전광역시,2005.06,2005,6,1.359669592
대전광역시,2005.07,2005,7,1.350181694
대전광역시,2005.08,2005,8,1.348849751
대전광역시,2005.09,2005,9,1.342141427
대전광역시,2005.1,2005,10,1.342141427
대전광역시,2005.11,2005,11,1.34748502
대전광역시,2005.12,2005,12,1.340807761
대전광역시,2006.01,2006,1,1.354223859
대전광역시,2006.02,2006,2,1.352886128
대전광역시,2006.03,2006,3,1.344932293
대전광역시,2006.04,2006,4,1.342313297
대전광역시,2006.05,2006,5,1.339687239
대전광역시,2006.06,2006,6,1.342313297
대전광역시,2006.07,2006,7,1.337071435
대전광역시,2006.08,2006,8,1.326743401
대전광역시,2006.09,2006,9,1.325459384
대전광역시,2006.1,2006,10,1.333183902
대전광역시,2006.11,2006,11,1.337071435
대전광역시,2006.12,2006,12,1.333183902
대전광역시,2007.01,2007,1,1.337146513
대전광역시,2007.02,2007,2,1.329406526
대전광역시,2007.03,2007,3,1.321755629
대전광역시,2007.04,2007,4,1.31797142
대전광역시,2007.05,2007,5,1.31544959
대전광역시,2007.06,2007,6,1.31544959
대전광역시,2007.07,2007,7,1.306731358
대전광역시,2007.08,2007,8,1.306731358
대전광역시,2007.09,2007,9,1.301798884
대전광역시,2007.1,2007,10,1.299338506
대전광역시,2007.11,2007,11,1.300551345
대전광역시,2007.12,2007,12,1.294445546
대전광역시,2008.01,2008,1,1.289605213
대전광역시,2008.02,2008,2,1.283601523
대전광역시,2008.03,2008,3,1.27293768
대전광역시,2008.04,2008,4,1.263609761
대전광역시,2008.05,2008,5,1.250993631
대전광역시,2008.06,2008,6,1.240862564
대전광역시,2008.07,2008,7,1.233087498
대전광역시,2008.08,2008,8,1.236413976
대전광역시,2008.09,2008,9,1.238626935
대전광역시,2008.1,2008,10,1.240862564
대전광역시,2008.11,2008,11,1.244216367
대전광역시,2008.12,2008,12,1.24534328
대전광역시,2009.01,2009,1,1.24872138
대전광역시,2009.02,2009,2,1.238626935
대전광역시,2009.03,2009,3,1.227597387
대전광역시,2009.04,2009,4,1.225409259
대전광역시,2009.05,2009,5,1.226516743
대전광역시,2009.06,2009,6,1.226516743
대전광역시,2009.07,2009,7,1.22107059
대전광역시,2009.08,2009,8,1.218919865
대전광역시,2009.09,2009,9,1.217840244
대전광역시,2009.1,2009,10,1.22107059
대전광역시,2009.11,2009,11,1.217840244
대전광역시,2009.12,2009,12,1.213554913
대전광역시,2010.01,2010,1,1.204587367
대전광역시,2010.02,2010,2,1.203366802
대전광역시,2010.03,2010,3,1.200933076
대전광역시,2010.04,2010,4,1.193704241
대전광역시,2010.05,2010,5,1.19250562
대전광역시,2010.06,2010,6,1.193704241
대전광역시,2010.07,2010,7,1.191309403
대전광역시,2010.08,2010,8,1.208056201
대전광역시,2010.09,2010,9,1.199696185
대전광역시,2010.1,2010,10,1.198509409
대전광역시,2010.11,2010,11,1.203270659
대전광역시,2010.12,2010,12,1.198509409
대전광역시,2011.01,2011,1,1.184462244
대전광역시,2011.02,2011,2,1.174144311
대전광역시,2011.03,2011,3,1.167369239
대전광역시,2011.04,2011,4,1.166245529
대전광역시,2011.05,2011,5,1.166245529
대전광역시,2011.06,2011,6,1.166245529
대전광역시,2011.07,2011,7,1.157345694
대전광역시,2011.08,2011,8,1.172378097
대전광역시,2011.09,2011,9,1.173491635
대전광역시,2011.1,2011,10,1.175725069
대전광역시,2011.11,2011,11,1.173491635
대전광역시,2011.12,2011,12,1.169062698
대전광역시,2012.01,2012,1,1.162144827
대전광역시,2012.02,2012,2,1.159739706
대전광역시,2012.03,2012,3,1.161052609
대전광역시,2012.04,2012,4,1.162467921
대전광역시,2012.05,2012,5,1.160730301
대전광역시,2012.06,2012,6,1.163127093
대전광역시,2012.07,2012,7,1.165858785
대전광역시,2012.08,2012,8,1.186902205
대전광역시,2012.09,2012,9,1.179039672
대전광역시,2012.1,2012,10,1.181359826
대전광역시,2012.11,2012,11,1.186014972
대전광역시,2012.12,2012,12,1.184231852
대전광역시,2013.01,2013,1,1.199303475
대전광역시,2013.02,2013,2,1.197300982
대전광역시,2013.03,2013,3,1.198187337
대전광역시,2013.04,2013,4,1.200523455
대전광역시,2013.05,2013,5,1.199747972
대전광역시,2013.06,2013,6,1.200192799
대전광역시,2013.07,2013,7,1.197073274
대전광역시,2013.08,2013,8,1.193202881
대전광역시,2013.09,2013,9,1.193517124
대전광역시,2013.1,2013,10,1.197174467
대전광역시,2013.11,2013,11,1.230940115
대전광역시,2013.12,2013,12,1.230601648
대전광역시,2014.01,2014,1,1.224450711
대전광역시,2014.02,2014,2,1.219932064
대전광역시,2014.03,2014,3,1.217914634
대전광역시,2014.04,2014,4,1.218373715
대전광역시,2014.05,2014,5,1.214672693
대전광역시,2014.06,2014,6,1.215789529
대전광역시,2014.07,2014,7,1.216348717
대전광역시,2014.08,2014,8,1.216132606
대전광역시,2014.09,2014,9,1.216793893
대전광역시,2014.1,2014,10,1.219829755
대전광역시,2014.11,2014,11,1.223536587
대전광역시,2014.12,2014,12,1.223999916
대전광역시,2015.01,2015,1,1.217941062
대전광역시,2015.02,2015,2,1.21915438
대전광역시,2015.03,2015,3,1.219039331
대전광역시,2015.04,2015,4,1.220011543
대전광역시,2015.05,2015,5,1.216106526
대전광역시,2015.06,2015,6,1.214886569
대전광역시,2015.07,2015,7,1.13527608
대전광역시,2015.08,2015,8,1.133467318
대전광역시,2015.09,2015,9,1.136069971
대전광역시,2015.1,2015,10,1.215013534
대전광역시,2015.11,2015,11,1.215623334
대전광역시,2015.12,2015,12,1.211746313
대전광역시,2016.01,2016,1,1.210409054
대전광역시,2016.02,2016,2,1.20621466
대전광역시,2016.03,2016,3,1.210535084
대전광역시,2016.04,2016,4,1.209452079
대전광역시,2016.05,2016,5,1.207893944
대전광역시,2016.06,2016,6,1.208609685
대전광역시,2016.07,2016,7,0.985112128
대전광역시,2016.08,2016,8,0.98354325
대전광역시,2016.09,2016,9,0.979059165
대전광역시,2016.1,2016,10,1.2021611
대전광역시,2016.11,2016,11,1.203106567
대전광역시,2016.12,2016,12,1.063099967
대전광역시,2017.01,2017,1,1.052269446
대전광역시,2017.02,2017,2,1.049293474
대전광역시,2017.03,2017,3,1.050516202
대전광역시,2017.04,2017,4,1.051031887
대전광역시,2017.05,2017,5,1.050215619
대전광역시,2017.06,2017,6,1.052581987
대전광역시,2017.07,2017,7,1.051139386
대전광역시,2017.08,2017,8,1.046739252
대전광역시,2017.09,2017,9,1.044186826
대전광역시,2017.1,2017,10,1.045408309
대전광역시,2017.11,2017,11,1.054125853
대전광역시,2017.12,2017,12,1.050516202
대전광역시,2018.01,2018,1,1.045100013
대전광역시,2018.02,2018,2,1.036635062
대전광역시,2018.03,2018,3,1.036938382
대전광역시,2018.04,2018,4,1.034641753
대전광역시,2018.05,2018,5,1.034142022
대전광역시,2018.06,2018,6,1.036739635
대전광역시,2018.07,2018,7,0.857218012
대전광역시,2018.08,2018,8,0.849406528
대전광역시,2018.09,2018,9,1.022922494
대전광역시,2018.1,2018,10,1.023696871
대전광역시,2018.11,2018,11,1.031660945
대전광역시,2018.12,2018,12,1.033549218
대전광역시,2019.01,2019,1,1.035141968
대전광역시,2019.02,2019,2,1.03126756
대전광역시,2019.03,2019,3,1.034641753
대전광역시,2019.04,2019,4,1.031164088
대전광역시,2019.05,2019,5,1.028995955
대전광역시,2019.06,2019,6,1.03126756
대전광역시,2019.07,2019,7,0.867260023
대전광역시,2019.08,2019,8,0.865430213
대전광역시,2019.09,2019,9,1.029779559
대전광역시,2019.1,2019,10,1.027124268
대전광역시,2019.11,2019,11,1.032853281
대전광역시,2019.12,2019,12,1.029975647
대전광역시,2020.01,2020,1,1.025963651
대전광역시,2020.02,2020,2,1.025349301
대전광역시,2020.03,2020,3,1.028325493
대전광역시,2020.04,2020,4,1.0326666
대전광역시,2020.05,2020,5,1.03214788
대전광역시,2020.06,2020,6,1.028840377
대전광역시,2020.07,2020,7,0.865149388
대전광역시,2020.08,2020,8,0.860662278
대전광역시,2020.09,2020,9,1.021983488
대전광역시,2020.1,2020,10,1.027913957
대전광역시,2020.11,2020,11,1.0274
대전광역시,2020.12,2020,12,1.023510659
대전광역시,2021.01,2021,1,0.993369619
대전광역시,2021.02,2021,2,0.988673299
대전광역시,2021.03,2021,3,0.985083415
대전광역시,2021.04,2021,4,0.983250073
대전광역시,2021.05,2021,5,0.982864976
대전광역시,2021.06,2021,6,0.982287895
대전광역시,2021.07,2021,7,0.842871094
대전광역시,2021.08,2021,8,0.840408958
대전광역시,2021.09,2021,9,0.996798603
대전광역시,2021.1,2021,10,1.02092415
대전광역시,2021.11,2021,11,1.016199016
대전광역시,2021.12,2021,12,1.013657786
대전광역시,2022.01,2022,1,1.007262303
대전광역시,2022.02,2022,2,1.001139709
대전광역시,2022.03,2022,3,0.994058846
대전광역시,2022.04,2022,4,1.04548012
대전광역시,2022.05,2022,5,1.039049394
대전광역시,2022.06,2022,6,1.031455269
대전광역시,2022.07,2022,7,0.941740413
대전광역시,2022.08,2022,8,0.942261575
대전광역시,2022.09,2022,9,1.090205473
대전광역시,2022.1,2022,10,1.145860106
대전광역시,2022.11,2022,11,1.147440022
대전광역시,2022.12,2022,12,1.144914244
대전광역시,2023.01,2023,1,1.241329085
대전광역시,2023.02,2023,2,1.238960567
대전광역시,2023.03,2023,3,1.23806065
대전광역시,2023.04,2023,4,1.235256817
대전광역시,2023.05,2023,5,1.263537906
대전광역시,2023.06,2023,6,1.293846987
대전광역시,2023.07,2023,7,1.14812815
대전광역시,2023.08,2023,8,1.139921372
대전광역시,2023.09,2023,9,1.275549231
대전광역시,2023.1,2023,10,1.27068935
대전광역시,2023.11,2023,11,1.278733839
대전광역시,2023.12,2023,12,1.276571123
대전광역시,2024.01,2024,1,1.27012665
대전광역시,2024.02,2024,2,1.264638448
대전광역시,2024.03,2024,3,1.261634556
대전광역시,2024.04,2024,4,1.259750527
대전광역시,2024.05,2024,5,1.261301671
대전광역시,2024.06,2024,6,1.263079091
대전광역시,2024.07,2024,7,1.115972588
대전광역시,2024.08,2024,8,1.11333158
대전광역시,2024.09,2024,9,1.24862265
대전광역시,2024.1,2024,10,1.248295156
대전광역시,2024.11,2024,11,1.249934343
대전광역시,2024.12,2024,12,1.246225015
대전광역시,2025.01,2025,1,1.238012659
대전광역시,2025.02,2025,2,1.235334833
대전광역시,2025.03,2025,3,1.23341396
대전광역시,2025.04,2025,4,1.231711525
대전광역시,2025.05,2025,5,1.231924072
울산광역시,2004.01,2004,1,1.489310262
울산광역시,2004.02,2004,2,1.477472704
울산광역시,2004.03,2004,3,1.463250932
울산광역시,2004.04,2004,4,1.417460296
울산광역시,2004.05,2004,5,1.4186957
울산광역시,2004.06,2004,6,1.417460296
울산광역시,2004.07,2004,7,1.410054038
울산광역시,2004.08,2004,8,1.396630621
울산광역시,2004.09,2004,9,1.396630621
울산광역시,2004.1,2004,10,1.395452319
울산광역시,2004.11,2004,11,1.407596014
울산광역시,2004.12,2004,12,1.405146545
울산광역시,2005.01,2005,1,1.389778826
울산광역시,2005.02,2005,2,1.384169962
울산광역시,2005.03,2005,3,1.371691122
울산광역시,2005.04,2005,4,1.371691122
울산광역시,2005.05,2005,5,1.373050196
울산광역시,2005.06,2005,6,1.375831813
울산광역시,2005.07,2005,7,1.371691122
울산광역시,2005.08,2005,8,1.367575281
울산광역시,2005.09,2005,9,1.358103008
울산광역시,2005.1,2005,10,1.360806274
울산광역시,2005.11,2005,11,1.364863246
울산광역시,2005.12,2005,12,1.358103008
울산광역시,2006.01,2006,1,1.373034508
울산광역시,2006.02,2006,2,1.371659375
울산광역시,2006.03,2006,3,1.360934599
울산광역시,2006.04,2006,4,1.359601343
울산광역시,2006.05,2006,5,1.35431196
울산광역시,2006.06,2006,6,1.358270696
울산광역시,2006.07,2006,7,1.351673896
울산광역시,2006.08,2006,8,1.341240899
울산광역시,2006.09,2006,9,1.33609314
울산광역시,2006.1,2006,10,1.343838358
울산광역시,2006.11,2006,11,1.351673896
울산광역시,2006.12,2006,12,1.346428479
울산광역시,2007.01,2007,1,1.350452313
울산광역시,2007.02,2007,2,1.341368864
울산광역시,2007.03,2007,3,1.332406793
울산광역시,2007.04,2007,4,1.328612114
울산광역시,2007.05,2007,5,1.326083094
울산광역시,2007.06,2007,6,1.326083094
울산광역시,2007.07,2007,7,1.319802468
울산광역시,2007.08,2007,8,1.31732345
울산광역시,2007.09,2007,9,1.307450735
울산광역시,2007.1,2007,10,1.306241328
울산광역시,2007.11,2007,11,1.305001561
울산광역시,2007.12,2007,12,1.301377369
울산광역시,2008.01,2008,1,1.294124932
울산광역시,2008.02,2008,2,1.289350624
울산광역시,2008.03,2008,3,1.275221185
울산광역시,2008.04,2008,4,1.268271962
울산광역시,2008.05,2008,5,1.255744088
울산광역시,2008.06,2008,6,1.246754796
울산광역시,2008.07,2008,7,1.237907955
울산광역시,2008.08,2008,8,1.239008774
울산광역시,2008.09,2008,9,1.240096836
울산광역시,2008.1,2008,10,1.240096836
울산광역시,2008.11,2008,11,1.245640176
울산광역시,2008.12,2008,12,1.246754796
울산광역시,2009.01,2009,1,1.248975104
울산광역시,2009.02,2009,2,1.236823729
울산광역시,2009.03,2009,3,1.231358409
울산광역시,2009.04,2009,4,1.22920024
울산광역시,2009.05,2009,5,1.22920024
울산광역시,2009.06,2009,6,1.23028562
울산광역시,2009.07,2009,7,1.223816272
울산광역시,2009.08,2009,8,1.219545783
울산광역시,2009.09,2009,9,1.220599916
울산광역시,2009.1,2009,10,1.223816272
울산광역시,2009.11,2009,11,1.220599916
울산광역시,2009.12,2009,12,1.219545783
울산광역시,2010.01,2010,1,1.207203253
울산광역시,2010.02,2010,2,1.204767888
울산광역시,2010.03,2010,3,1.197492953
울산광역시,2010.04,2010,4,1.193895153
울산광역시,2010.05,2010,5,1.192682537
울산광역시,2010.06,2010,6,1.193895153
울산광역시,2010.07,2010,7,1.19149955
울산광역시,2010.08,2010,8,1.209467738
울산광역시,2010.09,2010,9,1.201101773
울산광역시,2010.1,2010,10,1.201101773
울산광역시,2010.11,2010,11,1.205856406
울산광역시,2010.12,2010,12,1.202280134
울산광역시,2011.01,2011,1,1.189324558
울산광역시,2011.02,2011,2,1.182373686
울산광역시,2011.03,2011,3,1.175516549
울산광역시,2011.04,2011,4,1.175516549
울산광역시,2011.05,2011,5,1.170984854
울산광역시,2011.06,2011,6,1.169854176
울산광역시,2011.07,2011,7,1.163128382
울산광역시,2011.08,2011,8,1.181577117
울산광역시,2011.09,2011,9,1.182721072
울산광역시,2011.1,2011,10,1.181577117
울산광역시,2011.11,2011,11,1.17820956
울산광역시,2011.12,2011,12,1.175966686
울산광역시,2012.01,2012,1,1.171537566
울산광역시,2012.02,2012,2,1.169206612
울산광역시,2012.03,2012,3,1.168327046
울산광역시,2012.04,2012,4,1.168327046
울산광역시,2012.05,2012,5,1.166008838
울산광역시,2012.06,2012,6,1.166884915
울산광역시,2012.07,2012,7,1.169319795
울산광역시,2012.08,2012,8,1.188960615
울산광역시,2012.09,2012,9,1.182945274
울산광역시,2012.1,2012,10,1.184282363
울산광역시,2012.11,2012,11,1.188629772
울산광역시,2012.12,2012,12,1.187841581
울산광역시,2013.01,2013,1,1.199125769
울산광역시,2013.02,2013,2,1.196567566
울산광역시,2013.03,2013,3,1.196567566
울산광역시,2013.04,2013,4,1.198694415
울산광역시,2013.05,2013,5,1.198795882
울산광역시,2013.06,2013,6,1.199697156
울산광역시,2013.07,2013,7,1.197680688
울산광역시,2013.08,2013,8,1.192587446
울산광역시,2013.09,2013,9,1.190719916
울산광역시,2013.1,2013,10,1.195683605
울산광역시,2013.11,2013,11,1.228496922
울산광역시,2013.12,2013,12,1.228600691
울산광역시,2014.01,2014,1,1.220456667
울산광역시,2014.02,2014,2,1.216870242
울산광역시,2014.03,2014,3,1.216641225
울산광역시,2014.04,2014,4,1.214533233
울산광역시,2014.05,2014,5,1.213190984
울산광역시,2014.06,2014,6,1.213077156
울산광역시,2014.07,2014,7,1.211864319
울산광역시,2014.08,2014,8,1.210099939
울산광역시,2014.09,2014,9,1.210099939
울산광역시,2014.1,2014,10,1.213861737
울산광역시,2014.11,2014,11,1.215192782
울산광역시,2014.12,2014,12,1.217978375
울산광역시,2015.01,2015,1,1.209703768
울산광역시,2015.02,2015,2,1.210547688
울산광역시,2015.03,2015,3,1.209817062
울산광역시,2015.04,2015,4,1.209338853
울산광역시,2015.05,2015,5,1.206803131
울산광역시,2015.06,2015,6,1.206077016
울산광역시,2015.07,2015,7,1.129398093
울산광역시,2015.08,2015,8,1.12681422
울산광역시,2015.09,2015,9,1.130418527
울산광역시,2015.1,2015,10,1.208484055
울산광역시,2015.11,2015,11,1.210673748
울산광역시,2015.12,2015,12,1.206077016
울산광역시,2016.01,2016,1,1.202235688
울산광역시,2016.02,2016,2,1.198653511
울산광역시,2016.03,2016,3,1.20211138
울산광역시,2016.04,2016,4,1.200088772
울산광역시,2016.05,2016,5,1.199012004
울산광역시,2016.06,2016,6,1.199729635
울산광역시,2016.07,2016,7,0.975924396
울산광역시,2016.08,2016,8,0.972929838
울산광역시,2016.09,2016,9,0.967173682
울산광역시,2016.1,2016,10,1.18559876
울산광역시,2016.11,2016,11,1.189091058
울산광역시,2016.12,2016,12,1.050516202
울산광역시,2017.01,2017,1,1.04068696
울산광역시,2017.02,2017,2,1.037346576
울산광역시,2017.03,2017,3,1.038352732
울산광역시,2017.04,2017,4,1.038352732
울산광역시,2017.05,2017,5,1.037346576
울산광역시,2017.06,2017,6,1.039876152
울산광역시,2017.07,2017,7,1.039970857
울산광역시,2017.08,2017,8,1.035736601
울산광역시,2017.09,2017,9,1.032728734
울산광역시,2017.1,2017,10,1.034329365
울산광역시,2017.11,2017,11,1.042407522
울산광역시,2017.12,2017,12,1.039371353
울산광역시,2018.01,2018,1,1.035340103
울산광역시,2018.02,2018,2,1.02765834
울산광역시,2018.03,2018,3,1.030440363
울산광역시,2018.04,2018,4,1.025791512
울산광역시,2018.05,2018,5,1.026580496
울산광역시,2018.06,2018,6,1.029346367
울산광역시,2018.07,2018,7,0.851104437
울산광역시,2018.08,2018,8,0.844487855
울산광역시,2018.09,2018,9,1.017867047
울산광역시,2018.1,2018,10,1.019421906
울산광역시,2018.11,2018,11,1.028553128
울산광역시,2018.12,2018,12,1.032137549
울산광역시,2019.01,2019,1,1.032936328
울산광역시,2019.02,2019,2,1.031536686
울산광역시,2019.03,2019,3,1.032832521
울산광역시,2019.04,2019,4,1.02924328
울산광역시,2019.05,2019,5,1.02924328
울산광역시,2019.06,2019,6,1.031433159
울산광역시,2019.07,2019,7,0.866753874
울산광역시,2019.08,2019,8,0.864995682
울산광역시,2019.09,2019,9,1.02776111
울산광역시,2019.1,2019,10,1.025791512
울산광역시,2019.11,2019,11,1.032427871
울산광역시,2019.12,2019,12,1.029841473
울산광역시,2020.01,2020,1,1.025554003
울산광역시,2020.02,2020,2,1.024429155
울산광역시,2020.03,2020,3,1.02678393
울산광역시,2020.04,2020,4,1.032251582
울산광역시,2020.05,2020,5,1.032355305
울산광역시,2020.06,2020,6,1.032251582
울산광역시,2020.07,2020,7,0.866452455
울산광역시,2020.08,2020,8,0.862037962
울산광역시,2020.09,2020,9,1.020359519
울산광역시,2020.1,2020,10,1.026066114
울산광역시,2020.11,2020,11,1.02678393
울산광역시,2020.12,2020,12,1.024327019
울산광역시,2021.01,2021,1,0.992093299
울산광역시,2021.02,2021,2,0.987311891
울산광역시,2021.03,2021,3,0.985470253
울산광역시,2021.04,2021,4,0.985276796
울산광역시,2021.05,2021,5,0.984117647
울산광역시,2021.06,2021,6,0.984793486
울산광역시,2021.07,2021,7,0.844520548
울산광역시,2021.08,2021,8,0.840327135
울산광역시,2021.09,2021,9,0.995061011
울산광역시,2021.1,2021,10,1.021023058
울산광역시,2021.11,2021,11,1.014731369
울산광역시,2021.12,2021,12,1.012197464
울산광역시,2022.01,2022,1,1.005245089
울산광역시,2022.02,2022,2,1.001710539
울산광역시,2022.03,2022,3,0.995185045
울산광역시,2022.04,2022,4,1.044696402
울산광역시,2022.05,2022,5,1.038275284
울산광역시,2022.06,2022,6,1.032410408
울산광역시,2022.07,2022,7,0.941393292
울산광역시,2022.08,2022,8,0.942261575
울산광역시,2022.09,2022,9,1.088300221
울산광역시,2022.1,2022,10,1.143865115
울산광역시,2022.11,2022,11,1.146280992
울산광역시,2022.12,2022,12,1.144494361
울산광역시,2023.01,2023,1,1.240200091
울산광역시,2023.02,2023,2,1.239749068
울산광역시,2023.03,2023,3,1.23660107
울산광역시,2023.04,2023,4,1.234585785
울산광역시,2023.05,2023,5,1.261943393
울산광역시,2023.06,2023,6,1.292331261
울산광역시,2023.07,2023,7,1.148644999
울산광역시,2023.08,2023,8,1.137178002
울산광역시,2023.09,2023,9,1.27057677
울산광역시,2023.1,2023,10,1.264749978
울산광역시,2023.11,2023,11,1.275435788
울산광역시,2023.12,2023,12,1.273962868
울산광역시,2024.01,2024,1,1.269339706
울산광역시,2024.02,2024,2,1.260747253
울산광역시,2024.03,2024,3,1.259418635
울산광역시,2024.04,2024,4,1.258534445
울산광역시,2024.05,2024,5,1.260082594
울산광역시,2024.06,2024,6,1.263412915
울산광역시,2024.07,2024,7,1.115090861
울산광역시,2024.08,2024,8,1.111772429
울산광역시,2024.09,2024,9,1.247967835
울산광역시,2024.1,2024,10,1.247095816
울산광역시,2024.11,2024,11,1.250481696
울산광역시,2024.12,2024,12,1.246333799
울산광역시,2025.01,2025,1,1.236940137
울산광역시,2025.02,2025,2,1.232774996
울산광역시,2025.03,2025,3,1.231499051
울산광역시,2025.04,2025,4,1.230862069
울산광역시,2025.05,2025,5,1.232030374
세종특별자치시,2004.01,2004,1,NA
세종특별자치시,2004.02,2004,2,NA
세종특별자치시,2004.03,2004,3,NA
세종특별자치시,2004.04,2004,4,NA
세종특별자치시,2004.05,2004,5,NA
세종특별자치시,2004.06,2004,6,NA
세종특별자치시,2004.07,2004,7,NA
세종특별자치시,2004.08,2004,8,NA
세종특별자치시,2004.09,2004,9,NA
세종특별자치시,2004.1,2004,10,NA
세종특별자치시,2004.11,2004,11,NA
세종특별자치시,2004.12,2004,12,NA
세종특별자치시,2005.01,2005,1,NA
세종특별자치시,2005.02,2005,2,NA
세종특별자치시,2005.03,2005,3,NA
세종특별자치시,2005.04,2005,4,NA
세종특별자치시,2005.05,2005,5,NA
세종특별자치시,2005.06,2005,6,NA
세종특별자치시,2005.07,2005,7,NA
세종특별자치시,2005.08,2005,8,NA
세종특별자치시,2005.09,2005,9,NA
세종특별자치시,2005.1,2005,10,NA
세종특별자치시,2005.11,2005,11,NA
세종특별자치시,2005.12,2005,12,NA
세종특별자치시,2006.01,2006,1,NA
세종특별자치시,2006.02,2006,2,NA
세종특별자치시,2006.03,2006,3,NA
세종특별자치시,2006.04,2006,4,NA
세종특별자치시,2006.05,2006,5,NA
세종특별자치시,2006.06,2006,6,NA
세종특별자치시,2006.07,2006,7,NA
세종특별자치시,2006.08,2006,8,NA
세종특별자치시,2006.09,2006,9,NA
세종특별자치시,2006.1,2006,10,NA
세종특별자치시,2006.11,2006,11,NA
세종특별자치시,2006.12,2006,12,NA
세종특별자치시,2007.01,2007,1,NA
세종특별자치시,2007.02,2007,2,NA
세종특별자치시,2007.03,2007,3,NA
세종특별자치시,2007.04,2007,4,NA
세종특별자치시,2007.05,2007,5,NA
세종특별자치시,2007.06,2007,6,NA
세종특별자치시,2007.07,2007,7,NA
세종특별자치시,2007.08,2007,8,NA
세종특별자치시,2007.09,2007,9,NA
세종특별자치시,2007.1,2007,10,NA
세종특별자치시,2007.11,2007,11,NA
세종특별자치시,2007.12,2007,12,NA
세종특별자치시,2008.01,2008,1,NA
세종특별자치시,2008.02,2008,2,NA
세종특별자치시,2008.03,2008,3,NA
세종특별자치시,2008.04,2008,4,NA
세종특별자치시,2008.05,2008,5,NA
세종특별자치시,2008.06,2008,6,NA
세종특별자치시,2008.07,2008,7,NA
세종특별자치시,2008.08,2008,8,NA
세종특별자치시,2008.09,2008,9,NA
세종특별자치시,2008.1,2008,10,NA
세종특별자치시,2008.11,2008,11,NA
세종특별자치시,2008.12,2008,12,NA
세종특별자치시,2009.01,2009,1,NA
세종특별자치시,2009.02,2009,2,NA
세종특별자치시,2009.03,2009,3,NA
세종특별자치시,2009.04,2009,4,NA
세종특별자치시,2009.05,2009,5,NA
세종특별자치시,2009.06,2009,6,NA
세종특별자치시,2009.07,2009,7,NA
세종특별자치시,2009.08,2009,8,NA
세종특별자치시,2009.09,2009,9,NA
세종특별자치시,2009.1,2009,10,NA
세종특별자치시,2009.11,2009,11,NA
세종특별자치시,2009.12,2009,12,NA
세종특별자치시,2010.01,2010,1,NA
세종특별자치시,2010.02,2010,2,NA
세종특별자치시,2010.03,2010,3,NA
세종특별자치시,2010.04,2010,4,NA
세종특별자치시,2010.05,2010,5,NA
세종특별자치시,2010.06,2010,6,NA
세종특별자치시,2010.07,2010,7,NA
세종특별자치시,2010.08,2010,8,NA
세종특별자치시,2010.09,2010,9,NA
세종특별자치시,2010.1,2010,10,NA
세종특별자치시,2010.11,2010,11,NA
세종특별자치시,2010.12,2010,12,NA
세종특별자치시,2011.01,2011,1,NA
세종특별자치시,2011.02,2011,2,NA
세종특별자치시,2011.03,2011,3,NA
세종특별자치시,2011.04,2011,4,NA
세종특별자치시,2011.05,2011,5,NA
세종특별자치시,2011.06,2011,6,NA
세종특별자치시,2011.07,2011,7,NA
세종특별자치시,2011.08,2011,8,NA
세종특별자치시,2011.09,2011,9,NA
세종특별자치시,2011.1,2011,10,NA
세종특별자치시,2011.11,2011,11,NA
세종특별자치시,2011.12,2011,12,NA
세종특별자치시,2012.01,2012,1,NA
세종특별자치시,2012.02,2012,2,NA
세종특별자치시,2012.03,2012,3,NA
세종특별자치시,2012.04,2012,4,NA
세종특별자치시,2012.05,2012,5,NA
세종특별자치시,2012.06,2012,6,NA
세종특별자치시,2012.07,2012,7,NA
세종특별자치시,2012.08,2012,8,NA
세종특별자치시,2012.09,2012,9,NA
세종특별자치시,2012.1,2012,10,NA
세종특별자치시,2012.11,2012,11,NA
세종특별자치시,2012.12,2012,12,NA
세종특별자치시,2013.01,2013,1,NA
세종특별자치시,2013.02,2013,2,NA
세종특별자치시,2013.03,2013,3,NA
세종특별자치시,2013.04,2013,4,NA
세종특별자치시,2013.05,2013,5,NA
세종특별자치시,2013.06,2013,6,NA
세종특별자치시,2013.07,2013,7,NA
세종특별자치시,2013.08,2013,8,NA
세종특별자치시,2013.09,2013,9,NA
세종특별자치시,2013.1,2013,10,NA
세종특별자치시,2013.11,2013,11,NA
세종특별자치시,2013.12,2013,12,NA
세종특별자치시,2014.01,2014,1,NA
세종특별자치시,2014.02,2014,2,NA
세종특별자치시,2014.03,2014,3,NA
세종특별자치시,2014.04,2014,4,NA
세종특별자치시,2014.05,2014,5,NA
세종특별자치시,2014.06,2014,6,NA
세종특별자치시,2014.07,2014,7,NA
세종특별자치시,2014.08,2014,8,NA
세종특별자치시,2014.09,2014,9,NA
세종특별자치시,2014.1,2014,10,NA
세종특별자치시,2014.11,2014,11,NA
세종특별자치시,2014.12,2014,12,NA
세종특별자치시,2015.01,2015,1,NA
세종특별자치시,2015.02,2015,2,NA
세종특별자치시,2015.03,2015,3,NA
세종특별자치시,2015.04,2015,4,NA
세종특별자치시,2015.05,2015,5,NA
세종특별자치시,2015.06,2015,6,NA
세종특별자치시,2015.07,2015,7,NA
세종특별자치시,2015.08,2015,8,NA
세종특별자치시,2015.09,2015,9,NA
세종특별자치시,2015.1,2015,10,NA
세종특별자치시,2015.11,2015,11,NA
세종특별자치시,2015.12,2015,12,NA
세종특별자치시,2016.01,2016,1,NA
세종특별자치시,2016.02,2016,2,NA
세종특별자치시,2016.03,2016,3,NA
세종특별자치시,2016.04,2016,4,NA
세종특별자치시,2016.05,2016,5,NA
세종특별자치시,2016.06,2016,6,NA
세종특별자치시,2016.07,2016,7,NA
세종특별자치시,2016.08,2016,8,NA
세종특별자치시,2016.09,2016,9,NA
세종특별자치시,2016.1,2016,10,NA
세종특별자치시,2016.11,2016,11,NA
세종특별자치시,2016.12,2016,12,NA
세종특별자치시,2017.01,2017,1,NA
세종특별자치시,2017.02,2017,2,NA
세종특별자치시,2017.03,2017,3,NA
세종특별자치시,2017.04,2017,4,NA
세종특별자치시,2017.05,2017,5,NA
세종특별자치시,2017.06,2017,6,NA
세종특별자치시,2017.07,2017,7,NA
세종특별자치시,2017.08,2017,8,NA
세종특별자치시,2017.09,2017,9,NA
세종특별자치시,2017.1,2017,10,NA
세종특별자치시,2017.11,2017,11,NA
세종특별자치시,2017.12,2017,12,NA
세종특별자치시,2018.01,2018,1,NA
세종특별자치시,2018.02,2018,2,NA
세종특별자치시,2018.03,2018,3,NA
세종특별자치시,2018.04,2018,4,NA
세종특별자치시,2018.05,2018,5,NA
세종특별자치시,2018.06,2018,6,NA
세종특별자치시,2018.07,2018,7,NA
세종특별자치시,2018.08,2018,8,NA
세종특별자치시,2018.09,2018,9,NA
세종특별자치시,2018.1,2018,10,NA
세종특별자치시,2018.11,2018,11,NA
세종특별자치시,2018.12,2018,12,NA
세종특별자치시,2019.01,2019,1,NA
세종특별자치시,2019.02,2019,2,NA
세종특별자치시,2019.03,2019,3,NA
세종특별자치시,2019.04,2019,4,NA
세종특별자치시,2019.05,2019,5,NA
세종특별자치시,2019.06,2019,6,NA
세종특별자치시,2019.07,2019,7,NA
세종특별자치시,2019.08,2019,8,NA
세종특별자치시,2019.09,2019,9,NA
세종특별자치시,2019.1,2019,10,NA
세종특별자치시,2019.11,2019,11,NA
세종특별자치시,2019.12,2019,12,NA
세종특별자치시,2020.01,2020,1,1.025349301
세종특별자치시,2020.02,2020,2,1.02463349
세종특별자치시,2020.03,2020,3,1.027194561
세종특별자치시,2020.04,2020,4,1.031319012
세종특별자치시,2020.05,2020,5,1.033289752
세종특별자치시,2020.06,2020,6,1.03018149
세종특별자치시,2020.07,2020,7,0.864802566
세종특별자치시,2020.08,2020,8,0.861005787
세종특별자치시,2020.09,2020,9,1.022085157
세종특별자치시,2020.1,2020,10,1.027091872
세종특별자치시,2020.11,2020,11,1.028428428
세종특별자치시,2020.12,2020,12,1.024735687
세종특별자치시,2021.01,2021,1,0.993271324
세종특별자치시,2021.02,2021,2,0.987992126
세종특별자치시,2021.03,2021,3,0.983635473
세종특별자치시,2021.04,2021,4,0.980944005
세종특별자치시,2021.05,2021,5,0.980273438
세종특별자치시,2021.06,2021,6,0.979508197
세종특별자치시,2021.07,2021,7,0.841146087
세종특별자치시,2021.08,2021,8,0.83706721
세종특별자치시,2021.09,2021,9,0.995639535
세종특별자치시,2021.1,2021,10,1.017769194
세종특별자치시,2021.11,2021,11,1.013267955
세종특별자치시,2021.12,2021,12,1.011808756
세종특별자치시,2022.01,2022,1,1.003809161
세종특별자치시,2022.02,2022,2,0.999525887
세종특별자치시,2022.03,2022,3,0.988465866
세종특별자치시,2022.04,2022,4,1.037888661
세종특별자치시,2022.05,2022,5,1.02926514
세종특별자치시,2022.06,2022,6,1.022187586
세종특별자치시,2022.07,2022,7,0.933906207
세종특별자치시,2022.08,2022,8,0.932627351
세종특별자치시,2022.09,2022,9,1.083020595
세종특별자치시,2022.1,2022,10,1.137921604
세종특별자치시,2022.11,2022,11,1.140312414
세종특별자치시,2022.12,2022,12,1.140208257
세종특별자치시,2023.01,2023,1,1.238960567
세종특별자치시,2023.02,2023,2,1.23738657
세종특별자치시,2023.03,2023,3,1.234250543
세종특별자치시,2023.04,2023,4,1.23024179
세종특별자치시,2023.05,2023,5,1.259785836
세종특별자치시,2023.06,2023,6,1.288615329
세종특별자치시,2023.07,2023,7,1.144728578
세종특별자치시,2023.08,2023,8,1.139717706
세종특별자치시,2023.09,2023,9,1.272832165
세종특별자치시,2023.1,2023,10,1.27035167
세종특별자치시,2023.11,2023,11,1.277367062
세종특별자치시,2023.12,2023,12,1.276798433
세종특별자치시,2024.01,2024,1,1.271477968
세종특별자치시,2024.02,2024,2,1.263524229
세종특별자치시,2024.03,2024,3,1.262078676
세종특별자치시,2024.04,2024,4,1.257761796
세종특별자치시,2024.05,2024,5,1.256329391
세종특별자치시,2024.06,2024,6,1.258644901
세종특별자치시,2024.07,2024,7,1.112746386
세종특별자치시,2024.08,2024,8,1.10915124
세종특별자치시,2024.09,2024,9,1.24535543
세종특별자치시,2024.1,2024,10,1.246116251
세종특별자치시,2024.11,2024,11,1.249059575
세종특별자치시,2024.12,2024,12,1.242429516
세종특별자치시,2025.01,2025,1,1.232881444
세종특별자치시,2025.02,2025,2,1.2268431
세종특별자치시,2025.03,2025,3,1.225053625
세종특별자치시,2025.04,2025,4,1.225789835
세종특별자치시,2025.05,2025,5,1.22589508
경기도,2004.01,2004,1,1.493066907
경기도,2004.02,2004,2,1.486468665
경기도,2004.03,2004,3,1.470888747
경기도,2004.04,2004,4,1.423619402
경기도,2004.05,2004,5,1.423619402
경기도,2004.06,2004,6,1.424885369
경기도,2004.07,2004,7,1.414976405
경기도,2004.08,2004,8,1.405223564
경기도,2004.09,2004,9,1.405223564
경기도,2004.1,2004,10,1.402801527
경기도,2004.11,2004,11,1.410073426
경기도,2004.12,2004,12,1.408872342
경기도,2005.01,2005,1,1.395965206
경기도,2005.02,2005,2,1.391759293
경기도,2005.03,2005,3,1.379255155
경기도,2005.04,2005,4,1.380610679
경기도,2005.05,2005,5,1.382006118
경기도,2005.06,2005,6,1.386171938
경기도,2005.07,2005,7,1.380610679
경기도,2005.08,2005,8,1.376496644
경기도,2005.09,2005,9,1.371030924
경기도,2005.1,2005,10,1.372388689
경기도,2005.11,2005,11,1.377865262
경기도,2005.12,2005,12,1.372388689
경기도,2006.01,2006,1,1.38468804
경기도,2006.02,2006,2,1.381985475
경기도,2006.03,2006,3,1.371171503
경기도,2006.04,2006,4,1.368485406
경기도,2006.05,2006,5,1.367155279
경기도,2006.06,2006,6,1.369818124
경기도,2006.07,2006,7,1.364484879
경기도,2006.08,2006,8,1.356553585
경기도,2006.09,2006,9,1.35524654
경기도,2006.1,2006,10,1.36182489
경기도,2006.11,2006,11,1.368485406
경기도,2006.12,2006,12,1.364484879
경기도,2007.01,2007,1,1.365897654
경기도,2007.02,2007,2,1.359288214
경기도,2007.03,2007,3,1.350155691
경기도,2007.04,2007,4,1.344994465
경기도,2007.05,2007,5,1.342419999
경기도,2007.06,2007,6,1.342419999
경기도,2007.07,2007,7,1.337317635
경기도,2007.08,2007,8,1.334789495
경기도,2007.09,2007,9,1.32847699
경기도,2007.1,2007,10,1.327228389
경기도,2007.11,2007,11,1.324721423
경기도,2007.12,2007,12,1.319752463
경기도,2008.01,2008,1,1.313597566
경기도,2008.02,2008,2,1.309909119
경기도,2008.03,2008,3,1.295440458
경기도,2008.04,2008,4,1.288349155
경기도,2008.05,2008,5,1.277794082
경기도,2008.06,2008,6,1.269720535
경기도,2008.07,2008,7,1.261763605
경기도,2008.08,2008,8,1.26402245
경기도,2008.09,2008,9,1.262892018
경기도,2008.1,2008,10,1.262892018
경기도,2008.11,2008,11,1.266304743
경기도,2008.12,2008,12,1.266304743
경기도,2009.01,2009,1,1.26402245
경기도,2009.02,2009,2,1.255020177
경기도,2009.03,2009,3,1.246115503
경기도,2009.04,2009,4,1.241717762
경기도,2009.05,2009,5,1.24281059
경기도,2009.06,2009,6,1.243905342
경기도,2009.07,2009,7,1.23952316
경기도,2009.08,2009,8,1.234092305
경기도,2009.09,2009,9,1.234092305
경기도,2009.1,2009,10,1.237350953
경기도,2009.11,2009,11,1.235171745
경기도,2009.12,2009,12,1.230836278
경기도,2010.01,2010,1,1.218548143
경기도,2010.02,2010,2,1.214865273
경기도,2010.03,2010,3,1.217299136
경기도,2010.04,2010,4,1.212427058
경기도,2010.05,2010,5,1.211204599
경기도,2010.06,2010,6,1.212427058
경기도,2010.07,2010,7,1.209984602
경기도,2010.08,2010,8,1.229467931
경기도,2010.09,2010,9,1.21972063
경기도,2010.1,2010,10,1.21972063
경기도,2010.11,2010,11,1.225792729
경기도,2010.12,2010,12,1.220921844
경기도,2011.01,2011,1,1.207755134
경기도,2011.02,2011,2,1.198361227
경기도,2011.03,2011,3,1.194869381
경기도,2011.04,2011,4,1.19371886
경기도,2011.05,2011,5,1.191411139
경기도,2011.06,2011,6,1.189112323
경기도,2011.07,2011,7,1.182255686
경기도,2011.08,2011,8,1.199871983
경기도,2011.09,2011,9,1.199871983
경기도,2011.1,2011,10,1.201011853
경기도,2011.11,2011,11,1.199871983
경기도,2011.12,2011,12,1.195294635
경기도,2012.01,2012,1,1.188858755
경기도,2012.02,2012,2,1.18550102
경기도,2012.03,2012,3,1.186937724
경기도,2012.04,2012,4,1.187845545
경기도,2012.05,2012,5,1.18572083
경기도,2012.06,2012,6,1.187054366
경기도,2012.07,2012,7,1.189756498
경기도,2012.08,2012,8,1.210643354
경기도,2012.09,2012,9,1.202138829
경기도,2012.1,2012,10,1.20483836
경기도,2012.11,2012,11,1.2084698
경기도,2012.12,2012,12,1.2057409
경기도,2013.01,2013,1,1.223232312
경기도,2013.02,2013,2,1.218221114
경기도,2013.03,2013,3,1.220386268
경기도,2013.04,2013,4,1.222427224
경기도,2013.05,2013,5,1.222545941
경기도,2013.06,2013,6,1.22345687
경기도,2013.07,2013,7,1.220609782
경기도,2013.08,2013,8,1.216742737
경기도,2013.09,2013,9,1.214824902
경기도,2013.1,2013,10,1.218561779
경기도,2013.11,2013,11,1.251285029
경기도,2013.12,2013,12,1.250021485
경기도,2014.01,2014,1,1.244007783
경기도,2014.02,2014,2,1.240784381
경기도,2014.03,2014,3,1.237814608
경기도,2014.04,2014,4,1.237011917
경기도,2014.05,2014,5,1.234859017
경기도,2014.06,2014,6,1.236564967
경기도,2014.07,2014,7,1.234636279
경기도,2014.08,2014,8,1.232700538
경기도,2014.09,2014,9,1.233497641
경기도,2014.1,2014,10,1.23747235
경기도,2014.11,2014,11,1.239766456
경기도,2014.12,2014,12,1.239766456
경기도,2015.01,2015,1,1.2304444
경기도,2015.02,2015,2,1.231069791
경기도,2015.03,2015,3,1.230822164
경기도,2015.04,2015,4,1.2304444
경기도,2015.05,2015,5,1.226394793
경기도,2015.06,2015,6,1.226640641
경기도,2015.07,2015,7,1.145901104
경기도,2015.08,2015,8,1.144539547
경기도,2015.09,2015,9,1.148076659
경기도,2015.1,2015,10,1.225774142
경기도,2015.11,2015,11,1.228104831
경기도,2015.12,2015,12,1.224560517
경기도,2016.01,2016,1,1.222114768
경기도,2016.02,2016,2,1.217150515
경기도,2016.03,2016,3,1.22053667
경기도,2016.04,2016,4,1.218234591
경기도,2016.05,2016,5,1.217749707
경기도,2016.06,2016,6,1.21739267
경기도,2016.07,2016,7,0.990886973
경기도,2016.08,2016,8,0.989216805
경기도,2016.09,2016,9,0.984137399
경기도,2016.1,2016,10,1.209477243
경기도,2016.11,2016,11,1.210900721
경기도,2016.12,2016,12,1.06882709
경기도,2017.01,2017,1,1.056542479
경기도,2017.02,2017,2,1.05367194
경기도,2017.03,2017,3,1.054082606
경기도,2017.04,2017,4,1.055923723
경기도,2017.05,2017,5,1.054385407
경기도,2017.06,2017,6,1.056955386
경기도,2017.07,2017,7,1.055414065
경기도,2017.08,2017,8,1.049089963
경기도,2017.09,2017,9,1.048169793
경기도,2017.1,2017,10,1.049186353
경기도,2017.11,2017,11,1.056955386
경기도,2017.12,2017,12,1.052754502
경기도,2018.01,2018,1,1.04888653
경기도,2018.02,2018,2,1.040634271
경기도,2018.03,2018,3,1.041731286
경기도,2018.04,2018,4,1.040234015
경기도,2018.05,2018,5,1.03914015
경기도,2018.06,2018,6,1.041034836
경기도,2018.07,2018,7,0.85992368
경기도,2018.08,2018,8,0.852140156
경기도,2018.09,2018,9,1.026160236
경기도,2018.1,2018,10,1.028789942
경기도,2018.11,2018,11,1.035569618
경기도,2018.12,2018,12,1.039539565
경기도,2019.01,2019,1,1.041330186
경기도,2019.02,2019,2,1.036060285
경기도,2019.03,2019,3,1.037650314
경기도,2019.04,2019,4,1.034287727
경기도,2019.05,2019,5,1.031143396
경기도,2019.06,2019,6,1.032905184
경기도,2019.07,2019,7,0.868370382
경기도,2019.08,2019,8,0.866300587
경기도,2019.09,2019,9,1.031723086
경기도,2019.1,2019,10,1.028110682
경기도,2019.11,2019,11,1.033694756
경기도,2019.12,2019,12,1.031143396
경기도,2020.01,2020,1,1.026578737
경기도,2020.02,2020,2,1.025963651
경기도,2020.03,2020,3,1.028634361
경기도,2020.04,2020,4,1.032978082
경기도,2020.05,2020,5,1.033393683
경기도,2020.06,2020,6,1.029974937
경기도,2020.07,2020,7,0.866017664
경기도,2020.08,2020,8,0.861091707
경기도,2020.09,2020,9,1.019954333
경기도,2020.1,2020,10,1.025861208
경기도,2020.11,2020,11,1.026168598
경기도,2020.12,2020,12,1.023306773
경기도,2021.01,2021,1,0.993369619
경기도,2021.02,2021,2,0.98740901
경기도,2021.03,2021,3,0.985373515
경기도,2021.04,2021,4,0.984021174
경기도,2021.05,2021,5,0.983153771
경기도,2021.06,2021,6,0.98248018
경기도,2021.07,2021,7,0.843447669
경기도,2021.08,2021,8,0.839183277
경기도,2021.09,2021,9,0.995543068
경기도,2021.1,2021,10,1.018950015
경기도,2021.11,2021,11,1.013657786
경기도,2021.12,2021,12,1.011808756
경기도,2022.01,2022,1,1.005053394
경기도,2022.02,2022,2,1
경기도,2022.03,2022,3,0.993122291
경기도,2022.04,2022,4,1.043327719
경기도,2022.05,2022,5,1.036634124
경기도,2022.06,2022,6,1.030406654
경기도,2022.07,2022,7,0.939575094
경기도,2022.08,2022,8,0.940873089
경기도,2022.09,2022,9,1.087699945
경기도,2022.1,2022,10,1.143865115
경기도,2022.11,2022,11,1.143969941
경기도,2022.12,2022,12,1.142504119
경기도,2023.01,2023,1,1.239073149
경기도,2023.02,2023,2,1.235368726
경기도,2023.03,2023,3,1.233803836
경기도,2023.04,2023,4,1.230685921
경기도,2023.05,2023,5,1.259785836
경기도,2023.06,2023,6,1.29047062
경기도,2023.07,2023,7,1.14658039
경기도,2023.08,2023,8,1.136873998
경기도,2023.09,2023,9,1.271590708
경기도,2023.1,2023,10,1.267880824
경기도,2023.11,2023,11,1.273849707
경기도,2023.12,2023,12,1.273962868
경기도,2024.01,2024,1,1.268553737
경기도,2024.02,2024,2,1.261967617
경기도,2024.03,2024,3,1.259086918
경기도,2024.04,2024,4,1.259197471
경기도,2024.05,2024,5,1.257872116
경기도,2024.06,2024,6,1.260636428
경기도,2024.07,2024,7,1.112648914
경기도,2024.08,2024,8,1.109248101
경기도,2024.09,2024,9,1.24535543
경기도,2024.1,2024,10,1.245029648
경기도,2024.11,2024,11,1.247640685
경기도,2024.12,2024,12,1.242645779
경기도,2025.01,2025,1,1.233946936
경기도,2025.02,2025,2,1.230225745
경기도,2025.03,2025,3,1.227581463
경기도,2025.04,2025,4,1.227159433
경기도,2025.05,2025,5,1.228003784
강원특별자치도,2004.01,2004,1,1.485739126
강원특별자치도,2004.02,2004,2,1.476443293
강원특별자치도,2004.03,2004,3,1.46078972
강원특별자치도,2004.04,2004,4,1.415093559
강원특별자치도,2004.05,2004,5,1.416363963
강원특별자치도,2004.06,2004,6,1.416363963
강원특별자치도,2004.07,2004,7,1.410112205
강원특별자치도,2004.08,2004,8,1.396573561
강원특별자치도,2004.09,2004,9,1.395357381
강원특별자치도,2004.1,2004,10,1.392931365
강원특별자치도,2004.11,2004,11,1.401478708
강원특별자치도,2004.12,2004,12,1.392931365
강원특별자치도,2005.01,2005,1,1.382173761
강원특별자치도,2005.02,2005,2,1.375186064
강원특별자치도,2005.03,2005,3,1.362795519
강원특별자치도,2005.04,2005,4,1.361438585
강원특별자치도,2005.05,2005,5,1.362795519
강원특별자치도,2005.06,2005,6,1.366900817
강원특별자치도,2005.07,2005,7,1.361438585
강원특별자치도,2005.08,2005,8,1.357365983
강원특별자치도,2005.09,2005,9,1.349275686
강원특별자치도,2005.1,2005,10,1.350626259
강원특별자치도,2005.11,2005,11,1.356001904
강원특별자치도,2005.12,2005,12,1.351961715
강원특별자치도,2006.01,2006,1,1.362769871
강원특별자치도,2006.02,2006,2,1.362769871
강원특별자치도,2006.03,2006,3,1.354752639
강원특별자치도,2006.04,2006,4,1.352095295
강원특별자치도,2006.05,2006,5,1.350779293
강원특별자치도,2006.06,2006,6,1.353431462
강원특별자치도,2006.07,2006,7,1.348137499
강원특별자치도,2006.08,2006,8,1.340308271
강원특별자치도,2006.09,2006,9,1.338997877
강원특별자치도,2006.1,2006,10,1.346846614
강원특별자치도,2006.11,2006,11,1.353431462
강원특별자치도,2006.12,2006,12,1.349483347
강원특별자치도,2007.01,2007,1,1.353460781
강원특별자치도,2007.02,2007,2,1.345600639
강원특별자치도,2007.03,2007,3,1.335232936
강원특별자치도,2007.04,2007,4,1.331388238
강원특별자치도,2007.05,2007,5,1.327565617
강원특별자치도,2007.06,2007,6,1.327565617
강원특별자치도,2007.07,2007,7,1.322508384
강원특별자치도,2007.08,2007,8,1.322508384
강원특별자치도,2007.09,2007,9,1.316244914
강원특별자치도,2007.1,2007,10,1.31249215
강원특별자치도,2007.11,2007,11,1.31002407
강원특별자치도,2007.12,2007,12,1.30387802
강원특별자치도,2008.01,2008,1,1.297773252
강원특별자치도,2008.02,2008,2,1.294140959
강원특별자치도,2008.03,2008,3,1.277450429
강원특별자치도,2008.04,2008,4,1.268102664
강원특별자치도,2008.05,2008,5,1.256619928
강원특별자치도,2008.06,2008,6,1.244231181
강원특별자치도,2008.07,2008,7,1.236457865
강원특별자치도,2008.08,2008,8,1.239773159
강원특별자치도,2008.09,2008,9,1.24199817
강원특별자치도,2008.1,2008,10,1.244231181
강원특별자치도,2008.11,2008,11,1.250963679
강원특별자치도,2008.12,2008,12,1.255487607
강원특별자치도,2009.01,2009,1,1.256619928
강원특별자치도,2009.02,2009,2,1.249826576
강원특별자치도,2009.03,2009,3,1.238670981
강원특별자치도,2009.04,2009,4,1.235361572
강원특별자치도,2009.05,2009,5,1.235361572
강원특별자치도,2009.06,2009,6,1.235361572
강원특별자치도,2009.07,2009,7,1.232055273
강원특별자치도,2009.08,2009,8,1.227712768
강원특별자치도,2009.09,2009,9,1.226617523
강원특별자치도,2009.1,2009,10,1.23098127
강원특별자치도,2009.11,2009,11,1.228795522
강원특별자치도,2009.12,2009,12,1.225538602
강원특별자치도,2010.01,2010,1,1.217370033
강원특별자치도,2010.02,2010,2,1.214893518
강원특별자치도,2010.03,2010,3,1.207565919
강원특별자치도,2010.04,2010,4,1.202715922
강원특별자치도,2010.05,2010,5,1.202715922
강원특별자치도,2010.06,2010,6,1.203921298
강원특별자치도,2010.07,2010,7,1.200312396
강원특별자치도,2010.08,2010,8,1.218410377
강원특별자치도,2010.09,2010,9,1.211171445
강원특별자치도,2010.1,2010,10,1.206402191
강원특별자치도,2010.11,2010,11,1.214773206
강원특별자치도,2010.12,2010,12,1.2099756
강원특별자치도,2011.01,2011,1,1.196948605
강원특별자치도,2011.02,2011,2,1.18534454
강원특별자치도,2011.03,2011,3,1.177372867
강원특별자치도,2011.04,2011,4,1.177372867
강원특별자치도,2011.05,2011,5,1.177372867
강원특별자치도,2011.06,2011,6,1.17285268
강원특별자치도,2011.07,2011,7,1.168367067
강원특별자치도,2011.08,2011,8,1.183545062
강원특별자치도,2011.09,2011,9,1.186917316
강원특별자치도,2011.1,2011,10,1.188058658
강원특별자치도,2011.11,2011,11,1.188058658
강원특별자치도,2011.12,2011,12,1.183545062
강원특별자치도,2012.01,2012,1,1.181417083
강원특별자치도,2012.02,2012,2,1.176074774
강원특별자치도,2012.03,2012,3,1.172320832
강원특별자치도,2012.04,2012,4,1.17352303
강원특별자치도,2012.05,2012,5,1.16945816
강원특별자치도,2012.06,2012,6,1.172636961
강원특별자치도,2012.07,2012,7,1.179072264
강원특별자치도,2012.08,2012,8,1.200229105
강원특별자치도,2012.09,2012,9,1.192036063
강원특별자치도,2012.1,2012,10,1.192484029
강원특별자치도,2012.11,2012,11,1.196634056
강원특별자치도,2012.12,2012,12,1.194934584
강원특별자치도,2013.01,2013,1,1.211369857
강원특별자치도,2013.02,2013,2,1.206545122
강원특별자치도,2013.03,2013,3,1.20868183
강원특별자치도,2013.04,2013,4,1.210244085
강원특별자치도,2013.05,2013,5,1.211149714
강원특별자치도,2013.06,2013,6,1.212965045
강원특별자치도,2013.07,2013,7,1.21069673
강원특별자치도,2013.08,2013,8,1.206429492
강원특별자치도,2013.09,2013,9,1.204633656
강원특별자치도,2013.1,2013,10,1.209236549
강원특별자치도,2013.11,2013,11,1.242533289
강원특별자치도,2013.12,2013,12,1.241141711
강원특별자치도,2014.01,2014,1,1.236092079
강원특별자치도,2014.02,2014,2,1.233916206
강원특별자치도,2014.03,2014,3,1.231070344
강원특별자치도,2014.04,2014,4,1.232426364
강원특별자치도,2014.05,2014,5,1.230042283
강원특별자치도,2014.06,2014,6,1.232321949
강원특별자치도,2014.07,2014,7,1.230848971
강원특별자치도,2014.08,2014,8,1.229587362
강원특별자치도,2014.09,2014,9,1.230731805
강원특별자치도,2014.1,2014,10,1.235055617
강원특별자치도,2014.11,2014,11,1.239991049
강원특별자치도,2014.12,2014,12,1.240096768
강원특별자치도,2015.01,2015,1,1.231748016
강원특별자치도,2015.02,2015,2,1.235320994
강원특별자치도,2015.03,2015,3,1.233590816
강원특별자치도,2015.04,2015,4,1.233839558
강원특별자치도,2015.05,2015,5,1.230144958
강원특별자치도,2015.06,2015,6,1.228922667
강원특별자치도,2015.07,2015,7,1.151940396
강원특별자치도,2015.08,2015,8,1.150564458
강원특별자치도,2015.09,2015,9,1.153894266
강원특별자치도,2015.1,2015,10,1.232231055
강원특별자치도,2015.11,2015,11,1.234953581
강원특별자치도,2015.12,2015,12,1.231369683
강원특별자치도,2016.01,2016,1,1.228675903
강원특별자치도,2016.02,2016,2,1.225619077
강원특별자치도,2016.03,2016,3,1.228299455
강원특별자치도,2016.04,2016,4,1.225864614
강원특별자치도,2016.05,2016,5,1.223671193
강원특별자치도,2016.06,2016,6,1.222204701
강원특별자치도,2016.07,2016,7,0.997687629
강원특별자치도,2016.08,2016,8,0.995700602
강원특별자치도,2016.09,2016,9,0.989206449
강원특별자치도,2016.1,2016,10,1.213783095
강원특별자치도,2016.11,2016,11,1.215814022
강원특별자치도,2016.12,2016,12,1.074122074
강원특별자치도,2017.01,2017,1,1.062693234
강원특별자치도,2017.02,2017,2,1.060215608
강원특별자치도,2017.03,2017,3,1.061343358
강원특별자치도,2017.04,2017,4,1.061452976
강원특별자치도,2017.05,2017,5,1.059592544
강원특별자치도,2017.06,2017,6,1.061869731
강원특별자치도,2017.07,2017,7,1.060620446
강원특별자치도,2017.08,2017,8,1.054872416
강원특별자치도,2017.09,2017,9,1.05303496
강원특별자치도,2017.1,2017,10,1.054764153
강원특별자치도,2017.11,2017,11,1.063110964
강원특별자치도,2017.12,2017,12,1.058970211
강원특별자치도,2018.01,2018,1,1.05538155
강원특별자치도,2018.02,2018,2,1.047560802
강원특별자치도,2018.03,2018,3,1.047261907
강원특별자치도,2018.04,2018,4,1.044855632
강원특별자치도,2018.05,2018,5,1.044250485
강원특별자치도,2018.06,2018,6,1.046057386
강원특별자치도,2018.07,2018,7,0.864741843
강원특별자치도,2018.08,2018,8,0.856654669
강원특별자치도,2018.09,2018,9,1.0304197
강원특별자치도,2018.1,2018,10,1.030709056
강원특별자치도,2018.11,2018,11,1.037681745
강원특별자치도,2018.12,2018,12,1.041657376
강원특별자치도,2019.01,2019,1,1.042555566
강원특별자치도,2019.02,2019,2,1.037985678
강원특별자치도,2019.03,2019,3,1.038478639
강원특별자치도,2019.04,2019,4,1.034433473
강원특별자치도,2019.05,2019,5,1.032179013
강원특별자치도,2019.06,2019,6,1.033060925
강원특별자치도,2019.07,2019,7,0.868904715
강원특별자치도,2019.08,2019,8,0.866841099
강원특별자치도,2019.09,2019,9,1.029635121
강원특별자치도,2019.1,2019,10,1.027596688
강원특별자치도,2019.11,2019,11,1.032759868
강원특별자치도,2019.12,2019,12,1.029635121
강원특별자치도,2020.01,2020,1,1.023408706
강원특별자치도,2020.02,2020,2,1.023612633
강원특별자치도,2020.03,2020,3,1.025861208
강원특별자치도,2020.04,2020,4,1.031940538
강원특별자치도,2020.05,2020,5,1.034746702
강원특별자치도,2020.06,2020,6,1.031112003
강원특별자치도,2020.07,2020,7,0.867323349
강원특별자치도,2020.08,2020,8,0.862210232
강원특별자치도,2020.09,2020,9,1.019954333
강원특별자치도,2020.1,2020,10,1.026886557
강원특별자치도,2020.11,2020,11,1.0274
강원특별자치도,2020.12,2020,12,1.024837905
강원특별자치도,2021.01,2021,1,0.993762994
강원특별자치도,2021.02,2021,2,0.987700482
강원특별자치도,2021.03,2021,3,0.98373187
강원특별자치도,2021.04,2021,4,0.982287895
강원특별자치도,2021.05,2021,5,0.982287895
강원특별자치도,2021.06,2021,6,0.981423543
강원특별자치도,2021.07,2021,7,0.842377513
강원특별자치도,2021.08,2021,8,0.837310827
강원특별자치도,2021.09,2021,9,0.991412582
강원특별자치도,2021.1,2021,10,1.01482908
강원특별자치도,2021.11,2021,11,1.008227303
강원특별자치도,2021.12,2021,12,1.006686407
강원특별자치도,2022.01,2022,1,0.998200758
강원특별자치도,2022.02,2022,2,0.992748163
강원특별자치도,2022.03,2022,3,0.984128466
강원특별자치도,2022.04,2022,4,1.030597153
강원특별자치도,2022.05,2022,5,1.02321953
강원특별자치도,2022.06,2022,6,1.016317229
강원특별자치도,2022.07,2022,7,0.927041742
강원특별자치도,2022.08,2022,8,0.929487763
강원특별자치도,2022.09,2022,9,1.073586789
강원특별자치도,2022.1,2022,10,1.129274471
강원특별자치도,2022.11,2022,11,1.129887762
강원특별자치도,2022.12,2022,12,1.127336765
강원특별자치도,2023.01,2023,1,1.221207236
강원특별자치도,2023.02,2023,2,1.220879219
강원특별자치도,2023.03,2023,3,1.217826203
강원특별자치도,2023.04,2023,4,1.214572014
강원특별자치도,2023.05,2023,5,1.243560135
강원특별자치도,2023.06,2023,6,1.274189249
강원특별자치도,2023.07,2023,7,1.135053381
강원특별자치도,2023.08,2023,8,1.124647391
강원특별자치도,2023.09,2023,9,1.255669381
강원특별자치도,2023.1,2023,10,1.250196147
강원특별자치도,2023.11,2023,11,1.255229759
강원특별자치도,2023.12,2023,12,1.256659657
강원특별자치도,2024.01,2024,1,1.252379705
강원특별자치도,2024.02,2024,2,1.245202744
강원특별자치도,2024.03,2024,3,1.2413226
강원특별자치도,2024.04,2024,4,1.24024907
강원특별자치도,2024.05,2024,5,1.239820178
강원특별자치도,2024.06,2024,6,1.244986544
강원특별자치도,2024.07,2024,7,1.099930724
강원특별자치도,2024.08,2024,8,1.094811239
강원특별자치도,2024.09,2024,9,1.228849299
강원특별자치도,2024.1,2024,10,1.229378336
강원특별자치도,2024.11,2024,11,1.233520518
강원특별자치도,2024.12,2024,12,1.22705397
강원특별자치도,2025.01,2025,1,1.21711704
강원특별자치도,2025.02,2025,2,1.212671989
강원특별자치도,2025.03,2025,3,1.20979495
강원특별자치도,2025.04,2025,4,1.210410309
강원특별자치도,2025.05,2025,5,1.211540093
충청북도,2004.01,2004,1,1.482371705
충청북도,2004.02,2004,2,1.474388768
충청북도,2004.03,2004,3,1.457393984
충청북도,2004.04,2004,4,1.411820585
충청북도,2004.05,2004,5,1.414332409
충청북도,2004.06,2004,6,1.415601447
충청북도,2004.07,2004,7,1.408059865
충청북도,2004.08,2004,8,1.401881041
충청북도,2004.09,2004,9,1.400636473
충청북도,2004.1,2004,10,1.398192081
충청북도,2004.11,2004,11,1.405608783
충청북도,2004.12,2004,12,1.403108624
충청북도,2005.01,2005,1,1.388950591
충청북도,2005.02,2005,2,1.381950247
충청북도,2005.03,2005,3,1.370865973
충청북도,2005.04,2005,4,1.36947464
충청북도,2005.05,2005,5,1.36947464
충청북도,2005.06,2005,6,1.373620339
충청북도,2005.07,2005,7,1.368122632
충청북도,2005.08,2005,8,1.364046289
충청북도,2005.09,2005,9,1.354586883
충청북도,2005.1,2005,10,1.355930186
충청북도,2005.11,2005,11,1.362686865
충청북도,2005.12,2005,12,1.357258193
충청북도,2006.01,2006,1,1.370828395
충청북도,2006.02,2006,2,1.369475692
충청북도,2006.03,2006,3,1.362752029
충청북도,2006.04,2006,4,1.360081014
충청북도,2006.05,2006,5,1.358749429
충청북도,2006.06,2006,6,1.360081014
충청북도,2006.07,2006,7,1.356111734
충청북도,2006.08,2006,8,1.34688147
충청북도,2006.09,2006,9,1.344272246
충청북도,2006.1,2006,10,1.350814353
충청북도,2006.11,2006,11,1.358749429
충청북도,2006.12,2006,12,1.354770272
충청북도,2007.01,2007,1,1.357469473
충청북도,2007.02,2007,2,1.348274305
충청북도,2007.03,2007,3,1.336650507
충청북도,2007.04,2007,4,1.331557889
충청북도,2007.05,2007,5,1.327734296
충청북도,2007.06,2007,6,1.329017653
충청북도,2007.07,2007,7,1.325208613
충청북도,2007.08,2007,8,1.323949372
충청북도,2007.09,2007,9,1.315201249
충청북도,2007.1,2007,10,1.313960945
충청북도,2007.11,2007,11,1.311503803
충청북도,2007.12,2007,12,1.305343893
충청북도,2008.01,2008,1,1.301717802
충청북도,2008.02,2008,2,1.296871316
충청북도,2008.03,2008,3,1.28136649
충청북도,2008.04,2008,4,1.270847775
충청북도,2008.05,2008,5,1.260515555
충청북도,2008.06,2008,6,1.248109884
충청북도,2008.07,2008,7,1.240332344
충청북도,2008.08,2008,8,1.244749914
충청북도,2008.09,2008,9,1.245862941
충청북도,2008.1,2008,10,1.24922893
충청북도,2008.11,2008,11,1.254839329
충청북도,2008.12,2008,12,1.255970481
충청북도,2009.01,2009,1,1.255970481
충청북도,2009.02,2009,2,1.248109884
충청북도,2009.03,2009,3,1.235916784
충청북도,2009.04,2009,4,1.232651135
충청북도,2009.05,2009,5,1.232651135
충청북도,2009.06,2009,6,1.232651135
충청북도,2009.07,2009,7,1.228304437
충청북도,2009.08,2009,8,1.223988287
충청북도,2009.09,2009,9,1.222913985
충청북도,2009.1,2009,10,1.227222548
충청북도,2009.11,2009,11,1.225064478
충청북도,2009.12,2009,12,1.221855853
충청북도,2010.01,2010,1,1.215486962
충청북도,2010.02,2010,2,1.211780393
충청북도,2010.03,2010,3,1.208124292
충청북도,2010.04,2010,4,1.200850282
충청북도,2010.05,2010,5,1.199637274
충청북도,2010.06,2010,6,1.202051919
충청북도,2010.07,2010,7,1.198440456
충청북도,2010.08,2010,8,1.217728488
충청북도,2010.09,2010,9,1.208083578
충청북도,2010.1,2010,10,1.208083578
충청북도,2010.11,2010,11,1.210483889
충청북도,2010.12,2010,12,1.205706402
충청북도,2011.01,2011,1,1.191597559
충청북도,2011.02,2011,2,1.178935147
충청북도,2011.03,2011,3,1.176658205
충청북도,2011.04,2011,4,1.175542472
충청북도,2011.05,2011,5,1.174402978
충청북도,2011.06,2011,6,1.173278604
충청북도,2011.07,2011,7,1.167663293
충청북도,2011.08,2011,8,1.182824008
충청북도,2011.09,2011,9,1.181705541
충청북도,2011.1,2011,10,1.186218033
충청북도,2011.11,2011,11,1.183957487
충청북도,2011.12,2011,12,1.17947494
충청북도,2012.01,2012,1,1.178011833
충청북도,2012.02,2012,2,1.172915296
충청북도,2012.03,2012,3,1.170931886
충청북도,2012.04,2012,4,1.170377228
충청북도,2012.05,2012,5,1.169282065
충청북도,2012.06,2012,6,1.170831
충청북도,2012.07,2012,7,1.174689617
충청북도,2012.08,2012,8,1.195552015
충청북도,2012.09,2012,9,1.187282854
충청북도,2012.1,2012,10,1.189622854
충청북도,2012.11,2012,11,1.193086112
충청북도,2012.12,2012,12,1.190515495
충청북도,2013.01,2013,1,1.209042985
충청북도,2013.02,2013,2,1.203200833
충청북도,2013.03,2013,3,1.205556561
충청북도,2013.04,2013,4,1.205903014
충청북도,2013.05,2013,5,1.20544112
충청북도,2013.06,2013,6,1.206789302
충청북도,2013.07,2013,7,1.203661011
충청북도,2013.08,2013,8,1.20087975
충청북도,2013.09,2013,9,1.198656369
충청북도,2013.1,2013,10,1.20144007
충청북도,2013.11,2013,11,1.236683246
충청북도,2013.12,2013,12,1.235422771
충청북도,2014.01,2014,1,1.227563798
충청북도,2014.02,2014,2,1.224644011
충청북도,2014.03,2014,3,1.219932064
충청북도,2014.04,2014,4,1.221045783
충청북도,2014.05,2014,5,1.219484589
충청북도,2014.06,2014,6,1.220828
충청북도,2014.07,2014,7,1.217366742
충청북도,2014.08,2014,8,1.217264862
충청북도,2014.09,2014,9,1.218373715
충청북도,2014.1,2014,10,1.223407946
충청북도,2014.11,2014,11,1.226438163
충청북도,2014.12,2014,12,1.228133872
충청북도,2015.01,2015,1,1.22149844
충청북도,2015.02,2015,2,1.222963236
충청북도,2015.03,2015,3,1.223452282
충청북도,2015.04,2015,4,1.22492177
충청북도,2015.05,2015,5,1.220895554
충청북도,2015.06,2015,6,1.220652003
충청북도,2015.07,2015,7,1.14327728
충청북도,2015.08,2015,8,1.143049167
충청북도,2015.09,2015,9,1.144876622
충청북도,2015.1,2015,10,1.224070584
충청북도,2015.11,2015,11,1.227262171
충청북도,2015.12,2015,12,1.223696952
충청북도,2016.01,2016,1,1.222603136
충청북도,2016.02,2016,2,1.21748191
충청북도,2016.03,2016,3,1.220395738
충청북도,2016.04,2016,4,1.218937083
충청북도,2016.05,2016,5,1.21748191
충청북도,2016.06,2016,6,1.217239719
충청북도,2016.07,2016,7,0.991562864
충청북도,2016.08,2016,8,0.988999372
충청북도,2016.09,2016,9,0.98312368
충청북도,2016.1,2016,10,1.210736787
충청북도,2016.11,2016,11,1.21037125
충청북도,2016.12,2016,12,1.069416551
충청북도,2017.01,2017,1,1.056966256
충청북도,2017.02,2017,2,1.051827895
충청북도,2017.03,2017,3,1.054082606
충청북도,2017.04,2017,4,1.056140748
충청북도,2017.05,2017,5,1.055316527
충청북도,2017.06,2017,6,1.057901942
충청북도,2017.07,2017,7,1.056661971
충청북도,2017.08,2017,8,1.051418984
충청북도,2017.09,2017,9,1.048458509
충청북도,2017.1,2017,10,1.048661776
충청북도,2017.11,2017,11,1.055934572
충청북도,2017.12,2017,12,1.052549646
충청북도,2018.01,2018,1,1.047550124
충청북도,2018.02,2018,2,1.039592142
충청북도,2018.03,2018,3,1.040592125
충청북도,2018.04,2018,4,1.03828979
충청북도,2018.05,2018,5,1.037996162
충청북도,2018.06,2018,6,1.039791985
충청북도,2018.07,2018,7,0.859313199
충청북도,2018.08,2018,8,0.852577454
충청북도,2018.09,2018,9,1.02431926
충청북도,2018.1,2018,10,1.027144799
충청북도,2018.11,2018,11,1.03412121
충청북도,2018.12,2018,12,1.036499148
충청북도,2019.01,2019,1,1.037797009
충청북도,2019.02,2019,2,1.03511069
충청북도,2019.03,2019,3,1.03828979
충청북도,2019.04,2019,4,1.033923541
충청북도,2019.05,2019,5,1.031164088
충청북도,2019.06,2019,6,1.032832521
충청북도,2019.07,2019,7,0.869571362
충청북도,2019.08,2019,8,0.867408489
충청북도,2019.09,2019,9,1.028018125
충청북도,2019.1,2019,10,1.026170483
충청북도,2019.11,2019,11,1.031557394
충청북도,2019.12,2019,12,1.029191744
충청북도,2020.01,2020,1,1.024429155
충청북도,2020.02,2020,2,1.023918676
충청북도,2020.03,2020,3,1.026271102
충청북도,2020.04,2020,4,1.0326666
충청북도,2020.05,2020,5,1.03360161
충청북도,2020.06,2020,6,1.030905077
충청북도,2020.07,2020,7,0.866017664
충청북도,2020.08,2020,8,0.861693629
충청북도,2020.09,2020,9,1.0200556
충청북도,2020.1,2020,10,1.027708312
충청북도,2020.11,2020,11,1.02729727
충청북도,2020.12,2020,12,1.025144682
충청북도,2021.01,2021,1,0.991799229
충청북도,2021.02,2021,2,0.987311891
충청북도,2021.03,2021,3,0.983635473
충청북도,2021.04,2021,4,0.98248018
충청북도,2021.05,2021,5,0.981519507
충청북도,2021.06,2021,6,0.980944005
충청북도,2021.07,2021,7,0.84204878
충청북도,2021.08,2021,8,0.838938569
충청북도,2021.09,2021,9,0.994868319
충청북도,2021.1,2021,10,1.01826087
충청북도,2021.11,2021,11,1.011808756
충청북도,2021.12,2021,12,1.010353753
충청북도,2022.01,2022,1,1.003713578
충청북도,2022.02,2022,2,0.99669062
충청북도,2022.03,2022,3,0.987354815
충청북도,2022.04,2022,4,1.036152416
충청북도,2022.05,2022,5,1.028410663
충청북도,2022.06,2022,6,1.02022328
충청북도,2022.07,2022,7,0.930080117
충청북도,2022.08,2022,8,0.932031749
충청북도,2022.09,2022,9,1.075734158
충청북도,2022.1,2022,10,1.133169935
충청북도,2022.11,2022,11,1.136057517
충청북도,2022.12,2022,12,1.135437511
충청북도,2023.01,2023,1,1.232577059
충청북도,2023.02,2023,2,1.229687077
충청북도,2023.03,2023,3,1.225157233
충청북도,2023.04,2023,4,1.220769919
충청북도,2023.05,2023,5,1.249219238
충청북도,2023.06,2023,6,1.27907599
충청북도,2023.07,2023,7,1.137887977
충청북도,2023.08,2023,8,1.12812804
충청북도,2023.09,2023,9,1.259861197
충청북도,2023.1,2023,10,1.256769784
충청북도,2023.11,2023,11,1.263858289
충청북도,2023.12,2023,12,1.265307923
충청북도,2024.01,2024,1,1.260636428
충청북도,2024.02,2024,2,1.25259848
충청북도,2024.03,2024,3,1.250632249
충청북도,2024.04,2024,4,1.250196147
충청북도,2024.05,2024,5,1.248563469
충청북도,2024.06,2024,6,1.251177805
충청북도,2024.07,2024,7,1.10799023
충청북도,2024.08,2024,8,1.102508463
충청북도,2024.09,2024,9,1.237154493
충청북도,2024.1,2024,10,1.239194584
충청북도,2024.11,2024,11,1.242862117
충청북도,2024.12,2024,12,1.236190476
충청북도,2025.01,2025,1,1.226948526
충청북도,2025.02,2025,2,1.223374175
충청북도,2025.03,2025,3,1.221594798
충청북도,2025.04,2025,4,1.219924812
충청북도,2025.05,2025,5,1.220759234
충청남도,2004.01,2004,1,1.478524183
충청남도,2004.02,2004,2,1.469318135
충청남도,2004.03,2004,3,1.45381449
충청남도,2004.04,2004,4,1.405878563
충청남도,2004.05,2004,5,1.410829997
충청남도,2004.06,2004,6,1.409588872
충청남도,2004.07,2004,7,1.399718825
충청남도,2004.08,2004,8,1.387559873
충청남도,2004.09,2004,9,1.388762493
충청남도,2004.1,2004,10,1.39119287
충청남도,2004.11,2004,11,1.402149391
충청남도,2004.12,2004,12,1.398478092
충청남도,2005.01,2005,1,1.377143625
충청남도,2005.02,2005,2,1.372995046
충청남도,2005.03,2005,3,1.363357175
충청남도,2005.04,2005,4,1.361981034
충청남도,2005.05,2005,5,1.360625721
충청남도,2005.06,2005,6,1.367465863
충청남도,2005.07,2005,7,1.360625721
충청남도,2005.08,2005,8,1.355213427
충청남도,2005.09,2005,9,1.348477278
충청남도,2005.1,2005,10,1.349826252
충청남도,2005.11,2005,11,1.357905191
충청남도,2005.12,2005,12,1.353835795
충청남도,2006.01,2006,1,1.364645882
충청남도,2006.02,2006,2,1.363323204
충청남도,2006.03,2006,3,1.352622414
충청남도,2006.04,2006,4,1.351305386
충청남도,2006.05,2006,5,1.347334766
충청남도,2006.06,2006,6,1.348661536
충청남도,2006.07,2006,7,1.34340475
충청남도,2006.08,2006,8,1.33432897
충청남도,2006.09,2006,9,1.330474352
충청남도,2006.1,2006,10,1.336899701
충청남도,2006.11,2006,11,1.346045417
충청남도,2006.12,2006,12,1.342105602
충청남도,2007.01,2007,1,1.343490055
충청남도,2007.02,2007,2,1.337009647
충청남도,2007.03,2007,3,1.328038025
충청남도,2007.04,2007,4,1.321705475
충청남도,2007.05,2007,5,1.321705475
충청남도,2007.06,2007,6,1.321705475
충청남도,2007.07,2007,7,1.316692707
충청남도,2007.08,2007,8,1.31544959
충청남도,2007.09,2007,9,1.310467639
충청남도,2007.1,2007,10,1.30676404
충청남도,2007.11,2007,11,1.30676404
충청남도,2007.12,2007,12,1.300632281
충청남도,2008.01,2008,1,1.293356107
충청남도,2008.02,2008,2,1.28855568
충청남도,2008.03,2008,3,1.275501361
충청남도,2008.04,2008,4,1.267349067
충청남도,2008.05,2008,5,1.257012943
충청남도,2008.06,2008,6,1.246844052
충청남도,2008.07,2008,7,1.236823729
충청남도,2008.08,2008,8,1.24012627
충청남도,2008.09,2008,9,1.24236732
충청남도,2008.1,2008,10,1.243490885
충청남도,2008.11,2008,11,1.247945925
충청남도,2008.12,2008,12,1.250215352
충청남도,2009.01,2009,1,1.249079608
충청남도,2009.02,2009,2,1.239038156
충청남도,2009.03,2009,3,1.228059042
충청남도,2009.04,2009,4,1.22480602
충청남도,2009.05,2009,5,1.22480602
충청남도,2009.06,2009,6,1.223715952
충청남도,2009.07,2009,7,1.218351405
충청남도,2009.08,2009,8,1.21621024
충청남도,2009.09,2009,9,1.215149542
충청남도,2009.1,2009,10,1.218351405
충청남도,2009.11,2009,11,1.21621024
충청남도,2009.12,2009,12,1.213033687
충청남도,2010.01,2010,1,1.203685574
충청남도,2010.02,2010,2,1.200036744
충청남도,2010.03,2010,3,1.197616456
충청남도,2010.04,2010,4,1.192818663
충청남도,2010.05,2010,5,1.190413814
충청남도,2010.06,2010,6,1.192818663
충청남도,2010.07,2010,7,1.189221789
충청남도,2010.08,2010,8,1.208371113
충청남도,2010.09,2010,9,1.201169433
충청남도,2010.1,2010,10,1.198805883
충청남도,2010.11,2010,11,1.204766317
충청남도,2010.12,2010,12,1.198805883
충청남도,2011.01,2011,1,1.185898292
충청남도,2011.02,2011,2,1.174402978
충청남도,2011.03,2011,3,1.171010577
충청남도,2011.04,2011,4,1.171010577
충청남도,2011.05,2011,5,1.168751302
충청남도,2011.06,2011,6,1.166487965
충청남도,2011.07,2011,7,1.160912031
충청남도,2011.08,2011,8,1.174848449
충청남도,2011.09,2011,9,1.177087055
충청남도,2011.1,2011,10,1.180461006
충청남도,2011.11,2011,11,1.180461006
충청남도,2011.12,2011,12,1.177087055
충청남도,2012.01,2012,1,1.171398709
충청남도,2012.02,2012,2,1.166972595
충청남도,2012.03,2012,3,1.162256647
충청남도,2012.04,2012,4,1.161052609
충청남도,2012.05,2012,5,1.15746774
충청남도,2012.06,2012,6,1.15866435
충청남도,2012.07,2012,7,1.162256647
충청남도,2012.08,2012,8,1.184459186
충청남도,2012.09,2012,9,1.175321446
충청남도,2012.1,2012,10,1.17795172
충청남도,2012.11,2012,11,1.182252691
충청남도,2012.12,2012,12,1.179916496
충청남도,2013.01,2013,1,1.196731874
충청남도,2013.02,2013,2,1.194624574
충청남도,2013.03,2013,3,1.194511218
충청남도,2013.04,2013,4,1.196289609
충청남도,2013.05,2013,5,1.196175936
충청남도,2013.06,2013,6,1.197288329
충청남도,2013.07,2013,7,1.195847671
충청남도,2013.08,2013,8,1.191195643
충청남도,2013.09,2013,9,1.188010528
충청남도,2013.1,2013,10,1.193517124
충청남도,2013.11,2013,11,1.226153846
충청남도,2013.12,2013,12,1.225585608
충청남도,2014.01,2014,1,1.218348201
충청남도,2014.02,2014,2,1.216666667
충청남도,2014.03,2014,3,1.22184071
충청남도,2014.04,2014,4,1.221507228
충청남도,2014.05,2014,5,1.219037442
충청남도,2014.06,2014,6,1.220482269
충청남도,2014.07,2014,7,1.220149528
충청남도,2014.08,2014,8,1.219599623
충청남도,2014.09,2014,9,1.219919275
충청남도,2014.1,2014,10,1.22173808
충청남도,2014.11,2014,11,1.225585608
충청남도,2014.12,2014,12,1.225921322
충청남도,2015.01,2015,1,1.216462809
충청남도,2015.02,2015,2,1.220370118
충청남도,2015.03,2015,3,1.219883532
충청남도,2015.04,2015,4,1.220242031
충청남도,2015.05,2015,5,1.216221023
충청남도,2015.06,2015,6,1.214759631
충청남도,2015.07,2015,7,1.136402076
충청남도,2015.08,2015,8,1.135382658
충청남도,2015.09,2015,9,1.139817375
충청남도,2015.1,2015,10,1.217800729
충청남도,2015.11,2015,11,1.220242031
충청남도,2015.12,2015,12,1.216590103
충청남도,2016.01,2016,1,1.215496241
충청남도,2016.02,2016,2,1.210056308
충청남도,2016.03,2016,3,1.213073873
충청남도,2016.04,2016,4,1.211253959
충청남도,2016.05,2016,5,1.210056308
충청남도,2016.06,2016,6,1.210900721
충청남도,2016.07,2016,7,0.98580073
충청남도,2016.08,2016,8,0.983645638
충청남도,2016.09,2016,9,0.977236529
충청남도,2016.1,2016,10,1.203480187
충청남도,2016.11,2016,11,1.203953773
충청남도,2016.12,2016,12,1.063418975
충청남도,2017.01,2017,1,1.051784837
충청남도,2017.02,2017,2,1.048704579
충청남도,2017.03,2017,3,1.050033206
충청남도,2017.04,2017,4,1.051365203
충청남도,2017.05,2017,5,1.049518499
충청남도,2017.06,2017,6,1.050859936
충청남도,2017.07,2017,7,1.048704579
충청남도,2017.08,2017,8,1.043211694
충청남도,2017.09,2017,9,1.042005901
충청남도,2017.1,2017,10,1.043317598
충청남도,2017.11,2017,11,1.052194033
충청남도,2017.12,2017,12,1.048191174
충청남도,2018.01,2018,1,1.043614245
충청남도,2018.02,2018,2,1.036478241
충청남도,2018.03,2018,3,1.037179073
충청남도,2018.04,2018,4,1.035580053
충청남도,2018.05,2018,5,1.034985599
충청남도,2018.06,2018,6,1.03678147
충청남도,2018.07,2018,7,0.856914582
충청남도,2018.08,2018,8,0.850182117
충청남도,2018.09,2018,9,1.021722489
충청남도,2018.1,2018,10,1.022881769
충청남도,2018.11,2018,11,1.030430031
충청남도,2018.12,2018,12,1.032697602
충청남도,2019.01,2019,1,1.036384172
충청남도,2019.02,2019,2,1.031319304
충청남도,2019.03,2019,3,1.039686795
충청남도,2019.04,2019,4,1.035778356
충청남도,2019.05,2019,5,1.033590796
충청남도,2019.06,2019,6,1.035778356
충청남도,2019.07,2019,7,0.87074046
충청남도,2019.08,2019,8,0.867967876
충청남도,2019.09,2019,9,1.030326727
충청남도,2019.1,2019,10,1.029439163
충청남도,2019.11,2019,11,1.035381826
충청남도,2019.12,2019,12,1.032106452
충청남도,2020.01,2020,1,1.023918676
충청남도,2020.02,2020,2,1.023714627
충청남도,2020.03,2020,3,1.025554003
충청남도,2020.04,2020,4,1.033289752
충청남도,2020.05,2020,5,1.036207766
충청남도,2020.06,2020,6,1.034121792
충청남도,2020.07,2020,7,0.867934017
충청남도,2020.08,2020,8,0.862554978
충청남도,2020.09,2020,9,1.017933221
충청남도,2020.1,2020,10,1.024940144
충청남도,2020.11,2020,11,1.025554003
충청남도,2020.12,2020,12,1.023510659
충청남도,2021.01,2021,1,0.993369619
충청남도,2021.02,2021,2,0.987797678
충청남도,2021.03,2021,3,0.98373187
충청남도,2021.04,2021,4,0.982576351
충청남도,2021.05,2021,5,0.981231672
충청남도,2021.06,2021,6,0.980464935
충청남도,2021.07,2021,7,0.841638225
충청남도,2021.08,2021,8,0.838286713
충청남도,2021.09,2021,9,0.993041461
충청남도,2021.1,2021,10,1.015220114
충청남도,2021.11,2021,11,1.009579462
충청남도,2021.12,2021,12,1.008999521
충청남도,2022.01,2022,1,0.99810624
충청남도,2022.02,2022,2,0.991627469
충청남도,2022.03,2022,3,0.983852903
충청남도,2022.04,2022,4,1.033846439
충청남도,2022.05,2022,5,1.028600424
충청남도,2022.06,2022,6,1.018731725
충청남도,2022.07,2022,7,0.927799473
충청남도,2022.08,2022,8,0.92965693
충청남도,2022.09,2022,9,1.075343088
충청남도,2022.1,2022,10,1.133684497
충청남도,2022.11,2022,11,1.13574743
충청남도,2022.12,2022,12,1.133890453
충청남도,2023.01,2023,1,1.228911319
충청남도,2023.02,2023,2,1.227583723
충청남도,2023.03,2023,3,1.223837731
충청남도,2023.04,2023,4,1.222082811
충청남도,2023.05,2023,5,1.251452579
충청남도,2023.06,2023,6,1.282278255
충청남도,2023.07,2023,7,1.140125112
충청남도,2023.08,2023,8,1.129726379
충청남도,2023.09,2023,9,1.260304069
충청남도,2023.1,2023,10,1.255779335
충청남도,2023.11,2023,11,1.265419571
충청남도,2023.12,2023,12,1.26620166
충청남도,2024.01,2024,1,1.261190748
충청남도,2024.02,2024,2,1.254680665
충청남도,2024.03,2024,3,1.253693505
충청남도,2024.04,2024,4,1.254022385
충청남도,2024.05,2024,5,1.252270346
충청남도,2024.06,2024,6,1.256659657
충청남도,2024.07,2024,7,1.110217638
충청남도,2024.08,2024,8,1.105002175
충청남도,2024.09,2024,9,1.241565217
충청남도,2024.1,2024,10,1.241781179
충청남도,2024.11,2024,11,1.244378595
충청남도,2024.12,2024,12,1.237798006
충청남도,2025.01,2025,1,1.229272492
충청남도,2025.02,2025,2,1.224948524
충청남도,2025.03,2025,3,1.223269363
충청남도,2025.04,2025,4,1.223059791
충청남도,2025.05,2025,5,1.223374175
전라북도,2004.01,2004,1,1.483928797
전라북도,2004.02,2004,2,1.475990806
전라북도,2004.03,2004,3,1.461676415
전라북도,2004.04,2004,4,1.412228878
전라북도,2004.05,2004,5,1.413474659
전라북도,2004.06,2004,6,1.415953275
전라북도,2004.07,2004,7,1.408485331
전라북도,2004.08,2004,8,1.395034689
전라북도,2004.09,2004,9,1.392590883
전라북도,2004.1,2004,10,1.396250306
전라북도,2004.11,2004,11,1.403569522
전라북도,2004.12,2004,12,1.401114891
전라북도,2005.01,2005,1,1.391438263
전라북도,2005.02,2005,2,1.384412884
전라북도,2005.03,2005,3,1.374725186
전라북도,2005.04,2005,4,1.371948038
전라북도,2005.05,2005,5,1.370591144
전라북도,2005.06,2005,6,1.377476594
전라북도,2005.07,2005,7,1.367848902
전라북도,2005.08,2005,8,1.3665001
전라북도,2005.09,2005,9,1.359723677
전라북도,2005.1,2005,10,1.361077193
전라북도,2005.11,2005,11,1.370591144
전라북도,2005.12,2005,12,1.367848902
전라북도,2006.01,2006,1,1.377395194
전라북도,2006.02,2006,2,1.377395194
전라북도,2006.03,2006,3,1.369259508
전라북도,2006.04,2006,4,1.366580889
전라북도,2006.05,2006,5,1.362555798
전라북도,2006.06,2006,6,1.365236553
전라북도,2006.07,2006,7,1.357261146
전라북도,2006.08,2006,8,1.350674124
전라북도,2006.09,2006,9,1.348050199
전라북도,2006.1,2006,10,1.355935074
전라북도,2006.11,2006,11,1.363894858
전라북도,2006.12,2006,12,1.359885552
전라북도,2007.01,2007,1,1.362620454
전라북도,2007.02,2007,2,1.353373137
전라북도,2007.03,2007,3,1.341678864
전라북도,2007.04,2007,4,1.337831264
전라북도,2007.05,2007,5,1.337831264
전라북도,2007.06,2007,6,1.340405336
전라북도,2007.07,2007,7,1.334005668
전라북도,2007.08,2007,8,1.331456093
전라북도,2007.09,2007,9,1.326402904
전라북도,2007.1,2007,10,1.322642298
전라북도,2007.11,2007,11,1.321387926
전라북도,2007.12,2007,12,1.316410728
전라북도,2008.01,2008,1,1.311487343
전라북도,2008.02,2008,2,1.305360199
전라북도,2008.03,2008,3,1.293276073
전라북도,2008.04,2008,4,1.283774985
전라북도,2008.05,2008,5,1.270940514
전라북도,2008.06,2008,6,1.259482457
전라북도,2008.07,2008,7,1.250484647
전라북도,2008.08,2008,8,1.2538456
전라북도,2008.09,2008,9,1.256091258
전라북도,2008.1,2008,10,1.259482457
전라북도,2008.11,2008,11,1.266335434
전라북도,2008.12,2008,12,1.268641496
전라북도,2009.01,2009,1,1.265185544
전라북도,2009.02,2009,2,1.256091258
전라북도,2009.03,2009,3,1.242707132
전라북도,2009.04,2009,4,1.23610684
전라북도,2009.05,2009,5,1.237189809
전라북도,2009.06,2009,6,1.237189809
전라북도,2009.07,2009,7,1.230662333
전라북도,2009.08,2009,8,1.228506601
전라북도,2009.09,2009,9,1.226344017
전라북도,2009.1,2009,10,1.229590756
전라북도,2009.11,2009,11,1.229590756
전라북도,2009.12,2009,12,1.225279944
전라북도,2010.01,2010,1,1.216264969
전라북도,2010.02,2010,2,1.212567729
전라북도,2010.03,2010,3,1.208906883
전라북도,2010.04,2010,4,1.20163729
전라북도,2010.05,2010,5,1.199224308
전라북도,2010.06,2010,6,1.20282666
전라북도,2010.07,2010,7,1.199224308
전라북도,2010.08,2010,8,1.218521778
전라북도,2010.09,2010,9,1.208878054
전라북도,2010.1,2010,10,1.205311115
전라북도,2010.11,2010,11,1.21368076
전라북도,2010.12,2010,12,1.207686731
전라북도,2011.01,2011,1,1.191198159
전라북도,2011.02,2011,2,1.180854599
전라북도,2011.03,2011,3,1.17743788
전라북도,2011.04,2011,4,1.178583273
전라북도,2011.05,2011,5,1.178583273
전라북도,2011.06,2011,6,1.175179666
전라북도,2011.07,2011,7,1.167318115
전라북도,2011.08,2011,8,1.18135886
전라북도,2011.09,2011,9,1.182476671
전라북도,2011.1,2011,10,1.186982106
전라북도,2011.11,2011,11,1.184718651
전라북도,2011.12,2011,12,1.180243161
전라북도,2012.01,2012,1,1.168402386
전라북도,2012.02,2012,2,1.163600167
전라북도,2012.03,2012,3,1.171689084
전라북도,2012.04,2012,4,1.171373466
전라북도,2012.05,2012,5,1.169395263
전라북도,2012.06,2012,6,1.171802749
전라북도,2012.07,2012,7,1.176227468
전라북도,2012.08,2012,8,1.196208735
전라북도,2012.09,2012,9,1.186179643
전라북도,2012.1,2012,10,1.187841581
전라북도,2012.11,2012,11,1.191959303
전라북도,2012.12,2012,12,1.191294461
전라북도,2013.01,2013,1,1.20657082
전라북도,2013.02,2013,2,1.203328625
전라북도,2013.03,2013,3,1.20087975
전라북도,2013.04,2013,4,1.204108745
전라북도,2013.05,2013,5,1.203558719
전라북도,2013.06,2013,6,1.205338525
전라북도,2013.07,2013,7,1.203776111
전라북도,2013.08,2013,8,1.20122352
전라북도,2013.09,2013,9,1.198440822
전라북도,2013.1,2013,10,1.202319806
전라북도,2013.11,2013,11,1.235645793
전라북도,2013.12,2013,12,1.236801548
전라북도,2014.01,2014,1,1.230185328
전라북도,2014.02,2014,2,1.223639518
전라북도,2014.03,2014,3,1.221058596
전라북도,2014.04,2014,4,1.220507872
전라북도,2014.05,2014,5,1.218501298
전라북도,2014.06,2014,6,1.221058596
전라북도,2014.07,2014,7,1.217494115
전라북도,2014.08,2014,8,1.217163
전라북도,2014.09,2014,9,1.217608773
전라북도,2014.1,2014,10,1.222071689
전라북도,2014.11,2014,11,1.225882576
전라북도,2014.12,2014,12,1.227343684
전라북도,2015.01,2015,1,1.220549484
전라북도,2015.02,2015,2,1.222988965
전라북도,2015.03,2015,3,1.221768007
전라북도,2015.04,2015,4,1.222873191
전라북도,2015.05,2015,5,1.219448494
전라북도,2015.06,2015,6,1.218234591
전라북도,2015.07,2015,7,1.141239502
전라북도,2015.08,2015,8,1.141466893
전라북도,2015.09,2015,9,1.144214698
전라북도,2015.1,2015,10,1.221280306
전라북도,2015.11,2015,11,1.224702412
전라북도,2015.12,2015,12,1.221896414
전라북도,2016.01,2016,1,1.22042136
전라북도,2016.02,2016,2,1.216297366
전라북도,2016.03,2016,3,1.218477179
전라북도,2016.04,2016,4,1.216539182
전라북도,2016.05,2016,5,1.215318357
전라북도,2016.06,2016,6,1.214721555
전라북도,2016.07,2016,7,0.990886973
전라북도,2016.08,2016,8,0.989403252
전라북도,2016.09,2016,9,0.982163089
전라북도,2016.1,2016,10,1.208107322
전라북도,2016.11,2016,11,1.210623321
전라북도,2016.12,2016,12,1.069639159
전라북도,2017.01,2017,1,1.056238438
전라북도,2017.02,2017,2,1.053455928
전라북도,2017.03,2017,3,1.053250799
전라북도,2017.04,2017,4,1.057270717
전라북도,2017.05,2017,5,1.055620038
전라북도,2017.06,2017,6,1.058097993
전라북도,2017.07,2017,7,1.057586235
전라북도,2017.08,2017,8,1.051096384
전라북도,2017.09,2017,9,1.048030838
전라북도,2017.1,2017,10,1.048950763
전라북도,2017.11,2017,11,1.058206942
전라북도,2017.12,2017,12,1.052226352
전라북도,2018.01,2018,1,1.046611335
전라북도,2018.02,2018,2,1.037755092
전라북도,2018.03,2018,3,1.040560517
전라북도,2018.04,2018,4,1.039855109
전라북도,2018.05,2018,5,1.038153442
전라북도,2018.06,2018,6,1.040961024
전라북도,2018.07,2018,7,0.860535029
전라북도,2018.08,2018,8,0.852131586
전라북도,2018.09,2018,9,1.023003952
전라북도,2018.1,2018,10,1.023584718
전라북도,2018.11,2018,11,1.032396757
전라북도,2018.12,2018,12,1.03766079
전라북도,2019.01,2019,1,1.038657059
전라북도,2019.02,2019,2,1.034673003
전라북도,2019.03,2019,3,1.036457335
전라북도,2019.04,2019,4,1.03298824
전라북도,2019.05,2019,5,1.03023377
전라북도,2019.06,2019,6,1.033185552
전라북도,2019.07,2019,7,0.870124754
전라북도,2019.08,2019,8,0.86803785
전라북도,2019.09,2019,9,1.028172396
전라북도,2019.1,2019,10,1.027185863
전라북도,2019.11,2019,11,1.03328943
전라북도,2019.12,2019,12,1.03023377
전라북도,2020.01,2020,1,1.024224903
전라북도,2020.02,2020,2,1.023612633
전라북도,2020.03,2020,3,1.026989204
전라북도,2020.04,2020,4,1.032355305
전라북도,2020.05,2020,5,1.034434152
전라북도,2020.06,2020,6,1.031836899
전라북도,2020.07,2020,7,0.866887683
전라북도,2020.08,2020,8,0.861779686
전라북도,2020.09,2020,9,1.019954333
전라북도,2020.1,2020,10,1.026373626
전라북도,2020.11,2020,11,1.027091872
전라북도,2020.12,2020,12,1.023918676
전라북도,2021.01,2021,1,0.993762994
전라북도,2021.02,2021,2,0.988089379
전라북도,2021.03,2021,3,0.984986753
전라북도,2021.04,2021,4,0.983635473
전라북도,2021.05,2021,5,0.983153771
전라북도,2021.06,2021,6,0.983057487
전라북도,2021.07,2021,7,0.842953413
전라북도,2021.08,2021,8,0.83877551
전라북도,2021.09,2021,9,0.993521563
전라북도,2021.1,2021,10,1.018654552
전라북도,2021.11,2021,11,1.012781088
전라북도,2021.12,2021,12,1.012586472
전라북도,2022.01,2022,1,1.005053394
전라북도,2022.02,2022,2,0.999620673
전라북도,2022.03,2022,3,0.990974899
전라북도,2022.04,2022,4,1.039921649
전라북도,2022.05,2022,5,1.032697295
전라북도,2022.06,2022,6,1.02510114
전라북도,2022.07,2022,7,0.93493182
전라북도,2022.08,2022,8,0.937075766
전라북도,2022.09,2022,9,1.082228117
전라북도,2022.1,2022,10,1.139375685
전라북도,2022.11,2022,11,1.140520786
전라북도,2022.12,2022,12,1.140729233
전라북도,2023.01,2023,1,1.235928578
전라북도,2023.02,2023,2,1.233357453
전라북도,2023.03,2023,3,1.232131562
전라북도,2023.04,2023,4,1.230797003
전라북도,2023.05,2023,5,1.260352899
전라북도,2023.06,2023,6,1.291516571
전라북도,2023.07,2023,7,1.148541592
전라북도,2023.08,2023,8,1.136772699
전라북도,2023.09,2023,9,1.270801949
전라북도,2023.1,2023,10,1.265419571
전라북도,2023.11,2023,11,1.272267566
전라북도,2023.12,2023,12,1.271252549
전라북도,2024.01,2024,1,1.266872792
전라북도,2024.02,2024,2,1.259971885
전라북도,2024.03,2024,3,1.257320708
전라북도,2024.04,2024,4,1.25687993
전라북도,2024.05,2024,5,1.256219341
전라북도,2024.06,2024,6,1.259418635
전라북도,2024.07,2024,7,1.113136447
전라북도,2024.08,2024,8,1.110023595
전라북도,2024.09,2024,9,1.244704036
전라북도,2024.1,2024,10,1.243728223
전라북도,2024.11,2024,11,1.246551423
전라북도,2024.12,2024,12,1.240809942
전라북도,2025.01,2025,1,1.231499051
전라북도,2025.02,2025,2,1.227475928
전라북도,2025.03,2025,3,1.225158744
전라북도,2025.04,2025,4,1.225053625
전라북도,2025.05,2025,5,1.226737692
전라남도,2004.01,2004,1,1.483762551
전라남도,2004.02,2004,2,1.47710195
전라남도,2004.03,2004,3,1.461333701
전라남도,2004.04,2004,4,1.41564053
전라남도,2004.05,2004,5,1.416911917
전라남도,2004.06,2004,6,1.418146366
전라남도,2004.07,2004,7,1.409375773
전라남도,2004.08,2004,8,1.395775204
전라남도,2004.09,2004,9,1.394560413
전라남도,2004.1,2004,10,1.400693866
전라남도,2004.11,2004,11,1.411878898
전라남도,2004.12,2004,12,1.409375773
전라남도,2005.01,2005,1,1.394370793
전라남도,2005.02,2005,2,1.388762493
전라남도,2005.03,2005,3,1.379014039
전라남도,2005.04,2005,4,1.374872634
전라남도,2005.05,2005,5,1.377643139
전라남도,2005.06,2005,6,1.381782658
전라남도,2005.07,2005,7,1.374872634
전라남도,2005.08,2005,8,1.370774351
전라남도,2005.09,2005,9,1.363973718
전라남도,2005.1,2005,10,1.365317534
전라남도,2005.11,2005,11,1.372131608
전라남도,2005.12,2005,12,1.372131608
전라남도,2006.01,2006,1,1.384430198
전라남도,2006.02,2006,2,1.381691954
전라남도,2006.03,2006,3,1.373541832
전라남도,2006.04,2006,4,1.370846449
전라남도,2006.05,2006,5,1.366832125
전라남도,2006.06,2006,6,1.370846449
전라남도,2006.07,2006,7,1.365487295
전라남도,2006.08,2006,8,1.354893717
전라남도,2006.09,2006,9,1.350954612
전라남도,2006.1,2006,10,1.3628234
전라남도,2006.11,2006,11,1.372183772
전라남도,2006.12,2006,12,1.366832125
전라남도,2007.01,2007,1,1.369531598
전라남도,2007.02,2007,2,1.36157294
전라남도,2007.03,2007,3,1.34977202
전라남도,2007.04,2007,4,1.345877928
전라남도,2007.05,2007,5,1.34459642
전라남도,2007.06,2007,6,1.34459642
전라남도,2007.07,2007,7,1.338191038
전라남도,2007.08,2007,8,1.335625455
전라남도,2007.09,2007,9,1.326773403
전라남도,2007.1,2007,10,1.324284936
전라남도,2007.11,2007,11,1.326773403
전라남도,2007.12,2007,12,1.321789066
전라남도,2008.01,2008,1,1.316808851
전라남도,2008.02,2008,2,1.311898963
전라남도,2008.03,2008,3,1.299726368
전라남도,2008.04,2008,4,1.290162477
전라남도,2008.05,2008,5,1.279562124
전라남도,2008.06,2008,6,1.266872765
전라남도,2008.07,2008,7,1.258890709
전라남도,2008.08,2008,8,1.261154491
전라남도,2008.09,2008,9,1.262297062
전라남도,2008.1,2008,10,1.265721899
전라남도,2008.11,2008,11,1.27145082
전라남도,2008.12,2008,12,1.272596634
전라남도,2009.01,2009,1,1.270291626
전라남도,2009.02,2009,2,1.257769433
전라남도,2009.03,2009,3,1.249931223
전라남도,2009.04,2009,4,1.24769262
전라남도,2009.05,2009,5,1.245476866
전라남도,2009.06,2009,6,1.245476866
전라남도,2009.07,2009,7,1.239979116
전라남도,2009.08,2009,8,1.236691993
전라남도,2009.09,2009,9,1.236691993
전라남도,2009.1,2009,10,1.238876572
전라남도,2009.11,2009,11,1.237775988
전라남도,2009.12,2009,12,1.231271356
전라남도,2010.01,2010,1,1.221896155
전라남도,2010.02,2010,2,1.218193051
전라남도,2010.03,2010,3,1.215727331
전라남도,2010.04,2010,4,1.209620482
전라남도,2010.05,2010,5,1.209620482
전라남도,2010.06,2010,6,1.210839744
전라남도,2010.07,2010,7,1.208403672
전라남도,2010.08,2010,8,1.224174159
전라남도,2010.09,2010,9,1.215715116
전라남도,2010.1,2010,10,1.212093996
전라남도,2010.11,2010,11,1.219330047
전라남도,2010.12,2010,12,1.212093996
전라남도,2011.01,2011,1,1.199102504
전라남도,2011.02,2011,2,1.185212771
전라남도,2011.03,2011,3,1.182937789
전라남도,2011.04,2011,4,1.18065845
전라남도,2011.05,2011,5,1.18179702
전라남도,2011.06,2011,6,1.17953512
전라남도,2011.07,2011,7,1.173898682
전라남도,2011.08,2011,8,1.186904359
전라남도,2011.09,2011,9,1.18915017
전라남도,2011.1,2011,10,1.192541406
전라남도,2011.11,2011,11,1.191417551
전라남도,2011.12,2011,12,1.18915017
전라남도,2012.01,2012,1,1.182522244
전라남도,2012.02,2012,2,1.177539725
전라남도,2012.03,2012,3,1.178752656
전라남도,2012.04,2012,4,1.177093484
전라남도,2012.05,2012,5,1.17764177
전라남도,2012.06,2012,6,1.181186032
전라남도,2012.07,2012,7,1.185332984
전라남도,2012.08,2012,8,1.200942917
전라남도,2012.09,2012,9,1.191882552
전라남도,2012.1,2012,10,1.193765787
전라남도,2012.11,2012,11,1.197679309
전라남도,2012.12,2012,12,1.195886723
전라남도,2013.01,2013,1,1.215294017
전라남도,2013.02,2013,2,1.211020255
전라남도,2013.03,2013,3,1.2107873
전라남도,2013.04,2013,4,1.210463899
전라남도,2013.05,2013,5,1.210463899
전라남도,2013.06,2013,6,1.211810384
전라남도,2013.07,2013,7,1.209791778
전라남도,2013.08,2013,8,1.206429492
전라남도,2013.09,2013,9,1.2028687
전라남도,2013.1,2013,10,1.207767011
전라남도,2013.11,2013,11,1.241936517
전라남도,2013.12,2013,12,1.238499691
전라남도,2014.01,2014,1,1.232465524
전라남도,2014.02,2014,2,1.229977274
전라남도,2014.03,2014,3,1.228289439
전라남도,2014.04,2014,4,1.227499051
전라남도,2014.05,2014,5,1.225934237
전라남도,2014.06,2014,6,1.228626635
전라남도,2014.07,2014,7,1.227499051
전라남도,2014.08,2014,8,1.225934237
전라남도,2014.09,2014,9,1.22727896
전라남도,2014.1,2014,10,1.232008809
전라남도,2014.11,2014,11,1.234845912
전라남도,2014.12,2014,12,1.236092079
전라남도,2015.01,2015,1,1.228909677
전라남도,2015.02,2015,2,1.232244115
전라남도,2015.03,2015,3,1.230014812
전라남도,2015.04,2015,4,1.231004616
전라남도,2015.05,2015,5,1.226575935
전라남도,2015.06,2015,6,1.227676874
전라남도,2015.07,2015,7,1.148137209
전라남도,2015.08,2015,8,1.146879083
전라남도,2015.09,2015,9,1.151014625
전라남도,2015.1,2015,10,1.230639766
전라남도,2015.11,2015,11,1.232609917
전라남도,2015.12,2015,12,1.228169699
전라남도,2016.01,2016,1,1.223774236
전라남도,2016.02,2016,2,1.217583914
전라남도,2016.03,2016,3,1.220972485
전라남도,2016.04,2016,4,1.218668763
전라남도,2016.05,2016,5,1.21879652
전라남도,2016.06,2016,6,1.219640384
전라남도,2016.07,2016,7,0.993711023
전라남도,2016.08,2016,8,0.991438015
전라남도,2016.09,2016,9,0.986057918
전라남도,2016.1,2016,10,1.208961587
전라남도,2016.11,2016,11,1.213377724
전라남도,2016.12,2016,12,1.072709434
전라남도,2017.01,2017,1,1.055815244
전라남도,2017.02,2017,2,1.052237125
전라남도,2017.03,2017,3,1.052549646
전라남도,2017.04,2017,4,1.054071795
전라남도,2017.05,2017,5,1.054590978
전라남도,2017.06,2017,6,1.058490313
전라남도,2017.07,2017,7,1.057771282
전라남도,2017.08,2017,8,1.051117884
전라남도,2017.09,2017,9,1.04888653
전라남도,2017.1,2017,10,1.049797236
전라남도,2017.11,2017,11,1.057564469
전라남도,2017.12,2017,12,1.055002361
전라남도,2018.01,2018,1,1.050709524
전라남도,2018.02,2018,2,1.041351288
전라남도,2018.03,2018,3,1.042841197
전라남도,2018.04,2018,4,1.040845056
전라남도,2018.05,2018,5,1.039150657
전라남도,2018.06,2018,6,1.042344088
전라남도,2018.07,2018,7,0.860596211
전라남도,2018.08,2018,8,0.853384632
전라남도,2018.09,2018,9,1.024646062
전라남도,2018.1,2018,10,1.02581199
전라남도,2018.11,2018,11,1.035590488
전라남도,2018.12,2018,12,1.039255739
전라남도,2019.01,2019,1,1.041245783
전라남도,2019.02,2019,2,1.038163929
전라남도,2019.03,2019,3,1.039056102
전라남도,2019.04,2019,4,1.034996022
전라남도,2019.05,2019,5,1.032438243
전라남도,2019.06,2019,6,1.035298384
전라남도,2019.07,2019,7,0.870960566
전라남도,2019.08,2019,8,0.868475444
전라남도,2019.09,2019,9,1.030771082
전라남도,2019.1,2019,10,1.027165331
전라남도,2019.11,2019,11,1.034110805
전라남도,2019.12,2019,12,1.031164088
전라남도,2020.01,2020,1,1.024531312
전라남도,2020.02,2020,2,1.024429155
전라남도,2020.03,2020,3,1.026168598
전라남도,2020.04,2020,4,1.031940538
전라남도,2020.05,2020,5,1.034330011
전라남도,2020.06,2020,6,1.031836899
전라남도,2020.07,2020,7,0.866452455
전라남도,2020.08,2020,8,0.861263599
전라남도,2020.09,2020,9,1.019347157
전라남도,2020.1,2020,10,1.025246981
전라남도,2020.11,2020,11,1.028634361
전라남도,2020.12,2020,12,1.025554003
전라남도,2021.01,2021,1,0.993664621
전라남도,2021.02,2021,2,0.989257909
전라남도,2021.03,2021,3,0.984986753
전라남도,2021.04,2021,4,0.984117647
전라남도,2021.05,2021,5,0.98248018
전라남도,2021.06,2021,6,0.982576351
전라남도,2021.07,2021,7,0.843282853
전라남도,2021.08,2021,8,0.839918256
전라남도,2021.09,2021,9,0.994675702
전라남도,2021.1,2021,10,1.016885372
전라남도,2021.11,2021,11,1.010547512
전라남도,2021.12,2021,12,1.010063255
전라남도,2022.01,2022,1,1.002568005
전라남도,2022.02,2022,2,0.996879138
전라남도,2022.03,2022,3,0.988187869
전라남도,2022.04,2022,4,1.035959859
전라남도,2022.05,2022,5,1.028126153
전라남도,2022.06,2022,6,1.019943281
전라남도,2022.07,2022,7,0.931182208
전라남도,2022.08,2022,8,0.932882842
전라남도,2022.09,2022,9,1.078381334
전라남도,2022.1,2022,10,1.135540799
전라남도,2022.11,2022,11,1.138025344
전라남도,2022.12,2022,12,1.137817884
전라남도,2023.01,2023,1,1.233134382
전라남도,2023.02,2023,2,1.232242906
전라남도,2023.03,2023,3,1.228911319
전라남도,2023.04,2023,4,1.224057451
전라남도,2023.05,2023,5,1.25246019
전라남도,2023.06,2023,6,1.284000358
전라남도,2023.07,2023,7,1.142166517
전라남도,2023.08,2023,8,1.12992649
전라남도,2023.09,2023,9,1.260968962
전라남도,2023.1,2023,10,1.255889307
전라남도,2023.11,2023,11,1.263524229
전라남도,2023.12,2023,12,1.264861528
전라남도,2024.01,2024,1,1.258203194
전라남도,2024.02,2024,2,1.251396161
전라남도,2024.03,2024,3,1.247911591
전라남도,2024.04,2024,4,1.246935049
전라남도,2024.05,2024,5,1.246176573
전라남도,2024.06,2024,6,1.250523195
전라남도,2024.07,2024,7,1.105290637
전라남도,2024.08,2024,8,1.101265823
전라남도,2024.09,2024,9,1.234800657
전라남도,2024.1,2024,10,1.234693878
전라남도,2024.11,2024,11,1.241241415
전라남도,2024.12,2024,12,1.235334833
전라남도,2025.01,2025,1,1.224318299
전라남도,2025.02,2025,2,1.219299744
전라남도,2025.03,2025,3,1.216080402
전라남도,2025.04,2025,4,1.215045528
전라남도,2025.05,2025,5,1.218675316
경상북도,2004.01,2004,1,1.469318135
경상북도,2004.02,2004,2,1.462665139
경상북도,2004.03,2004,3,1.445622365
경상북도,2004.04,2004,4,1.401670266
경상북도,2004.05,2004,5,1.404184524
경상북도,2004.06,2004,6,1.401670266
경상북도,2004.07,2004,7,1.392912445
경상북도,2004.08,2004,8,1.379366467
경상북도,2004.09,2004,9,1.378143016
경상북도,2004.1,2004,10,1.384263384
경상북도,2004.11,2004,11,1.394162271
경상북도,2004.12,2004,12,1.390438355
경상북도,2005.01,2005,1,1.375739526
경상북도,2005.02,2005,2,1.370169954
경상북도,2005.03,2005,3,1.359201039
경상북도,2005.04,2005,4,1.356486197
경상북도,2005.05,2005,5,1.359201039
경상북도,2005.06,2005,6,1.363284677
경상북도,2005.07,2005,7,1.357833272
경상북도,2005.08,2005,8,1.352425289
경상북도,2005.09,2005,9,1.343055465
경상북도,2005.1,2005,10,1.343055465
경상북도,2005.11,2005,11,1.351071118
경상북도,2005.12,2005,12,1.348370894
경상북도,2006.01,2006,1,1.361842708
경상북도,2006.02,2006,2,1.359157504
경상북도,2006.03,2006,3,1.352481809
경상북도,2006.04,2006,4,1.351165055
경상북도,2006.05,2006,5,1.347177821
경상북도,2006.06,2006,6,1.349833357
경상북도,2006.07,2006,7,1.343231385
경상북도,2006.08,2006,8,1.331546629
경상북도,2006.09,2006,9,1.327691111
경상북도,2006.1,2006,10,1.338016763
경상북도,2006.11,2006,11,1.34587137
경상북도,2006.12,2006,12,1.341932573
경상북도,2007.01,2007,1,1.344613722
경상북도,2007.02,2007,2,1.336804401
경상북도,2007.03,2007,3,1.329085267
경상북도,2007.04,2007,4,1.324016471
경상북도,2007.05,2007,5,1.32274275
경상북도,2007.06,2007,6,1.32274275
경상북도,2007.07,2007,7,1.316427312
경상북도,2007.08,2007,8,1.315184696
경상북도,2007.09,2007,9,1.306486297
경상북도,2007.1,2007,10,1.304024459
경상북도,2007.11,2007,11,1.305246065
경상북도,2007.12,2007,12,1.29911236
경상북도,2008.01,2008,1,1.294253158
경상북도,2008.02,2008,2,1.288222096
경상북도,2008.03,2008,3,1.273977446
경상북도,2008.04,2008,4,1.263487534
경상북도,2008.05,2008,5,1.250918755
경상북도,2008.06,2008,6,1.238568211
경상북도,2008.07,2008,7,1.228665491
경상북도,2008.08,2008,8,1.230865274
경상북도,2008.09,2008,9,1.23637009
경상북도,2008.1,2008,10,1.237468175
경상북도,2008.11,2008,11,1.244157112
경상북도,2008.12,2008,12,1.246397901
경상북도,2009.01,2009,1,1.247528771
경상북도,2009.02,2009,2,1.237468175
경상북도,2009.03,2009,3,1.227582966
경상북도,2009.04,2009,4,1.224332462
경상북도,2009.05,2009,5,1.224332462
경상북도,2009.06,2009,6,1.225409259
경상북도,2009.07,2009,7,1.218919865
경상북도,2009.08,2009,8,1.216776703
경상북도,2009.09,2009,9,1.214641064
경상북도,2009.1,2009,10,1.218919865
경상북도,2009.11,2009,11,1.215700874
경상북도,2009.12,2009,12,1.211430559
경상북도,2010.01,2010,1,1.201734011
경상북도,2010.02,2010,2,1.198096985
경상북도,2010.03,2010,3,1.194481907
경상북도,2010.04,2010,4,1.189682061
경상북도,2010.05,2010,5,1.188491499
경상북도,2010.06,2010,6,1.19087501
경상북도,2010.07,2010,7,1.188491499
경상북도,2010.08,2010,8,1.206402191
경상북도,2010.09,2010,9,1.198038048
경상북도,2010.1,2010,10,1.196854548
경상북도,2010.11,2010,11,1.202809116
경상북도,2010.12,2010,12,1.196854548
경상북도,2011.01,2011,1,1.180514649
경상북도,2011.02,2011,2,1.172504426
경상북도,2011.03,2011,3,1.166858194
경상북도,2011.04,2011,4,1.165735466
경상북도,2011.05,2011,5,1.163483784
경상북도,2011.06,2011,6,1.163483784
경상북도,2011.07,2011,7,1.157923889
경상북도,2011.08,2011,8,1.172947256
경상북도,2011.09,2011,9,1.174061876
경상북도,2011.1,2011,10,1.176297482
경상북도,2011.11,2011,11,1.175178616
경상북도,2011.12,2011,12,1.172947256
경상북도,2012.01,2012,1,1.168389829
경상북도,2012.02,2012,2,1.163214209
경상북도,2012.03,2012,3,1.161784665
경상북도,2012.04,2012,4,1.161908833
경상북도,2012.05,2012,5,1.157221323
경상북도,2012.06,2012,6,1.159492321
경상북도,2012.07,2012,7,1.165196515
경상북도,2012.08,2012,8,1.187117876
경상북도,2012.09,2012,9,1.17757703
경상북도,2012.1,2012,10,1.17757703
경상북도,2012.11,2012,11,1.184092969
경상북도,2012.12,2012,12,1.182428908
경상북도,2013.01,2013,1,1.199697156
경상북도,2013.02,2013,2,1.195683605
경상북도,2013.03,2013,3,1.194133519
경상북도,2013.04,2013,4,1.197022684
경상북도,2013.05,2013,5,1.197908627
경상북도,2013.06,2013,6,1.19913846
경상북도,2013.07,2013,7,1.19780731
경상북도,2013.08,2013,8,1.192574893
경상북도,2013.09,2013,9,1.189382408
경상북도,2013.1,2013,10,1.191909947
경상북도,2013.11,2013,11,1.225869661
경상북도,2013.12,2013,12,1.225288785
경상북도,2014.01,2014,1,1.218845908
경상북도,2014.02,2014,2,1.214368458
경상북도,2014.03,2014,3,1.214254409
경상북도,2014.04,2014,4,1.214254409
경상북도,2014.05,2014,5,1.212483068
경상북도,2014.06,2014,6,1.214926339
경상북도,2014.07,2014,7,1.213254231
경상북도,2014.08,2014,8,1.211687649
경상북도,2014.09,2014,9,1.211687649
경상북도,2014.1,2014,10,1.216158027
경상북도,2014.11,2014,11,1.219522931
경상북도,2014.12,2014,12,1.220648708
경상북도,2015.01,2015,1,1.212656327
경상북도,2015.02,2015,2,1.21520403
경상북도,2015.03,2015,3,1.21520403
경상북도,2015.04,2015,4,1.21594118
경상북도,2015.05,2015,5,1.21132968
경상북도,2015.06,2015,6,1.21132968
경상북도,2015.07,2015,7,1.133868767
경상북도,2015.08,2015,8,1.133526337
경상북도,2015.09,2015,9,1.136591937
경상북도,2015.1,2015,10,1.214962745
경상북도,2015.11,2015,11,1.217163257
경상북도,2015.12,2015,12,1.214112659
경상북도,2016.01,2016,1,1.21132968
경상북도,2016.02,2016,2,1.207116381
경상북도,2016.03,2016,3,1.210484669
경상북도,2016.04,2016,4,1.20855943
경상북도,2016.05,2016,5,1.207229191
경상북도,2016.06,2016,6,1.207116381
경상북도,2016.07,2016,7,0.983399942
경상북도,2016.08,2016,8,0.981836508
경상북도,2016.09,2016,9,0.975048242
경상북도,2016.1,2016,10,1.197579316
경상북도,2016.11,2016,11,1.198764745
경상북도,2016.12,2016,12,1.059679947
경상북도,2017.01,2017,1,1.048084278
경상북도,2017.02,2017,2,1.045025624
경상북도,2017.03,2017,3,1.045738067
경상북도,2017.04,2017,4,1.047261907
경상북도,2017.05,2017,5,1.04757148
경상북도,2017.06,2017,6,1.0501405
경상북도,2017.07,2017,7,1.048394336
경상북도,2017.08,2017,8,1.043699032
경상북도,2017.09,2017,9,1.041066472
경상북도,2017.1,2017,10,1.041372392
경상북도,2017.11,2017,11,1.049314901
경상북도,2017.12,2017,12,1.046036092
경상북도,2018.01,2018,1,1.041066472
경상북도,2018.02,2018,2,1.032355275
경상북도,2018.03,2018,3,1.034943908
경상북도,2018.04,2018,4,1.033840335
경상북도,2018.05,2018,5,1.033944345
경상북도,2018.06,2018,6,1.035141968
경상북도,2018.07,2018,7,0.853909258
경상북도,2018.08,2018,8,0.846715766
경상북도,2018.09,2018,9,1.01727261
경상북도,2018.1,2018,10,1.0192096
경상북도,2018.11,2018,11,1.027309076
경상북도,2018.12,2018,12,1.032054629
경상북도,2019.01,2019,1,1.035642666
경상북도,2019.02,2019,2,1.031453863
경상북도,2019.03,2019,3,1.032251584
경상북도,2019.04,2019,4,1.027997559
경상북도,2019.05,2019,5,1.026231964
경상북도,2019.06,2019,6,1.027802224
경상북도,2019.07,2019,7,0.864596298
경상북도,2019.08,2019,8,0.863184055
경상북도,2019.09,2019,9,1.026621515
경상북도,2019.1,2019,10,1.023584718
경상북도,2019.11,2019,11,1.029181438
경상북도,2019.12,2019,12,1.026037299
경상북도,2020.01,2020,1,1.023714627
경상북도,2020.02,2020,2,1.022186847
경상북도,2020.03,2020,3,1.025349301
경상북도,2020.04,2020,4,1.032459049
경상북도,2020.05,2020,5,1.034746702
경상북도,2020.06,2020,6,1.031215497
경상북도,2020.07,2020,7,0.867061897
경상북도,2020.08,2020,8,0.861951853
경상북도,2020.09,2020,9,1.020258193
경상북도,2020.1,2020,10,1.027091872
경상북도,2020.11,2020,11,1.02801681
경상북도,2020.12,2020,12,1.025349301
경상북도,2021.01,2021,1,0.993369619
경상북도,2021.02,2021,2,0.987117711
경상북도,2021.03,2021,3,0.98489011
경상북도,2021.04,2021,4,0.984021174
경상북도,2021.05,2021,5,0.982768749
경상북도,2021.06,2021,6,0.981711491
경상북도,2021.07,2021,7,0.84213094
경상북도,2021.08,2021,8,0.837879817
경상북도,2021.09,2021,9,0.992561824
경상북도,2021.1,2021,10,1.015807229
경상북도,2021.11,2021,11,1.009676183
경상북도,2021.12,2021,12,1.00707119
경상북도,2022.01,2022,1,0.999905141
경상북도,2022.02,2022,2,0.994621627
경상북도,2022.03,2022,3,0.985232265
경상북도,2022.04,2022,4,1.033080059
경상북도,2022.05,2022,5,1.02642239
경상북도,2022.06,2022,6,1.017615918
경상북도,2022.07,2022,7,0.927883742
경상북도,2022.08,2022,8,0.931267092
경상북도,2022.09,2022,9,1.07651715
경상북도,2022.1,2022,10,1.131936888
경상북도,2022.11,2022,11,1.132347605
경상북도,2022.12,2022,12,1.133169935
경상북도,2023.01,2023,1,1.230463815
경상북도,2023.02,2023,2,1.228357806
경상북도,2023.03,2023,3,1.226038482
경상북도,2023.04,2023,4,1.22153543
경상북도,2023.05,2023,5,1.250111617
경상북도,2023.06,2023,6,1.281819807
경상북도,2023.07,2023,7,1.13981953
경상북도,2023.08,2023,8,1.128028294
경상북도,2023.09,2023,9,1.259197471
경상북도,2023.1,2023,10,1.255669381
경상북도,2023.11,2023,11,1.263524229
경상북도,2023.12,2023,12,1.263524229
경상북도,2024.01,2024,1,1.260193322
경상북도,2024.02,2024,2,1.25259848
경상북도,2024.03,2024,3,1.248889663
경상북도,2024.04,2024,4,1.248889663
경상북도,2024.05,2024,5,1.247151926
경상북도,2024.06,2024,6,1.251833101
경상북도,2024.07,2024,7,1.106831649
경상북도,2024.08,2024,8,1.102795624
경상북도,2024.09,2024,9,1.238549618
경상북도,2024.1,2024,10,1.238012659
경상북도,2024.11,2024,11,1.240917782
경상북도,2024.12,2024,12,1.236618742
경상북도,2025.01,2025,1,1.22705397
경상북도,2025.02,2025,2,1.222745568
경상북도,2025.03,2025,3,1.219716385
경상북도,2025.04,2025,4,1.219195628
경상북도,2025.05,2025,5,1.220133311
경상남도,2004.01,2004,1,1.47765815
경상남도,2004.02,2004,2,1.471092969
경상남도,2004.03,2004,3,1.456913029
경상남도,2004.04,2004,4,1.412559575
경상남도,2004.05,2004,5,1.41503498
경상남도,2004.06,2004,6,1.41503498
경상남도,2004.07,2004,7,1.410092815
경상남도,2004.08,2004,8,1.395376367
경상남도,2004.09,2004,9,1.397791863
경상남도,2004.1,2004,10,1.400234854
경상남도,2004.11,2004,11,1.410092815
경상남도,2004.12,2004,12,1.407596014
경상남도,2005.01,2005,1,1.389759991
경상남도,2005.02,2005,2,1.384169962
경상남도,2005.03,2005,3,1.37446723
경상남도,2005.04,2005,4,1.373105351
경상남도,2005.05,2005,5,1.375850272
경상남도,2005.06,2005,6,1.38137317
경상남도,2005.07,2005,7,1.37446723
경상남도,2005.08,2005,8,1.371727819
경상남도,2005.09,2005,9,1.363556584
경상남도,2005.1,2005,10,1.364917745
경상남도,2005.11,2005,11,1.373105351
경상남도,2005.12,2005,12,1.366263423
경상남도,2006.01,2006,1,1.379915153
경상남도,2006.02,2006,2,1.378544467
경상남도,2006.03,2006,3,1.371767838
경상남도,2006.04,2006,4,1.371767838
경상남도,2006.05,2006,5,1.367730152
경상남도,2006.06,2006,6,1.370413282
경상남도,2006.07,2006,7,1.365039606
경상남도,2006.08,2006,8,1.355776119
경상남도,2006.09,2006,9,1.354452946
경상남도,2006.1,2006,10,1.362377456
경상남도,2006.11,2006,11,1.371767838
경상남도,2006.12,2006,12,1.362377456
경상남도,2007.01,2007,1,1.363776362
경상남도,2007.02,2007,2,1.358493019
경상남도,2007.03,2007,3,1.350626858
경상남도,2007.04,2007,4,1.34672784
경상남도,2007.05,2007,5,1.345427391
경상남도,2007.06,2007,6,1.34414674
경상남도,2007.07,2007,7,1.340284992
경상남도,2007.08,2007,8,1.33899695
경상남도,2007.09,2007,9,1.330117231
경상남도,2007.1,2007,10,1.327582483
경상남도,2007.11,2007,11,1.32883175
경상남도,2007.12,2007,12,1.323798424
경상남도,2008.01,2008,1,1.317589207
경상남도,2008.02,2008,2,1.307745254
경상남도,2008.03,2008,3,1.294445546
경상남도,2008.04,2008,4,1.28614506
경상남도,2008.05,2008,5,1.275579209
경상남도,2008.06,2008,6,1.262937807
경상남도,2008.07,2008,7,1.256136555
경상남도,2008.08,2008,8,1.258405588
경상남도,2008.09,2008,9,1.260667624
경상남도,2008.1,2008,10,1.261794076
경상남도,2008.11,2008,11,1.267518164
경상남도,2008.12,2008,12,1.269813109
경상남도,2009.01,2009,1,1.267518164
경상남도,2009.02,2009,2,1.256136555
경상남도,2009.03,2009,3,1.242781028
경상남도,2009.04,2009,4,1.239464351
경상남도,2009.05,2009,5,1.240567942
경상남도,2009.06,2009,6,1.241658745
경상남도,2009.07,2009,7,1.236194577
경상남도,2009.08,2009,8,1.232912916
경상남도,2009.09,2009,9,1.231837418
경상남도,2009.1,2009,10,1.234019438
경상남도,2009.11,2009,11,1.231837418
경상남도,2009.12,2009,12,1.226430374
경상남도,2010.01,2010,1,1.21533148
경상남도,2010.02,2010,2,1.21287732
경상남도,2010.03,2010,3,1.207998613
경상남도,2010.04,2010,4,1.204351383
경상남도,2010.05,2010,5,1.203145146
경상남도,2010.06,2010,6,1.205560042
경상남도,2010.07,2010,7,1.200726111
경상남도,2010.08,2010,8,1.21884217
경상남도,2010.09,2010,9,1.212797179
경상남도,2010.1,2010,10,1.210401435
경상남도,2010.11,2010,11,1.215216276
경상남도,2010.12,2010,12,1.210401435
경상남도,2011.01,2011,1,1.197378765
경상남도,2011.02,2011,2,1.189231696
경상남도,2011.03,2011,3,1.18233435
경상남도,2011.04,2011,4,1.181194744
경상남도,2011.05,2011,5,1.180044272
경상남도,2011.06,2011,6,1.17778907
경상남도,2011.07,2011,7,1.171023439
경상남도,2011.08,2011,8,1.186218033
경상남도,2011.09,2011,9,1.187345062
경상남도,2011.1,2011,10,1.188474235
경상남도,2011.11,2011,11,1.186218033
경상남도,2011.12,2011,12,1.182849745
경상남도,2012.01,2012,1,1.18285677
경상남도,2012.02,2012,2,1.178714315
경상남도,2012.03,2012,3,1.176380202
경상남도,2012.04,2012,4,1.17593484
경상남도,2012.05,2012,5,1.173725748
경상남도,2012.06,2012,6,1.176380202
경상남도,2012.07,2012,7,1.181173198
경상남도,2012.08,2012,8,1.201436592
경상남도,2012.09,2012,9,1.191895343
경상남도,2012.1,2012,10,1.193573348
경상남도,2012.11,2012,11,1.197950599
경상남도,2012.12,2012,12,1.197046777
경상남도,2013.01,2013,1,1.213380742
경상남도,2013.02,2013,2,1.208643147
경상남도,2013.03,2013,3,1.2093269
경상남도,2013.04,2013,4,1.212367979
경상남도,2013.05,2013,5,1.212822215
경상남도,2013.06,2013,6,1.213497708
경상남도,2013.07,2013,7,1.209895133
경상남도,2013.08,2013,8,1.205056479
경상남도,2013.09,2013,9,1.20228153
경상남도,2013.1,2013,10,1.206519424
경상남도,2013.11,2013,11,1.239740038
경상남도,2013.12,2013,12,1.238130706
경상남도,2014.01,2014,1,1.228561775
경상남도,2014.02,2014,2,1.226295988
경상남도,2014.03,2014,3,1.224502252
경상남도,2014.04,2014,4,1.223832562
경상남도,2014.05,2014,5,1.222379797
경상남도,2014.06,2014,6,1.224283234
경상남도,2014.07,2014,7,1.22204602
경상남도,2014.08,2014,8,1.220367069
경상남도,2014.09,2014,9,1.221584169
경상남도,2014.1,2014,10,1.226295988
경상남도,2014.11,2014,11,1.228899121
경상남도,2014.12,2014,12,1.229912271
경상남도,2015.01,2015,1,1.217864513
경상남도,2015.02,2015,2,1.218719862
경상남도,2015.03,2015,3,1.218477179
경상남도,2015.04,2015,4,1.219576414
경상남도,2015.05,2015,5,1.217010363
경상남도,2015.06,2015,6,1.216284641
경상남도,2015.07,2015,7,1.138732254
경상남도,2015.08,2015,8,1.135892138
경상남도,2015.09,2015,9,1.138958647
경상남도,2015.1,2015,10,1.217137772
경상남도,2015.11,2015,11,1.218349489
경상남도,2015.12,2015,12,1.216042926
경상남도,2016.01,2016,1,1.21301059
경상남도,2016.02,2016,2,1.207003592
경상남도,2016.03,2016,3,1.209401754
경상남도,2016.04,2016,4,1.2078312
경상남도,2016.05,2016,5,1.207241727
경상남도,2016.06,2016,6,1.20843381
경상남도,2016.07,2016,7,0.984875964
경상남도,2016.08,2016,8,0.982040596
경상남도,2016.09,2016,9,0.975360254
경상남도,2016.1,2016,10,1.197727366
경상남도,2016.11,2016,11,1.200572089
경상남도,2016.12,2016,12,1.061069412
경상남도,2017.01,2017,1,1.04947563
경상남도,2017.02,2017,2,1.047325942
경상남도,2017.03,2017,3,1.049272048
경상남도,2017.04,2017,4,1.051935557
경상남도,2017.05,2017,5,1.051214647
경상남도,2017.06,2017,6,1.053175246
경상남도,2017.07,2017,7,1.052140173
경상남도,2017.08,2017,8,1.047027181
경상남도,2017.09,2017,9,1.044685696
경상남도,2017.1,2017,10,1.043667235
경상남도,2017.11,2017,11,1.052452637
경상남도,2017.12,2017,12,1.04824463
경상남도,2018.01,2018,1,1.044282318
경상남도,2018.02,2018,2,1.036833769
경상남도,2018.03,2018,3,1.03883554
경상남도,2018.04,2018,4,1.037828449
경상남도,2018.05,2018,5,1.037032552
경상남도,2018.06,2018,6,1.038531109
경상남도,2018.07,2018,7,0.858199129
경상남도,2018.08,2018,8,0.849977429
경상남도,2018.09,2018,9,1.022637492
경상남도,2018.1,2018,10,1.023707068
경상남도,2018.11,2018,11,1.031660945
경상남도,2018.12,2018,12,1.036331918
경상남도,2019.01,2019,1,1.037430348
경상남도,2019.02,2019,2,1.033642773
경상남도,2019.03,2019,3,1.036833769
경상남도,2019.04,2019,4,1.033144006
경상남도,2019.05,2019,5,1.03185775
경상남도,2019.06,2019,6,1.033642773
경상남도,2019.07,2019,7,0.869185284
경상남도,2019.08,2019,8,0.868852128
경상남도,2019.09,2019,9,1.031660945
경상남도,2019.1,2019,10,1.029490724
경상남도,2019.11,2019,11,1.035340103
경상남도,2019.12,2019,12,1.032355275
경상남도,2020.01,2020,1,1.025349301
경상남도,2020.02,2020,2,1.024531312
경상남도,2020.03,2020,3,1.027811124
경상남도,2020.04,2020,4,1.032978082
경상남도,2020.05,2020,5,1.034330011
경상남도,2020.06,2020,6,1.031940538
경상남도,2020.07,2020,7,0.86671354
경상남도,2020.08,2020,8,0.861607589
경상남도,2020.09,2020,9,1.019549469
경상남도,2020.1,2020,10,1.024940144
경상남도,2020.11,2020,11,1.026271102
경상남도,2020.12,2020,12,1.023612633
경상남도,2021.01,2021,1,0.992093299
경상남도,2021.02,2021,2,0.987700482
경상남도,2021.03,2021,3,0.98556701
경상남도,2021.04,2021,4,0.983442735
경상남도,2021.05,2021,5,0.982768749
경상남도,2021.06,2021,6,0.983346395
경상남도,2021.07,2021,7,0.844025034
경상남도,2021.08,2021,8,0.84008176
경상남도,2021.09,2021,9,0.996218732
경상남도,2021.1,2021,10,1.020528711
경상남도,2021.11,2021,11,1.014340712
경상남도,2021.12,2021,12,1.011905905
경상남도,2022.01,2022,1,1.00190096
경상남도,2022.02,2022,2,0.99669062
경상남도,2022.03,2022,3,0.989858203
경상남도,2022.04,2022,4,1.039921649
경상남도,2022.05,2022,5,1.03375058
경상남도,2022.06,2022,6,1.026800516
경상남도,2022.07,2022,7,0.936903888
경상남도,2022.08,2022,8,0.939143225
경상남도,2022.09,2022,9,1.085903084
경상남도,2022.1,2022,10,1.14198152
경상남도,2022.11,2022,11,1.142817907
경상남도,2022.12,2022,12,1.141250686
경상남도,2023.01,2023,1,1.238173068
경상남도,2023.02,2023,2,1.234027149
경상남도,2023.03,2023,3,1.233803836
경상남도,2023.04,2023,4,1.231241535
경상남도,2023.05,2023,5,1.258992806
경상남도,2023.06,2023,6,1.288036645
경상남도,2023.07,2023,7,1.144728578
경상남도,2023.08,2023,8,1.134952406
경상남도,2023.09,2023,9,1.266649002
경상남도,2023.1,2023,10,1.261745557
경상남도,2023.11,2023,11,1.269339706
경상남도,2023.12,2023,12,1.269789269
경상남도,2024.01,2024,1,1.265531239
경상남도,2024.02,2024,2,1.25687993
경상남도,2024.03,2024,3,1.255889307
경상남도,2024.04,2024,4,1.258644901
경상남도,2024.05,2024,5,1.257210485
경상남도,2024.06,2024,6,1.259529246
경상남도,2024.07,2024,7,1.113819712
경상남도,2024.08,2024,8,1.109248101
경상남도,2024.09,2024,9,1.244378595
경상남도,2024.1,2024,10,1.244378595
경상남도,2024.11,2024,11,1.246660264
경상남도,2024.12,2024,12,1.241565217
경상남도,2025.01,2025,1,1.233200898
경상남도,2025.02,2025,2,1.228320716
경상남도,2025.03,2025,3,1.227264913
경상남도,2025.04,2025,4,1.226526931
경상남도,2025.05,2025,5,1.228320716
제주특별자치도,2004.01,2004,1,1.472544578
제주특별자치도,2004.02,2004,2,1.464707346
제주특별자치도,2004.03,2004,3,1.450530495
제주특별자치도,2004.04,2004,4,1.405127292
제주특별자치도,2004.05,2004,5,1.407634657
제주특별자치도,2004.06,2004,6,1.408852986
제주특별자치도,2004.07,2004,7,1.394067509
제주특별자치도,2004.08,2004,8,1.38557261
제주특별자치도,2004.09,2004,9,1.38196887
제주특별자치도,2004.1,2004,10,1.384394195
제주특별자치도,2004.11,2004,11,1.396516505
제주특별자치도,2004.12,2004,12,1.396516505
제주특별자치도,2005.01,2005,1,1.380164733
제주특별자치도,2005.02,2005,2,1.374633048
제주특별자치도,2005.03,2005,3,1.369127248
제주특별자치도,2005.04,2005,4,1.365026755
제주특별자치도,2005.05,2005,5,1.36773944
제주특별자치도,2005.06,2005,6,1.370499559
제주특별자치도,2005.07,2005,7,1.363665377
제주특별자치도,2005.08,2005,8,1.36095075
제주특별자치도,2005.09,2005,9,1.356881062
제주특별자치도,2005.1,2005,10,1.358228921
제주특별자치도,2005.11,2005,11,1.366372648
제주특별자치도,2005.12,2005,12,1.362306711
제주특별자치도,2006.01,2006,1,1.374503149
제주특별자치도,2006.02,2006,2,1.375865807
제주특별자치도,2006.03,2006,3,1.365039606
제주특별자치도,2006.04,2006,4,1.359672384
제주특별자치도,2006.05,2006,5,1.358341598
제주특별자치도,2006.06,2006,6,1.362359624
제주특별자치도,2006.07,2006,7,1.355687827
제주특별자치도,2006.08,2006,8,1.349098544
제주특별자치도,2006.09,2006,9,1.349098544
제주특별자치도,2006.1,2006,10,1.357031107
제주특별자치도,2006.11,2006,11,1.362359624
제주특별자치도,2006.12,2006,12,1.358341598
제주특별자치도,2007.01,2007,1,1.361040923
제주특별자치도,2007.02,2007,2,1.354425622
제주특별자치도,2007.03,2007,3,1.346589005
제주특별자치도,2007.04,2007,4,1.342678727
제주특별자치도,2007.05,2007,5,1.342678727
제주특별자치도,2007.06,2007,6,1.341368864
제주특별자치도,2007.07,2007,7,1.336223211
제주특별자치도,2007.08,2007,8,1.336223211
제주특별자치도,2007.09,2007,9,1.329846397
제주특별자치도,2007.1,2007,10,1.323530157
제주특별자치도,2007.11,2007,11,1.321020429
제주특별자치도,2007.12,2007,12,1.314771012
제주특별자치도,2008.01,2008,1,1.306159692
제주특별자치도,2008.02,2008,2,1.302480369
제주특별자치도,2008.03,2008,3,1.291613621
제주특별자치도,2008.04,2008,4,1.283286258
제주특별자치도,2008.05,2008,5,1.270399728
제주특별자치도,2008.06,2008,6,1.261184933
제주특별자치도,2008.07,2008,7,1.248751225
제주특별자치도,2008.08,2008,8,1.254372382
제주특별자치도,2008.09,2008,9,1.254372382
제주특별자치도,2008.1,2008,10,1.257769433
제주특별자치도,2008.11,2008,11,1.270399728
제주특별자치도,2008.12,2008,12,1.270399728
제주특별자치도,2009.01,2009,1,1.270399728
제주특별자치도,2009.02,2009,2,1.261184933
제주특별자치도,2009.03,2009,3,1.254372382
제주특별자치도,2009.04,2009,4,1.253244105
제주특별자치도,2009.05,2009,5,1.253244105
제주특별자치도,2009.06,2009,6,1.249871422
제주특별자치도,2009.07,2009,7,1.246516843
제주특별자치도,2009.08,2009,8,1.240950979
제주특별자치도,2009.09,2009,9,1.242071982
제주특별자치도,2009.1,2009,10,1.244290443
제주특별자치도,2009.11,2009,11,1.242071982
제주특별자치도,2009.12,2009,12,1.238744399
제주특별자치도,2010.01,2010,1,1.224788759
제주특별자치도,2010.02,2010,2,1.223541257
제주특별자치도,2010.03,2010,3,1.217384214
제주특별자치도,2010.04,2010,4,1.214935888
제주특별자치도,2010.05,2010,5,1.213722462
제주특별자치도,2010.06,2010,6,1.214935888
제주특별자치도,2010.07,2010,7,1.208864932
제주특별자치도,2010.08,2010,8,1.230773671
제주특별자치도,2010.09,2010,9,1.222237507
제주특별자치도,2010.1,2010,10,1.218605342
제주특별자치도,2010.11,2010,11,1.222237507
제주특별자치도,2010.12,2010,12,1.217422582
제주특별자치도,2011.01,2011,1,1.201981939
제주특별자치도,2011.02,2011,2,1.19038687
제주특별자치도,2011.03,2011,3,1.189244961
제주특별자치도,2011.04,2011,4,1.186941275
제주특별자치도,2011.05,2011,5,1.184659659
제주특별자치도,2011.06,2011,6,1.182399911
제주특별자치도,2011.07,2011,7,1.179000332
제주특별자치도,2011.08,2011,8,1.19658383
제주특별자치도,2011.09,2011,9,1.197717458
제주특별자치도,2011.1,2011,10,1.20001766
제주특별자치도,2011.11,2011,11,1.201144536
제주특별자치도,2011.12,2011,12,1.197717458
제주특별자치도,2012.01,2012,1,1.196579127
제주특별자치도,2012.02,2012,2,1.193177702
제주특별자치도,2012.03,2012,3,1.194318107
제주특별자치도,2012.04,2012,4,1.193518285
제주특별자치도,2012.05,2012,5,1.193072947
제주특별자치도,2012.06,2012,6,1.196355273
제주특별자치도,2012.07,2012,7,1.199549813
제주특별자치도,2012.08,2012,8,1.217331258
제주특별자치도,2012.09,2012,9,1.208746
제주특별자치도,2012.1,2012,10,1.207720748
제주특별자치도,2012.11,2012,11,1.211832228
제주특별자치도,2012.12,2012,12,1.211700015
제주특별자치도,2013.01,2013,1,1.229137737
제주특별자치도,2013.02,2013,2,1.224766229
제주특별자치도,2013.03,2013,3,1.227526355
제주특별자치도,2013.04,2013,4,1.229137737
제주특별자치도,2013.05,2013,5,1.226489851
제주특별자치도,2013.06,2013,6,1.22579982
제주특별자치도,2013.07,2013,7,1.223166282
제주특별자치도,2013.08,2013,8,1.22146515
제주특별자치도,2013.09,2013,9,1.21987381
제주특별자치도,2013.1,2013,10,1.221570509
제주특별자치도,2013.11,2013,11,1.256961998
제주특별자치도,2013.12,2013,12,1.255321215
제주특별자치도,2014.01,2014,1,1.249041981
제주특별자치도,2014.02,2014,2,1.246032596
제주특별자치도,2014.03,2014,3,1.242002796
제주특별자치도,2014.04,2014,4,1.242811979
제주특별자치도,2014.05,2014,5,1.241433022
제주특별자치도,2014.06,2014,6,1.244992724
제주특별자치도,2014.07,2014,7,1.242573094
제주특별자치도,2014.08,2014,8,1.237327605
제주특별자치도,2014.09,2014,9,1.239938196
제주특별자치도,2014.1,2014,10,1.241777474
제주특별자치도,2014.11,2014,11,1.247528786
제주특별자치도,2014.12,2014,12,1.25089494
제주특별자치도,2015.01,2015,1,1.239707403
제주특별자치도,2015.02,2015,2,1.243326774
제주특별자치도,2015.03,2015,3,1.239707403
제주특별자치도,2015.04,2015,4,1.238215434
제주특별자치도,2015.05,2015,5,1.232531513
제주특별자치도,2015.06,2015,6,1.231304477
제주특별자치도,2015.07,2015,7,1.151526051
제주특별자치도,2015.08,2015,8,1.150613108
제주특별자치도,2015.09,2015,9,1.154873688
제주특별자치도,2015.1,2015,10,1.232165757
제주특별자치도,2015.11,2015,11,1.234874878
제주특별자치도,2015.12,2015,12,1.234258719
제주특별자치도,2016.01,2016,1,1.232413925
제주특별자치도,2016.02,2016,2,1.228610982
제주특별자치도,2016.03,2016,3,1.227145586
제주특별자치도,2016.04,2016,4,1.222654566
제주특별자치도,2016.05,2016,5,1.220472606
제주특별자치도,2016.06,2016,6,1.21962759
제주특별자치도,2016.07,2016,7,0.990648033
제주특별자치도,2016.08,2016,8,0.990056372
제주특별자치도,2016.09,2016,9,0.985975603
제주특별자치도,2016.1,2016,10,1.208295659
제주특별자치도,2016.11,2016,11,1.209829651
제주특별자치도,2016.12,2016,12,1.069984383
제주특별자치도,2017.01,2017,1,1.057858385
제주특별자치도,2017.02,2017,2,1.055403227
제주특별자치도,2017.03,2017,3,1.057444773
제주특별자치도,2017.04,2017,4,1.056216727
제주특별자치도,2017.05,2017,5,1.056325289
제주특별자치도,2017.06,2017,6,1.057553587
제주특별자치도,2017.07,2017,7,1.054688382
제주특별자치도,2017.08,2017,8,1.050119039
제주특별자치도,2017.09,2017,9,1.046398208
제주특별자치도,2017.1,2017,10,1.044696315
제주특별자치도,2017.11,2017,11,1.053769174
제주특별자치도,2017.12,2017,12,1.051741782
제주특별자치도,2018.01,2018,1,1.044696315
제주특별자치도,2018.02,2018,2,1.036561873
제주특별자치도,2018.03,2018,3,1.039823546
제주특별자치도,2018.04,2018,4,1.037639837
제주특별자치도,2018.05,2018,5,1.034693836
제주특별자치도,2018.06,2018,6,1.036948845
제주특별자치도,2018.07,2018,7,0.857191996
제주특별자치도,2018.08,2018,8,0.851754677
제주특별자치도,2018.09,2018,9,1.02305487
제주특별자치도,2018.1,2018,10,1.024115115
제주특별자치도,2018.11,2018,11,1.034985599
제주특별자치도,2018.12,2018,12,1.040708036
제주특별자치도,2019.01,2019,1,1.040507841
제주특별자치도,2019.02,2019,2,1.036655975
제주특별자치도,2019.03,2019,3,1.038531109
제주특별자치도,2019.04,2019,4,1.034100399
제주특별자치도,2019.05,2019,5,1.029521663
제주특별자치도,2019.06,2019,6,1.031754159
제주특별자치도,2019.07,2019,7,0.86681493
제주특별자치도,2019.08,2019,8,0.86386794
제주특별자치도,2019.09,2019,9,1.024973072
제주특별자치도,2019.1,2019,10,1.022963221
제주특별자치도,2019.11,2019,11,1.03126756
제주특별자치도,2019.12,2019,12,1.030492024
제주특별자치도,2020.01,2020,1,1.019853087
제주특별자치도,2020.02,2020,2,1.023001095
제주특별자치도,2020.03,2020,3,1.028737359
제주특별자치도,2020.04,2020,4,1.035789898
제주특별자치도,2020.05,2020,5,1.0368352
제주특별자치도,2020.06,2020,6,1.032044199
제주특별자치도,2020.07,2020,7,0.865843869
제주특별자치도,2020.08,2020,8,0.861607589
제주특별자치도,2020.09,2020,9,1.0200556
제주특별자치도,2020.1,2020,10,1.022593809
제주특별자치도,2020.11,2020,11,1.02678393
제주특별자치도,2020.12,2020,12,1.026681323
제주특별자치도,2021.01,2021,1,0.995932136
제주특별자치도,2021.02,2021,2,0.990136122
제주특별자치도,2021.03,2021,3,0.987797678
제주특별자치도,2021.04,2021,4,0.983153771
제주특별자치도,2021.05,2021,5,0.982384028
제주특별자치도,2021.06,2021,6,0.983924721
제주특별자치도,2021.07,2021,7,0.842953413
제주특별자치도,2021.08,2021,8,0.838042528
제주특별자치도,2021.09,2021,9,0.992657714
제주특별자치도,2021.1,2021,10,1.016297011
제주특별자치도,2021.11,2021,11,1.009386074
제주특별자치도,2021.12,2021,12,1.009192761
제주특별자치도,2022.01,2022,1,0.997256386
제주특별자치도,2022.02,2022,2,0.992467753
제주특별자치도,2022.03,2022,3,0.986338542
제주특별자치도,2022.04,2022,4,1.034806014
제주특별자치도,2022.05,2022,5,1.027462907
제주특별자치도,2022.06,2022,6,1.018452544
제주특별자치도,2022.07,2022,7,0.930249499
제주특별자치도,2022.08,2022,8,0.929826158
제주특별자치도,2022.09,2022,9,1.073684211
제주특별자치도,2022.1,2022,10,1.131936888
제주특별자치도,2022.11,2022,11,1.135230993
제주특별자치도,2022.12,2022,12,1.136160917
제주특별자치도,2023.01,2023,1,1.231130372
제주특별자치도,2023.02,2023,2,1.22813654
제주특별자치도,2023.03,2023,3,1.227583723
제주특별자치도,2023.04,2023,4,1.224827091
제주특별자치도,2023.05,2023,5,1.256055984
제주특별자치도,2023.06,2023,6,1.286534494
제주특별자치도,2023.07,2023,7,1.144420524
제주특별자치도,2023.08,2023,8,1.134548688
제주특별자치도,2023.09,2023,9,1.266313466
제주특별자치도,2023.1,2023,10,1.262523109
제주특별자치도,2023.11,2023,11,1.271365248
제주특별자치도,2023.12,2023,12,1.272493345
제주특별자치도,2024.01,2024,1,1.268217191
제주특별자치도,2024.02,2024,2,1.260525622
제주특별자치도,2024.03,2024,3,1.259750527
제주특별자치도,2024.04,2024,4,1.257100281
제주특별자치도,2024.05,2024,5,1.257651495
제주특별자치도,2024.06,2024,6,1.260968962
제주특별자치도,2024.07,2024,7,1.114308273
제주특별자치도,2024.08,2024,8,1.111772429
제주특별자치도,2024.09,2024,9,1.251468139
제주특별자치도,2024.1,2024,10,1.248731852
제주특별자치도,2024.11,2024,11,1.251248795
제주특별자치도,2024.12,2024,12,1.248404302
제주특별자치도,2025.01,2025,1,1.239732569
제주특별자치도,2025.02,2025,2,1.235762506
제주특별자치도,2025.03,2025,3,1.235227961
제주특별자치도,2025.04,2025,4,1.234373649
제주특별자치도,2025.05,2025,5,1.234373649
