시도,시군구,year,month,grdp_month
강원특별자치도,강릉시,2010,1,308451.8737
강원특별자치도,강릉시,2010,2,322260.2607
강원특별자치도,강릉시,2010,3,332824.2168
강원특별자치도,강릉시,2010,4,354194.2507
강원특별자치도,강릉시,2010,5,344438.6086
강원특별자치도,강릉시,2010,6,346267.5587
강원특별자치도,강릉시,2010,7,334005.0257
강원특별자치도,강릉시,2010,8,336575.2407
강원특별자치도,강릉시,2010,9,341954.0674
강원특별자치도,강릉시,2010,10,353844.1055
강원특별자치도,강릉시,2010,11,374368.5759
강원특별자치도,강릉시,2010,12,371448.2157
강원특별자치도,강릉시,2011,1,346632.443
강원특별자치도,강릉시,2011,2,327113.9226
강원특별자치도,강릉시,2011,3,360414.7791
강원특별자치도,강릉시,2011,4,343068.8957
강원특별자치도,강릉시,2011,5,349012.8363
강원특별자치도,강릉시,2011,6,348548.0258
강원특별자치도,강릉시,2011,7,359622.4885
강원특별자치도,강릉시,2011,8,362622.6291
강원특별자치도,강릉시,2011,9,367013.6799
강원특별자치도,강릉시,2011,10,363693.1018
강원특별자치도,강릉시,2011,11,368379.9412
강원특별자치도,강릉시,2011,12,367605.257
강원특별자치도,강릉시,2012,1,350479.8312
강원특별자치도,강릉시,2012,2,371859.5507
강원특별자치도,강릉시,2012,3,374484.144
강원특별자치도,강릉시,2012,4,375889.5487
강원특별자치도,강릉시,2012,5,371142.7943
강원특별자치도,강릉시,2012,6,362966.8523
강원특별자치도,강릉시,2012,7,354692.5319
강원특별자치도,강릉시,2012,8,343073.3483
강원특별자치도,강릉시,2012,9,347756.8596
강원특별자치도,강릉시,2012,10,369196.3087
강원특별자치도,강릉시,2012,11,351431.9929
강원특별자치도,강릉시,2012,12,349155.2373
강원특별자치도,강릉시,2013,1,355784.2197
강원특별자치도,강릉시,2013,2,351141.2108
강원특별자치도,강릉시,2013,3,347622.8183
강원특별자치도,강릉시,2013,4,369131.5483
강원특별자치도,강릉시,2013,5,365486.2399
강원특별자치도,강릉시,2013,6,362401.4769
강원특별자치도,강릉시,2013,7,368648.5626
강원특별자치도,강릉시,2013,8,357853.655
강원특별자치도,강릉시,2013,9,360843.2309
강원특별자치도,강릉시,2013,10,387287.5817
강원특별자치도,강릉시,2013,11,361040.6558
강원특별자치도,강릉시,2013,12,359605.8003
강원특별자치도,강릉시,2014,1,391176.2282
강원특별자치도,강릉시,2014,2,391688.3955
강원특별자치도,강릉시,2014,3,396955.8685
강원특별자치도,강릉시,2014,4,384469.4528
강원특별자치도,강릉시,2014,5,380330.991
강원특별자치도,강릉시,2014,6,376786.9424
강원특별자치도,강릉시,2014,7,375459.7935
강원특별자치도,강릉시,2014,8,365926.7515
강원특별자치도,강릉시,2014,9,375571.9469
강원특별자치도,강릉시,2014,10,378648.6895
강원특별자치도,강릉시,2014,11,368846.4792
강원특별자치도,강릉시,2014,12,357040.461
강원특별자치도,강릉시,2015,1,391614.2747
강원특별자치도,강릉시,2015,2,398979.8001
강원특별자치도,강릉시,2015,3,393025.7039
강원특별자치도,강릉시,2015,4,388573.9692
강원특별자치도,강릉시,2015,5,376436.4688
강원특별자치도,강릉시,2015,6,400553.3262
강원특별자치도,강릉시,2015,7,398841.4247
강원특별자치도,강릉시,2015,8,412228.2574
강원특별자치도,강릉시,2015,9,413212.6996
강원특별자치도,강릉시,2015,10,385264.8201
강원특별자치도,강릉시,2015,11,389922.1411
강원특별자치도,강릉시,2015,12,391713.1142
강원특별자치도,강릉시,2016,1,387763.9599
강원특별자치도,강릉시,2016,2,378641.7024
강원특별자치도,강릉시,2016,3,384163.0687
강원특별자치도,강릉시,2016,4,392641.1668
강원특별자치도,강릉시,2016,5,414058.467
강원특별자치도,강릉시,2016,6,415566.8402
강원특별자치도,강릉시,2016,7,407612.8719
강원특별자치도,강릉시,2016,8,432403.0067
강원특별자치도,강릉시,2016,9,424685.0967
강원특별자치도,강릉시,2016,10,414370.5442
강원특별자치도,강릉시,2016,11,435883.8681
강원특별자치도,강릉시,2016,12,409777.4075
강원특별자치도,강릉시,2017,1,397371.8374
강원특별자치도,강릉시,2017,2,397000.6262
강원특별자치도,강릉시,2017,3,415178.2533
강원특별자치도,강릉시,2017,4,420691.7167
강원특별자치도,강릉시,2017,5,430468.2479
강원특별자치도,강릉시,2017,6,445961.4317
강원특별자치도,강릉시,2017,7,414310.7913
강원특별자치도,강릉시,2017,8,431488.1018
강원특별자치도,강릉시,2017,9,453088.6871
강원특별자치도,강릉시,2017,10,426076.2331
강원특별자치도,강릉시,2017,11,428686.434
강원특별자치도,강릉시,2017,12,424200.6396
강원특별자치도,강릉시,2018,1,416234.5465
강원특별자치도,강릉시,2018,2,425723.4725
강원특별자치도,강릉시,2018,3,404694.9294
강원특별자치도,강릉시,2018,4,412614.9772
강원특별자치도,강릉시,2018,5,427415.7904
강원특별자치도,강릉시,2018,6,422083.9936
강원특별자치도,강릉시,2018,7,424863.3768
강원특별자치도,강릉시,2018,8,430899.9743
강원특별자치도,강릉시,2018,9,412634.8868
강원특별자치도,강릉시,2018,10,413088.8262
강원특별자치도,강릉시,2018,11,422669.3364
강원특별자치도,강릉시,2018,12,423648.8899
강원특별자치도,강릉시,2019,1,456500.1536
강원특별자치도,강릉시,2019,2,451326.746
강원특별자치도,강릉시,2019,3,413048.5243
강원특별자치도,강릉시,2019,4,438861.4558
강원특별자치도,강릉시,2019,5,433941.9322
강원특별자치도,강릉시,2019,6,425193.3379
강원특별자치도,강릉시,2019,7,439852.0197
강원특별자치도,강릉시,2019,8,431428.064
강원특별자치도,강릉시,2019,9,471974.5939
강원특별자치도,강릉시,2019,10,432339.5493
강원특별자치도,강릉시,2019,11,429097.3253
강원특별자치도,강릉시,2019,12,450082.298
강원특별자치도,강릉시,2020,1,500733.6937
강원특별자치도,강릉시,2020,2,464037.9963
강원특별자치도,강릉시,2020,3,482618.0962
강원특별자치도,강릉시,2020,4,463108.9913
강원특별자치도,강릉시,2020,5,426877.7964
강원특별자치도,강릉시,2020,6,451496.4288
강원특별자치도,강릉시,2020,7,460786.4788
강원특별자치도,강릉시,2020,8,455676.9513
강원특별자치도,강릉시,2020,9,462644.4888
강원특별자치도,강릉시,2020,10,463573.4938
강원특별자치도,강릉시,2020,11,471470.0362
강원특별자치도,강릉시,2020,12,473792.5487
강원특별자치도,강릉시,2021,1,461962.7314
강원특별자치도,강릉시,2021,2,477876.3412
강원특별자치도,강릉시,2021,3,506895.2767
강원특별자치도,강릉시,2021,4,467579.2996
강원특별자치도,강릉시,2021,5,461026.6367
강원특별자치도,강릉시,2021,6,458686.4
강원특별자치도,강릉시,2021,7,476004.1518
강원특별자치도,강릉시,2021,8,475068.0571
강원특별자치도,강릉시,2021,9,470387.5837
강원특별자치도,강릉시,2021,10,483960.9567
강원특별자치도,강릉시,2021,11,490045.5722
강원특별자치도,강릉시,2021,12,504086.9927
강원특별자치도,고성군,2010,1,60436.06643
강원특별자치도,고성군,2010,2,63141.59252
강원특별자치도,고성군,2010,3,65211.42579
강원특별자치도,고성군,2010,4,69398.53212
강원특별자치도,고성군,2010,5,67487.07465
강원특별자치도,고성군,2010,6,67845.42731
강원특별자치도,고성군,2010,7,65442.78586
강원특별자치도,고성군,2010,8,65946.37717
강원특별자치도,고성군,2010,9,67000.26972
강원특별자치도,고성군,2010,10,69329.92692
강원특별자치도,고성군,2010,11,73351.359
강원특별자치도,고성군,2010,12,72779.16249
강원특별자치도,고성군,2011,1,67389.67822
강원특별자치도,고성군,2011,2,63595.03396
강원특별자치도,고성군,2011,3,70069.13657
강원특별자치도,고성군,2011,4,66696.8801
강원특별자치도,고성군,2011,5,67852.45641
강원특별자치도,고성군,2011,6,67762.09144
강원특별자치도,고성군,2011,7,69915.10537
강원특별자치도,고성군,2011,8,70498.37019
강원특별자치도,고성군,2011,9,71352.04535
강원특별자치도,고성군,2011,10,70706.48346
강원특별자치도,고성군,2011,11,71617.6636
강원특별자치도,고성군,2011,12,71467.05531
강원특별자치도,고성군,2012,1,70125.98563
강원특별자치도,고성군,2012,2,74403.76074
강원특별자치도,고성군,2012,3,74928.90421
강원특별자치도,고성군,2012,4,75210.10553
강원특별자치도,고성군,2012,5,74260.34806
강원특별자치도,고성군,2012,6,72624.45937
강원특별자치도,고성군,2012,7,70968.88659
강원특별자치도,고성군,2012,8,68644.05466
강원특별자치도,고성군,2012,9,69581.15807
강원특별자치도,고성군,2012,10,73870.88423
강원특별자치도,고성군,2012,11,70316.49952
강원특별자치도,고성군,2012,12,69860.95338
강원특별자치도,고성군,2013,1,69570.82696
강원특별자치도,고성군,2013,2,68662.92281
강원특별자치도,고성군,2013,3,67974.92862
강원특별자치도,고성군,2013,4,72180.79288
강원특별자치도,고성군,2013,5,71467.98127
강원특별자치도,고성군,2013,6,70864.77996
강원특별자치도,고성군,2013,7,72086.34879
강원특별자치도,고성군,2013,8,69975.48887
강원특별자치도,고성군,2013,9,70560.07712
강원특별자치도,고성군,2013,10,75731.06349
강원특별자치도,고성군,2013,11,70598.682
강원특별자치도,고성군,2013,12,70318.10722
강원특별자치도,고성군,2014,1,75200.19338
강원특별자치도,고성군,2014,2,75298.65305
강원특별자치도,고성군,2014,3,76311.27846
강원특별자치도,고성군,2014,4,73910.87472
강원특별자치도,고성군,2014,5,73115.2918
강원특별자치도,고성군,2014,6,72433.9796
강원특별자치도,고성군,2014,7,72178.84687
강원특별자치도,고성군,2014,8,70346.2033
강원특별자치도,고성군,2014,9,72200.40738
강원특별자치도,고성군,2014,10,72791.88411
강원특별자치도,고성군,2014,11,70907.49531
강원특별자치도,고성군,2014,12,68637.89201
강원특별자치도,고성군,2015,1,74402.86739
강원특별자치도,고성군,2015,2,75802.24492
강원특별자치도,고성군,2015,3,74671.02508
강원특별자치도,고성군,2015,4,73825.2392
강원특별자치도,고성군,2015,5,71519.2333
강원특별자치도,고성군,2015,6,76101.19943
강원특별자치도,고성군,2015,7,75775.95495
강원특별자치도,고성군,2015,8,78319.32172
강원특별자치도,고성군,2015,9,78506.35608
강원특별자치도,고성군,2015,10,73196.53336
강원특별자치도,고성군,2015,11,74081.37862
강원특별자치도,고성군,2015,12,74421.64594
강원특별자치도,고성군,2016,1,73110.87992
강원특별자치도,고성군,2016,2,71390.92567
강원특별자치도,고성군,2016,3,72431.95061
강원특별자치도,고성군,2016,4,74030.45195
강원특별자치도,고성군,2016,5,78068.57261
강원특별자치도,고성군,2016,6,78352.96856
강원특별자치도,고성군,2016,7,76853.28915
강원특별자치도,고성군,2016,8,81527.34026
강원특별자치도,고성군,2016,9,80072.16844
강원특별자치도,고성군,2016,10,78127.41315
강원특별자치도,고성군,2016,11,82183.63859
강원특별자치도,고성군,2016,12,77261.4011
강원특별자치도,고성군,2017,1,73722.86893
강원특별자치도,고성군,2017,2,73653.99954
강원특별자치도,고성군,2017,3,77026.42479
강원특별자치도,고성군,2017,4,78049.31646
강원특별자치도,고성군,2017,5,79863.11869
강원특별자치도,고성군,2017,6,82737.50952
강원특별자치도,고성군,2017,7,76865.4879
강원특별자치도,고성군,2017,8,80052.32828
강원특별자치도,고성군,2017,9,84059.80179
강원특별자치도,고성군,2017,10,79048.28507
강원특별자치도,고성군,2017,11,79532.54562
강원특별자치도,고성군,2017,12,78700.31342
강원특별자치도,고성군,2018,1,80686.43247
강원특별자치도,고성군,2018,2,82525.84632
강원특별자치도,고성군,2018,3,78449.49528
강원특별자치도,고성군,2018,4,79984.78447
강원특별자치도,고성군,2018,5,82853.89956
강원특별자치도,고성군,2018,6,81820.33887
강원특별자치도,고성군,2018,7,82359.11808
강원특별자치도,고성군,2018,8,83529.3033
강원특별자치도,고성군,2018,9,79988.64392
강원특별자치도,고성군,2018,10,80076.63938
강원특별자치도,고성군,2018,11,81933.8067
강원특별자치도,고성군,2018,12,82123.69163
강원특별자치도,고성군,2019,1,94348.22642
강원특별자치도,고성군,2019,2,93279.00043
강원특별자치도,고성군,2019,3,85367.76031
강원특별자치도,고성군,2019,4,90702.70771
강원특별자치도,고성군,2019,5,89685.95379
강원특별자치도,고성군,2019,6,87877.81779
강원특별자치도,고성군,2019,7,90907.43481
강원특별자치도,고성군,2019,8,89166.39425
강원특별자치도,고성군,2019,9,97546.44222
강원특별자치도,고성군,2019,10,89354.77759
강원특별자치도,고성군,2019,11,88684.68343
강원특별자치도,고성군,2019,12,93021.80125
강원특별자치도,고성군,2020,1,102570.4519
강원특별자치도,고성군,2020,2,95053.6934
강원특별자치도,고성군,2020,3,98859.64709
강원특별자치도,고성군,2020,4,94863.39572
강원특별자치도,고성군,2020,5,87441.78602
강원특별자치도,고성군,2020,6,92484.67466
강원특별자치도,고성군,2020,7,94387.65151
강원특별자치도,고성군,2020,8,93341.01424
강원특별자치도,고성군,2020,9,94768.24688
강원특별자치도,고성군,2020,10,94958.54456
강원특별자치도,고성군,2020,11,96576.07488
강원특별자치도,고성군,2020,12,97051.81909
강원특별자치도,고성군,2021,1,93313.31657
강원특별자치도,고성군,2021,2,96527.75706
강원특별자치도,고성군,2021,3,102389.3838
강원특별자치도,고성군,2021,4,94447.82498
강원특별자치도,고성군,2021,5,93124.23184
강원특별자치도,고성군,2021,6,92651.52
강원특별자치도,고성군,2021,7,96149.58759
강원특별자치도,고성군,2021,8,95960.50286
강원특별자치도,고성군,2021,9,95015.07918
강원특별자치도,고성군,2021,10,97756.80784
강원특별자치도,고성군,2021,11,98985.85861
강원특별자치도,고성군,2021,12,101822.1296
강원특별자치도,동해시,2010,1,196671.3128
강원특별자치도,동해시,2010,2,205475.6477
강원특별자치도,동해시,2010,3,212211.3082
강원특별자치도,동해시,2010,4,225837.008
강원특별자치도,동해시,2010,5,219616.7347
강원특별자치도,동해시,2010,6,220782.8875
강원특별자치도,동해시,2010,7,212964.2012
강원특별자치도,동해시,2010,8,214602.9902
강원특별자치도,동해시,2010,9,218032.572
강원특별자치도,동해시,2010,10,225613.7527
강원특별자치도,동해시,2010,11,238700.3146
강원특별자치도,동해시,2010,12,236838.2702
강원특별자치도,동해시,2011,1,207852.9824
강원특별자치도,동해시,2011,2,196148.9923
강원특별자치도,동해시,2011,3,216117.355
강원특별자치도,동해시,2011,4,205716.1544
강원특별자치도,동해시,2011,5,209280.3498
강원특별자치도,동해시,2011,6,209001.6331
강원특별자치도,동해시,2011,7,215642.2697
강원특별자치도,동해시,2011,8,217441.2594
강원특별자치도,동해시,2011,9,220074.2876
강원특별자치도,동해시,2011,10,218083.1524
강원특별자치도,동해시,2011,11,220893.5458
강원특별자치도,동해시,2011,12,220429.018
강원특별자치도,동해시,2012,1,218788.3298
강원특별자치도,동해시,2012,2,232134.6987
강원특별자치도,동해시,2012,3,233773.1107
강원특별자치도,동해시,2012,4,234650.4398
강원특별자치도,동해시,2012,5,231687.2608
강원특별자치도,동해시,2012,6,226583.3988
강원특별자치도,동해시,2012,7,221418.1238
강원특별자치도,동해시,2012,8,214164.8055
강원특별자치도,동해시,2012,9,217088.5047
강원특별자치도,동해시,2012,10,230472.16
강원특별자치도,동해시,2012,11,219382.7203
강원특별자치도,동해시,2012,12,217961.4471
강원특별자치도,동해시,2013,1,216558.7526
강원특별자치도,동해시,2013,2,213732.6457
강원특별자치도,동해시,2013,3,211591.0705
강원특별자치도,동해시,2013,4,224683.0051
강원특별자치도,동해시,2013,5,222464.1786
강원특별자치도,동해시,2013,6,220586.545
강원특별자치도,동해시,2013,7,224389.0213
강원특별자치도,동해시,2013,8,217818.3765
강원특별자치도,동해시,2013,9,219638.0718
강원특별자치도,동해시,2013,10,235734.2202
강원특별자치도,동해시,2013,11,219758.2403
강원특별자치도,동해시,2013,12,218884.8724
강원특별자치도,동해시,2014,1,248046.8131
강원특별자치도,동해시,2014,2,248371.581
강원특별자치도,동해시,2014,3,251711.7121
강원특별자치도,동해시,2014,4,243794.0131
강원특별자치도,동해시,2014,5,241169.7937
강원특별자치도,동해시,2014,6,238922.4947
강원특별자치도,동해시,2014,7,238080.9429
강원특별자치도,동해시,2014,8,232035.993
강원특별자치도,동해시,2014,9,238152.0599
강원특별자치도,동해시,2014,10,240103.0378
강원특별자치도,동해시,2014,11,233887.4071
강원특별자치도,동해시,2014,12,226401.1515
강원특별자치도,동해시,2015,1,231178.4113
강원특별자치도,동해시,2015,2,235526.441
강원특별자치도,동해시,2015,3,232011.6086
강원특별자치도,동해시,2015,4,229383.653
강원특별자치도,동해시,2015,5,222218.6229
강원특별자치도,동해시,2015,6,236455.3276
강원특별자치도,동해시,2015,7,235444.755
강원특별자치도,동해시,2015,8,243347.293
강원특별자치도,동해시,2015,9,243928.4306
강원특별자치도,동해시,2015,10,227430.1904
강원특별자치도,동해시,2015,11,230179.5081
강원특별자치도,동해시,2015,12,231236.7585
강원특별자치도,동해시,2016,1,212072.9441
강원특별자치도,동해시,2016,2,207083.8678
강원특별자치도,동해시,2016,3,210103.5719
강원특별자치도,동해시,2016,4,214740.3494
강원특별자치도,동해시,2016,5,226453.7379
강원특별자치도,동해시,2016,6,227278.686
강원특별자치도,동해시,2016,7,222928.5616
강원특별자치도,동해시,2016,8,236486.5954
강원특별자치도,동해시,2016,9,232265.5742
강원특별자치도,동해시,2016,10,226624.4168
강원특별자치도,동해시,2016,11,238390.3219
강원특별자치도,동해시,2016,12,224112.3731
강원특별자치도,동해시,2017,1,236514.382
강원특별자치도,동해시,2017,2,236293.4383
강원특별자치도,동해시,2017,3,247112.7009
강원특별자치도,동해시,2017,4,250394.2958
강원특별자치도,동해시,2017,5,256213.2543
강원특별자치도,동해시,2017,6,265434.7453
강원특별자치도,동해시,2017,7,246596.3904
강원특별자치도,동해시,2017,8,256820.2679
강원특별자치도,동해시,2017,9,269676.8637
강원특별자치도,동해시,2017,10,253599.1418
강원특별자치도,동해시,2017,11,255152.7247
강원특별자치도,동해시,2017,12,252482.7949
강원특별자치도,동해시,2018,1,258167.7087
강원특별자치도,동해시,2018,2,264053.1747
강원특별자치도,동해시,2018,3,251010.3102
강원특별자치도,동해시,2018,4,255922.6862
강원특별자치도,동해시,2018,5,265102.8277
강원특별자치도,동해시,2018,6,261795.8033
강원특별자치도,동해시,2018,7,263519.704
강원특별자치도,동해시,2018,8,267263.8779
강원특별자치도,동해시,2018,9,255935.035
강원특별자치도,동해시,2018,10,256216.589
강원특별자치도,동해시,2018,11,262158.8598
강원특별자치도,동해시,2018,12,262766.4236
강원특별자치도,동해시,2019,1,274248.3678
강원특별자치도,동해시,2019,2,271140.3764
강원특별자치도,동해시,2019,3,248144.2399
강원특별자치도,동해시,2019,4,263651.6921
강원특별자치도,동해시,2019,5,260696.2248
강원특별자치도,동해시,2019,6,255440.3937
강원특별자치도,동해시,2019,7,264246.7862
강원특별자치도,동해시,2019,8,259185.986
강원특별자치도,동해시,2019,9,283544.8379
강원특별자치도,동해시,2019,10,259733.5726
강원특별자치도,동해시,2019,11,257785.7645
강원특별자치도,동해시,2019,12,270392.7581
강원특별자치도,동해시,2020,1,266690.43
강원특별자치도,동해시,2020,2,247146.3261
강원특별자치도,동해시,2020,3,257042.0749
강원특별자치도,동해시,2020,4,246651.5386
강원특별자치도,동해시,2020,5,227354.8285
강원특별자치도,동해시,2020,6,240466.6957
강원특별자치도,동해시,2020,7,245414.57
강원특별자치도,동해시,2020,8,242693.2391
강원특별자치도,동해시,2020,9,246404.1449
강원특별자치도,동해시,2020,10,246898.9324
강원특별자치도,동해시,2020,11,251104.6256
강원특별자치도,동해시,2020,12,252341.5942
강원특별자치도,동해시,2021,1,256413.2537
강원특별자치도,동해시,2021,2,265246.1318
강원특별자치도,동해시,2021,3,281353.1447
강원특별자치도,동해시,2021,4,259530.7401
강원특별자치도,동해시,2021,5,255893.6727
강원특별자치도,동해시,2021,6,254594.72
강원특별자치도,동해시,2021,7,264206.9696
강원특별자치도,동해시,2021,8,263687.3886
강원특별자치도,동해시,2021,9,261089.4833
강원특별자치도,동해시,2021,10,268623.4087
강원특별자치도,동해시,2021,11,272000.6856
강원특별자치도,동해시,2021,12,279794.4015
강원특별자치도,삼척시,2010,1,137956.3235
강원특별자치도,삼척시,2010,2,144132.1793
강원특별자치도,삼척시,2010,3,148856.9506
강원특별자치도,삼척시,2010,4,158414.783
강원특별자치도,삼척시,2010,5,154051.5334
강원특별자치도,삼척시,2010,6,154869.5385
강원특별자치도,삼척시,2010,7,149385.072
강원특별자치도,삼척시,2010,8,150534.6109
강원특별자치도,삼척시,2010,9,152940.3125
강원특별자치도,삼척시,2010,10,158258.1791
강원특별자치도,삼척시,2010,11,167437.8299
강원특별자치도,삼척시,2010,12,166131.6872
강원특별자치도,삼척시,2011,1,156750.7027
강원특별자치도,삼척시,2011,2,147924.23
강원특별자치도,삼척시,2011,3,162983.2147
강원특별자치도,삼척시,2011,4,155139.2305
강원특별자치도,삼척시,2011,5,157827.1406
강원특별자치도,삼척시,2011,6,157616.9486
강원특별자치도,삼척시,2011,7,162624.9328
강원특별자치도,삼척시,2011,8,163981.6268
강원특별자치도,삼척시,2011,9,165967.3045
강원특별자치도,삼척시,2011,10,164465.7054
강원특별자치도,삼척시,2011,11,166585.1417
강원특별자치도,삼척시,2011,12,166234.8216
강원특별자치도,삼척시,2012,1,179239.8642
강원특별자치도,삼척시,2012,2,190173.7259
강원특별자치도,삼척시,2012,3,191515.9765
강원특별자치도,삼척시,2012,4,192234.7185
강원특별자치도,삼척시,2012,5,189807.1676
강원특별자치도,삼척시,2012,6,185625.8863
강원특별자치도,삼척시,2012,7,181394.2932
강원특별자치도,삼척시,2012,8,175452.0942
강원특별자치도,삼척시,2012,9,177847.3017
강원특별자치도,삼척시,2012,10,188811.71
강원특별자치도,삼척시,2012,11,179726.8119
강원특별자치도,삼척시,2012,12,178562.45
강원특별자치도,삼척시,2013,1,213011.0981
강원특별자치도,삼척시,2013,2,210231.2884
강원특별자치도,삼척시,2013,3,208124.7963
강원특별자치도,삼척시,2013,4,221002.2595
강원특별자치도,삼척시,2013,5,218819.7817
강원특별자치도,삼척시,2013,6,216972.9074
강원특별자치도,삼척시,2013,7,220713.0918
강원특별자치도,삼척시,2013,8,214250.087
강원특별자치도,삼척시,2013,9,216039.972
강원특별자치도,삼척시,2013,10,231872.4342
강원특별자치도,삼척시,2013,11,216158.172
강원특별자치도,삼척시,2013,12,215299.1116
강원특별자치도,삼척시,2014,1,244656.259
강원특별자치도,삼척시,2014,2,244976.5876
강원특별자치도,삼척시,2014,3,248271.0625
강원특별자치도,삼척시,2014,4,240461.5905
강원특별자치도,삼척시,2014,5,237873.2416
강원특별자치도,삼척시,2014,6,235656.661
강원특별자치도,삼척시,2014,7,234826.6123
강원특별자치도,삼척시,2014,8,228864.2909
강원특별자치도,삼척시,2014,9,234896.7572
강원특별자치도,삼척시,2014,10,236821.0672
강원특별자치도,삼척시,2014,11,230690.398
강원특별자치도,삼척시,2014,12,223306.4721
강원특별자치도,삼척시,2015,1,220470.0749
강원특별자치도,삼척시,2015,2,224616.7009
강원특별자치도,삼척시,2015,3,221264.678
강원특별자치도,삼척시,2015,4,218758.4509
강원특별자치도,삼척시,2015,5,211925.3098
강원특별자치도,삼척시,2015,6,225502.5609
강원특별자치도,삼척시,2015,7,224538.7987
강원특별자치도,삼척시,2015,8,232075.286
강원특별자치도,삼척시,2015,9,232629.5049
강원특별자치도,삼척시,2015,10,216895.474
강원특별자치도,삼척시,2015,11,219517.4415
강원특별자치도,삼척시,2015,12,220525.7194
강원특별자치도,삼척시,2016,1,180500.3305
강원특별자치도,삼척시,2016,2,176254.0089
강원특별자치도,삼척시,2016,3,178824.1509
강원특별자치도,삼척시,2016,4,182770.6227
강원특별자치도,삼척시,2016,5,192740.1664
강원특별자치도,삼척시,2016,6,193442.2994
강원특별자치도,삼척시,2016,7,189739.8049
강원특별자치도,삼척시,2016,8,201279.3702
강원특별자치도,삼척시,2016,9,197686.7586
강원특별자치도,삼척시,2016,10,192885.4353
강원특별자치도,삼척시,2016,11,202899.6771
강원특별자치도,삼척시,2016,12,190747.3751
강원특별자치도,삼척시,2017,1,178994.7854
강원특별자치도,삼척시,2017,2,178827.5746
강원특별자치도,삼척시,2017,3,187015.6246
강원특별자치도,삼척시,2017,4,189499.1453
강원특별자치도,삼척시,2017,5,193902.9504
강원특별자치도,삼척시,2017,6,200881.8021
강원특별자치도,삼척시,2017,7,186624.8793
강원특별자치도,삼척시,2017,8,194362.3401
강원특별자치도,삼척시,2017,9,204092.2499
강원특별자치도,삼척시,2017,10,191924.5823
강원특별자치도,삼척시,2017,11,193100.3384
강원특별자치도,삼척시,2017,12,191079.7276
강원특별자치도,삼척시,2018,1,190643.8986
강원특별자치도,삼척시,2018,2,194990.0199
강원특별자치도,삼척시,2018,3,185358.519
강원특별자치도,삼척시,2018,4,188986.0621
강원특별자치도,삼척시,2018,5,195765.136
강원특별자치도,삼척시,2018,6,193323.0645
강원특별자치도,삼척시,2018,7,194596.0786
강원특별자치도,삼척시,2018,8,197360.9632
강원특별자치도,삼척시,2018,9,188995.1811
강원특별자치도,삼척시,2018,10,189203.0946
강원특별자치도,삼척시,2018,11,193591.1634
강원특별자치도,삼척시,2018,12,194039.8188
강원특별자치도,삼척시,2019,1,215789.3137
강원특별자치도,삼척시,2019,2,213343.8247
강원특별자치도,삼척시,2019,3,195249.5675
강원특별자치도,삼척시,2019,4,207451.4359
강원특별자치도,삼척시,2019,5,205125.9589
강원특별자치도,삼척시,2019,6,200990.4659
강원특별자치도,삼척시,2019,7,207919.6791
강원특별자치도,삼척시,2019,8,203937.6441
강원특별자치도,삼척시,2019,9,223104.139
강원특별자치도,삼척시,2019,10,204368.5065
강원특별자치도,삼척시,2019,11,202835.8952
강원특별자치도,삼척시,2019,12,212755.5695
강원특별자치도,삼척시,2020,1,217073.967
강원특별자치도,삼척시,2020,2,201165.949
강원특별자치도,삼척시,2020,3,209220.6417
강원특별자치도,삼척시,2020,4,200763.2144
강원특별자치도,삼척시,2020,5,185056.5637
강원특별자치도,삼척시,2020,6,195729.0315
강원특별자치도,삼척시,2020,7,199756.3778
강원특별자치도,삼척시,2020,8,197541.3373
강원특별자치도,삼척시,2020,9,200561.8471
강원특별자치도,삼척시,2020,10,200964.5817
강원특별자치도,삼척시,2020,11,204387.8261
강원특별자치도,삼척시,2020,12,205394.6627
강원특별자치도,삼척시,2021,1,214191.5691
강원특별자치도,삼척시,2021,2,221570.0021
강원특별자치도,삼척시,2021,3,235024.7917
강원특별자치도,삼척시,2021,4,216795.722
강원특별자치도,삼척시,2021,5,213757.5437
강원특별자치도,삼척시,2021,6,212672.48
강원특별자치도,삼척시,2021,7,220701.9512
강원특별자치도,삼척시,2021,8,220267.9257
강원특별자치도,삼척시,2021,9,218097.7984
강원특별자치도,삼척시,2021,10,224391.1677
강원특별자치도,삼척시,2021,11,227212.3332
강원특별자치도,삼척시,2021,12,233722.7153
강원특별자치도,소계,2010,1,2653818.213
강원특별자치도,소계,2010,2,2772621.021
강원특별자치도,소계,2010,3,2863509.816
강원특별자치도,소계,2010,4,3047370.542
강원특별자치도,소계,2010,5,2963436.214
강원특별자치도,소계,2010,6,2979171.897
강원특별자치도,소계,2010,7,2873669.107
강원특별자치도,소계,2010,8,2895782.389
강원특별자치도,소계,2010,9,2942060.041
강원특별자치도,소계,2010,10,3044358.008
강원특별자치도,소계,2010,11,3220943.784
강원특별자치도,소계,2010,12,3195817.967
강원특별자치도,소계,2011,1,2950843.577
강원특별자치도,소계,2011,2,2784684.576
강원특별자치도,소계,2011,3,3068171.077
강원특별자치도,소계,2011,4,2920507.494
강원특별자치도,소계,2011,5,2971107.601
강원특별자치도,소계,2011,6,2967150.721
강원특별자치도,소계,2011,7,3061426.395
강원특별자치도,소계,2011,8,3086966.259
강원특별자치도,소계,2011,9,3124346.789
강원특별자치도,소계,2011,10,3096079.075
강원특별자치도,소계,2011,11,3135977.619
강원특별자치도,소계,2011,12,3129382.818
강원특별자치도,소계,2012,1,3002019.916
강원특별자치도,소계,2012,2,3185146.983
강원특별자치도,소계,2012,3,3207627.824
강원특별자치도,소계,2012,4,3219665.758
강원특별자치도,소계,2012,5,3179007.637
강원특별자치도,소계,2012,6,3108976.957
강원특별자치도,소계,2012,7,3038103.622
강원특별자치도,소계,2012,8,2938580.005
강원특별자치도,소계,2012,9,2978696.419
강원특별자치도,소계,2012,10,3162335.099
강원특별자치도,소계,2012,11,3010175.616
강원특별자치도,소계,2012,12,2990674.163
강원특별자치도,소계,2013,1,3127602.168
강원특별자치도,소계,2013,2,3086786.741
강원특별자치도,소계,2013,3,3055857.511
강원특별자치도,소계,2013,4,3244934.899
강원특별자치도,소계,2013,5,3212889.985
강원특별자치도,소계,2013,6,3185772.674
강원특별자치도,소계,2013,7,3240689.102
강원특별자치도,소계,2013,8,3145794.01
강원특별자치도,소계,2013,9,3172074.558
강원특별자치도,소계,2013,10,3404539.643
강원특별자치도,소계,2013,11,3173810.066
강원특별자치도,소계,2013,12,3161196.643
강원특별자치도,소계,2014,1,3451000.217
강원특별자치도,소계,2014,2,3455518.614
강원특별자치도,소계,2014,3,3501988.847
강원특별자치도,소계,2014,4,3391832.298
강원특별자치도,소계,2014,5,3355322.328
강원특별자치도,소계,2014,6,3324056.337
강원특별자치도,소계,2014,7,3312348.081
강원특별자치도,소계,2014,8,3228246.524
강원특별자치도,소계,2014,9,3313337.511
강원특별자치도,소계,2014,10,3340480.876
강원특별자치도,소계,2014,11,3254004.687
강원특별자치도,소계,2014,12,3149850.68
강원특별자치도,소계,2015,1,3376213.209
강원특별자치도,소계,2015,2,3439713.408
강원특별자치도,소계,2015,3,3388381.524
강원특별자치도,소계,2015,4,3350001.908
강원특별자치도,소계,2015,5,3245361.215
강원특별자치도,소계,2015,6,3453279.204
강원특별자치도,소계,2015,7,3438520.436
강원특별자치도,소계,2015,8,3553931.962
강원특별자치도,소계,2015,9,3562419.106
강원특별자치도,소계,2015,10,3321472.833
강원특별자치도,소계,2015,11,3361624.864
강원특별자치도,소계,2015,12,3377065.332
강원특별자치도,소계,2016,1,3329088.962
강원특별자치도,소계,2016,2,3250771.197
강원특별자치도,소계,2016,3,3298174.055
강원특별자치도,소계,2016,4,3370961.486
강원특별자치도,소계,2016,5,3554836.485
강원특별자치도,소계,2016,6,3567786.396
강원특별자치도,소계,2016,7,3499498.801
강원특별자치도,소계,2016,8,3712330.762
강원특별자치도,소계,2016,9,3646069.811
강원특별자치도,소계,2016,10,3557515.777
강원특별자치도,소계,2016,11,3742215.173
강원특별자치도,소계,2016,12,3518082.095
강원특별자치도,소계,2017,1,3420091.29
강원특별자치도,소계,2017,2,3416896.357
강원특별자치도,소계,2017,3,3573347.163
강원특별자치도,소계,2017,4,3620800.32
강원특별자치도,소계,2017,5,3704944.756
강원특별자치도,소계,2017,6,3838291.154
강원특별자치도,소계,2017,7,3565881.11
강원특별자치도,소계,2017,8,3713722.413
강원특별자치도,소계,2017,9,3899633.86
강원특별자치도,소계,2017,10,3667143.658
강원특별자치도,소계,2017,11,3689609.079
강원특별자치도,소계,2017,12,3651000.841
강원특별자치도,소계,2018,1,3683730.524
강원특별자치도,소계,2018,2,3767708.769
강원특별자치도,소계,2018,3,3581603.394
강원특별자치도,소계,2018,4,3651696.859
강원특별자치도,소계,2018,5,3782686.005
강원특별자치도,소계,2018,6,3735498.901
강원특별자치도,소계,2018,7,3760096.809
강원특별자치도,소계,2018,8,3813521.491
강원특별자치도,소계,2018,9,3651873.062
강원특별자치도,소계,2018,10,3655890.485
강원특별자치도,소계,2018,11,3740679.262
강원특별자치도,소계,2018,12,3749348.439
강원특별자치도,소계,2019,1,3987428.359
강원특별자치도,소계,2019,2,3942239.782
강원특별자치도,소계,2019,3,3607887.941
강원특별자치도,소계,2019,4,3833358.216
강원특별자치도,소계,2019,5,3790387.261
강원특별자치도,소계,2019,6,3713970.215
강원특별자치도,소계,2019,7,3842010.574
강원특별자치도,소계,2019,8,3768429.175
강원특별자치도,소계,2019,9,4122594.189
강원특별자치도,소계,2019,10,3776390.799
강원특별자치도,소계,2019,11,3748070.685
강원특별자치도,소계,2019,12,3931369.803
강원특별자치도,소계,2020,1,4025138.148
강원특별자치도,소계,2020,2,3730160.492
강원특별자치도,소계,2020,3,3879516.267
강원특별자치도,소계,2020,4,3722692.703
강원특별자치도,소계,2020,5,3431448.941
강원특별자치도,소계,2020,6,3629345.343
강원특별자치도,소계,2020,7,3704023.231
강원특별자치도,소계,2020,8,3662950.393
강원특별자치도,소계,2020,9,3718958.809
강원특별자치도,소계,2020,10,3726426.597
강원특별자치도,소계,2020,11,3789902.802
강원특별자치도,소계,2020,12,3808572.274
강원특별자치도,소계,2021,1,3769238.669
강원특별자치도,소계,2021,2,3899080.731
강원특별자치도,소계,2021,3,4135851.549
강원특별자치도,소계,2021,4,3815065.279
강원특별자치도,소계,2021,5,3761600.901
강원특별자치도,소계,2021,6,3742506.48
강원특별자치도,소계,2021,7,3883805.194
강원특별자치도,소계,2021,8,3876167.426
강원특별자치도,소계,2021,9,3837978.584
강원특별자치도,소계,2021,10,3948726.225
강원특별자치도,소계,2021,11,3998371.719
강원특별자치도,소계,2021,12,4112938.244
강원특별자치도,속초시,2010,1,102070.3084
강원특별자치도,속초시,2010,2,106639.6641
강원특별자치도,속초시,2010,3,110135.3999
강원특별자치도,속초시,2010,4,117206.9924
강원특별자치도,속초시,2010,5,113978.7371
강원특별자치도,속초시,2010,6,114583.9579
강원특별자치도,속초시,2010,7,110526.1433
강원특별자치도,속초시,2010,8,111376.6573
강원특별자치도,속초시,2010,9,113156.5735
강원특별자치도,속초시,2010,10,117091.1253
강원특별자치도,속초시,2010,11,123882.911
강원특별자치도,속초시,2010,12,122916.5299
강원특별자치도,속초시,2011,1,112367.7817
강원특별자치도,속초시,2011,2,106040.4661
강원특별자치도,속초시,2011,3,116835.5993
강원특별자치도,속초시,2011,4,111212.5871
강원특별자치도,속초시,2011,5,113139.4334
강원특별자치도,속초시,2011,6,112988.7558
강원특별자치도,속초시,2011,7,116578.7626
강원특별자치도,속초시,2011,8,117551.3176
강원특별자치도,속초시,2011,9,118974.7639
강원특별자치도,속초시,2011,10,117898.3326
강원특별자치도,속초시,2011,11,119417.6646
강원특별자치도,속초시,2011,12,119166.5353
강원특별자치도,속초시,2012,1,107563.2827
강원특별자치도,속초시,2012,2,114124.781
강원특별자치도,속초시,2012,3,114930.2764
강원특별자치도,속초시,2012,4,115361.5992
강원특별자치도,속초시,2012,5,113904.8064
강원특별자치도,속초시,2012,6,111395.5859
강원특별자치도,속초시,2012,7,108856.1729
강원특별자치도,속초시,2012,8,105290.2115
강원특별자치도,속초시,2012,9,106727.5948
강원특별자치도,속초시,2012,10,113307.4243
강원특별자치도,속초시,2012,11,107855.5039
강원특별자치도,속초시,2012,12,107156.761
강원특별자치도,속초시,2013,1,110563.4899
강원특별자치도,속초시,2013,2,109120.6286
강원특별자치도,속초시,2013,3,108027.2531
강원특별자치도,속초시,2013,4,114711.3052
강원특별자치도,속초시,2013,5,113578.4893
강원특별자치도,속초시,2013,6,112619.8685
강원특별자치도,속초시,2013,7,114561.2126
강원특별자치도,속초시,2013,8,111206.5875
강원특별자치도,속초시,2013,9,112135.628
강원특별자치도,속초시,2013,10,120353.4734
강원특별자치도,속초시,2013,11,112196.9798
강원특별자치도,속초시,2013,12,111751.0841
강원특별자치도,속초시,2014,1,120533.9584
강원특별자치도,속초시,2014,2,120691.7736
강원특별자치도,속초시,2014,3,122314.8512
강원특별자치도,속초시,2014,4,118467.3855
강원특별자치도,속초시,2014,5,117192.1925
강원특별자치도,속초시,2014,6,116100.1574
강원특별자치도,속초시,2014,7,115691.2201
강원특별자치도,속초시,2014,8,112753.7837
강원특별자치도,속초시,2014,9,115725.7782
강원특별자치도,속초시,2014,10,116673.8214
강원특별자치도,속초시,2014,11,113653.4456
강원특별자치도,속초시,2014,12,110015.6323
강원특별자치도,속초시,2015,1,115782.8911
강원특별자치도,속초시,2015,2,117960.5487
강원특별자치도,속초시,2015,3,116200.1878
강원특별자치도,속초시,2015,4,114884.0082
강원특별자치도,속초시,2015,5,111295.4902
강원특별자치도,속초시,2015,6,118425.7703
강원특별자치도,속초시,2015,7,117919.6373
강원특별자치도,속초시,2015,8,121877.5272
강원특별자치도,속초시,2015,9,122168.5829
강원특별자치도,속초시,2015,10,113905.6403
강원특별자치도,속초시,2015,11,115282.6026
강원특별자치도,속초시,2015,12,115812.1135
강원특별자치도,속초시,2016,1,120063.3565
강원특별자치도,속초시,2016,2,117238.8319
강원특별자치도,속초시,2016,3,118948.4126
강원특별자치도,속초시,2016,4,121573.4861
강원특별자치도,속초시,2016,5,128204.9248
강원특별자치도,속초시,2016,6,128671.9625
강원특별자치도,속초시,2016,7,126209.1752
강원특별자치도,속초시,2016,8,133884.9447
강원특별자치도,속초시,2016,9,131495.2482
강원특별자치도,속초시,2016,10,128301.5533
강원특별자치도,속초시,2016,11,134962.7239
강원특별자치도,속초시,2016,12,126879.3804
강원특별자치도,속초시,2017,1,128128.2942
강원특별자치도,속초시,2017,2,128008.6011
강원특별자치도,속초시,2017,3,133869.7823
강원특별자치도,속초시,2017,4,135647.5396
강원특별자치도,속초시,2017,5,138799.8774
강원특별자치도,속초시,2017,6,143795.4886
강원특별자치도,속초시,2017,7,133590.0785
강원특별자치도,속초시,2017,8,139128.7184
강원특별자치도,속초시,2017,9,146093.5958
강원특별자치도,속초시,2017,10,137383.7192
강원특별자치도,속초시,2017,11,138225.3506
강원특별자치도,속초시,2017,12,136778.9542
강원특별자치도,속초시,2018,1,135586.0354
강원특별자치도,속초시,2018,2,138676.9991
강원특별자치도,속초시,2018,3,131827.0708
강원특별자치도,속초시,2018,4,134406.9813
강원특별자치도,속초시,2018,5,139228.262
강원특별자치도,속초시,2018,6,137491.4595
강원특별자치도,속초시,2018,7,138396.8278
강원특별자치도,속초시,2018,8,140363.2151
강원특별자치도,속초시,2018,9,134413.4668
강원특별자치도,속초시,2018,10,134561.3349
강원특별자치도,속초시,2018,11,137682.1316
강원특별자치도,속초시,2018,12,138001.2156
강원특별자치도,속초시,2019,1,155400.2613
강원특별자치도,속초시,2019,2,153639.1471
강원특별자치도,속초시,2019,3,140608.6024
강원특별자치도,속초시,2019,4,149395.7545
강원특별자치도,속초시,2019,5,147721.0667
강원특별자치도,속초시,2019,6,144742.8994
강원특별자치도,속초시,2019,7,149732.959
강원특별자치도,속초시,2019,8,146865.3041
강원특별자치도,속초시,2019,9,160668.0187
강원특별자치도,속초시,2019,10,147175.5889
강원특별자치도,속초시,2019,11,146071.8818
강원특별자치도,속초시,2019,12,153215.5162
강원특별자치도,속초시,2020,1,151254.1028
강원특별자치도,속초시,2020,2,140169.6184
강원특별자치도,속초시,2020,3,145782.0156
강원특별자치도,속초시,2020,4,139888.9986
강원특별자치도,속초시,2020,5,128944.8242
강원특별자치도,속초시,2020,6,136381.2504
강원특별자치도,속초시,2020,7,139187.4489
강원특별자치도,속초시,2020,8,137644.0397
강원특별자치도,속초시,2020,9,139748.6887
강원특별자치도,속초시,2020,10,140029.3085
강원특별자치도,속초시,2020,11,142414.5773
강원특별자치도,속초시,2020,12,143116.1269
강원특별자치도,속초시,2021,1,141498.1731
강원특별자치도,속초시,2021,2,146372.477
강원특별자치도,속초시,2021,3,155260.9134
강원특별자치도,속초시,2021,4,143218.5157
강원특별자치도,속초시,2021,5,141211.4494
강원특별자치도,속초시,2021,6,140494.64
강원특별자치도,속초시,2021,7,145799.0295
강원특별자치도,속초시,2021,8,145512.3057
강원특별자치도,속초시,2021,9,144078.6869
강원특별자치도,속초시,2021,10,148236.1814
강원특별자치도,속초시,2021,11,150099.8858
강원특별자치도,속초시,2021,12,154400.7421
강원특별자치도,양구군,2010,1,51383.11991
강원특별자치도,양구군,2010,2,53683.37502
강원특별자치도,양구군,2010,3,55443.16016
강원특별자치도,양구군,2010,4,59003.06402
강원특별자치도,양구군,2010,5,57377.93099
강원특별자치도,양구군,2010,6,57682.60465
강원특별자치도,양구군,2010,7,55639.86393
강원특별자치도,양구군,2010,8,56068.0204
강원특별자치도,양구군,2010,9,56964.0464
강원특별자치도,양구군,2010,10,58944.73546
강원특별자치도,양구군,2010,11,62363.78205
강원특별자치도,양구군,2010,12,61877.29701
강원특별자치도,양구군,2011,1,57002.72402
강원특별자치도,양구군,2011,2,53792.95859
강원특별자치도,양구군,2011,3,59269.19018
강원특별자치도,양구군,2011,4,56416.70876
강원특별자치도,양구군,2011,5,57394.17296
강원특별자치도,양구군,2011,6,57317.73618
강원특별자치도,양구군,2011,7,59138.90022
강원특별자치도,양구군,2011,8,59632.26485
강원특별자치도,양구군,2011,9,60354.36074
강원특별자치도,양구군,2011,10,59808.30106
강원특별자치도,양구군,2011,11,60579.03853
강원특별자치도,양구군,2011,12,60451.64391
강원특별자치도,양구군,2012,1,62297.4308
강원특별자치도,양구군,2012,2,66097.65401
강원특별자치도,양구군,2012,3,66564.17279
강원특별자치도,양구군,2012,4,66813.98204
강원특별자치도,양구군,2012,5,65970.2513
강원특별자치도,양구군,2012,6,64516.98598
강원특별자치도,양구군,2012,7,63046.23402
강원특별자치도,양구군,2012,8,60980.93605
강원특별자치도,양구군,2012,9,61813.42538
강원특별자치도,양구군,2012,10,65624.26549
강원특별자치도,양구군,2012,11,62466.67656
강원특별자치도,양구군,2012,12,62061.98558
강원특별자치도,양구군,2013,1,62152.70633
강원특별자치도,양구군,2013,2,61341.60917
강원특별자치도,양구군,2013,3,60726.97366
강원특별자치도,양구군,2013,4,64484.37972
강원특별자치도,양구군,2013,5,63847.57299
강원특별자치도,양구군,2013,6,63308.68915
강원특별자치도,양구군,2013,7,64400.0059
강원특별자치도,양구군,2013,8,62514.22041
강원특별자치도,양구군,2013,9,63036.47583
강원특별자치도,양구군,2013,10,67656.09602
강원특별자치도,양구군,2013,11,63070.96439
강원특별자치도,양구군,2013,12,62820.30643
강원특별자치도,양구군,2014,1,65349.36612
강원특별자치도,양구군,2014,2,65434.9281
강원특별자치도,양구군,2014,3,66314.90494
강원특별자치도,양구군,2014,4,64228.94138
강원특별자치도,양구군,2014,5,63537.57561
강원특별자치도,양구군,2014,6,62945.51171
강원특별자치도,양구군,2014,7,62723.80001
강원특별자치도,양구군,2014,8,61131.22304
강원특별자치도,양구군,2014,9,62742.53621
강원특별자치도,양구군,2014,10,63256.53262
강원특별자치도,양구군,2014,11,61618.98877
강원특별자치도,양구군,2014,12,59646.69149
강원특별자치도,양구군,2015,1,63485.93399
강원특별자치도,양구군,2015,2,64679.9846
강원특별자치도,양구군,2015,3,63714.74562
강원특별자치도,양구군,2015,4,62993.05964
강원특별자치도,양구군,2015,5,61025.4078
강원특별자치도,양구군,2015,6,64935.07431
강원특별자치도,양구군,2015,7,64657.55208
강원특별자치도,양구군,2015,8,66827.73746
강원특별자치도,양구군,2015,9,66987.32877
강원특별자치도,양구군,2015,10,62456.60212
강원특별자치도,양구군,2015,11,63211.6164
강원특별자치도,양구군,2015,12,63501.95721
강원특별자치도,양구군,2016,1,62355.06271
강원특별자치도,양구군,2016,2,60888.14212
강원특별자치도,양구군,2016,3,61776.01511
강원특별자치도,양구군,2016,4,63139.35051
강원특별자치도,양구군,2016,5,66583.39697
강원특별자치도,양구군,2016,6,66825.95358
강원특별자치도,양구군,2016,7,65546.90177
강원특별자치도,양구군,2016,8,69533.32281
강원특별자치도,양구군,2016,9,68292.23079
강원특별자치도,양구군,2016,10,66633.5811
강원특별자치도,양구군,2016,11,70093.06883
강원특별자치도,양구군,2016,12,65894.97371
강원특별자치도,양구군,2017,1,64873.97075
강원특별자치도,양구군,2017,2,64813.3677
강원특별자치도,양구군,2017,3,67781.0034
강원특별자치도,양구군,2017,4,68681.11818
강원특별자치도,양구군,2017,5,70277.21115
강원특별자치도,양구군,2017,6,72806.5911
강원특별자치도,양구군,2017,7,67639.38364
강원특별자치도,양구군,2017,8,70443.71006
강원특별자치도,양구군,2017,9,73970.16967
강원특별자치도,양구군,2017,10,69560.18137
강원특별자치도,양구군,2017,11,69986.31651
강원특별자치도,양구군,2017,12,69253.97649
강원특별자치도,양구군,2018,1,75489.46433
강원특별자치도,양구군,2018,2,77210.40255
강원특별자치도,양구군,2018,3,73396.60701
강원특별자치도,양구군,2018,4,74833.00908
강원특별자치도,양구군,2018,5,77517.32607
강원특별자치도,양구군,2018,6,76550.33644
강원특별자치도,양구군,2018,7,77054.41318
강원특별자치도,양구군,2018,8,78149.22743
강원특별자치도,양구군,2018,9,74836.61995
강원특별자치도,양구군,2018,10,74918.94767
강원특별자치도,양구군,2018,11,76656.49587
강원특별자치도,양구군,2018,12,76834.15042
강원특별자치도,양구군,2019,1,84912.30443
강원특별자치도,양구군,2019,2,83950.0135
강원특별자치도,양구군,2019,3,76829.98958
강원특별자치도,양구군,2019,4,81631.38007
강원특별자치도,양구군,2019,5,80716.31339
강원특별자치도,양구군,2019,6,79089.01206
강원특별자치도,양구군,2019,7,81815.63207
강원특별자치도,양구군,2019,8,80248.71586
강원특별자치도,양구군,2019,9,87790.66139
강원특별자치도,양구군,2019,10,80418.25867
강원특별자치도,양구군,2019,11,79815.18173
강원특별자치도,양구군,2019,12,83718.53724
강원특별자치도,양구군,2020,1,85920.35316
강원특별자치도,양구군,2020,2,79623.77811
강원특별자치도,양구군,2020,3,82811.91737
강원특별자치도,양구군,2020,4,79464.37115
강원특별자치도,양구군,2020,5,73247.49958
강원특별자치도,양구군,2020,6,77471.78411
강원특별자치도,양구군,2020,7,79065.85374
강원특별자치도,양구군,2020,8,78189.11544
강원특별자치도,양구군,2020,9,79384.66767
강원특별자치도,양구군,2020,10,79544.07463
강원특별자치도,양구군,2020,11,80899.03382
강원특별자치도,양구군,2020,12,81297.55122
강원특별자치도,양구군,2021,1,82658.38971
강원특별자치도,양구군,2021,2,85505.79118
강원특별자치도,양구군,2021,3,90698.11151
강원특별자치도,양구군,2021,4,83663.35494
강원특별자치도,양구군,2021,5,82490.89551
강원특별자치도,양구군,2021,6,82072.16
강원특별자치도,양구군,2021,7,85170.80278
강원특별자치도,양구군,2021,8,85003.30857
강원특별자치도,양구군,2021,9,84165.83755
강원특별자치도,양구군,2021,10,86594.50351
강원특별자치도,양구군,2021,11,87683.21584
강원특별자치도,양구군,2021,12,90195.6289
강원특별자치도,양양군,2010,1,61817.00027
강원특별자치도,양양군,2010,2,64584.34627
강원특별자치도,양양군,2010,3,66701.4742
강원특별자치도,양양군,2010,4,70984.25381
강원특별자치도,양양군,2010,5,69029.1205
강원특별자치도,양양군,2010,6,69395.66134
강원특별자치도,양양군,2010,7,66938.12073
강원특별자치도,양양군,2010,8,67453.21885
강원특별자치도,양양군,2010,9,68531.19231
강원특별자치도,양양군,2010,10,70914.08102
강원특별자치도,양양군,2010,11,75027.4008
강원특별자치도,양양군,2010,12,74442.12989
강원특별자치도,양양군,2011,1,61601.09996
강원특별자치도,양양군,2011,2,58132.40466
강원특별자치도,양양군,2011,3,64050.4006
강원특별자치도,양양군,2011,4,60967.81119
강원특별자치도,양양군,2011,5,62024.12685
강원특별자치도,양양군,2011,6,61941.52396
강원특별자치도,양양군,2011,7,63909.60023
강원특별자치도,양양군,2011,8,64442.76429
강원특별자치도,양양군,2011,9,65223.11122
강원특별자치도,양양군,2011,10,64633.00123
강원특별자치도,양양군,2011,11,65465.91364
강원특별자치도,양양군,2011,12,65328.24217
강원특별자치도,양양군,2012,1,62645.62966
강원특별자치도,양양군,2012,2,66467.09345
강원특별자치도,양양군,2012,3,66936.21974
강원특별자치도,양양군,2012,4,67187.42525
강원특별자치도,양양군,2012,5,66338.97864
강원특별자치도,양양군,2012,6,64877.5906
강원특별자치도,양양군,2012,7,63398.61817
강원특별자치도,양양군,2012,8,61321.77663
강원특별자치도,양양군,2012,9,62158.91899
강원특별자치도,양양군,2012,10,65991.05901
강원특별자치도,양양군,2012,11,62815.82139
강원특별자치도,양양군,2012,12,62408.86847
강원특별자치도,양양군,2013,1,64002.65296
강원특별자치도,양양군,2013,2,63167.41387
강원특별자치도,양양군,2013,3,62534.48401
강원특별자치도,양양군,2013,4,66403.72752
강원특별자치도,양양군,2013,5,65747.96654
강원특별자치도,양양군,2013,6,65193.04307
강원특별자치도,양양군,2013,7,66316.84236
강원특별자치도,양양군,2013,8,64374.92733
강원특별자치도,양양군,2013,9,64912.72744
강원특별자치도,양양군,2013,10,69669.8485
강원특별자치도,양양군,2013,11,64948.24254
강원특별자치도,양양군,2013,12,64690.12386
강원특별자치도,양양군,2014,1,71918.65086
강원특별자치도,양양군,2014,2,72012.81401
강원특별자치도,양양군,2014,3,72981.25106
강원특별자치도,양양군,2014,4,70685.59475
강원특별자치도,양양군,2014,5,69924.72902
강원특별자치도,양양군,2014,6,69273.14752
강원특별자치도,양양군,2014,7,69029.14813
강원특별자치도,양양군,2014,8,67276.47639
강원특별자치도,양양군,2014,9,69049.76779
강원특별자치도,양양군,2014,10,69615.434
강원특별자치도,양양군,2014,11,67813.27507
강원특별자치도,양양군,2014,12,65642.7114
강원특별자치도,양양군,2015,1,71199.89171
강원특별자치도,양양군,2015,2,72539.0273
강원특별자치도,양양군,2015,3,71456.50545
강원특별자치도,양양군,2015,4,70647.12989
강원특별자치도,양양군,2015,5,68440.39543
강원특별자치도,양양군,2015,6,72825.1121
강원특별자치도,양양군,2015,7,72513.86909
강원특별자치도,양양군,2015,8,74947.74624
강원특별자치도,양양군,2015,9,75126.72894
강원특별자치도,양양군,2015,10,70045.48925
강원특별자치도,양양군,2015,11,70892.24273
강원특별자치도,양양군,2015,12,71217.86186
강원특별자치도,양양군,2016,1,69244.06193
강원특별자치도,양양군,2016,2,67615.07567
강원특별자치도,양양군,2016,3,68601.04104
강원특별자치도,양양군,2016,4,70114.998
강원특별자치도,양양군,2016,5,73939.54337
강원특별자치도,양양군,2016,6,74208.89768
강원특별자치도,양양군,2016,7,72788.53598
강원특별자치도,양양군,2016,8,77215.37758
강원특별자치도,양양군,2016,9,75837.16947
강원특별자치도,양양군,2016,10,73995.27185
강원특별자치도,양양군,2016,11,77836.96444
강원특별자치도,양양군,2016,12,73175.06298
강원특별자치도,양양군,2017,1,70416.20625
강원특별자치도,양양군,2017,2,70350.42583
강원특별자치도,양양군,2017,3,73571.58903
강원특별자치도,양양군,2017,4,74548.60134
강원특별자치도,양양군,2017,5,76281.04982
강원특별자치도,양양군,2017,6,79026.51673
강원특별자치도,양양군,2017,7,73417.87058
강원특별자치도,양양군,2017,8,76461.77286
강원특별자치도,양양군,2017,9,80289.50075
강원특별자치도,양양군,2017,10,75502.76361
강원특별자치도,양양군,2017,11,75965.30381
강원특별자치도,양양군,2017,12,75170.39939
강원특별자치도,양양군,2018,1,80310.98799
강원특별자치도,양양군,2018,2,82141.8428
강원특별자치도,양양군,2018,3,78084.45956
강원특별자치도,양양군,2018,4,79612.60485
강원특별자치도,양양군,2018,5,82468.36957
강원특별자치도,양양군,2018,6,81439.61817
강원특별자치도,양양군,2018,7,81975.89037
강원특별자치도,양양군,2018,8,83140.63057
강원특별자치도,양양군,2018,9,79616.44634
강원특별자치도,양양군,2018,10,79704.03235
강원특별자치도,양양군,2018,11,81552.55802
강원특별자치도,양양군,2018,12,81741.5594
강원특별자치도,양양군,2019,1,85354.89866
강원특별자치도,양양군,2019,2,84387.59191
강원특별자치도,양양군,2019,3,77230.4558
강원특별자치도,양양군,2019,4,82056.87291
강원특별자치도,양양군,2019,5,81137.03656
강원특별자치도,양양군,2019,6,79501.25315
강원특별자치도,양양군,2019,7,82242.08531
강원특별자치도,양양군,2019,8,80667.00175
강원특별자치도,양양군,2019,9,88248.25868
강원특별자치도,양양군,2019,10,80837.42828
강원특별자치도,양양군,2019,11,80231.20788
강원특별자치도,양양군,2019,12,84154.90911
강원특별자치도,양양군,2020,1,85667.86807
강원특별자치도,양양군,2020,2,79389.7961
강원특별자치도,양양군,2020,3,82568.56672
강원특별자치도,양양군,2020,4,79230.85757
강원특별자치도,양양군,2020,5,73032.25487
강원특별자치도,양양군,2020,6,77244.12594
강원특별자치도,양양군,2020,7,78833.51124
강원특별자치도,양양군,2020,8,77959.34933
강원특별자치도,양양군,2020,9,79151.38831
강원특별자치도,양양군,2020,10,79310.32684
강원특별자치도,양양군,2020,11,80661.30435
강원특별자치도,양양군,2020,12,81058.65067
강원특별자치도,양양군,2021,1,81940.82057
강원특별자치도,양양군,2021,2,84763.50335
강원특별자치도,양양군,2021,3,89910.74841
강원특별자치도,양양군,2021,4,82937.06155
강원특별자치도,양양군,2021,5,81774.78041
강원특별자치도,양양군,2021,6,81359.68
강원특별자치도,양양군,2021,7,84431.42302
강원특별자치도,양양군,2021,8,84265.38286
강원특별자치도,양양군,2021,9,83435.18204
강원특별자치도,양양군,2021,10,85842.76441
강원특별자치도,양양군,2021,11,86922.02547
강원특별자치도,양양군,2021,12,89412.62792
강원특별자치도,영월군,2010,1,87218.23326
강원특별자치도,영월군,2010,2,91122.70982
강원특별자치도,영월군,2010,3,94109.78711
강원특별자치도,영월군,2010,4,100152.4043
강원특별자치도,영월군,2010,5,97393.8869
강원특별자치도,영월군,2010,6,97911.04309
강원특별자치도,영월군,2010,7,94443.6741
강원특별자치도,영월군,2010,8,95170.43127
강원특별자치도,영월군,2010,9,96691.35497
강원특별자치도,영월군,2010,10,100053.3968
강원특별자치도,영월군,2010,11,105856.9215
강원특별자치도,영월군,2010,12,105031.1568
강원특별자치도,영월군,2011,1,101932.6178
강원특별자치도,영월군,2011,2,96192.89572
강원특별자치도,영월군,2011,3,105985.5263
강원특별자치도,영월군,2011,4,100884.7017
강원특별자치도,영월군,2011,5,102632.6091
강원특별자치도,영월군,2011,6,102495.9244
강원특별자치도,영월군,2011,7,105752.5411
강원특별자치도,영월군,2011,8,106634.7787
강원특별자치도,영월군,2011,9,107926.0349
강원특별자치도,영월군,2011,10,106949.5677
강원특별자치도,영월군,2011,11,108327.8051
강원특별자치도,영월군,2011,12,108099.9973
강원특별자치도,영월군,2012,1,95208.38598
강원특별자치도,영월군,2012,2,101016.2197
강원특별자치도,영월군,2012,3,101729.1945
강원특별자치도,영월군,2012,4,102110.9749
강원특별자치도,영월군,2012,5,100821.5117
강원특별자치도,영월군,2012,6,98600.50448
강원특별자치도,영월군,2012,7,96352.77261
강원특별자치도,영월군,2012,8,93196.40349
강원특별자치도,영월군,2012,9,94468.68654
강원특별자치도,영월군,2012,10,100292.7459
강원특별자치도,영월군,2012,11,95467.04218
강원특별자치도,영월군,2012,12,94848.558
강원특별자치도,영월군,2013,1,95857.06084
강원특별자치도,영월군,2013,2,94606.1195
강원특별자치도,영월군,2013,3,93658.17761
강원특별자치도,영월군,2013,4,99453.161
강원특별자치도,영월군,2013,5,98471.02482
강원특별자치도,영월군,2013,6,97639.91345
강원특별자치도,영월군,2013,7,99323.0327
강원특별자치도,영월군,2013,8,96414.61783
강원특별자치도,영월군,2013,9,97220.08348
강원특별자치도,영월군,2013,10,104344.8451
강원특별자치도,영월군,2013,11,97273.27461
강원특별자치도,영월군,2013,12,96886.68909
강원특별자치도,영월군,2014,1,98547.70965
강원특별자치도,영월군,2014,2,98676.73825
강원특별자치도,영월군,2014,3,100003.755
강원특별자치도,영월군,2014,4,96858.09431
강원특별자치도,영월군,2014,5,95815.50558
강원특별자치도,영월군,2014,6,94922.66536
강원특별자치도,영월군,2014,7,94588.32119
강원특별자치도,영월군,2014,8,92186.69403
강원특별자치도,영월군,2014,9,94616.57563
강원특별자치도,영월군,2014,10,95391.68902
강원특별자치도,영월군,2014,11,92922.25121
강원특별자치도,영월군,2014,12,89948.00079
강원특별자치도,영월군,2015,1,95307.92
강원특별자치도,영월군,2015,2,97100.48211
강원특별자치도,영월군,2015,3,95651.42224
강원특별자치도,영월군,2015,4,94567.995
강원특별자치도,영월군,2015,5,91614.06817
강원특별자치도,영월군,2015,6,97483.43419
강원특별자치도,영월군,2015,7,97066.80542
강원특별자치도,영월군,2015,8,100324.7847
강원특별자치도,영월군,2015,9,100564.3703
강원특별자치도,영월군,2015,10,93762.64101
강원특별자치도,영월군,2015,11,94896.10218
강원특별자치도,영월군,2015,12,95331.97478
강원특별자치도,영월군,2016,1,93083.91048
강원특별자치도,영월군,2016,2,90894.085
강원특별자치도,영월군,2016,3,92219.50568
강원특별자치도,영월군,2016,4,94254.69875
강원특별자치도,영월군,2016,5,99395.98637
강원특별자치도,영월군,2016,6,99758.07594
강원특별자치도,영월군,2016,7,97848.70179
강원특별자치도,영월군,2016,8,103799.6486
강원특별자치도,영월군,2016,9,101946.941
강원특별자치도,영월군,2016,10,99470.90146
강원특별자치도,영월군,2016,11,104635.2399
강원특별자치도,영월군,2016,12,98368.30512
강원특별자치도,영월군,2017,1,92224.23667
강원특별자치도,영월군,2017,2,92138.08393
강원특별자치도,영월군,2017,3,96356.84738
강원특별자치도,영월군,2017,4,97636.44223
강원특별자치도,영월군,2017,5,99905.43323
강원특별자치도,영월군,2017,6,103501.1764
강원특별자치도,영월군,2017,7,96155.52204
강원특별자치도,영월군,2017,8,100142.1265
강원특별자치도,영월군,2017,9,105155.3089
강원특별자치도,영월군,2017,10,98886.11033
강원특별자치도,영월군,2017,11,99491.9001
강원특별자치도,영월군,2017,12,98450.8123
강원특별자치도,영월군,2018,1,101306.7889
강원특별자치도,영월군,2018,2,103616.2863
강원특별자치도,영월군,2018,3,98498.17639
강원특별자치도,영월군,2018,4,100425.8266
강원특별자치도,영월군,2018,5,104028.1774
강원특별자치도,영월군,2018,6,102730.4783
강원특별자치도,영월군,2018,7,103406.9488
강원특별자치도,영월군,2018,8,104876.1884
강원특별자치도,영월군,2018,9,100430.6724
강원특별자치도,영월군,2018,10,100541.1561
강원특별자치도,영월군,2018,11,102872.9441
강원특별자치도,영월군,2018,12,103111.3564
강원특별자치도,영월군,2019,1,107979.1419
강원특별자치도,영월군,2019,2,106755.4399
강원특별자치도,영월군,2019,3,97701.22715
강원특별자치도,영월군,2019,4,103806.9386
강원특별자치도,영월군,2019,5,102643.2896
강원특별자치도,영월군,2019,6,100573.924
강원특별자치도,영월군,2019,7,104041.2435
강원특별자치도,영월군,2019,8,102048.6669
강원특별자치도,영월군,2019,9,111639.4184
강원특별자치도,영월군,2019,10,102264.2669
강원특별자치도,영월군,2019,11,101497.3612
강원특별자치도,영월군,2019,12,106461.082
강원특별자치도,영월군,2020,1,107933.1563
강원특별자치도,영월군,2020,2,100023.3981
강원특별자치도,영월군,2020,3,104028.3389
강원특별자치도,영월군,2020,4,99823.15101
강원특별자치도,영월군,2020,5,92013.51633
강원특별자치도,영월군,2020,6,97320.06297
강원특별자치도,영월군,2020,7,99322.5334
강원특별자치도,영월군,2020,8,98221.17466
강원특별자치도,영월군,2020,9,99723.02749
강원특별자치도,영월군,2020,10,99923.27453
강원특별자치도,영월군,2020,11,101625.3744
강원특별자치도,영월군,2020,12,102125.992
강원특별자치도,영월군,2021,1,100181.3863
강원특별자치도,영월군,2021,2,103632.4168
강원특별자치도,영월군,2021,3,109925.4725
강원특별자치도,영월군,2021,4,101399.3971
강원특별자치도,영월군,2021,5,99978.38449
강원특별자치도,영월군,2021,6,99470.88
강원특별자치도,영월군,2021,7,103226.4132
강원특별자치도,영월군,2021,8,103023.4114
강원특별자치도,영월군,2021,9,102008.4024
강원특별자치도,영월군,2021,10,104951.9285
강원특별자치도,영월군,2021,11,106271.4402
강원특별자치도,영월군,2021,12,109316.4671
강원특별자치도,원주시,2010,1,468804.2823
강원특별자치도,원주시,2010,2,489791.1249
강원특별자치도,원주시,2010,3,505846.8803
강원특별자치도,원주시,2010,4,538326.3829
강원특별자치도,원주시,2010,5,523499.1531
강원특별자치도,원주시,2010,6,526278.9049
강원특별자치도,원주시,2010,7,507641.5469
강원특별자치도,원주시,2010,8,511547.919
강원특별자치도,원주시,2010,9,519722.9934
강원특별자치도,원주시,2010,10,537794.2105
강원특별자치도,원주시,2010,11,568988.5732
강원특별자치도,원주시,2010,12,564550.0287
강원특별자치도,원주시,2011,1,534205.4023
강원특별자치도,원주시,2011,2,504124.8392
강원특별자치도,원주시,2011,3,555445.7637
강원특별자치도,원주시,2011,4,528713.5152
강원특별자치도,원주시,2011,5,537873.896
강원특별자치도,원주시,2011,6,537157.5629
강원특별자치도,원주시,2011,7,554224.7414
강원특별자치도,원주시,2011,8,558848.3459
강원특별자치도,원주시,2011,9,565615.5229
강원특별자치도,원주시,2011,10,560498.0827
강원특별자치도,원주시,2011,11,567721.1081
강원특별자치도,원주시,2011,12,566527.2196
강원특별자치도,원주시,2012,1,535051.5818
강원특별자치도,원주시,2012,2,567690.4148
강원특별자치도,원주시,2012,3,571697.1869
강원특별자치도,원주시,2012,4,573842.7142
강원특별자치도,원주시,2012,5,566596.1959
강원특별자치도,원주시,2012,6,554114.5912
강원특별자치도,원주시,2012,7,541482.7996
강원특별자치도,원주시,2012,8,523744.6532
강원특별자치도,원주시,2012,9,530894.6227
강원특별자치도,원주시,2012,10,563624.6407
강원특별자치도,원주시,2012,11,536505.1765
강원특별자치도,원주시,2012,12,533029.4223
강원특별자치도,원주시,2013,1,574181.7875
강원특별자치도,원주시,2013,2,566688.675
강원특별자치도,원주시,2013,3,561010.523
강원특별자치도,원주시,2013,4,595722.3522
강원특별자치도,원주시,2013,5,589839.377
강원특별자치도,원주시,2013,6,584861.0373
강원특별자치도,원주시,2013,7,594942.8864
강원특별자치도,원주시,2013,8,577521.5422
강원특별자치도,원주시,2013,9,582346.2646
강원특별자치도,원주시,2013,10,625023.4372
강원특별자치도,원주시,2013,11,582664.8783
강원특별자치도,원주시,2013,12,580349.2392
강원특별자치도,원주시,2014,1,647679.0193
강원특별자치도,원주시,2014,2,648527.0259
강원특별자치도,원주시,2014,3,657248.496
강원특별자치도,원주시,2014,4,636574.4648
강원특별자치도,원주시,2014,5,629722.3233
강원특별자치도,원주시,2014,6,623854.3648
강원특별자치도,원주시,2014,7,621656.9753
강원특별자치도,원주시,2014,8,605872.9096
강원특별자치도,원주시,2014,9,621842.6702
강원특별자치도,원주시,2014,10,626936.9
강원특별자치도,원주시,2014,11,610707.1665
강원특별자치도,원주시,2014,12,591159.6844
강원특별자치도,원주시,2015,1,661087.457
강원특별자치도,원주시,2015,2,673521.2645
강원특별자치도,원주시,2015,3,663470.1029
강원특별자치도,원주시,2015,4,655955.091
강원특별자치도,원주시,2015,5,635465.6712
강원특별자치도,원주시,2015,6,676177.5476
강원특별자치도,원주시,2015,7,673287.6718
강원특별자치도,원주시,2015,8,695886.1002
강원특별자치도,원주시,2015,9,697547.9456
강원특별자치도,원주시,2015,10,650368.8876
강원특별자치도,원주시,2015,11,658230.9516
강원특별자치도,원주시,2015,12,661254.309
강원특별자치도,원주시,2016,1,658975.253
강원특별자치도,원주시,2016,2,643472.6726
강원특별자치도,원주시,2016,3,652855.8134
강원특별자치도,원주시,2016,4,667263.6939
강원특별자치도,원주시,2016,5,703660.7608
강원특별자치도,원주시,2016,6,706224.1261
강원특별자치도,원주시,2016,7,692706.9639
강원특별자치도,원주시,2016,8,734835.9059
강원특별자치도,원주시,2016,9,721719.907
강원특별자치도,원주시,2016,10,704191.1122
강원특별자치도,원주시,2016,11,740751.3642
강원특별자치도,원주시,2016,12,696385.4271
강원특별자치도,원주시,2017,1,676658.9289
강원특별자치도,원주시,2017,2,676026.8172
강원특별자치도,원주시,2017,3,706980.3285
강원특별자치도,원주시,2017,4,716368.8506
강원특별자치도,원주시,2017,5,733016.6763
강원특별자치도,원주시,2017,6,759399.0221
강원특별자치도,원주시,2017,7,705503.1833
강원특별자치도,원주시,2017,8,734753.32
강원특별자치도,원주시,2017,9,771535.5665
강원특별자치도,원주시,2017,10,725537.797
강원특별자치도,원주시,2017,11,729982.5402
강원특별자치도,원주시,2017,12,722343.9695
강원특별자치도,원주시,2018,1,754478.6213
강원특별자치도,원주시,2018,2,771678.5195
강원특별자치도,원주시,2018,3,733561.582
강원특별자치도,원주시,2018,4,747917.6866
강원특별자치도,원주시,2018,5,774746.0632
강원특별자치도,원주시,2018,6,765081.496
강원특별자치도,원주시,2018,7,770119.4855
강원특별자치도,원주시,2018,8,781061.5945
강원특별자치도,원주시,2018,9,747953.7754
강원특별자치도,원주시,2018,10,748776.5989
강원특별자치도,원주시,2018,11,766142.5053
강원특별자치도,원주시,2018,12,767918.0718
강원특별자치도,원주시,2019,1,797433.9593
강원특별자치도,원주시,2019,2,788396.83
강원특별자치도,원주시,2019,3,721530.798
강원특별자치도,원주시,2019,4,766621.9289
강원특별자치도,원주시,2019,5,758028.2951
강원특별자치도,원주시,2019,6,742745.877
강원특별자치도,원주시,2019,7,768352.2883
강원특별자치도,원주시,2019,8,753636.9628
강원특별자치도,원주시,2019,9,824465.3725
강원특별자치도,원주시,2019,10,755229.1843
강원특별자치도,원주시,2019,11,749565.5288
강원특별자치도,원주시,2019,12,786222.9751
강원특별자치도,원주시,2020,1,763537.0025
강원특별자치도,원주시,2020,2,707582.0645
강원특별자치도,원주시,2020,3,735913.6787
강원특별자치도,원주시,2020,4,706165.4838
강원특별자치도,원주시,2020,5,650918.8361
강원특별자치도,원주시,2020,6,688458.2249
강원특별자치도,원주시,2020,7,702624.032
강원특별자치도,원주시,2020,8,694832.8381
강원특별자치도,원주시,2020,9,705457.1934
강원특별자치도,원주시,2020,10,706873.7741
강원특별자치도,원주시,2020,11,718914.7101
강원특별자치도,원주시,2020,12,722456.1619
강원특별자치도,원주시,2021,1,720085.2274
강원특별자치도,원주시,2021,2,744890.5949
강원특별자치도,원주시,2021,3,790123.9122
강원특별자치도,원주시,2021,4,728840.063
강원특별자치도,원주시,2021,5,718626.0882
강원특별자치도,원주시,2021,6,714978.24
강원특별자치도,원주시,2021,7,741972.3164
강원특별자치도,원주시,2021,8,740513.1771
강원특별자치도,원주시,2021,9,733217.4808
강원특별자치도,원주시,2021,10,754375.0002
강원특별자치도,원주시,2021,11,763859.4054
강원특별자치도,원주시,2021,12,785746.4944
강원특별자치도,인제군,2010,1,90023.29255
강원특별자치도,인제군,2010,2,94053.34249
강원특별자치도,인제군,2010,3,97136.48833
강원특별자치도,인제군,2010,4,103373.4445
강원특별자치도,인제군,2010,5,100526.2093
강원특별자치도,인제군,2010,6,101059.998
강원특별자치도,인제군,2010,7,97481.11359
강원특별자치도,인제군,2010,8,98231.24427
강원특별자치도,인제군,2010,9,99801.08299
강원특별자치도,인제군,2010,10,103271.2528
강원특별자치도,인제군,2010,11,109261.4268
강원특별자치도,인제군,2010,12,108409.1044
강원특별자치도,인제군,2011,1,100492.9933
강원특별자치도,인제군,2011,2,94834.33501
강원특별자치도,인제군,2011,3,104488.6614
강원특별자치도,인제군,2011,4,99459.87725
강원특별자치도,인제군,2011,5,101183.0985
강원특별자치도,인제군,2011,6,101048.3442
강원특별자치도,인제군,2011,7,104258.9666
강원특별자치도,인제군,2011,8,105128.7442
강원특별자치도,인제군,2011,9,106401.7636
강원특별자치도,인제군,2011,10,105439.0873
강원특별자치도,인제군,2011,11,106797.8595
강원특별자치도,인제군,2011,12,106573.2691
강원특별자치도,인제군,2012,1,101480.8309
강원특별자치도,인제군,2012,2,107671.2918
강원특별자치도,인제군,2012,3,108431.2382
강원특별자치도,인제군,2012,4,108838.1708
강원특별자치도,인제군,2012,5,107463.7562
강원특별자치도,인제군,2012,6,105096.4263
강원특별자치도,인제군,2012,7,102700.6111
강원특별자치도,인제군,2012,8,99336.2965
강원특별자치도,인제군,2012,9,100692.3991
강원특별자치도,인제군,2012,10,106900.1546
강원특별자치도,인제군,2012,11,101756.5276
강원특별자치도,인제군,2012,12,101097.297
강원특별자치도,인제군,2013,1,101374.7341
강원특별자치도,인제군,2013,2,100051.7868
강원특별자치도,인제군,2013,3,99049.27996
강원특별자치도,인제군,2013,4,105177.8311
강원특별자치도,인제군,2013,5,104139.1617
강원특별자치도,인제군,2013,6,103260.2104
강원특별자치도,인제군,2013,7,105040.2124
강원특별자치도,인제군,2013,8,101964.3849
강원특별자치도,인제군,2013,9,102816.2144
강원특별자치도,인제군,2013,10,110351.0877
강원특별자치도,인제군,2013,11,102872.4672
강원특별자치도,인제군,2013,12,102463.6293
강원특별자치도,인제군,2014,1,109513.7103
강원특별자치도,인제군,2014,2,109657.0967
강원특별자치도,인제군,2014,3,111131.7786
강원특별자치도,인제군,2014,4,107636.0812
강원특별자치도,인제군,2014,5,106477.4773
강원특별자치도,인제군,2014,6,105485.2854
강원특별자치도,인제군,2014,7,105113.7367
강원특별자치도,인제군,2014,8,102444.8659
강원특별자치도,인제군,2014,9,105145.1352
강원특별자치도,인제군,2014,10,106006.5001
강원특별자치도,인제군,2014,11,103262.273
강원특별자치도,인제군,2014,12,99957.05972
강원특별자치도,인제군,2015,1,104155.7366
강원특별자치도,인제군,2015,2,106114.7094
강원특별자치도,인제군,2015,3,104531.1275
강원특별자치도,인제군,2015,4,103347.1214
강원특별자치도,인제군,2015,5,100118.9697
강원특별자치도,인제군,2015,6,106533.2125
강원특별자치도,인제군,2015,7,106077.9064
강원특별자치도,인제군,2015,8,109638.3369
강원특별자치도,인제군,2015,9,109900.1642
강원특별자치도,인제군,2015,10,102467.0031
강원특별자치도,인제군,2015,11,103705.688
강원특별자치도,인제군,2015,12,104182.0244
강원특별자치도,인제군,2016,1,104434.6471
강원특별자치도,인제군,2016,2,101977.7923
강원특별자치도,인제군,2016,3,103464.836
강원특별자치도,인제군,2016,4,105748.2024
강원특별자치도,인제군,2016,5,111516.4233
강원특별자치도,인제군,2016,6,111922.6664
강원특별자치도,인제군,2016,7,109780.4614
강원특별자치도,인제군,2016,8,116457.0721
강원특별자치도,인제군,2016,9,114378.4436
강원특별자치도,인제군,2016,10,111600.4736
강원특별자치도,인제군,2016,11,117394.5561
강원특별자치도,인제군,2016,12,110363.4257
강원특별자치도,인제군,2017,1,104894.9835
강원특별자치도,인제군,2017,2,104796.9942
강원특별자치도,인제군,2017,3,109595.3763
강원특별자치도,인제군,2017,4,111050.7755
강원특별자치도,인제군,2017,5,113631.5046
강원특별자치도,인제군,2017,6,117721.2692
강원특별자치도,인제군,2017,7,109366.3907
강원특별자치도,인제군,2017,8,113900.7174
강원특별자치도,인제군,2017,9,119602.6641
강원특별자치도,인제군,2017,10,112472.1363
강원특별자치도,인제군,2017,11,113161.1559
강원특별자치도,인제군,2017,12,111977.0324
강원특별자치도,인제군,2018,1,112687.9715
강원특별자치도,인제군,2018,2,115256.9265
강원특별자치도,인제군,2018,3,109563.8289
강원특별자치도,인제군,2018,4,111708.0386
강원특별자치도,인제군,2018,5,115715.0909
강원특별자치도,인제군,2018,6,114271.6034
강원특별자치도,인제군,2018,7,115024.0711
강원특별자치도,인제군,2018,8,116658.3707
강원특별자치도,인제군,2018,9,111713.4287
강원특별자치도,인제군,2018,10,111836.3246
강원특별자치도,인제군,2018,11,114430.0744
강원특별자치도,인제군,2018,12,114695.2708
강원특별자치도,인제군,2019,1,126471.6688
강원특별자치도,인제군,2019,2,125038.3955
강원특별자치도,인제군,2019,3,114433.5566
강원특별자치도,인제군,2019,4,121584.9332
강원특별자치도,인제군,2019,5,120221.9975
강원특별자치도,인제군,2019,6,117798.232
강원특별자치도,인제군,2019,7,121859.3653
강원특별자치도,인제군,2019,8,119525.5397
강원특별자치도,인제군,2019,9,130758.8049
강원특별자치도,인제군,2019,10,119778.0633
강원특별자치도,인제군,2019,11,118879.8172
강원특별자치도,인제군,2019,12,124693.6258
강원특별자치도,인제군,2020,1,135684.0691
강원특별자치도,인제군,2020,2,125740.6169
강원특별자치도,인제군,2020,3,130775.2763
강원특별자치도,인제군,2020,4,125488.884
강원특별자치도,인제군,2020,5,115671.2983
강원특별자치도,인제군,2020,6,122342.2219
강원특별자치도,인제군,2020,7,124859.5516
강원특별자치도,인제군,2020,8,123475.0202
강원특별자치도,인제군,2020,9,125363.0175
강원특별자치도,인제군,2020,10,125614.7505
강원특별자치도,인제군,2020,11,127754.4807
강원특별자치도,인제군,2020,12,128383.8131
강원특별자치도,인제군,2021,1,123344.9469
강원특별자치도,인제군,2021,2,127593.9116
강원특별자치도,인제군,2021,3,135342.0238
강원특별자치도,인제군,2021,4,124844.5815
강원특별자치도,인제군,2021,5,123095.0078
강원특별자치도,인제군,2021,6,122470.16
강원특별자치도,인제군,2021,7,127094.0334
강원특별자치도,인제군,2021,8,126844.0943
강원특별자치도,인제군,2021,9,125594.3988
강원특별자치도,인제군,2021,10,129218.5158
강원특별자치도,인제군,2021,11,130843.1199
강원특별자치도,인제군,2021,12,134592.2064
강원특별자치도,정선군,2010,1,98234.18981
강원특별자치도,정선군,2010,2,102631.8149
강원특별자치도,정선군,2010,3,105996.1701
강원특별자치도,정선군,2010,4,112801.9903
강원특별자치도,정선군,2010,5,109695.0628
강원특별자치도,정선군,2010,6,110277.5375
강원특별자치도,정선군,2010,7,106372.2282
강원특별자치도,정선군,2010,8,107190.7772
강원특별자치도,정선군,2010,9,108903.7987
강원특별자치도,정선군,2010,10,112690.4778
강원특별자치도,정선군,2010,11,119227.0071
강원특별자치도,정선군,2010,12,118296.9456
강원특별자치도,정선군,2011,1,100872.8987
강원특별자치도,정선군,2011,2,95192.84835
강원특별자치도,정선군,2011,3,104883.6721
강원특별자치도,정선군,2011,4,99835.87707
강원특별자치도,정선군,2011,5,101565.6128
강원특별자치도,정선군,2011,6,101430.3491
강원특별자치도,정선군,2011,7,104653.109
강원특별자치도,정선군,2011,8,105526.1747
강원특별자치도,정선군,2011,9,106804.0067
강원특별자치도,정선군,2011,10,105837.6911
강원특별자치도,정선군,2011,11,107201.6
강원특별자치도,정선군,2011,12,106976.1605
강원특별자치도,정선군,2012,1,98895.36917
강원특별자치도,정선군,2012,2,104928.1136
강원특별자치도,정선군,2012,3,105668.6987
강원특별자치도,정선군,2012,4,106065.2636
강원특별자치도,정선군,2012,5,104725.8655
강원특별자치도,정선군,2012,6,102418.8488
강원특별자치도,정선군,2012,7,100084.0726
강원특별자치도,정선군,2012,8,96805.47185
강원특별자치도,정선군,2012,9,98127.02457
강원특별자치도,정선군,2012,10,104176.623
강원특별자치도,정선군,2012,11,99164.04193
강원특별자치도,정선군,2012,12,98521.6067
강원특별자치도,정선군,2013,1,94484.70197
강원특별자치도,정선군,2013,2,93251.67001
강원특별자치도,정선군,2013,3,92317.29955
강원특별자치도,정선군,2013,4,98029.31777
강원특별자치도,정선군,2013,5,97061.24256
강원특별자치도,정선군,2013,6,96242.02998
강원특별자치도,정선군,2013,7,97901.05249
강원특별자치도,정선군,2013,8,95034.27658
강원특별자치도,정선군,2013,9,95828.2106
강원특별자치도,정선군,2013,10,102850.9689
강원특별자치도,정선군,2013,11,95880.64021
강원특별자치도,정선군,2013,12,95499.58933
강원특별자치도,정선군,2014,1,102542.1331
강원특별자치도,정선군,2014,2,102676.3916
강원특별자치도,정선군,2014,3,104057.1961
강원특별자치도,정선군,2014,4,100784.0327
강원특별자치도,정선군,2014,5,99699.18485
강원특별자치도,정선군,2014,6,98770.15524
강원특별자치도,정선군,2014,7,98422.25913
강원특별자치도,정선군,2014,8,95923.28709
강원특별자치도,정선군,2014,9,98451.65881
강원특별자치도,정선군,2014,10,99258.18978
강원특별자치도,정선군,2014,11,96688.65852
강원특별자치도,정선군,2014,12,93593.85314
강원특별자치도,정선군,2015,1,100180.3324
강원특별자치도,정선군,2015,2,102064.5354
강원특별자치도,정선군,2015,3,100541.3955
강원특별자치도,정선군,2015,4,99402.58038
강원특별자치도,정선군,2015,5,96297.64039
강원특별자치도,정선군,2015,6,102467.0651
강원특별자치도,정선군,2015,7,102029.1371
강원특별자치도,정선군,2015,8,105453.6735
강원특별자치도,정선군,2015,9,105705.5074
강원특별자치도,정선군,2015,10,98556.05439
강원특별자치도,정선군,2015,11,99747.46133
강원특별자치도,정선군,2015,12,100205.617
강원특별자치도,정선군,2016,1,104751.3463
강원특별자치도,정선군,2016,2,102287.0411
강원특별자치도,정선군,2016,3,103778.5943
강원특별자치도,정선군,2016,4,106068.8849
강원특별자치도,정선군,2016,5,111854.598
강원특별자치도,정선군,2016,6,112262.0731
강원특별자치도,정선군,2016,7,110113.3719
강원특별자치도,정선군,2016,8,116810.2294
강원특별자치도,정선군,2016,9,114725.2975
강원특별자치도,정선군,2016,10,111938.9032
강원특별자치도,정선군,2016,11,117750.5564
강원특별자치도,정선군,2016,12,110698.1039
강원특별자치도,정선군,2017,1,105859.5506
강원특별자치도,정선군,2017,2,105760.6602
강원특별자치도,정선군,2017,3,110603.166
강원특별자치도,정선군,2017,4,112071.9484
강원특별자치도,정선군,2017,5,114676.4087
강원특별자치도,정선군,2017,6,118803.781
강원특별자치도,정선군,2017,7,110372.0748
강원특별자치도,정선군,2017,8,114948.0971
강원특별자치도,정선군,2017,9,120702.4763
강원특별자치도,정선군,2017,10,113506.3794
강원특별자치도,정선군,2017,11,114201.7349
강원특별자치도,정선군,2017,12,113006.7227
강원특별자치도,정선군,2018,1,108643.3691
강원특별자치도,정선군,2018,2,111120.1191
강원특별자치도,정선군,2018,3,105631.3585
강원특별자치도,정선군,2018,4,107698.608
강원특별자치도,정선군,2018,5,111561.8391
강원특별자치도,정선군,2018,6,110170.1613
강원특별자치도,정선군,2018,7,110895.6214
강원특별자치도,정선군,2018,8,112471.2626
강원특별자치도,정선군,2018,9,107703.8047
강원특별자치도,정선군,2018,10,107822.2896
강원특별자치도,정선군,2018,11,110322.9444
강원특별자치도,정선군,2018,12,110578.6223
강원특별자치도,정선군,2019,1,108711.2012
강원특별자치도,정선군,2019,2,107479.203
강원특별자치도,정선군,2019,3,98363.60596
강원특별자치도,정선군,2019,4,104510.7119
강원특별자치도,정선군,2019,5,103339.1738
강원특별자치도,정선군,2019,6,101255.7787
강원특별자치도,정선군,2019,7,104746.6053
강원특별자치도,정선군,2019,8,102740.5198
강원특별자치도,정선군,2019,9,112396.2931
강원특별자치도,정선군,2019,10,102957.5814
강원특별자치도,정선군,2019,11,102185.4764
강원특별자치도,정선군,2019,12,107182.8495
강원특별자치도,정선군,2020,1,101823.8611
강원특별자치도,정선군,2020,2,94361.81559
강원특별자치도,정선군,2020,3,98140.06647
강원특별자치도,정선군,2020,4,94172.90305
강원특별자치도,정선군,2020,5,86805.31384
강원특별자치도,정선군,2020,6,91811.49625
강원특별자치도,정선군,2020,7,93700.62169
강원특별자치도,정선군,2020,8,92661.6027
강원특별자치도,정선군,2020,9,94078.44678
강원특별자치도,정선군,2020,10,94267.35932
강원특별자치도,정선군,2020,11,95873.11594
강원특별자치도,정선군,2020,12,96345.3973
강원특별자치도,정선군,2021,1,93703.68514
강원특별자치도,정선군,2021,2,96931.57298
강원특별자치도,정선군,2021,3,102817.7214
강원특별자치도,정선군,2021,4,94842.93967
강원특별자치도,정선군,2021,5,93513.80939
강원특별자치도,정선군,2021,6,93039.12
강원특별자치도,정선군,2021,7,96551.82147
강원특별자치도,정선군,2021,8,96361.94571
강원특별자치도,정선군,2021,9,95412.56694
강원특별자치도,정선군,2021,10,98165.76539
강원특별자치도,정선군,2021,11,99399.9578
강원특별자치도,정선군,2021,12,102248.0941
강원특별자치도,철원군,2010,1,103841.3142
강원특별자치도,철원군,2010,2,108489.952
강원특별자치도,철원군,2010,3,112046.3417
강원특별자치도,철원군,2010,4,119240.6323
강원특별자치도,철원군,2010,5,115956.3641
강원특별자치도,철원군,2010,6,116572.086
강원특별자치도,철원군,2010,7,112443.8649
강원특별자치도,철원군,2010,8,113309.136
강원특별자치도,철원군,2010,9,115119.9353
강원특별자치도,철원군,2010,10,119122.7548
강원특별자치도,철원군,2010,11,126032.3837
강원특별자치도,철원군,2010,12,125049.2351
강원특별자치도,철원군,2011,1,119462.8184
강원특별자치도,철원군,2011,2,112735.9885
강원특별자치도,철원군,2011,3,124212.7393
강원특별자치도,철원군,2011,4,118234.6835
강원특별자치도,철원군,2011,5,120283.1931
강원특별자치도,철원군,2011,6,120123.0016
강원특별자치도,철원군,2011,7,123939.6856
강원특별자치도,철원군,2011,8,124973.649
강원특별자치도,철원군,2011,9,126486.9734
강원특별자치도,철원군,2011,10,125342.5749
강원특별자치도,철원군,2011,11,126957.8393
강원특별자치도,철원군,2011,12,126690.8535
강원특별자치도,철원군,2012,1,120621.0644
강원특별자치도,철원군,2012,2,127979.1041
강원특별자치도,철원군,2012,3,128882.3836
강원특별자치도,철원군,2012,4,129366.0674
강원특별자치도,철원군,2012,5,127732.4254
강원특별자치도,철원군,2012,6,124918.5949
강원특별자치도,철원군,2012,7,122070.9066
강원특별자치도,철원군,2012,8,118072.0508
강원특별자치도,철원군,2012,9,119683.927
강원특별자치도,철원군,2012,10,127062.5233
강원특별자치도,철원군,2012,11,120948.7602
강원특별자치도,철원군,2012,12,120165.1924
강원특별자치도,철원군,2013,1,123083.7374
강원특별자치도,철원군,2013,2,121477.4861
강원특별자치도,철원군,2013,3,120260.2963
강원특별자치도,철원군,2013,4,127701.2528
강원특별자치도,철원군,2013,5,126440.1564
강원특별자치도,철원군,2013,6,125372.9811
강원특별자치도,철원군,2013,7,127534.1636
강원특별자치도,철원군,2013,8,123799.6597
강원특별자치도,철원군,2013,9,124833.905
강원특별자치도,철원군,2013,10,133982.342
강원특별자치도,철원군,2013,11,124902.2043
강원특별자치도,철원군,2013,12,124405.8153
강원특별자치도,철원군,2014,1,132686.343
강원특별자치도,철원군,2014,2,132860.0693
강원특별자치도,철원군,2014,3,134646.7876
강원특별자치도,철원군,2014,4,130411.4156
강원특별자치도,철원군,2014,5,129007.6561
강원특별자치도,철원군,2014,6,127805.5206
강원특별자치도,철원군,2014,7,127355.3538
강원특별자치도,철원군,2014,8,124121.7614
강원특별자치도,철원군,2014,9,127393.3961
강원특별자치도,철원군,2014,10,128437.0222
강원특별자치도,철원군,2014,11,125112.1283
강원특별자치도,철원군,2014,12,121107.546
강원특별자치도,철원군,2015,1,128555.3876
강원특별자치도,철원군,2015,2,130973.2718
강원특별자치도,철원군,2015,3,129018.718
강원특별자치도,철원군,2015,4,127557.3452
강원특별자치도,철원군,2015,5,123572.9627
강원특별자치도,철원군,2015,6,131489.8139
강원특별자치도,철원군,2015,7,130927.8472
강원특별자치도,철원군,2015,8,135322.3486
강원특별자치도,철원군,2015,9,135645.5119
강원특별자치도,철원군,2015,10,126471.0494
강원특별자치도,철원군,2015,11,127999.9101
강원특별자치도,철원군,2015,12,128587.8337
강원특별자치도,철원군,2016,1,126321.8076
강원특별자치도,철원군,2016,2,123350.0511
강원특별자치도,철원군,2016,3,125148.7459
강원특별자치도,철원군,2016,4,127910.6546
강원특별자치도,철원군,2016,5,134887.7653
강원특별자치도,철원군,2016,6,135379.1478
강원특별자치도,철원군,2016,7,132787.9847
강원특별자치도,철원군,2016,8,140863.8633
강원특별자치도,철원군,2016,9,138349.6009
강원특별자치도,철원군,2016,10,134989.4306
강원특별자치도,철원군,2016,11,141997.823
강원특별자치도,철원군,2016,12,133493.1252
강원특별자치도,철원군,2017,1,132290.1876
강원특별자치도,철원군,2017,2,132166.6066
강원특별자치도,철원군,2017,3,138218.1721
강원특별자치도,철원군,2017,4,140053.6748
강원특별자치도,철원군,2017,5,143308.4076
강원특별자치도,철원군,2017,6,148466.2875
강원특별자치도,철원군,2017,7,137929.3828
강원특별자치도,철원군,2017,8,143647.9301
강원특별자치도,철원군,2017,9,150839.0423
강원특별자치도,철원군,2017,10,141846.2495
강원특별자치도,철원군,2017,11,142715.2189
강원특별자치도,철원군,2017,12,141221.8403
강원특별자치도,철원군,2018,1,144868.8445
강원특별자치도,철원군,2018,2,148171.4289
강원특별자치도,철원군,2018,3,140852.5248
강원특별자치도,철원군,2018,4,143609.0672
강원특별자치도,철원군,2018,5,148760.4337
강원특별자치도,철원군,2018,6,146904.7222
강원특별자치도,철원군,2018,7,147872.0759
강원특별자치도,철원군,2018,8,149973.0906
강원특별자치도,철원군,2018,9,143615.9967
강원특별자치도,철원군,2018,10,143773.9885
강원특별자치도,철원군,2018,11,147108.4485
강원특별자치도,철원군,2018,12,147449.3784
강원특별자치도,철원군,2019,1,165121.8396
강원특별자치도,철원군,2019,2,163250.5531
강원특별자치도,철원군,2019,3,149404.8395
강원특별자치도,철원군,2019,4,158741.7011
강원특별자치도,철원군,2019,5,156962.2476
강원특별자치도,철원군,2019,6,153797.7711
강원특별자치도,철원군,2019,7,159100.0005
강원특별자치도,철원군,2019,8,156052.9499
강원특별자치도,철원군,2019,9,170719.1391
강원특별자치도,철원군,2019,10,156382.6456
강원특별자치도,철원군,2019,11,155209.8924
강원특별자치도,철원군,2019,12,162800.4206
강원특별자치도,철원군,2020,1,177733.4318
강원특별자치도,철원군,2020,2,164708.44
강원특별자치도,철원군,2020,3,171303.3726
강원특별자치도,철원군,2020,4,164378.6934
강원특별자치도,철원군,2020,5,151518.575
강원특별자치도,철원군,2020,6,160256.8606
강원특별자치도,철원군,2020,7,163554.3268
강원특별자치도,철원군,2020,8,161740.7204
강원특별자치도,철원군,2020,9,164213.8201
강원특별자치도,철원군,2020,10,164543.5667
강원특별자치도,철원군,2020,11,167346.413
강원특별자치도,철원군,2020,12,168170.7796
강원특별자치도,철원군,2021,1,173777.3434
강원특별자치도,철원군,2021,2,179763.5944
강원특별자치도,철원군,2021,3,190679.699
강원특별자치도,철원군,2021,4,175890.1379
강원특별자치도,철원군,2021,5,173425.211
강원특별자치도,철원군,2021,6,172544.88
강원특별자치도,철원군,2021,7,179059.3296
강원특별자치도,철원군,2021,8,178707.1971
강원특별자치도,철원군,2021,9,176946.5351
강원특별자치도,철원군,2021,10,182052.455
강원특별자치도,철원군,2021,11,184341.3157
강원특별자치도,철원군,2021,12,189623.3018
강원특별자치도,춘천시,2010,1,416212.3961
강원특별자치도,춘천시,2010,2,434844.8711
강원특별자치도,춘천시,2010,3,449099.4432
강원특별자치도,춘천시,2010,4,477935.2966
강원특별자치도,춘천시,2010,5,464771.4305
강원특별자치도,춘천시,2010,6,467239.3412
강원특별자치도,춘천시,2010,7,450692.7787
강원특별자치도,춘천시,2010,8,454160.9221
강원특별자치도,춘천시,2010,9,461418.8918
강원특별자치도,춘천시,2010,10,477462.8249
강원특별자치도,춘천시,2010,11,505157.7095
강원특별자치도,춘천시,2010,12,501217.0943
강원특별자치도,춘천시,2011,1,471222.562
강원특별자치도,춘천시,2011,2,444688.4986
강원특별자치도,춘천시,2011,3,489958.6839
강원특별자치도,춘천시,2011,4,466378.1686
강원특별자치도,춘천시,2011,5,474458.5401
강원특별자치도,춘천시,2011,6,473826.6627
강원특별자치도,춘천시,2011,7,488881.6202
강원특별자치도,춘천시,2011,8,492960.1015
강원특별자치도,춘천시,2011,9,498929.428
강원특별자치도,춘천시,2011,10,494415.3343
강원특별자치도,춘천시,2011,11,500786.7646
강원특별자치도,춘천시,2011,12,499733.6356
강원특별자치도,춘천시,2012,1,482001.4499
강원특별자치도,춘천시,2012,2,511404.1569
강원특별자치도,춘천시,2012,3,515013.6593
강원특별자치도,춘천시,2012,4,516946.4584
강원특별자치도,춘천시,2012,5,510418.4293
강원특별자치도,춘천시,2012,6,499174.3703
강원특별자치도,춘천시,2012,7,487795.0154
강원특별자치도,춘천시,2012,8,471815.5984
강원특별자치도,춘천시,2012,9,478256.6516
강원특별자치도,춘천시,2012,10,507741.5025
강원특별자치도,춘천시,2012,11,483310.9213
강원특별자치도,춘천시,2012,12,480179.7867
강원특별자치도,춘천시,2013,1,501876.8013
강원특별자치도,춘천시,2013,2,495327.274
강원특별자치도,춘천시,2013,3,490364.1546
강원특별자치도,춘천시,2013,4,520704.8274
강원특별자치도,춘천시,2013,5,515562.6777
강원특별자치도,춘천시,2013,6,511211.2453
강원특별자치도,춘천시,2013,7,520023.5174
강원특별자치도,춘천시,2013,8,504795.9908
강원특별자치도,춘천시,2013,9,509013.1503
강원특별자치도,춘천시,2013,10,546316.115
강원특별자치도,춘천시,2013,11,509291.642
강원특별자치도,춘천시,2013,12,507267.6043
강원특별자치도,춘천시,2014,1,548778.1843
강원특별자치도,춘천시,2014,2,549496.7
강원특별자치도,춘천시,2014,3,556886.3982
강원특별자치도,춘천시,2014,4,539369.2996
강원특별자치도,춘천시,2014,5,533563.4827
강원특별자치도,춘천시,2014,6,528591.5637
강원특별자치도,춘천시,2014,7,526729.7164
강원특별자치도,춘천시,2014,8,513355.8836
강원특별자치도,춘천시,2014,9,526887.0556
강원특별자치도,춘천시,2014,10,531203.3946
강원특별자치도,춘천시,2014,11,517451.9477
강원특별자치도,춘천시,2014,12,500889.3736
강원특별자치도,춘천시,2015,1,533696.495
강원특별자치도,춘천시,2015,2,543734.3189
강원특별자치도,춘천시,2015,3,535620.0071
강원특별자치도,춘천시,2015,4,529553.1313
강원특별자치도,춘천시,2015,5,513012.0044
강원특별자치도,춘천시,2015,6,545878.7386
강원특별자치도,춘천시,2015,7,543545.7393
강원특별자치도,춘천시,2015,8,561789.4707
강원특별자치도,춘천시,2015,9,563131.08
강원특별자치도,춘천시,2015,10,525043.3843
강원특별자치도,춘천시,2015,11,531390.4356
강원특별자치도,춘천시,2015,12,533831.1947
강원특별자치도,춘천시,2016,1,553198.3555
강원특별자치도,춘천시,2016,2,540184.2068
강원특별자치도,춘천시,2016,3,548061.1915
강원특별자치도,춘천시,2016,4,560156.3587
강원특별자치도,춘천시,2016,5,590711.0683
강원특별자치도,춘천시,2016,6,592862.9692
강원특별자치도,춘천시,2016,7,581515.5448
강원특별자치도,춘천시,2016,8,616882.0648
강원특별자치도,춘천시,2016,9,605871.41
강원특별자치도,춘천시,2016,10,591156.2892
강원특별자치도,춘천시,2016,11,621847.9899
강원특별자치도,춘천시,2016,12,584603.5512
강원특별자치도,춘천시,2017,1,562711.7706
강원특별자치도,춘천시,2017,2,562186.1045
강원특별자치도,춘천시,2017,3,587927.1454
강원특별자치도,춘천시,2017,4,595734.6709
강원특별자치도,춘천시,2017,5,609579.0571
강원특별자치도,춘천시,2017,6,631518.7018
강원특별자치도,춘천시,2017,7,586698.7466
강원특별자치도,춘천시,2017,8,611023.2557
강원특별자치도,춘천시,2017,9,641611.4917
강원특별자치도,춘천시,2017,10,603359.5966
강원특별자치도,춘천시,2017,11,607055.8596
강원특별자치도,춘천시,2017,12,600703.5993
강원특별자치도,춘천시,2018,1,607337.0279
강원특별자치도,춘천시,2018,2,621182.5296
강원특별자치도,춘천시,2018,3,590499.3175
강원특별자치도,춘천시,2018,4,602055.6342
강원특별자치도,춘천시,2018,5,623651.828
강원특별자치도,춘천시,2018,6,615872.0853
강원특별자치도,춘천시,2018,7,619927.5449
강원특별자치도,춘천시,2018,8,628735.6778
강원특별자치도,춘천시,2018,9,602084.6848
강원특별자치도,춘천시,2018,10,602747.0378
강원특별자치도,춘천시,2018,11,616726.1721
강원특별자치도,춘천시,2018,12,618155.4602
강원특별자치도,춘천시,2019,1,654919.5697
강원특별자치도,춘천시,2019,2,647497.5221
강원특별자치도,춘천시,2019,3,592581.5352
강원특별자치도,춘천시,2019,4,629614.1492
강원특별자치도,춘천시,2019,5,622556.3372
강원특별자치도,춘천시,2019,6,610005.1353
강원특별자치도,춘천시,2019,7,631035.2653
강원특별자치도,춘천시,2019,8,618949.8073
강원특별자치도,춘천시,2019,9,677120.0307
강원특별자치도,춘천시,2019,10,620257.4729
강원특별자치도,춘천시,2019,11,615606.0046
강원특별자치도,춘천시,2019,12,645712.1704
강원특별자치도,춘천시,2020,1,667213.4016
강원특별자치도,춘천시,2020,2,618317.4288
강원특별자치도,춘천시,2020,3,643074.8834
강원특별자치도,춘천시,2020,4,617079.5561
강원특별자치도,춘천시,2020,5,568802.5196
강원특별자치도,춘천시,2020,6,601606.1469
강원특별자치도,춘천시,2020,7,613984.8742
강원특별자치도,춘천시,2020,8,607176.5742
강원특별자치도,춘천시,2020,9,616460.6197
강원특별자치도,춘천시,2020,10,617698.4924
강원특별자치도,춘천시,2020,11,628220.4106
강원특별자치도,춘천시,2020,12,631315.0925
강원특별자치도,춘천시,2021,1,615026.208
강원특별자치도,춘천시,2021,2,636212.5211
강원특별자치도,춘천시,2021,3,674846.3863
강원특별자치도,춘천시,2021,4,622503.7303
강원특별자치도,춘천시,2021,5,613779.9543
강원특별자치도,춘천시,2021,6,610664.32
강원특별자치도,춘천시,2021,7,633720.0137
강원특별자치도,춘천시,2021,8,632473.76
강원특별자치도,춘천시,2021,9,626242.4914
강원특별자치도,춘천시,2021,10,644313.1703
강원특별자치도,춘천시,2021,11,652413.8194
강원특별자치도,춘천시,2021,12,671107.6251
강원특별자치도,태백시,2010,1,63889.59872
강원특별자치도,태백시,2010,2,66749.72821
강원특별자치도,태백시,2010,3,68937.83914
강원특별자치도,태백시,2010,4,73364.21164
강원특별자치도,태백시,2010,5,71343.52669
강원특별자치도,태백시,2010,6,71722.35689
강원특별자치도,태백시,2010,7,69182.41994
강원특별자치도,태백시,2010,8,69714.78826
강원특별자치도,태백시,2010,9,70828.90398
강원특별자치도,태백시,2010,10,73291.6861
강원특별자치도,태백시,2010,11,77542.91714
강원특별자치도,태백시,2010,12,76938.02329
강원특별자치도,태백시,2011,1,69695.69522
강원특별자치도,태백시,2011,2,65771.20149
강원특별자치도,태백시,2011,3,72466.84234
강원특별자치도,태백시,2011,4,68979.19014
강원특별자치도,태백시,2011,5,70174.30929
강원특별자치도,태백시,2011,6,70080.8521
강원특별자치도,태백시,2011,7,72307.54032
강원특별자치도,태백시,2011,8,72910.76396
강원특별자치도,태백시,2011,9,73793.65115
강원특별자치도,태백시,2011,10,73125.99869
강원특별자치도,태백시,2011,11,74068.35863
강원특별자치도,태백시,2011,12,73912.59666
강원특별자치도,태백시,2012,1,70027.46173
강원특별자치도,태백시,2012,2,74299.22676
강원특별자치도,태백시,2012,3,74823.63242
강원특별자치도,태백시,2012,4,75104.43867
강원특별자치도,태백시,2012,5,74156.01557
강원특별자치도,태백시,2012,6,72522.42523
강원특별자치도,태백시,2012,7,70869.17846
강원특별자치도,태백시,2012,8,68547.61281
강원특별자치도,태백시,2012,9,69483.39963
강원특별자치도,태백시,2012,10,73767.09892
강원특별자치도,태백시,2012,11,70217.70796
강원특별자치도,태백시,2012,12,69762.80184
강원특별자치도,태백시,2013,1,73984.27807
강원특별자치도,태백시,2013,2,73018.77807
강원특별자치도,태백시,2013,3,72287.13874
강원특별자치도,태백시,2013,4,76759.81564
강원특별자치도,태백시,2013,5,76001.78451
강원특별자치도,태백시,2013,6,75360.31717
강원특별자치도,태백시,2013,7,76659.38018
강원특별자치도,태백시,2013,8,74414.61102
강원특별자치도,태백시,2013,9,75036.28452
강원특별자치도,태백시,2013,10,80535.30918
강원특별자치도,태백시,2013,11,75077.33843
강원특별자치도,태백시,2013,12,74778.96447
강원특별자치도,태백시,2014,1,78598.41105
강원특별자치도,태백시,2014,2,78701.32001
강원특별자치도,태백시,2014,3,79759.7049
강원특별자치도,태백시,2014,4,77250.82943
강원특별자치도,태백시,2014,5,76419.29496
강원특별자치도,태백시,2014,6,75707.19498
강원특별자치도,태백시,2014,7,75440.53307
강원특별자치도,태백시,2014,8,73525.07426
강원특별자치도,태백시,2014,9,75463.06788
강원특별자치도,태백시,2014,10,76081.27282
강원특별자치도,태백시,2014,11,74111.73047
강원특별자치도,태백시,2014,12,71739.56618
강원특별자치도,태백시,2015,1,75352.58261
강원특별자치도,태백시,2015,2,76769.82248
강원특별자치도,태백시,2015,3,75624.16319
강원특별자치도,태백시,2015,4,74767.58128
강원특별자치도,태백시,2015,5,72432.14037
강원특별자치도,태백시,2015,6,77072.593
강원특별자치도,태백시,2015,7,76743.19693
강원특별자치도,태백시,2015,8,79319.02851
강원특별자치도,태백시,2015,9,79508.45026
강원특별자치도,태백시,2015,10,74130.85032
강원특별자치도,태백시,2015,11,75026.99019
강원특별자치도,태백시,2015,12,75371.60085
강원특별자치도,태백시,2016,1,72392.28945
강원특별자치도,태백시,2016,2,70689.24024
강원특별자치도,태백시,2016,3,71720.03318
강원특별자치도,태백시,2016,4,73302.82321
강원특별자치도,태백시,2016,5,77301.25409
강원특별자치도,태백시,2016,6,77582.85477
강원특별자치도,태백시,2016,7,76097.91537
강원특별자치도,태백시,2016,8,80726.02629
강원특별자치도,태백시,2016,9,79285.15702
강원특별자치도,태백시,2016,10,77359.5163
강원특별자치도,태백시,2016,11,81375.87401
강원특별자치도,태백시,2016,12,76502.01608
강원특별자치도,태백시,2017,1,71811.16305
강원특별자치도,태백시,2017,2,71744.07951
강원특별자치도,태백시,2017,3,75029.05449
강원특별자치도,태백시,2017,4,76025.42157
강원특별자치도,태백시,2017,5,77792.19015
강원특별자치도,태백시,2017,6,80592.04522
강원특별자치도,태백시,2017,7,74872.29085
강원특별자치도,태백시,2017,8,77976.49334
강원특별자치도,태백시,2017,9,81880.04916
강원특별자치도,태백시,2017,10,76998.48596
강원특별자치도,태백시,2017,11,77470.18916
강원특별자치도,태백시,2017,12,76659.53755
강원특별자치도,태백시,2018,1,74458.41758
강원특별자치도,태백시,2018,2,76155.85096
강원특별자치도,태백시,2018,3,72394.14484
강원특별자치도,태백시,2018,4,73810.9283
강원특별자치도,태백시,2018,5,76458.58247
강원특별자치도,태백시,2018,6,75504.80014
강원특별자치도,태백시,2018,7,76001.99213
강원특별자치도,태백시,2018,8,77081.85323
강원특별자치도,태백시,2018,9,73814.48985
강원특별자치도,태백시,2018,10,73895.69313
강원특별자치도,태백시,2018,11,75609.50963
강원특별자치도,태백시,2018,12,75784.73775
강원특별자치도,태백시,2019,1,86682.68135
강원특별자치도,태백시,2019,2,85700.32715
강원특별자치도,태백시,2019,3,78431.85448
강원특별자치도,태백시,2019,4,83333.35144
강원특별자치도,태백시,2019,5,82399.2061
강원특별자치도,태백시,2019,6,80737.97639
강원특별자치도,태백시,2019,7,83521.445
강원특별자치도,태백시,2019,8,81921.85941
강원특별자치도,태백시,2019,9,89621.05054
강원특별자치도,태백시,2019,10,82094.9371
강원특별자치도,태백시,2019,11,81479.28632
강원특별자치도,태백시,2019,12,85464.02474
강원특별자치도,태백시,2020,1,81606.19823
강원특별자치도,태백시,2020,2,75625.78111
강원특별자치도,태백시,2020,3,78653.84041
강원특별자치도,태백시,2020,4,75474.37814
강원특별자치도,태백시,2020,5,69569.6625
강원특별자치도,태백시,2020,6,73581.84108
강원특별자치도,태백시,2020,7,75095.87073
강원특별자치도,태백시,2020,8,74263.15442
강원특별자치도,태백시,2020,9,75398.67666
강원특별자치도,태백시,2020,10,75550.07963
강원특별자치도,태백시,2020,11,76837.00483
강원특별자치도,태백시,2020,12,77215.51224
강원특별자치도,태백시,2021,1,72419.53371
강원특별자치도,태백시,2021,2,74914.2289
강원특별자치도,태백시,2021,3,79463.37894
강원특별자치도,태백시,2021,4,73300.01437
강원특별자치도,태백시,2021,5,72272.78694
강원특별자치도,태백시,2021,6,71905.92
강원특별자치도,태백시,2021,7,74620.73535
강원특별자치도,태백시,2021,8,74473.98857
강원특별자치도,태백시,2021,9,73740.25469
강원특별자치도,태백시,2021,10,75868.08294
강원특별자치도,태백시,2021,11,76821.93698
강원특별자치도,태백시,2021,12,79023.13861
강원특별자치도,평창군,2010,1,91907.55461
강원특별자치도,평창군,2010,2,96021.95684
강원특별자치도,평창군,2010,3,99169.63547
강원특별자치도,평창군,2010,4,105537.1363
강원특별자치도,평창군,2010,5,102630.3061
강원특별자치도,평창군,2010,6,103175.2674
강원특별자치도,평창군,2010,7,99521.47402
강원특별자치도,평창군,2010,8,100287.3056
강원특별자치도,평창군,2010,9,101890.0023
강원특별자치도,평창군,2010,10,105432.8056
강원특별자치도,평창군,2010,11,111548.359
강원특별자치도,평창군,2010,12,110678.1968
강원특별자치도,평창군,2011,1,93265.19701
강원특별자치도,평창군,2011,2,88013.5286
강원특별자치도,평창군,2011,3,96973.48317
강원특별자치도,평창군,2011,4,92306.38618
강원특별자치도,평창군,2011,5,93905.66749
강원특별자치도,평창군,2011,6,93780.6052
강원특별자치도,평창군,2011,7,96760.30882
강원특별자치도,평창군,2011,8,97567.52901
강원특별자치도,평창군,2011,9,98748.9886
강원특별자치도,평창군,2011,10,97855.55123
강원특별자치도,평창군,2011,11,99116.59591
강원특별자치도,평창군,2011,12,98908.15878
강원특별자치도,평창군,2012,1,92786.80643
강원특별자치도,평창군,2012,2,98446.92069
강원특별자치도,평창군,2012,3,99141.76134
강원특별자치도,평창군,2012,4,99513.8313
강원특별자치도,평창군,2012,5,98257.16501
강원특별자치도,평창군,2012,6,96092.64802
강원특별자치도,평창군,2012,7,93902.08614
강원특별자치도,평창군,2012,8,90825.99775
강원특별자치도,평창군,2012,9,92065.92089
강원특별자치도,평창군,2012,10,97741.84812
강원특별자치도,평창군,2012,11,93038.88383
강원특별자치도,평창군,2012,12,92436.1305
강원특별자치도,평창군,2013,1,101820.1553
강원특별자치도,평창군,2013,2,100491.3952
강원특별자치도,평창군,2013,3,99484.48354
강원특별자치도,평창군,2013,4,105639.9624
강원특별자치도,평창군,2013,5,104596.7293
강원특별자치도,평창군,2013,6,103713.916
강원특별자치도,평창군,2013,7,105501.739
강원특별자치도,평창군,2013,8,102412.3969
강원특별자치도,평창군,2013,9,103267.9691
강원특별자치도,평창군,2013,10,110835.9492
강원특별자치도,평창군,2013,11,103324.4692
강원특별자치도,평창군,2013,12,102913.8349
강원특별자치도,평창군,2014,1,110129.7207
강원특별자치도,평창군,2014,2,110273.9136
강원특별자치도,평창군,2014,3,111756.8905
강원특별자치도,평창군,2014,4,108241.53
강원특별자치도,평창군,2014,5,107076.409
강원특별자치도,평창군,2014,6,106078.636
강원특별자치도,평창군,2014,7,105704.9974
강원특별자치도,평창군,2014,8,103021.1143
강원특별자치도,평창군,2014,9,105736.5725
강원특별자치도,평창군,2014,10,106602.7826
강원특별자치도,평창군,2014,11,103843.1193
강원특별자치도,평창군,2014,12,100519.3143
강원특별자치도,평창군,2015,1,116218.8381
강원특별자치도,평창군,2015,2,118404.6951
강원특별자치도,평창군,2015,3,116637.706
강원특별자치도,평창군,2015,4,115316.5708
강원특별자치도,평창군,2015,5,111714.5412
강원특별자치도,평창군,2015,6,118871.6683
강원특별자치도,평창군,2015,7,118363.6296
강원특별자치도,평창군,2015,8,122336.4218
강원특별자치도,평창군,2015,9,122628.5734
강원특별자치도,평창군,2015,10,114334.5191
강원특별자치도,평창군,2015,11,115716.6659
강원특별자치도,평창군,2015,12,116248.1706
강원특별자치도,평창군,2016,1,128545.6694
강원특별자치도,평창군,2016,2,125521.5959
강원특별자치도,평창군,2016,3,127351.9562
강원특별자치도,평창군,2016,4,130162.4876
강원특별자치도,평창군,2016,5,137262.4284
강원특별자치도,평창군,2016,6,137762.4616
강원특별자치도,평창군,2016,7,135125.6818
강원특별자치도,평창군,2016,8,143343.734
강원특별자치도,평창군,2016,9,140785.2087
강원특별자치도,평창군,2016,10,137365.8836
강원특별자치도,평창군,2016,11,144497.6568
강원특별자치도,평창군,2016,12,135843.2361
강원특별자치도,평창군,2017,1,131219.3321
강원특별자치도,평창군,2017,2,131096.7515
강원특별자치도,평창군,2017,3,137099.3311
강원특별자치도,평창군,2017,4,138919.976
강원특별자치도,평창군,2017,5,142148.3625
강원특별자치도,평창군,2017,6,147264.4907
강원특별자치도,평창군,2017,7,136812.8796
강원특별자치도,평창군,2017,8,142485.1367
강원특별자치도,평창군,2017,9,149618.0386
강원특별자치도,평창군,2017,10,140698.0402
강원특별자치도,평창군,2017,11,141559.9755
강원특별자치도,평창군,2017,12,140078.6855
강원특별자치도,평창군,2018,1,111774.8554
강원특별자치도,평창군,2018,2,114322.9941
강원특별자치도,평창군,2018,3,108676.028
강원특별자치도,평창군,2018,4,110802.863
강원특별자치도,평창군,2018,5,114777.446
강원특별자치도,평창군,2018,6,113345.6551
강원특별자치도,평창군,2018,7,114092.0256
강원특별자치도,평창군,2018,8,115713.0823
강원특별자치도,평창군,2018,9,110808.2095
강원특별자치도,평창군,2018,10,110930.1095
강원특별자치도,평창군,2018,11,113502.842
강원특별자치도,평창군,2018,12,113765.8895
강원특별자치도,평창군,2019,1,110387.7443
강원특별자치도,평창군,2019,2,109136.7463
강원특별자치도,평창군,2019,3,99880.56858
강원특별자치도,평창군,2019,4,106122.4751
강원특별자치도,평창군,2019,5,104932.8696
강원특별자치도,평창군,2019,6,102817.3443
강원특별자치도,평창군,2019,7,106362.0065
강원특별자치도,평창군,2019,8,104324.9831
강원특별자치도,평창군,2019,9,114129.6676
강원특별자치도,평창군,2019,10,104545.3923
강원특별자치도,평창군,2019,11,103761.3799
강원특별자치도,평창군,2019,12,108835.8224
강원특별자치도,평창군,2020,1,111037.8609
강원특별자치도,평창군,2020,2,102900.578
강원특별자치도,평창군,2020,3,107020.7212
강원특별자치도,평창군,2020,4,102694.5708
강원특별자치도,평창군,2020,5,94660.29144
강원특별자치도,평창군,2020,6,100119.4813
강원특별자치도,평창군,2020,7,102179.5529
강원특별자치도,평창군,2020,8,101046.5135
강원특별자치도,평창군,2020,9,102591.5672
강원특별자치도,평창군,2020,10,102797.5744
강원특별자치도,평창군,2020,11,104548.6353
강원특별자치도,평창군,2020,12,105063.6532
강원특별자치도,평창군,2021,1,102213.3977
강원특별자치도,평창군,2021,2,105734.4266
강원특별자치도,평창군,2021,3,112155.1264
강원특별자치도,평창군,2021,4,103456.1138
강원특별자치도,평창군,2021,5,102006.2784
강원특별자치도,평창군,2021,6,101488.48
강원특별자치도,평창군,2021,7,105320.1879
강원특별자치도,평창군,2021,8,105113.0686
강원특별자치도,평창군,2021,9,104077.4718
강원특별자치도,평창군,2021,10,107080.7024
강원특별자치도,평창군,2021,11,108426.9781
강원특별자치도,평창군,2021,12,111533.7683
강원특별자치도,홍천군,2010,1,146644.4993
강원특별자치도,홍천군,2010,2,153209.2965
강원특별자치도,홍천군,2010,3,158231.6231
강원특별자치도,홍천군,2010,4,168391.3861
강원특별자치도,홍천군,2010,5,163753.3489
강원특별자치도,홍천군,2010,6,164622.8702
강원특별자치도,홍천군,2010,7,158793.0044
강원특별자치도,홍천군,2010,8,160014.9386
강원특별자치도,홍천군,2010,9,162572.1458
강원특별자치도,홍천군,2010,10,168224.9197
강원특별자치도,홍천군,2010,11,177982.684
강원특별자치도,홍천군,2010,12,176594.2834
강원특별자치도,홍천군,2011,1,160466.9143
강원특별자치도,홍천군,2011,2,151431.1855
강원특별자치도,홍천군,2011,3,166847.1854
강원특별자치도,홍천군,2011,4,158817.2377
강원특별자치도,홍천군,2011,5,161568.8722
강원특별자치도,홍천군,2011,6,161353.697
강원특별자치도,홍천군,2011,7,166480.4094
강원특별자치도,홍천군,2011,8,167869.2676
강원특별자치도,홍천군,2011,9,169902.0213
강원특별자치도,홍천군,2011,10,168364.8227
강원특별자치도,홍천군,2011,11,170534.5061
강원특별자치도,홍천군,2011,12,170175.8807
강원특별자치도,홍천군,2012,1,160741.6984
강원특별자치도,홍천군,2012,2,170547.1482
강원특별자치도,홍천군,2012,3,171750.874
강원특별자치도,홍천군,2012,4,172395.4393
강원특별자치도,홍천군,2012,5,170218.4199
강원특별자치도,홍천군,2012,6,166468.6612
강원특별자치도,홍천군,2012,7,162673.7829
강원특별자치도,홍천군,2012,8,157344.8392
강원특별자치도,홍천군,2012,9,159492.8531
강원특별자치도,홍천군,2012,10,169325.697
강원특별자치도,홍천군,2012,11,161178.3914
강원특별자치도,홍천군,2012,12,160134.1956
강원특별자치도,홍천군,2013,1,164874.8354
강원특별자치도,홍천군,2013,2,162723.2073
강원특별자치도,홍천군,2013,3,161092.7405
강원특별자치도,홍천군,2013,4,171060.1536
강원특별자치도,홍천군,2013,5,169370.8723
강원특별자치도,홍천군,2013,6,167941.3548
강원특별자치도,홍천군,2013,7,170836.332
강원특별자치도,홍천군,2013,8,165833.8375
강원특별자치도,홍천군,2013,9,167219.2442
강원특별자치도,홍천군,2013,10,179473.8855
강원특별자치도,홍천군,2013,11,167310.7333
강원특별자치도,홍천군,2013,12,166645.8035
강원특별자치도,홍천군,2014,1,182306.6929
강원특별자치도,홍천군,2014,2,182545.3872
강원특별자치도,홍천군,2014,3,185000.2797
강원특별자치도,홍천군,2014,4,179181.0171
강원특별자치도,홍천군,2014,5,177252.2975
강원특별자치도,홍천군,2014,6,175600.6026
강원특별자치도,홍천군,2014,7,174982.0882
강원특별자치도,홍천군,2014,8,170539.2381
강원특별자치도,홍천군,2014,9,175034.357
강원특별자치도,홍천군,2014,10,176468.2651
강원특별자치도,홍천군,2014,11,171899.9698
강원특별자치도,홍천군,2014,12,166397.8048
강원특별자치도,홍천군,2015,1,174292.6511
강원특별자치도,홍천군,2015,2,177570.7669
강원특별자치도,홍천군,2015,3,174920.8247
강원특별자치도,홍천군,2015,4,172939.5265
강원특별자치도,홍천군,2015,5,167537.5857
강원특별자치도,홍천군,2015,6,178271.0837
강원특별자치도,홍천군,2015,7,177509.1813
강원특별자치도,홍천군,2015,8,183467.1524
강원특별자치도,홍천군,2015,9,183905.2903
강원특별자치도,홍천군,2015,10,171466.7498
강원특별자치도,홍천군,2015,11,173539.5466
강원특별자치도,홍천군,2015,12,174336.6408
강원특별자치도,홍천군,2016,1,172740.0126
강원특별자치도,홍천군,2016,2,168676.2547
강원특별자치도,홍천군,2016,3,171135.8977
강원특별자치도,홍천군,2016,4,174912.6973
강원특별자치도,홍천군,2016,5,184453.6167
강원특별자치도,홍천군,2016,6,185125.5626
강원특별자치도,홍천군,2016,7,181582.2509
강원특별자치도,홍천군,2016,8,192625.6913
강원특별자치도,홍천군,2016,9,189187.5382
강원특별자치도,홍천군,2016,10,184592.64
강원특별자치도,홍천군,2016,11,194176.3358
강원특별자치도,홍천군,2016,12,182546.5022
강원특별자치도,홍천군,2017,1,178789.6332
강원특별자치도,홍천군,2017,2,178622.6141
강원특별자치도,홍천군,2017,3,186801.2794
강원특별자치도,홍천군,2017,4,189281.9537
강원특별자치도,홍천군,2017,5,193680.7114
강원특별자치도,홍천군,2017,6,200651.5644
강원특별자치도,홍천군,2017,7,186410.982
강원특별자치도,홍천군,2017,8,194139.5746
강원특별자치도,홍천군,2017,9,203858.3326
강원특별자치도,홍천군,2017,10,191704.6108
강원특별자치도,홍천군,2017,11,192879.0193
강원특별자치도,홍천군,2017,12,190860.7245
강원특별자치도,홍천군,2018,1,195077.4988
강원특별자치도,홍천군,2018,2,199524.6932
강원특별자치도,홍천군,2018,3,189669.2028
강원특별자치도,홍천군,2018,4,193381.1078
강원특별자치도,홍천군,2018,5,200317.8353
강원특별자치도,홍천군,2018,6,197818.9711
강원특별자치도,홍천군,2018,7,199121.5904
강원특별자치도,홍천군,2018,8,201950.7749
강원특별자치도,홍천군,2018,9,193390.4389
강원특별자치도,홍천군,2018,10,193603.1876
강원특별자치도,홍천군,2018,11,198093.305
강원특별자치도,홍천군,2018,12,198552.3943
강원특별자치도,홍천군,2019,1,204994.1868
강원특별자치도,홍천군,2019,2,202671.0365
강원특별자치도,홍천군,2019,3,185481.9668
강원특별자치도,홍천군,2019,4,197073.4216
강원특별자치도,홍천군,2019,5,194864.2795
강원특별자치도,홍천군,2019,6,190935.6697
강원특별자치도,홍천군,2019,7,197518.2404
강원특별자치도,홍천군,2019,8,193735.4116
강원특별자치도,홍천군,2019,9,211943.0789
강원특별자치도,홍천군,2019,10,194144.7196
강원특별자치도,홍천군,2019,11,192688.7791
강원특별자치도,홍천군,2019,12,202112.2095
강원특별자치도,홍천군,2020,1,202920.7051
강원특별자치도,홍천군,2020,2,188049.8928
강원특별자치도,홍천군,2020,3,195579.418
강원특별자치도,홍천군,2020,4,187673.4165
강원특별자치도,홍천군,2020,5,172990.8423
강원특별자치도,홍천군,2020,6,182967.4633
강원특별자치도,홍천군,2020,7,186732.2259
강원특별자치도,홍천군,2020,8,184661.6064
강원특별자치도,홍천군,2020,9,187485.1784
강원특별자치도,홍천군,2020,10,187861.6547
강원특별자치도,홍천군,2020,11,191061.7029
강원특별자치도,홍천군,2020,12,192002.8936
강원특별자치도,홍천군,2021,1,186356.88
강원특별자치도,홍천군,2021,2,192776.4686
강원특별자치도,홍천군,2021,3,204482.7771
강원특별자치도,홍천군,2021,4,188622.6171
강원특별자치도,홍천군,2021,5,185979.2571
강원특별자치도,홍천군,2021,6,185035.2
강원특별자치도,홍천군,2021,7,192021.2229
강원특별자치도,홍천군,2021,8,191643.6
강원특별자치도,홍천군,2021,9,189755.4857
강원특별자치도,홍천군,2021,10,195231.0171
강원특별자치도,홍천군,2021,11,197685.5657
강원특별자치도,홍천군,2021,12,203349.9086
강원특별자치도,화천군,2010,1,76847.98005
강원특별자치도,화천군,2010,2,80288.21411
강원특별자치도,화천군,2010,3,82920.12773
강원특별자치도,화천군,2010,4,88244.2774
강원특별자치도,화천군,2010,5,85813.74786
강원특별자치도,화천군,2010,6,86269.41414
강원특별자치도,화천군,2010,7,83214.31554
강원특별자치도,화천군,2010,8,83854.66124
강원특별자치도,화천군,2010,9,85194.74702
강원특별자치도,화천군,2010,10,88157.0419
강원특별자치도,화천군,2010,11,93270.52711
강원특별자치도,화천군,2010,12,92542.94591
강원특별자치도,화천군,2011,1,88742.99727
강원특별자치도,화천군,2011,2,83745.96933
강원특별자치도,화천군,2011,3,92271.47777
강원특별자치도,화천군,2011,4,87830.67682
강원특별자치도,화천군,2011,5,89352.41291
강원특별자치도,화천군,2011,6,89233.41459
강원특별자치도,화천군,2011,7,92068.63972
강원특별자치도,화천군,2011,8,92836.71979
강원특별자치도,화천군,2011,9,93960.89331
강원특별자치도,화천군,2011,10,93110.77652
강원특별자치도,화천군,2011,11,94310.67625
강원특별자치도,화천군,2011,12,94112.34572
강원특별자치도,화천군,2012,1,91276.34994
강원특별자치도,화천군,2012,2,96844.32441
강원특별자치도,화천군,2012,3,97527.8539
강원특별자치도,화천군,2012,4,97893.86701
강원특별자치도,화천군,2012,5,96657.65772
강원특별자치도,화천군,2012,6,94528.37644
강원특별자치도,화천군,2012,7,92373.47424
강원특별자치도,화천군,2012,8,89347.46084
강원특별자치도,화천군,2012,9,90567.19953
강원특별자치도,화천군,2012,10,96150.72956
강원특별자치도,화천군,2012,11,91524.32382
강원특별자치도,화천군,2012,12,90931.38258
강원특별자치도,화천군,2013,1,92494.38465
강원특별자치도,화천군,2013,2,91287.32647
강원특별자치도,화천군,2013,3,90372.6385
강원특별자치도,화천군,2013,4,95964.33323
강원특별자치도,화천군,2013,5,95016.6505
강원특별자치도,화천군,2013,6,94214.6946
강원특별자치도,화천군,2013,7,95838.76985
강원특별자치도,화천군,2013,8,93032.38249
강원특별자치도,화천군,2013,9,93809.59231
강원특별자치도,화천군,2013,10,100684.4165
강원특별자치도,화천군,2013,11,93860.91749
강원특별자치도,화천군,2013,12,93487.89344
강원특별자치도,화천군,2014,1,99150.02899
강원특별자치도,화천군,2014,2,99279.8462
강원특별자치도,화천군,2014,3,100614.9736
강원특별자치도,화천군,2014,4,97450.08679
강원특별자치도,화천군,2014,5,96401.1258
강원특별자치도,화천군,2014,6,95502.82858
강원특별자치도,화천군,2014,7,95166.44091
강원특별자치도,화천군,2014,8,92750.13511
강원특별자치도,화천군,2014,9,95194.86804
강원특별자치도,화천군,2014,10,95974.71889
강원특별자치도,화천군,2014,11,93490.18799
강원특별자치도,화천군,2014,12,90497.75908
강원특별자치도,화천군,2015,1,93741.00555
강원특별자치도,화천군,2015,2,95504.09696
강원특별자치도,화천군,2015,3,94078.86043
강원특별자치도,화천군,2015,4,93013.24533
강원특별자치도,화천군,2015,5,90107.88268
강원특별자치도,화천군,2015,6,95880.7531
강원특별자치도,화천군,2015,7,95470.97394
강원특별자치도,화천군,2015,8,98675.39021
강원특별자치도,화천군,2015,9,98911.03688
강원특별자치도,화천군,2015,10,92221.1318
강원특별자치도,화천군,2015,11,93335.95825
강원특별자치도,화천군,2015,12,93764.66486
강원특별자치도,화천군,2016,1,90529.3356
강원특별자치도,화천군,2016,2,88399.60722
강원특별자치도,화천군,2016,3,89688.65335
강원특별자치도,화천군,2016,4,91667.99301
강원특별자치도,화천군,2016,5,96668.18424
강원특별자치도,화천군,2016,6,97020.3367
강원특별자치도,화천군,2016,7,95163.36301
강원특별자치도,화천군,2016,8,100950.9933
강원특별자치도,화천군,2016,9,99149.13098
강원특별자치도,화천군,2016,10,96741.04337
강원특별자치도,화천군,2016,11,101763.6528
강원특별자치도,화천군,2016,12,95668.70645
강원특별자치도,화천군,2017,1,92531.45697
강원특별자치도,화천군,2017,2,92445.01724
강원특별자치도,화천군,2017,3,96677.83437
강원특별자치도,화천군,2017,4,97961.69184
강원특별자치도,화천군,2017,5,100238.2414
강원특별자치도,화천군,2017,6,103845.9628
강원특별자치도,화천군,2017,7,96475.83836
강원특별자치도,화천군,2017,8,100475.7232
강원특별자치도,화천군,2017,9,105505.6056
강원특별자치도,화천군,2017,10,99215.52288
강원특별자치도,화천군,2017,11,99823.33067
강원특별자치도,화천군,2017,12,98778.77477
강원특별자치도,화천군,2018,1,103139.3844
강원특별자치도,화천군,2018,2,105490.6597
강원특별자치도,화천군,2018,3,100279.9653
강원특별자치도,화천군,2018,4,102242.4859
강원특별자치도,화천군,2018,5,105910.0017
강원특별자치도,화천군,2018,6,104588.8277
강원특별자치도,화천군,2018,7,105277.5353
강원특별자치도,화천군,2018,8,106773.3528
강원특별자치도,화천군,2018,9,102247.4193
강원특별자치도,화천군,2018,10,102359.9016
강원특별자치도,화천군,2018,11,104733.8707
강원특별자치도,화천군,2018,12,104976.5957
강원특별자치도,화천군,2019,1,112935.6259
강원특별자치도,화천군,2019,2,111655.7533
강원특별자치도,화천군,2019,3,102185.9319
강원특별자치도,화천군,2019,4,108571.9091
강원특별자치도,화천군,2019,5,107354.8461
강원특별자치도,화천군,2019,6,105190.492
강원특별자치도,화천군,2019,7,108816.9692
강원특별자치도,화천군,2019,8,106732.9289
강원특별자치도,화천군,2019,9,116763.9173
강원특별자치도,화천군,2019,10,106958.4254
강원특별자치도,화천군,2019,11,106156.317
강원특별자치도,화천군,2019,12,111347.8838
강원특별자치도,화천군,2020,1,117102.0823
강원특별자치도,화천군,2020,2,108520.3898
강원특별자치도,화천군,2020,3,112865.5506
강원특별자치도,화천군,2020,4,108303.1318
강원특별자치도,화천군,2020,5,99830.0683
강원특별자치도,화천군,2020,6,105587.4063
강원특별자치도,화천군,2020,7,107759.9867
강원특별자치도,화천군,2020,8,106565.0675
강원특별자치도,화천군,2020,9,108194.5027
강원특별자치도,화천군,2020,10,108411.7608
강원특별자치도,화천군,2020,11,110258.4541
강원특별자치도,화천군,2020,12,110801.5992
강원특별자치도,화천군,2021,1,115209.0857
강원특별자치도,화천군,2021,2,119177.7878
강원특별자치도,화천군,2021,3,126414.8327
강원특별자치도,화천군,2021,4,116609.8041
강원특별자치도,화천군,2021,5,114975.6327
강원특별자치도,화천군,2021,6,114392
강원특별자치도,화천군,2021,7,118710.8816
강원특별자치도,화천군,2021,8,118477.4286
강원특별자치도,화천군,2021,9,117310.1633
강원특별자치도,화천군,2021,10,120695.2327
강원특별자치도,화천군,2021,11,122212.6776
강원특별자치도,화천군,2021,12,125714.4735
강원특별자치도,횡성군,2010,1,88830.54538
강원특별자치도,횡성군,2010,2,92807.19991
강원특별자치도,횡성군,2010,3,95849.49617
강원특별자치도,횡성군,2010,4,102003.8169
강원특별자치도,횡성군,2010,5,99194.30567
강원특별자치도,횡성군,2010,6,99721.02199
강원특별자치도,횡성군,2010,7,96189.55538
강원특별자치도,횡성군,2010,8,96929.74735
강원특별자치도,횡성군,2010,9,98478.78677
강원특별자치도,횡성군,2010,10,101902.9792
강원특별자치도,횡성군,2010,11,107813.7875
강원특별자치도,횡성군,2010,12,106972.7578
강원특별자치도,횡성군,2011,1,98653.78924
강원특별자치도,횡성군,2011,2,93098.69468
강원특별자치도,횡성군,2011,3,102576.3294
강원특별자치도,횡성군,2011,4,97639.58111
강원특별자치도,횡성군,2011,5,99331.26424
강원특별자치도,횡성군,2011,6,99198.97623
강원특별자치도,횡성군,2011,7,102350.8385
강원특별자치도,횡성군,2011,8,103204.6975
강원특별자치도,횡성군,2011,9,104454.4184
강원특별자치도,횡성군,2011,10,103509.3608
강원특별자치도,횡성군,2011,11,104843.265
강원특별자치도,횡성군,2011,12,104622.785
강원특별자치도,횡성군,2012,1,101612.5204
강원특별자치도,횡성군,2012,2,107811.0145
강원특별자치도,횡성군,2012,3,108571.9472
강원특별자치도,횡성군,2012,4,108979.4078
강원특별자치도,횡성군,2012,5,107603.2097
강원특별자치도,횡성군,2012,6,105232.8077
강원특별자치도,횡성군,2012,7,102833.8835
강원특별자치도,횡성군,2012,8,99465.20314
강원특별자치도,횡성군,2012,9,100823.0655
강원특별자치도,횡성군,2012,10,107038.8767
강원특별자치도,횡성군,2012,11,101888.575
강원특별자치도,횡성군,2012,12,101228.4888
강원특별자치도,횡성군,2013,1,111801.7804
강원특별자치도,횡성군,2013,2,110342.7594
강원특별자치도,횡성군,2013,3,109237.1383
강원특별자치도,횡성군,2013,4,115996.0505
강원특별자치도,횡성군,2013,5,114850.5472
강원특별자치도,횡성군,2013,6,113881.1901
강원특별자치도,횡성군,2013,7,115844.2768
강원특별자치도,횡성군,2013,8,112452.0806
강원특별자치도,횡성군,2013,9,113391.5262
강원특별자치도,횡성군,2013,10,121701.4099
강원특별자치도,횡성군,2013,11,113453.5651
강원특별자치도,횡성군,2013,12,113002.6755
강원특별자치도,횡성군,2014,1,124554.7306
강원특별자치도,횡성군,2014,2,124717.8102
강원특별자치도,횡성군,2014,3,126395.0304
강원특별자치도,횡성군,2014,4,122419.2209
강원특별자치도,횡성군,2014,5,121101.4901
강원특별자치도,횡성군,2014,6,119973.0268
강원특별자치도,횡성군,2014,7,119550.4482
강원특별자치도,횡성군,2014,8,116515.0248
강원특별자치도,횡성군,2014,9,119586.1591
강원특별자치도,횡성군,2014,10,120565.8271
강원특별자치도,횡성군,2014,11,117444.6976
강원특별자치도,횡성군,2014,12,113685.5341
강원특별자치도,횡성군,2015,1,125490.5403
강원특별자치도,횡성군,2015,2,127850.7805
강원특별자치도,횡성군,2015,3,125942.8246
강원특별자치도,횡성군,2015,4,124516.2919
강원특별자치도,횡성군,2015,5,120626.8997
강원특별자치도,횡성군,2015,6,128355.0079
강원특별자치도,횡성군,2015,7,127806.4389
강원특별자치도,횡성군,2015,8,132096.1724
강원특별자치도,횡성군,2015,9,132411.6312
강원특별자치도,횡성군,2015,10,123455.8941
강원특별자치도,횡성군,2015,11,124948.3058
강원특별자치도,횡성군,2015,12,125522.2128
강원특별자치도,횡성군,2016,1,119005.5812
강원특별자치도,횡성군,2016,2,116205.941
강원특별자치도,횡성군,2016,3,117900.4601
강원특별자치도,횡성군,2016,4,120502.4063
강원특별자치도,횡성군,2016,5,127075.4211
강원특별자치도,횡성군,2016,6,127538.3441
강원특별자치도,횡성군,2016,7,125097.2543
강원특별자치도,횡성군,2016,8,132705.3993
강원특별자치도,횡성군,2016,9,130336.7563
강원특별자치도,횡성군,2016,10,127171.1983
강원특별자치도,횡성군,2016,11,133773.683
강원특별자치도,횡성군,2016,12,125761.5549
강원특별자치도,횡성군,2017,1,121237.8375
강원특별자치도,횡성군,2017,2,121124.5813
강원특별자치도,횡성군,2017,3,126670.5611
강원특별자치도,횡성군,2017,4,128352.7145
강원특별자치도,횡성군,2017,5,131335.5265
강원특별자치도,횡성군,2017,6,136062.4849
강원특별자치도,횡성군,2017,7,126405.8991
강원특별자치도,횡성군,2017,8,131646.6832
강원특별자치도,횡성군,2017,9,138237.0049
강원특별자치도,횡성군,2017,10,129995.5263
강원특별자치도,횡성군,2017,11,130791.8965
강원특별자치도,횡성군,2017,12,129423.2841
강원특별자치도,횡성군,2018,1,134568.0462
강원특별자치도,횡성군,2018,2,137635.8027
강원특별자치도,횡성군,2018,3,130837.3041
강원특별자치도,횡성군,2018,4,133397.8445
강원특별자치도,횡성군,2018,5,138182.9267
강원특별자치도,횡성군,2018,6,136459.1642
강원특별자치도,횡성군,2018,7,137357.7349
강원특별자치도,횡성군,2018,8,139309.3585
강원특별자치도,횡성군,2018,9,133404.2812
강원특별자치도,횡성군,2018,10,133551.0392
강원특별자치도,횡성군,2018,11,136648.4048
강원특별자치도,횡성군,2018,12,136965.093
강원특별자치도,횡성군,2019,1,147650.4908
강원특별자치도,횡성군,2019,2,145977.203
강원특별자치도,횡성군,2019,3,133596.4881
강원특별자치도,횡성군,2019,4,141945.4273
강원특별자치도,횡성군,2019,5,140354.2557
강원특별자치도,횡성군,2019,6,137524.6088
강원특별자치도,횡성군,2019,7,142265.8155
강원특별자치도,횡성군,2019,8,139541.1697
강원특별자치도,횡성군,2019,9,152655.5466
강원특별자치도,횡성군,2019,10,139835.9807
강원특별자치도,횡성군,2019,11,138787.3152
강원특별자치도,횡성군,2019,12,145574.6985
강원특별자치도,횡성군,2020,1,150566.5927
강원특별자치도,횡성군,2020,2,139532.4918
강원특별자치도,횡성군,2020,3,145119.3783
강원특별자치도,횡성군,2020,4,139253.1474
강원특별자치도,횡성군,2020,5,128358.7186
강원특별자치도,횡성군,2020,6,135761.3433
강원특별자치도,횡성군,2020,7,138554.7866
강원특별자치도,횡성군,2020,8,137018.3928
강원특별자치도,횡성군,2020,9,139113.4753
강원특별자치도,횡성군,2020,10,139392.8196
강원특별자치도,횡성군,2020,11,141767.2464
강원특별자치도,횡성군,2020,12,142465.6072
강원특별자치도,횡성군,2021,1,137878.9851
강원특별자치도,횡성군,2021,2,142628.6158
강원특별자치도,횡성군,2021,3,151289.7071
강원특별자치도,횡성군,2021,4,139555.3254
강원특별자치도,횡성군,2021,5,137599.5951
강원특별자치도,횡성군,2021,6,136901.12
강원특별자치도,횡성군,2021,7,142069.8358
강원특별자치도,횡성군,2021,8,141790.4457
강원특별자치도,횡성군,2021,9,140393.4955
강원특별자치도,횡성군,2021,10,144444.6511
강원특별자치도,횡성군,2021,11,146260.6864
강원특별자치도,횡성군,2021,12,150451.537
경기도,가평군,2010,1,109227.5611
경기도,가평군,2010,2,115003.6954
경기도,가평군,2010,3,118014.6813
경기도,가평군,2010,4,117968.4555
경기도,가평군,2010,5,117115.3778
경기도,가평군,2010,6,122778.0486
경기도,가평군,2010,7,124021.9451
경기도,가평군,2010,8,121794.6979
경기도,가평군,2010,9,121737.9662
경기도,가평군,2010,10,117495.6907
경기도,가평군,2010,11,119126.2037
경기도,가평군,2010,12,123185.6768
경기도,가평군,2011,1,116663.5521
경기도,가평군,2011,2,114348.0535
경기도,가평군,2011,3,115821.9085
경기도,가평군,2011,4,114279.5476
경기도,가평군,2011,5,116653.7656
경기도,가평군,2011,6,117610.8905
경기도,가평군,2011,7,117943.6334
경기도,가평군,2011,8,120124.0776
경기도,가평군,2011,9,120726.9293
경기도,가평군,2011,10,121341.5249
경기도,가평군,2011,11,115886.4997
경기도,가평군,2011,12,117256.6173
경기도,가평군,2012,1,117412.7639
경기도,가평군,2012,2,124925.8212
경기도,가평군,2012,3,119137.882
경기도,가평군,2012,4,120094.3049
경기도,가평군,2012,5,119691.1845
경기도,가평군,2012,6,116717.1836
경기도,가평군,2012,7,119410.5811
경기도,가평군,2012,8,119537.0502
경기도,가평군,2012,9,119463.9352
경기도,가평군,2012,10,124044.4894
경기도,가평군,2012,11,128285.1578
경기도,가평군,2012,12,128492.6462
경기도,가평군,2013,1,111187.0256
경기도,가평군,2013,2,110717.6796
경기도,가평군,2013,3,110037.6419
경기도,가평군,2013,4,111726.6021
경기도,가평군,2013,5,111156.1926
경기도,가평군,2013,6,109955.4207
경기도,가평군,2013,7,112817.7458
경기도,가평군,2013,8,118180.9653
경기도,가평군,2013,9,113458.3859
경기도,가평군,2013,10,115294.659
경기도,가평군,2013,11,116039.7885
경기도,가평군,2013,12,122459.8929
경기도,가평군,2014,1,117866.4525
경기도,가평군,2014,2,118772.2861
경기도,가평군,2014,3,121464.053
경기도,가평군,2014,4,123212.2433
경기도,가평군,2014,5,117797.8287
경기도,가평군,2014,6,121374.8421
경기도,가평군,2014,7,122833.097
경기도,가평군,2014,8,118022.5715
경기도,가평군,2014,9,115272.4744
경기도,가평군,2014,10,111743.4976
경기도,가평군,2014,11,117139.0406
경기도,가평군,2014,12,121074.6132
경기도,가평군,2015,1,118142.7545
경기도,가평군,2015,2,123402.275
경기도,가평군,2015,3,121935.7443
경기도,가평군,2015,4,123150.6728
경기도,가평군,2015,5,121670.3556
경기도,가평군,2015,6,122897.3473
경기도,가평군,2015,7,120822.4906
경기도,가평군,2015,8,125096.2818
경기도,가평군,2015,9,132933.8634
경기도,가평군,2015,10,129556.1897
경기도,가평군,2015,11,128384.3438
경기도,가평군,2015,12,126264.6812
경기도,가평군,2016,1,123313.5969
경기도,가평군,2016,2,124065.2602
경기도,가평군,2016,3,124832.2289
경기도,가평군,2016,4,126779.411
경기도,가평군,2016,5,131405.0314
경기도,가평군,2016,6,133840.2845
경기도,가평군,2016,7,132206.012
경기도,가평군,2016,8,134486.5108
경기도,가평군,2016,9,132758.7056
경기도,가평군,2016,10,126622.9562
경기도,가평군,2016,11,132644.7657
경기도,가평군,2016,12,133704.2368
경기도,가평군,2017,1,134268.781
경기도,가평군,2017,2,131787.9956
경기도,가평군,2017,3,132107.6162
경기도,가평군,2017,4,129746.0675
경기도,가평군,2017,5,133661.0051
경기도,가평군,2017,6,127008.5921
경기도,가평군,2017,7,129393.3256
경기도,가평군,2017,8,139965.6445
경기도,가평군,2017,9,138360.9176
경기도,가평군,2017,10,140541.9551
경기도,가평군,2017,11,139424.1113
경기도,가평군,2017,12,139963.9885
경기도,가평군,2018,1,140770.9925
경기도,가평군,2018,2,143863.8587
경기도,가평군,2018,3,139397.1087
경기도,가평군,2018,4,145416.8031
경기도,가평군,2018,5,142462.302
경기도,가평군,2018,6,145660.9768
경기도,가평군,2018,7,151667.6485
경기도,가평군,2018,8,143727.1215
경기도,가평군,2018,9,143959.9003
경기도,가평군,2018,10,144000.5959
경기도,가평군,2018,11,138562.0349
경기도,가평군,2018,12,134093.6571
경기도,가평군,2019,1,129852.6035
경기도,가평군,2019,2,126969.1033
경기도,가평군,2019,3,126654.6791
경기도,가평군,2019,4,135406.4089
경기도,가평군,2019,5,142909.6446
경기도,가평군,2019,6,137352.7716
경기도,가평군,2019,7,142092.1416
경기도,가평군,2019,8,137460.136
경기도,가평군,2019,9,143561.4997
경기도,가평군,2019,10,147862.2096
경기도,가평군,2019,11,152623.0525
경기도,가평군,2019,12,155265.7497
경기도,가평군,2020,1,134613.185
경기도,가평군,2020,2,135168.291
경기도,가평군,2020,3,135723.3969
경기도,가평군,2020,4,134751.9615
경기도,가평군,2020,5,131976.4319
경기도,가평군,2020,6,136417.2793
경기도,가평군,2020,7,134335.6321
경기도,가평군,2020,8,138360.15
경기도,가평군,2020,9,144605.0916
경기도,가평군,2020,10,143217.3268
경기도,가평군,2020,11,144882.6445
경기도,가평군,2020,12,148629.6095
경기도,가평군,2021,1,140184.872
경기도,가평군,2021,2,145319.849
경기도,가평군,2021,3,144036.1047
경기도,가평군,2021,4,141468.6162
경기도,가평군,2021,5,143265.8582
경기도,가평군,2021,6,142752.3605
경기도,가평군,2021,7,146988.7165
경기도,가평군,2021,8,151866.9446
경기도,가평군,2021,9,148144.0863
경기도,가평군,2021,10,149812.9538
경기도,가평군,2021,11,147758.963
경기도,가평군,2021,12,156231.6751
경기도,고양시,2010,1,1185043.858
경기도,고양시,2010,2,1247710.94
경기도,고양시,2010,3,1280378.065
경기도,고양시,2010,4,1279876.546
경기도,고양시,2010,5,1270621.241
경기도,고양시,2010,6,1332057.321
경기도,고양시,2010,7,1345552.742
경기도,고양시,2010,8,1321388.644
경기도,고양시,2010,9,1320773.143
경기도,고양시,2010,10,1274747.375
경기도,고양시,2010,11,1292437.318
경기도,고양시,2010,12,1336479.807
경기도,고양시,2011,1,1290048.987
경기도,고양시,2011,2,1264444.532
경기도,고양시,2011,3,1280742.211
경기도,고양시,2011,4,1263687.003
경기도,고양시,2011,5,1289940.768
경기도,고양시,2011,6,1300524.52
경기도,고양시,2011,7,1304203.943
경기도,고양시,2011,8,1328314.986
경기도,고양시,2011,9,1334981.235
경기도,고양시,2011,10,1341777.345
경기도,고양시,2011,11,1281456.452
경기도,고양시,2011,12,1296607.017
경기도,고양시,2012,1,1285100.887
경기도,고양시,2012,2,1367332.464
경기도,고양시,2012,3,1303982.572
경기도,고양시,2012,4,1314450.769
경기도,고양시,2012,5,1310038.554
경기도,고양시,2012,6,1277487.654
경기도,고양시,2012,7,1306967.306
경기도,고양시,2012,8,1308351.53
경기도,고양시,2012,9,1307551.276
경기도,고양시,2012,10,1357686.15
경기도,고양시,2012,11,1404100.922
경기도,고양시,2012,12,1406371.915
경기도,고양시,2013,1,1398496.174
경기도,고양시,2013,2,1392592.8
경기도,고양시,2013,3,1384039.373
경기도,고양시,2013,4,1405282.898
경기도,고양시,2013,5,1398108.361
경기도,고양시,2013,6,1383005.205
경기도,고양시,2013,7,1419007.164
경기도,고양시,2013,8,1486465.052
경기도,고양시,2013,9,1427065.052
경기도,고양시,2013,10,1450161.461
경기도,고양시,2013,11,1459533.605
경기도,고양시,2013,12,1540284.855
경기도,고양시,2014,1,1364481.868
경기도,고양시,2014,2,1374968.258
경기도,고양시,2014,3,1406129.518
경기도,고양시,2014,4,1426367.455
경기도,고양시,2014,5,1363687.445
경기도,고양시,2014,6,1405096.767
경기도,고양시,2014,7,1421978.266
경기도,고양시,2014,8,1366289.182
경기도,고양시,2014,9,1334452.662
경기도,고양시,2014,10,1293599.435
경기도,고양시,2014,11,1356060.98
경기도,고양시,2014,12,1401621.165
경기도,고양시,2015,1,1350834.804
경기도,고양시,2015,2,1410971.741
경기도,고양시,2015,3,1394203.545
경기도,고양시,2015,4,1408094.941
경기도,고양시,2015,5,1391169.113
경기도,고양시,2015,6,1405198.437
경기도,고양시,2015,7,1381474.692
경기도,고양시,2015,8,1430340.879
경기도,고양시,2015,9,1519955.16
경기도,고양시,2015,10,1481335.109
경기도,고양시,2015,11,1467936.316
경기도,고양시,2015,12,1443700.264
경기도,고양시,2016,1,1439336.516
경기도,고양시,2016,2,1448110.053
경기도,고양시,2016,3,1457062.237
경기도,고양시,2016,4,1479790.066
경기도,고양시,2016,5,1533781.065
경기도,고양시,2016,6,1562205.738
경기도,고양시,2016,7,1543130.242
경기도,고양시,2016,8,1569748.598
경기도,고양시,2016,9,1549581.372
경기도,고양시,2016,10,1477963.9
경기도,고양시,2016,11,1548251.447
경기도,고양시,2016,12,1560617.767
경기도,고양시,2017,1,1606688.131
경기도,고양시,2017,2,1577002.538
경기도,고양시,2017,3,1580827.184
경기도,고양시,2017,4,1552568.402
경기도,고양시,2017,5,1599415.359
경기도,고양시,2017,6,1519811.202
경기도,고양시,2017,7,1548347.42
경기도,고양시,2017,8,1674857.984
경기도,고양시,2017,9,1655655.488
경기도,고양시,2017,10,1681754.237
경기도,고양시,2017,11,1668377.885
경기도,고양시,2017,12,1674838.168
경기도,고양시,2018,1,1679867.741
경기도,고양시,2018,2,1716775.957
경기도,고양시,2018,3,1663472.723
경기도,고양시,2018,4,1735307.767
경기도,고양시,2018,5,1700050.708
경기도,고양시,2018,6,1738221.573
경기도,고양시,2018,7,1809901.214
경기도,고양시,2018,8,1715144.225
경기도,고양시,2018,9,1717922.054
경기도,고양시,2018,10,1718407.689
경기도,고양시,2018,11,1653507.505
경기도,고양시,2018,12,1600184.845
경기도,고양시,2019,1,1585496.334
경기도,고양시,2019,2,1550288.885
경기도,고양시,2019,3,1546449.774
경기도,고양시,2019,4,1653308.13
경기도,고양시,2019,5,1744922.408
경기도,고양시,2019,6,1677073.158
경기도,고양시,2019,7,1734940.722
경기도,고양시,2019,8,1678384.074
경기도,고양시,2019,9,1752881.539
경기도,고양시,2019,10,1805393.076
경기도,고양시,2019,11,1863522.823
경기도,고양시,2019,12,1895790.076
경기도,고양시,2020,1,1640622.587
경기도,고양시,2020,2,1647388.041
경기도,고양시,2020,3,1654153.495
경기도,고양시,2020,4,1642313.951
경기도,고양시,2020,5,1608486.681
경기도,고양시,2020,6,1662610.313
경기도,고양시,2020,7,1637239.86
경기도,고양시,2020,8,1686289.402
경기도,고양시,2020,9,1762400.759
경기도,고양시,2020,10,1745487.124
경기도,고양시,2020,11,1765783.486
경기도,고양시,2020,12,1811450.3
경기도,고양시,2021,1,1649765.497
경기도,고양시,2021,2,1710196.467
경기도,고양시,2021,3,1695088.724
경기도,고양시,2021,4,1664873.239
경기도,고양시,2021,5,1686024.079
경기도,고양시,2021,6,1679980.982
경기도,고양시,2021,7,1729836.533
경기도,고양시,2021,8,1787245.955
경기도,고양시,2021,9,1743433.501
경기도,고양시,2021,10,1763073.566
경기도,고양시,2021,11,1738901.178
경기도,고양시,2021,12,1838612.28
경기도,과천시,2010,1,480446.7783
경기도,과천시,2010,2,505853.5995
경기도,과천시,2010,3,519097.6791
경기도,과천시,2010,4,518894.3506
경기도,과천시,2010,5,515142.0154
경기도,과천시,2010,6,540049.7575
경기도,과천시,2010,7,545521.1428
경기도,과천시,2010,8,535724.4056
경기도,과천시,2010,9,535474.8661
경기도,과천시,2010,10,516814.8545
경기도,과천시,2010,11,523986.8054
경기도,과천시,2010,12,541842.7453
경기도,과천시,2011,1,492777.3061
경기도,과천시,2011,2,482996.829
경기도,과천시,2011,3,489222.2722
경기도,과천시,2011,4,482707.4658
경기도,과천시,2011,5,492735.9685
경기도,과천시,2011,6,496778.7861
경기도,과천시,2011,7,498184.2646
경기도,과천시,2011,8,507394.2827
경기도,과천시,2011,9,509940.6791
경기도,과천시,2011,10,512536.6806
경기도,과천시,2011,11,489495.1003
경기도,과천시,2011,12,495282.3649
경기도,과천시,2012,1,453164.8294
경기도,과천시,2012,2,482162.1312
경기도,과천시,2012,3,459823.0736
경기도,과천시,2012,4,463514.4713
경기도,과천시,2012,5,461958.593
경기도,과천시,2012,6,450480.1765
경기도,과천시,2012,7,460875.5796
경기도,과천시,2012,8,461363.6983
경기도,과천시,2012,9,461081.5047
경기도,과천시,2012,10,478760.554
경기도,과천시,2012,11,495127.7843
경기도,과천시,2012,12,495928.6041
경기도,과천시,2013,1,304863.2616
경기도,과천시,2013,2,303576.3639
경기도,과천시,2013,3,301711.7711
경기도,과천시,2013,4,306342.7244
경기도,과천시,2013,5,304778.7209
경기도,과천시,2013,6,301486.3292
경기도,과천시,2013,7,309334.5268
경기도,과천시,2013,8,324039.917
경기도,과천시,2013,9,311091.0953
경기도,과천시,2013,10,316125.9654
경기도,과천시,2013,11,318169.033
경기도,과천시,2013,12,335772.2914
경기도,과천시,2014,1,369833.6906
경기도,과천시,2014,2,372675.9564
경기도,과천시,2014,3,381122.0077
경기도,과천시,2014,4,386607.3654
경기도,과천시,2014,5,369618.3674
경기도,과천시,2014,6,380842.0875
경기도,과천시,2014,7,385417.7049
경기도,과천시,2014,8,370323.5508
경기도,과천시,2014,9,361694.4748
경기도,과천시,2014,10,350621.4809
경기도,과천시,2014,11,367551.265
경기도,과천시,2014,12,379900.0487
경기도,과천시,2015,1,346190.3702
경기도,과천시,2015,2,361602.1943
경기도,과천시,2015,3,357304.8606
경기도,과천시,2015,4,360864.9314
경기도,과천시,2015,5,356527.1998
경기도,과천시,2015,6,360122.6188
경기도,과천시,2015,7,354042.7249
경기도,과천시,2015,8,366566.0944
경기도,과천시,2015,9,389532.3381
경기도,과천시,2015,10,379634.8364
경기도,과천시,2015,11,376201.0093
경기도,과천시,2015,12,369989.822
경기도,과천시,2016,1,366296.1035
경기도,과천시,2016,2,368528.8771
경기도,과천시,2016,3,370807.1144
경기도,과천시,2016,4,376591.1093
경기도,과천시,2016,5,390331.2544
경기도,과천시,2016,6,397565.0367
경기도,과천시,2016,7,392710.5222
경기도,과천시,2016,8,399484.6158
경기도,과천시,2016,9,394352.2675
경기도,과천시,2016,10,376126.3691
경기도,과천시,2016,11,394013.8153
경기도,과천시,2016,12,397160.9148
경기도,과천시,2017,1,371696.3071
경기도,과천시,2017,2,364828.7483
경기도,과천시,2017,3,365713.5539
경기도,과천시,2017,4,359176.078
경기도,과천시,2017,5,370013.8011
경기도,과천시,2017,6,351597.924
경기도,과천시,2017,7,358199.5827
경기도,과천시,2017,8,387466.9363
경기도,과천시,2017,9,383024.5701
경기도,과천시,2017,10,389062.3371
경기도,과천시,2017,11,385967.8096
경기도,과천시,2017,12,387462.3518
경기도,과천시,2018,1,367218.2823
경기도,과천시,2018,2,375286.4006
경기도,과천시,2018,3,363634.3392
경기도,과천시,2018,4,379337.4453
경기도,과천시,2018,5,371630.2691
경기도,과천시,2018,6,379974.402
경기도,과천시,2018,7,395643.537
경기도,과천시,2018,8,374929.7048
경기도,과천시,2018,9,375536.9369
경기도,과천시,2018,10,375643.0963
경기도,과천시,2018,11,361455.9472
경기도,과천시,2018,12,349799.6394
경기도,과천시,2019,1,342100.5264
경기도,과천시,2019,2,334503.8598
경기도,과천시,2019,3,333675.4999
경기도,과천시,2019,4,356732.1913
경기도,과천시,2019,5,376499.6876
경기도,과천시,2019,6,361859.9412
경기도,과천시,2019,7,374345.9518
경기도,과천시,2019,8,362142.7958
경기도,과천시,2019,9,378217.0192
경기도,과천시,2019,10,389547.3666
경기도,과천시,2019,11,402089.9481
경기도,과천시,2019,12,409052.2122
경기도,과천시,2020,1,319526.9543
경기도,과천시,2020,2,320844.5913
경기도,과천시,2020,3,322162.2282
경기도,과천시,2020,4,319856.3636
경기도,과천시,2020,5,313268.179
경기도,과천시,2020,6,323809.2744
경기도,과천시,2020,7,318868.1359
경기도,과천시,2020,8,328421.0036
경기도,과천시,2020,9,343244.419
경기도,과천시,2020,10,339950.3267
경기도,과천시,2020,11,343903.2375
경기도,과천시,2020,12,352797.2867
경기도,과천시,2021,1,330354.0443
경기도,과천시,2021,2,342454.925
경기도,과천시,2021,3,339429.7048
경기도,과천시,2021,4,333379.2644
경기도,과천시,2021,5,337614.5727
경기도,과천시,2021,6,336404.4846
경기도,과천시,2021,7,346387.7112
경기도,과천시,2021,8,357883.5479
경기도,과천시,2021,9,349110.4094
경기도,과천시,2021,10,353043.1956
경기도,과천시,2021,11,348202.8434
경기도,과천시,2021,12,368169.2966
경기도,광명시,2010,1,529012.1707
경기도,광명시,2010,2,556987.2103
경기도,광명시,2010,3,571570.0519
경기도,광명시,2010,4,571346.1702
경기도,광명시,2010,5,567214.5347
경기도,광명시,2010,6,594640.0464
경기도,광명시,2010,7,600664.5002
경기도,광명시,2010,8,589877.4714
경기도,광명시,2010,9,589602.7075
경기도,광명시,2010,10,569056.4707
경기도,광명시,2010,11,576953.3899
경기도,광명시,2010,12,596614.2762
경기도,광명시,2011,1,565404.5925
경기도,광명시,2011,2,554182.6337
경기도,광명시,2011,3,561325.6049
경기도,광명시,2011,4,553850.6231
경기도,광명시,2011,5,565357.1624
경기도,광명시,2011,6,569995.825
경기도,광명시,2011,7,571608.448
경기도,광명시,2011,8,582175.8716
경기도,광명시,2011,9,585097.565
경기도,광명시,2011,10,588076.1745
경기도,광명시,2011,11,561638.6435
경기도,광명시,2011,12,568278.8558
경기도,광명시,2012,1,617064.5595
경기도,광명시,2012,2,656549.5463
경기도,광명시,2012,3,626130.9439
경기도,광명시,2012,4,631157.4388
경기도,광명시,2012,5,629038.8335
경기도,광명시,2012,6,613408.9269
경기도,광명시,2012,7,627564.1181
경기도,광명시,2012,8,628228.7786
경기도,광명시,2012,9,627844.5217
경기도,광명시,2012,10,651917.6935
경기도,광명시,2012,11,674204.5903
경기도,광명시,2012,12,675295.0489
경기도,광명시,2013,1,594552.5017
경기도,광명시,2013,2,592042.7592
경기도,광명시,2013,3,588406.3805
경기도,광명시,2013,4,597437.7896
경기도,광명시,2013,5,594387.6281
경기도,광명시,2013,6,587966.7176
경기도,광명시,2013,7,603272.4829
경기도,광명시,2013,8,631951.3288
경기도,광명시,2013,9,606698.1898
경기도,광명시,2013,10,616517.3284
경기도,광명시,2013,11,620501.7736
경기도,광명시,2013,12,654832.1198
경기도,광명시,2014,1,544168.2977
경기도,광명시,2014,2,548350.3692
경기도,광명시,2014,3,560777.775
경기도,광명시,2014,4,568848.8563
경기도,광명시,2014,5,543851.4741
경기도,광명시,2014,6,560365.9043
경기도,광명시,2014,7,567098.4059
경기도,광명시,2014,8,544889.0714
경기도,광명시,2014,9,532192.3656
경기도,광명시,2014,10,515899.7118
경기도,광명시,2014,11,540809.9675
경기도,광명시,2014,12,558979.8011
경기도,광명시,2015,1,554384.4825
경기도,광명시,2015,2,579064.7649
경기도,광명시,2015,3,572183.0741
경기도,광명시,2015,4,577884.1223
경기도,광명시,2015,5,570937.7388
경기도,광명시,2015,6,576695.3931
경기도,광명시,2015,7,566959.1349
경기도,광명시,2015,8,587013.886
경기도,광명시,2015,9,623791.7119
경기도,광명시,2015,10,607941.9892
경기도,광명시,2015,11,602443.1058
경기도,광명시,2015,12,592496.5962
경기도,광명시,2016,1,577031.9721
경기도,광명시,2016,2,580549.2952
경기도,광명시,2016,3,584138.238
경기도,광명시,2016,4,593249.8555
경기도,광명시,2016,5,614894.9206
경기도,광명시,2016,6,626290.4108
경기도,광명시,2016,7,618643.0183
경기도,광명시,2016,8,629314.3537
경기도,광명시,2016,9,621229.2853
경기도,광명시,2016,10,592517.743
경기도,광명시,2016,11,620696.1164
경기도,광명시,2016,12,625653.7912
경기도,광명시,2017,1,620275.6945
경기도,광명시,2017,2,608815.3175
경기도,광명시,2017,3,610291.8547
경기도,광명시,2017,4,599382.3102
경기도,광명시,2017,5,617467.9786
경기도,광명시,2017,6,586736.1131
경기도,광명시,2017,7,597752.7639
경기도,광명시,2017,8,646593.2493
경기도,광명시,2017,9,639179.9613
경기도,광명시,2017,10,649255.6066
경기도,광명시,2017,11,644091.5515
경기도,광명시,2017,12,646585.5988
경기도,광명시,2018,1,674339.5862
경기도,광명시,2018,2,689155.4378
경기도,광명시,2018,3,667758.229
경기도,광명시,2018,4,696594.5549
경기도,광명시,2018,5,682441.5177
경기도,광명시,2018,6,697764.2274
경기도,광명시,2018,7,726538.1707
경기도,광명시,2018,8,688500.4212
경기도,광명시,2018,9,689615.509
경기도,광명시,2018,10,689810.4544
경기도,광명시,2018,11,663757.9491
경기도,광명시,2018,12,642352.9424
경기도,광명시,2019,1,605353.5207
경기도,광명시,2019,2,591911.0717
경기도,광명시,2019,3,590445.2727
경기도,광명시,2019,4,631244.5355
경기도,광명시,2019,5,666223.5039
경기도,광명시,2019,6,640318.1886
경기도,광명시,2019,7,662412.4266
경기도,광명시,2019,8,640818.7053
경기도,광명시,2019,9,669262.3554
경기도,광명시,2019,10,689311.6251
경기도,광명시,2019,11,711505.9665
경기도,광명시,2019,12,723825.828
경기도,광명시,2020,1,634046.7624
경기도,광명시,2020,2,636661.3882
경기도,광명시,2020,3,639276.014
경기도,광명시,2020,4,634700.4188
경기도,광명시,2020,5,621627.2897
경기도,광명시,2020,6,642544.2963
경기도,광명시,2020,7,632739.4495
경기도,광명시,2020,8,651695.4867
경기도,광명시,2020,9,681110.0272
경기도,광명시,2020,10,674573.4626
경기도,광명시,2020,11,682417.3401
경기도,광명시,2020,12,700066.0644
경기도,광명시,2021,1,650073.1904
경기도,광명시,2021,2,673885.3952
경기도,광명시,2021,3,667932.344
경기도,광명시,2021,4,656026.2416
경기도,광명시,2021,5,664360.5133
경기도,광명시,2021,6,661979.2928
경기도,광명시,2021,7,681624.3617
경기도,광명시,2021,8,704245.9563
경기도,광명시,2021,9,686982.1078
경기도,광명시,2021,10,694721.0743
경기도,광명시,2021,11,685196.1924
경기도,광명시,2021,12,724486.3303
경기도,광주시,2010,1,511517.871
경기도,광주시,2010,2,538567.783
경기도,광주시,2010,3,552668.3737
경기도,광주시,2010,4,552451.8957
경기도,광주시,2010,5,548456.8923
경기도,광주시,2010,6,574975.4492
경기도,광주시,2010,7,580800.6758
경기도,광주시,2010,8,570370.3715
경기도,광주시,2010,9,570104.6939
경기도,광주시,2010,10,550237.916
경기도,광주시,2010,11,557873.686
경기도,광주시,2010,12,576884.3917
경기도,광주시,2011,1,571136.7433
경기도,광주시,2011,2,559801.0147
경기도,광주시,2011,3,567016.4024
경기도,광주시,2011,4,559465.6382
경기도,광주시,2011,5,571088.8324
경기도,광주시,2011,6,575774.5224
경기도,광주시,2011,7,577403.4944
경기도,광주시,2011,8,588078.052
경기도,광주시,2011,9,591029.366
경기도,광주시,2011,10,594038.1731
경기도,광주시,2011,11,567332.6146
경기도,광주시,2011,12,574040.1464
경기도,광주시,2012,1,546487.2423
경기도,광주시,2012,2,581456.098
경기도,광주시,2012,3,554516.6508
경기도,광주시,2012,4,558968.2358
경기도,광주시,2012,5,557091.9479
경기도,광주시,2012,6,543249.726
경기도,광주시,2012,7,555785.9044
경기도,광주시,2012,8,556374.5437
경기도,광주시,2012,9,556034.2366
경기도,광주시,2012,10,577354.0176
경기도,광주시,2012,11,597091.8304
경기도,광주시,2012,12,598057.5668
경기도,광주시,2013,1,647196.4869
경기도,광주시,2013,2,644464.5221
경기도,광주시,2013,3,640506.1643
경기도,광주시,2013,4,650337.2494
경기도,광주시,2013,5,647017.0148
경기도,광주시,2013,6,640027.5719
경기도,광주시,2013,7,656688.5691
경기도,광주시,2013,8,687906.7512
경기도,광주시,2013,9,660417.6014
경기도,광주시,2013,10,671106.1646
경기도,광주시,2013,11,675443.408
경기도,광주시,2013,12,712813.4963
경기도,광주시,2014,1,630825.0793
경기도,광주시,2014,2,635673.1302
경기도,광주시,2014,3,650079.5543
경기도,광주시,2014,4,659435.9253
경기도,광주시,2014,5,630457.8028
경기도,광주시,2014,6,649602.0947
경기도,광주시,2014,7,657406.7221
경기도,광주시,2014,8,631660.6336
경기도,광주시,2014,9,616942.0244
경기도,광주시,2014,10,598054.8261
경기도,광주시,2014,11,626931.9475
경기도,광주시,2014,12,647995.2597
경기도,광주시,2015,1,620002.9183
경기도,광주시,2015,2,647604.4252
경기도,광주시,2015,3,639908.199
경기도,광주시,2015,4,646284.0386
경기도,광주시,2015,5,638515.4624
경기도,광주시,2015,6,644954.6082
경기도,광주시,2015,7,634065.9403
경기도,광주시,2015,8,656494.4256
경기도,광주시,2015,9,697625.3736
경기도,광주시,2015,10,679899.6353
경기도,광주시,2015,11,673749.8893
경기도,광주시,2015,12,662626.0841
경기도,광주시,2016,1,691483.3442
경기도,광주시,2016,2,695698.3105
경기도,광주시,2016,3,699999.102
경기도,광주시,2016,4,710917.9627
경기도,광주시,2016,5,736856.217
경기도,광주시,2016,6,750511.945
경기도,광주시,2016,7,741347.7309
경기도,광주시,2016,8,754135.6717
경기도,광주시,2016,9,744446.9708
경기도,광주시,2016,10,710040.6394
경기도,광주시,2016,11,743808.0506
경기도,광주시,2016,12,749749.0552
경기도,광주시,2017,1,751574.3676
경기도,광주시,2017,2,737688.0817
경기도,광주시,2017,3,739477.1693
경기도,광주시,2017,4,726258.315
경기도,광주시,2017,5,748172.3203
경기도,광주시,2017,6,710935.1971
경기도,광주시,2017,7,724283.8297
경기도,광주시,2017,8,783462.7678
경기도,광주시,2017,9,774480.2504
경기도,광주시,2017,10,786688.6874
경기도,광주시,2017,11,780431.5158
경기도,광주시,2017,12,783453.4979
경기도,광주시,2018,1,755120.2313
경기도,광주시,2018,2,771710.9068
경기도,광주시,2018,3,747750.4785
경기도,광주시,2018,4,780041.1723
경기도,광주시,2018,5,764192.7112
경기도,광주시,2018,6,781350.9625
경기도,광주시,2018,7,813571.8008
경기도,광주시,2018,8,770977.4243
경기도,광주시,2018,9,772226.0909
경기도,광주시,2018,10,772444.3893
경기도,광주시,2018,11,743270.9961
경기도,광주시,2018,12,719301.836
경기도,광주시,2019,1,711267.034
경기도,광주시,2019,2,695472.6749
경기도,광주시,2019,3,693750.4177
경기도,광주시,2019,4,741687.9776
경기도,광주시,2019,5,782786.9161
경기도,광주시,2019,6,752349.1699
경기도,광주시,2019,7,778309.0473
경기도,광주시,2019,8,752937.2578
경기도,광주시,2019,9,786357.4494
경기도,광주시,2019,10,809914.5678
경기도,광주시,2019,11,835992.0627
경기도,광주시,2019,12,850467.4248
경기도,광주시,2020,1,755583.4471
경기도,광주시,2020,2,758699.2552
경기도,광주시,2020,3,761815.0632
경기도,광주시,2020,4,756362.3991
경기도,광주시,2020,5,740783.359
경기도,광주시,2020,6,765709.8232
경기도,광주시,2020,7,754025.5431
경기도,광주시,2020,8,776615.1513
경기도,광주시,2020,9,811667.9917
경기도,광주시,2020,10,803878.4716
경기도,광주시,2020,11,813225.8957
경기도,광주시,2020,12,834257.5999
경기도,광주시,2021,1,788723.1377
경기도,광주시,2021,2,817614.0951
경기도,광주시,2021,3,810391.3557
경기도,광주시,2021,4,795945.877
경기도,광주시,2021,5,806057.7121
경기도,광주시,2021,6,803168.6164
경기도,광주시,2021,7,827003.6562
경기도,광주시,2021,8,854450.0658
경기도,광주시,2021,9,833504.1217
경기도,광주시,2021,10,842893.6828
경기도,광주시,2021,11,831337.2999
경기도,광주시,2021,12,879007.3796
경기도,구리시,2010,1,206116.7777
경기도,구리시,2010,2,217016.5742
경기도,구리시,2010,3,222698.4252
경기도,구리시,2010,4,222611.1951
경기도,구리시,2010,5,221001.4034
경기도,구리시,2010,6,231687.0897
경기도,구리시,2010,7,234034.3722
경기도,구리시,2010,8,229831.4677
경기도,구리시,2010,9,229724.4126
경기도,구리시,2010,10,221719.0692
경기도,구리시,2010,11,224795.9124
경기도,구리시,2010,12,232456.3005
경기도,구리시,2011,1,216341.5916
경기도,구리시,2011,2,212047.717
경기도,구리시,2011,3,214780.8426
경기도,구리시,2011,4,211920.6793
경기도,구리시,2011,5,216323.4434
경기도,구리시,2011,6,218098.3417
경기도,구리시,2011,7,218715.382
경기도,구리시,2011,8,222758.8109
경기도,구리시,2011,9,223876.7427
경기도,구리시,2011,10,225016.4525
경기도,구리시,2011,11,214900.621
경기도,구리시,2011,12,217441.3753
경기도,구리시,2012,1,225424.936
경기도,구리시,2012,2,239849.5216
경기도,구리시,2012,3,228737.0515
경기도,구리시,2012,4,230573.3218
경기도,구리시,2012,5,229799.3566
경기도,구리시,2012,6,224089.4667
경기도,구리시,2012,7,229260.6162
경기도,구리시,2012,8,229503.4288
경기도,구리시,2012,9,229363.0527
경기도,구리시,2012,10,238157.4214
경기도,구리시,2012,11,246299.2312
경기도,구리시,2012,12,246697.5956
경기도,구리시,2013,1,236784.1387
경기도,구리시,2013,2,235784.6185
경기도,구리시,2013,3,234336.4087
경기도,구리시,2013,4,237933.2221
경기도,구리시,2013,5,236718.4768
경기도,구리시,2013,6,234161.3102
경기도,구리시,2013,7,240256.9241
경기도,구리시,2013,8,251678.4483
경기도,구리시,2013,9,241621.2327
경기도,구리시,2013,10,245531.7641
경기도,구리시,2013,11,247118.5936
경기도,구리시,2013,12,260790.8621
경기도,구리시,2014,1,257812.0905
경기도,구리시,2014,2,259793.4419
경기도,구리시,2014,3,265681.2076
경기도,구리시,2014,4,269505.0657
경기도,구리시,2014,5,257661.9881
경기도,구리시,2014,6,265486.0745
경기도,구리시,2014,7,268675.75
경기도,구리시,2014,8,258153.5734
경기도,구리시,2014,9,252138.2206
경기도,구리시,2014,10,244419.2059
경기도,구리시,2014,11,256221.0053
경기도,구리시,2014,12,264829.3766
경기도,구리시,2015,1,239510.6311
경기도,구리시,2015,2,250173.2492
경기도,구리시,2015,3,247200.1535
경기도,구리시,2015,4,249663.1763
경기도,구리시,2015,5,246662.1315
경기도,구리시,2015,6,249149.6099
경기도,구리시,2015,7,244943.2559
경기도,구리시,2015,8,253607.5066
경기도,구리시,2015,9,269496.6242
경기도,구리시,2015,10,262649.0713
경기도,구리시,2015,11,260273.3897
경기도,구리시,2015,12,255976.2009
경기도,구리시,2016,1,252472.604
경기도,구리시,2016,2,254011.5616
경기도,구리시,2016,3,255581.8554
경기도,구리시,2016,4,259568.5215
경기도,구리시,2016,5,269039.0296
경기도,구리시,2016,6,274024.9736
경기도,구리시,2016,7,270678.9595
경기도,구리시,2016,8,275348.0592
경기도,구리시,2016,9,271810.5459
경기도,구리시,2016,10,259248.1955
경기도,구리시,2016,11,271577.265
경기도,구리시,2016,12,273746.4292
경기도,구리시,2017,1,278600.1399
경기도,구리시,2017,2,273452.6503
경기도,구리시,2017,3,274115.8449
경기도,구리시,2017,4,269215.7648
경기도,구리시,2017,5,277339.0393
경기도,구리시,2017,6,263535.6578
경기도,구리시,2017,7,268483.8454
경기도,구리시,2017,8,290420.8101
경기도,구리시,2017,9,287091.0923
경기도,구리시,2017,10,291616.6221
경기도,구리시,2017,11,289297.1592
경기도,구리시,2017,12,290417.3739
경기도,구리시,2018,1,289683.5515
경기도,구리시,2018,2,296048.1615
경기도,구리시,2018,3,286856.3247
경기도,구리시,2018,4,299243.8657
경기도,구리시,2018,5,293163.9882
경기도,구리시,2018,6,299746.3349
경기도,구리시,2018,7,312107.0776
경기도,구리시,2018,8,295766.7788
경기도,구리시,2018,9,296245.7994
경기도,구리시,2018,10,296329.5443
경기도,구리시,2018,11,285137.88
경기도,구리시,2018,12,275942.6934
경기도,구리시,2019,1,261882.5854
경기도,구리시,2019,2,256067.2342
경기도,구리시,2019,3,255433.1135
경기도,구리시,2019,4,273083.3229
경기도,구리시,2019,5,288215.609
경기도,구리시,2019,6,277008.6849
경기도,구리시,2019,7,286566.8951
경기도,구리시,2019,8,277225.214
경기도,구리시,2019,9,289530.2496
경기도,구리시,2019,10,298203.784
경기도,구리시,2019,11,307805.3
경기도,구리시,2019,12,313135.0074
경기도,구리시,2020,1,259763.5873
경기도,구리시,2020,2,260834.7774
경기도,구리시,2020,3,261905.9674
경기도,구리시,2020,4,260031.3849
경기도,구리시,2020,5,254675.4346
경기도,구리시,2020,6,263244.955
경기도,구리시,2020,7,259227.9923
경기도,구리시,2020,8,266994.1202
경기도,구리시,2020,9,279045.0083
경기도,구리시,2020,10,276367.0331
경기도,구리시,2020,11,279580.6033
경기도,구리시,2020,12,286811.1361
경기도,구리시,2021,1,262771.1826
경기도,구리시,2021,2,272396.5007
경기도,구리시,2021,3,269990.1712
경기도,구리시,2021,4,265177.5122
경기도,구리시,2021,5,268546.3735
경기도,구리시,2021,6,267583.8417
경기도,구리시,2021,7,275524.7291
경기도,구리시,2021,8,284668.7812
경기도,구리시,2021,9,277690.4256
경기도,구리시,2021,10,280818.654
경기도,구리시,2021,11,276968.5268
경기도,구리시,2021,12,292850.3015
경기도,군포시,2010,1,404180.7707
경기도,군포시,2010,2,425554.5192
경기도,군포시,2010,3,436696.2367
경기도,군포시,2010,4,436525.1845
경기도,군포시,2010,5,433368.4941
경기도,군포시,2010,6,454322.3872
경기도,군포시,2010,7,458925.2461
경기도,군포시,2010,8,450683.6406
경기도,군포시,2010,9,450473.713
경기도,군포시,2010,10,434775.7871
경기도,군포시,2010,11,440809.2643
경기도,군포시,2010,12,455830.7565
경기도,군포시,2011,1,436242.081
경기도,군포시,2011,2,427583.6959
경기도,군포시,2011,3,433094.9081
경기도,군포시,2011,4,427327.5307
경기도,군포시,2011,5,436205.486
경기도,군포시,2011,6,439784.4803
경기도,군포시,2011,7,441028.7114
경기도,군포시,2011,8,449182.085
경기도,군포시,2011,9,451436.3391
경기도,군포시,2011,10,453734.5072
경기도,군포시,2011,11,433336.4353
경기도,군포시,2011,12,438459.74
경기도,군포시,2012,1,445284.418
경기도,군포시,2012,2,473777.4647
경기도,군포시,2012,3,451826.8772
경기도,군포시,2012,4,455454.0825
경기도,군포시,2012,5,453925.2604
경기도,군포시,2012,6,442646.4505
경기도,군포시,2012,7,452861.0803
경기도,군포시,2012,8,453340.7108
경기도,군포시,2012,9,453063.4244
경기도,군포시,2012,10,470435.04
경기도,군포시,2012,11,486517.6487
경기도,군포시,2012,12,487304.5424
경기도,군포시,2013,1,470208.6808
경기도,군포시,2013,2,468223.8221
경기도,군포시,2013,3,465347.9502
경기도,군포시,2013,4,472490.5439
경기도,군포시,2013,5,470078.2887
경기도,군포시,2013,6,465000.2377
경기도,군포시,2013,7,477104.9782
경기도,군포시,2013,8,499785.9732
경기도,군포시,2013,9,479814.2379
경기도,군포시,2013,10,487579.8165
경기도,군포시,2013,11,490730.9608
경기도,군포시,2013,12,517881.5098
경기도,군포시,2014,1,487790.2837
경기도,군포시,2014,2,491539.0759
경기도,군포시,2014,3,502678.9527
경기도,군포시,2014,4,509913.8377
경기도,군포시,2014,5,487506.2843
경기도,군포시,2014,6,502309.7535
경기도,군포시,2014,7,508344.7409
경기도,군포시,2014,8,488436.3824
경기도,군포시,2014,9,477055.1061
경기도,군포시,2014,10,462450.4365
경기도,군포시,2014,11,484779.89
경기도,군포시,2014,12,501067.2561
경기도,군포시,2015,1,481488.3132
경기도,군포시,2015,2,502923.3785
경기도,군포시,2015,3,496946.5631
경기도,군포시,2015,4,501897.9789
경기도,군포시,2015,5,495864.9772
경기도,군포시,2015,6,500865.556
경기도,군포시,2015,7,492409.5211
경기도,군포시,2015,8,509827.2674
경기도,군포시,2015,9,541769.1667
경기도,군포시,2015,10,528003.5285
경기도,군포시,2015,11,523227.6948
경기도,군포시,2015,12,514589.0545
경기도,군포시,2016,1,518092.4298
경기도,군포시,2016,2,521250.4844
경기도,군포시,2016,3,524472.8433
경기도,군포시,2016,4,532653.7765
경기도,군포시,2016,5,552087.9586
경기도,군포시,2016,6,562319.4839
경기도,군포시,2016,7,555453.2159
경기도,군포시,2016,8,565034.5534
경기도,군포시,2016,9,557775.3148
경기도,군포시,2016,10,531996.4439
경기도,군포시,2016,11,557296.6052
경기도,군포시,2016,12,561747.8903
경기도,군포시,2017,1,576793.1723
경기도,군포시,2017,2,566136.1898
경기도,군포시,2017,3,567509.2189
경기도,군포시,2017,4,557364.4545
경기도,군포시,2017,5,574182.2827
경기도,군포시,2017,6,545604.7802
경기도,군포시,2017,7,555849.1425
경기도,군포시,2017,8,601265.8157
경기도,군포시,2017,9,594372.2135
경기도,군포시,2017,10,603741.5366
경기도,군포시,2017,11,598939.4918
경기도,군포시,2017,12,601258.7016
경기도,군포시,2018,1,587203.0711
경기도,군포시,2018,2,600104.4546
경기도,군포시,2018,3,581472.1408
경기도,군포시,2018,4,606582.3071
경기도,군포시,2018,5,594258.0908
경기도,군포시,2018,6,607600.8373
경기도,군포시,2018,7,632656.682
경기도,군포시,2018,8,599534.0776
경기도,군포시,2018,9,600505.0765
경기도,군포시,2018,10,600674.8315
경기도,군포시,2018,11,577988.7673
경기도,군포시,2018,12,559349.6634
경기도,군포시,2019,1,559470.0903
경기도,군포시,2019,2,547046.5264
경기도,군포시,2019,3,545691.8293
경기도,군포시,2019,4,583398.6675
경기도,군포시,2019,5,615726.3668
경기도,군포시,2019,6,591784.5731
경기도,군포시,2019,7,612204.1543
경기도,군포시,2019,8,592247.1526
경기도,군포시,2019,9,618534.8853
경기도,군포시,2019,10,637064.4987
경기도,군포시,2019,11,657576.5958
경기도,군포시,2019,12,668962.6599
경기도,군포시,2020,1,556332.2018
경기도,군포시,2020,2,558626.3552
경기도,군포시,2020,3,560920.5086
경기도,군포시,2020,4,556905.7402
경기도,군포시,2020,5,545434.9731
경기도,군포시,2020,6,563788.2004
경기도,군포시,2020,7,555185.1251
경기도,군포시,2020,8,571817.7373
경기도,군포시,2020,9,597626.9632
경기도,군포시,2020,10,591891.5797
경기도,군포시,2020,11,598774.0399
경기도,군포시,2020,12,614259.5754
경기도,군포시,2021,1,552774.6586
경기도,군포시,2021,2,573022.8146
경기도,군포시,2021,3,567960.7756
경기도,군포시,2021,4,557836.6976
경기도,군포시,2021,5,564923.5522
경기도,군포시,2021,6,562898.7366
경기도,군포시,2021,7,579603.4653
경기도,군포시,2021,8,598839.2135
경기도,군포시,2021,9,584159.3004
경기도,군포시,2021,10,590739.9511
경기도,군포시,2021,11,582640.6887
경기도,군포시,2021,12,616050.1461
경기도,김포시,2010,1,634818.2165
경기도,김포시,2010,2,668388.455
경기도,김포시,2010,3,685887.9645
경기도,김포시,2010,4,685619.3049
경기도,김포시,2010,5,680661.3141
경기도,김포시,2010,6,713572.1154
경기도,김포시,2010,7,720801.501
경기도,김포시,2010,8,707856.9929
경기도,김포시,2010,9,707527.2743
경기도,김포시,2010,10,682871.6499
경기도,김포시,2010,11,692348.0068
경기도,김포시,2010,12,715941.2046
경기도,김포시,2011,1,745333.655
경기도,김포시,2011,2,730540.5252
경기도,김포시,2011,3,739956.6087
경기도,김포시,2011,4,730102.8586
경기도,김포시,2011,5,745271.1313
경기도,김포시,2011,6,751385.9584
경기도,김포시,2011,7,753511.7674
경기도,김포시,2011,8,767442.0689
경기도,김포시,2011,9,771293.5347
경기도,김포시,2011,10,775220.029
경기도,김포시,2011,11,740369.2657
경기도,김포시,2011,12,749122.597
경기도,김포시,2012,1,726503.769
경기도,김포시,2012,2,772991.5979
경기도,김포시,2012,3,737178.118
경기도,김포시,2012,4,743096.0846
경기도,김포시,2012,5,740601.735
경기도,김포시,2012,6,722199.7933
경기도,김포시,2012,7,738865.4721
경기도,김포시,2012,8,739648.0131
경기도,김포시,2012,9,739195.6066
경기도,김포시,2012,10,767538.265
경기도,김포시,2012,11,793777.8444
경기도,김포시,2012,12,795061.7008
경기도,김포시,2013,1,746198.8263
경기도,김포시,2013,2,743048.9499
경기도,김포시,2013,3,738485.0778
경기도,김포시,2013,4,749820.0346
경기도,김포시,2013,5,745991.9001
경기도,김포시,2013,6,737933.2747
경기도,김포시,2013,7,757142.9225
경기도,김포시,2013,8,793136.5833
경기도,김포시,2013,9,761442.3888
경기도,김포시,2013,10,773765.9929
경기도,김포시,2013,11,778766.7091
경기도,김포시,2013,12,821853.3399
경기도,김포시,2014,1,799962.2608
경기도,김포시,2014,2,806110.1739
경기도,김포시,2014,3,824379.2566
경기도,김포시,2014,4,836244.2632
경기도,김포시,2014,5,799496.5099
경기도,김포시,2014,6,823773.7803
경기도,김포시,2014,7,833670.9889
경기도,김포시,2014,8,801021.8444
경기도,김포시,2014,9,782356.8733
경기도,김포시,2014,10,758405.6285
경기도,김포시,2014,11,795025.3003
경기도,김포시,2014,12,821736.1197
경기도,김포시,2015,1,813437.6561
경기도,김포시,2015,2,849650.5583
경기도,김포시,2015,3,839553.1862
경기도,김포시,2015,4,847918.2242
경기도,김포시,2015,5,837725.9297
경기도,김포시,2015,6,846174.0248
경기도,김포시,2015,7,831888.201
경기도,김포시,2015,8,861314.1504
경기도,김포시,2015,9,915277.5447
경기도,김포시,2015,10,892021.5524
경기도,김포시,2015,11,883953.1469
경기도,김포시,2015,12,869358.8253
경기도,김포시,2016,1,882553.0793
경기도,김포시,2016,2,887932.7194
경기도,김포시,2016,3,893421.8997
경기도,김포시,2016,4,907357.8451
경기도,김포시,2016,5,940463.3225
경기도,김포시,2016,6,957892.3826
경기도,김포시,2016,7,946195.9254
경기도,김포시,2016,8,962517.4126
경기도,김포시,2016,9,950151.5431
경기도,김포시,2016,10,906238.101
경기도,김포시,2016,11,949336.0773
경기도,김포시,2016,12,956918.6921
경기도,김포시,2017,1,983154.39
경기도,김포시,2017,2,964989.3707
경기도,김포시,2017,3,967329.7236
경기도,김포시,2017,4,950037.7893
경기도,김포시,2017,5,978704.0816
경기도,김포시,2017,6,929993.2118
경기도,김포시,2017,7,947454.9127
경기도,김포시,2017,8,1024868.453
경기도,김포시,2017,9,1013118.184
경기도,김포시,2017,10,1029088.364
경기도,김포시,2017,11,1020903.192
경기도,김포시,2017,12,1024856.327
경기도,김포시,2018,1,1035722.83
경기도,김포시,2018,2,1058478.599
경기도,김포시,2018,3,1025614.478
경기도,김포시,2018,4,1069904.39
경기도,김포시,2018,5,1048166.643
경기도,김포시,2018,6,1071700.898
경기도,김포시,2018,7,1115894.997
경기도,김포시,2018,8,1057472.554
경기도,김포시,2018,9,1059185.225
경기도,김포시,2018,10,1059484.643
경기도,김포시,2018,11,1019470.42
경기도,김포시,2018,12,986594.3227
경기도,김포시,2019,1,1011050.722
경기도,김포시,2019,2,988599.3817
경기도,김포시,2019,3,986151.2303
경기도,김포시,2019,4,1054293.436
경기도,김포시,2019,5,1112714.689
경기도,김포시,2019,6,1069448.091
경기도,김포시,2019,7,1106349.495
경기도,김포시,2019,8,1070284.045
경기도,김포시,2019,9,1117790.125
경기도,김포시,2019,10,1151276.06
경기도,김포시,2019,11,1188344.656
경기도,김포시,2019,12,1208921.07
경기도,김포시,2020,1,1070976.911
경기도,김포시,2020,2,1075393.311
경기도,김포시,2020,3,1079809.71
경기도,김포시,2020,4,1072081.011
경기도,김포시,2020,5,1049999.013
경기도,김포시,2020,6,1085330.21
경기도,김포시,2020,7,1068768.711
경기도,김포시,2020,8,1100787.608
경기도,김포시,2020,9,1150472.104
경기도,김포시,2020,10,1139431.105
경기도,김포시,2020,11,1152680.304
경기도,김포시,2020,12,1182491.002
경기도,김포시,2021,1,1102288.071
경기도,김포시,2021,2,1142664.923
경기도,김포시,2021,3,1132570.71
경기도,김포시,2021,4,1112382.284
경기도,김포시,2021,5,1126514.182
경기도,김포시,2021,6,1122476.497
경기도,김포시,2021,7,1155787.4
경기도,김포시,2021,8,1194145.41
경기도,김포시,2021,9,1164872.192
경기도,김포시,2021,10,1177994.669
경기도,김포시,2021,11,1161843.928
경기도,김포시,2021,12,1228465.734
경기도,남양주시,2010,1,499508.4021
경기도,남양주시,2010,2,525923.2336
경기도,남양주시,2010,3,539692.7692
경기도,남양주시,2010,4,539481.3737
경기도,남양주시,2010,5,535580.1654
경기도,남양주시,2010,6,561476.1169
경기도,남양주시,2010,7,567164.5782
경기도,남양주시,2010,8,556979.1576
경기도,남양주시,2010,9,556719.7176
경기도,남양주시,2010,10,537319.374
경기도,남양주시,2010,11,544775.8706
경기도,남양주시,2010,12,563340.2411
경기도,남양주시,2011,1,566746.5086
경기도,남양주시,2011,2,555497.9159
경기도,남양주시,2011,3,562657.8401
경기도,남양주시,2011,4,555165.1173
경기도,남양주시,2011,5,566698.966
경기도,남양주시,2011,6,571348.6378
경기도,남양주시,2011,7,572965.0882
경기도,남양주시,2011,8,583557.5922
경기도,남양주시,2011,9,586486.2199
경기도,남양주시,2011,10,589471.8988
경기도,남양주시,2011,11,562971.6216
경기도,남양주시,2011,12,569627.5936
경기도,남양주시,2012,1,642396.6289
경기도,남양주시,2012,2,683502.5747
경기도,남양주시,2012,3,651835.2114
경기도,남양주시,2012,4,657068.0567
경기도,남양주시,2012,5,654862.4772
경기도,남양주시,2012,6,638590.9232
경기도,남양주시,2012,7,653327.221
경기도,남양주시,2012,8,654019.1675
경기도,남양주시,2012,9,653619.1359
경기도,남양주시,2012,10,678680.5726
경기도,남양주시,2012,11,701882.4032
경기도,남양주시,2012,12,703017.6279
경기도,남양주시,2013,1,661824.3752
경기도,남양주시,2013,2,659030.6627
경기도,남양주시,2013,3,654982.8384
경기도,남양주시,2013,4,665036.125
경기도,남양주시,2013,5,661640.8466
경기도,남양주시,2013,6,654493.4289
경기도,남양주시,2013,7,671530.9967
경기도,남양주시,2013,8,703454.7699
경기도,남양주시,2013,9,675344.3124
경기도,남양주시,2013,10,686274.4576
경기도,남양주시,2013,11,690709.7311
경기도,남양주시,2013,12,728924.4555
경기도,남양주시,2014,1,647201.6878
경기도,남양주시,2014,2,652175.5971
경기도,남양주시,2014,3,666956.0207
경기도,남양주시,2014,4,676555.2889
경기도,남양주시,2014,5,646824.8764
경기도,남양주시,2014,6,666466.166
경기도,남양주시,2014,7,674473.4064
경기도,남양주시,2014,8,648058.9335
경기도,남양주시,2014,9,632958.2202
경기도,남양주시,2014,10,613580.6985
경기도,남양주시,2014,11,643207.4879
경기도,남양주시,2014,12,664817.6166
경기도,남양주시,2015,1,664217.9484
경기도,남양주시,2015,2,693787.8355
경기도,남양주시,2015,3,685542.7588
경기도,남양주시,2015,4,692373.2865
경기도,남양주시,2015,5,684050.7003
경기도,남양주시,2015,6,690949.0488
경기도,남양주시,2015,7,679283.864
경기도,남양주시,2015,8,703311.8194
경기도,남양주시,2015,9,747375.9893
경기도,남양주시,2015,10,728386.1535
경기도,남양주시,2015,11,721797.8432
경기도,남양주시,2015,12,709880.7524
경기도,남양주시,2016,1,722352.956
경기도,남양주시,2016,2,726756.0894
경기도,남양주시,2016,3,731248.8793
경기도,남양주시,2016,4,742655.1863
경기도,남양주시,2016,5,769751.3916
경기도,남양주시,2016,6,784016.7468
경기도,남양주시,2016,7,774443.4184
경기도,남양주시,2016,8,787802.2461
경기도,남양주시,2016,9,777681.0164
경기도,남양주시,2016,10,741738.697
경기도,남양주시,2016,11,777013.5731
경기도,남양주시,2016,12,783219.7996
경기도,남양주시,2017,1,811434.187
경기도,남양주시,2017,2,796441.9153
경기도,남양주시,2017,3,798373.4963
경기도,남양주시,2017,4,784101.8145
경기도,남양주시,2017,5,807761.1805
경기도,남양주시,2017,6,767558.273
경기도,남양주시,2017,7,781970.0696
경기도,남양주시,2017,8,845862.3676
경기도,남양주시,2017,9,836164.4295
경기도,남양주시,2017,10,849345.2185
경기도,남양주시,2017,11,842589.6888
경기도,남양주시,2017,12,845852.3594
경기도,남양주시,2018,1,854122.5871
경기도,남양주시,2018,2,872888.4341
경기도,남양주시,2018,3,845786.6003
경기도,남양주시,2018,4,882310.8646
경기도,남양주시,2018,5,864384.5423
경기도,남양주시,2018,6,883792.3788
경기도,남양주시,2018,7,920237.629
경기도,남양주시,2018,8,872058.7861
경기도,남양주시,2018,9,873471.163
경기도,남양주시,2018,10,873718.082
경기도,남양주시,2018,11,840719.8216
경기도,남양주시,2018,12,813608.1111
경기도,남양주시,2019,1,833069.9074
경기도,남양주시,2019,2,814570.8001
경기도,남양주시,2019,3,812553.6102
경기도,남양주시,2019,4,868700.3689
경기도,남양주시,2019,5,916837.4078
경기도,남양주시,2019,6,881187.2664
경기도,남양주시,2019,7,911592.7141
경기도,남양주시,2019,8,881876.063
경기도,남양주시,2019,9,921019.3869
경기도,남양주시,2019,10,948610.6087
경기도,남양주시,2019,11,979153.8157
경기도,남양주시,2019,12,996108.0508
경기도,남양주시,2020,1,944191.4907
경기도,남양주시,2020,2,948085.0639
경기도,남양주시,2020,3,951978.637
경기도,남양주시,2020,4,945164.884
경기도,남양주시,2020,5,925697.0182
경기도,남양주시,2020,6,956845.6035
경기도,남양주시,2020,7,942244.7041
경기도,남양주시,2020,8,970473.1095
경기도,남양주시,2020,9,1014275.808
경기도,남양주시,2020,10,1004541.875
경기도,남양주시,2020,11,1016222.594
경기도,남양주시,2020,12,1042504.213
경기도,남양주시,2021,1,945770.091
경기도,남양주시,2021,2,980413.6841
경기도,남양주시,2021,3,971752.7858
경기도,남양주시,2021,4,954430.9893
경기도,남양주시,2021,5,966556.2468
경기도,남양주시,2021,6,963091.8875
경기도,남양주시,2021,7,991672.8518
경기도,남양주시,2021,8,1024584.265
경기도,남양주시,2021,9,999467.6603
경기도,남양주시,2021,10,1010726.828
경기도,남양주시,2021,11,996869.3908
경기도,남양주시,2021,12,1054031.319
경기도,동두천시,2010,1,122190.3713
경기도,동두천시,2010,2,128652.0004
경기도,동두천시,2010,3,132020.3215
경기도,동두천시,2010,4,131968.6096
경기도,동두천시,2010,5,131014.2912
경기도,동두천시,2010,6,137348.9913
경기도,동두천시,2010,7,138740.5098
경기도,동두천시,2010,8,136248.9395
경기도,동두천시,2010,9,136185.475
경기도,동두천시,2010,10,131439.7386
경기도,동두천시,2010,11,133263.7561
경기도,동두천시,2010,12,137804.9957
경기도,동두천시,2011,1,125916.007
경기도,동두천시,2011,2,123416.8688
경기도,동두천시,2011,3,125007.6136
경기도,동두천시,2011,4,123342.9298
경기도,동두천시,2011,5,125905.4443
경기도,동두천시,2011,6,126938.4778
경기도,동두천시,2011,7,127297.6101
경기도,동두천시,2011,8,129650.9829
경기도,동두천시,2011,9,130301.6461
경기도,동두천시,2011,10,130964.9846
경기도,동두천시,2011,11,125077.3275
경기도,동두천시,2011,12,126556.1075
경기도,동두천시,2012,1,135911.5551
경기도,동두천시,2012,2,144608.3209
경기도,동두천시,2012,3,137908.4716
경기도,동두천시,2012,4,139015.5822
경기도,동두천시,2012,5,138548.9488
경기도,동두천시,2012,6,135106.3837
경기도,동두천시,2012,7,138224.1354
경기도,동두천시,2012,8,138370.5302
경기도,동두천시,2012,9,138285.8957
경기도,동두천시,2012,10,143588.1322
경기도,동두천시,2012,11,148496.9326
경기도,동두천시,2012,12,148737.1116
경기도,동두천시,2013,1,171882.6223
경기도,동두천시,2013,2,171157.0664
경기도,동두천시,2013,3,170105.8046
경기도,동두천시,2013,4,172716.7469
경기도,동두천시,2013,5,171834.9581
경기도,동두천시,2013,6,169978.6999
경기도,동두천시,2013,7,174403.5322
경기도,동두천시,2013,8,182694.4656
경기도,동두천시,2013,9,175393.8896
경기도,동두천시,2013,10,178232.5611
경기도,동두천시,2013,11,179384.4475
경기도,동두천시,2013,12,189309.2059
경기도,동두천시,2014,1,154534.3043
경기도,동두천시,2014,2,155721.9396
경기도,동두천시,2014,3,159251.1061
경기도,동두천시,2014,4,161543.1524
경기도,동두천시,2014,5,154444.3319
경기도,동두천시,2014,6,159134.142
경기도,동두천시,2014,7,161046.055
경기도,동두천시,2014,8,154738.9914
경기도,동두천시,2014,9,151133.3484
경기도,동두천시,2014,10,146506.519
경기도,동두천시,2014,11,153580.5971
경기도,동두천시,2014,12,158740.5129
경기도,동두천시,2015,1,147861.2997
경기도,동두천시,2015,2,154443.8408
경기도,동두천시,2015,3,152608.4075
경기도,동두천시,2015,4,154128.9486
경기도,동두천시,2015,5,152276.2609
경기도,동두천시,2015,6,153811.8996
경기도,동두천시,2015,7,151215.1173
경기도,동두천시,2015,8,156563.9712
경기도,동두천시,2015,9,166373.0789
경기도,동두천시,2015,10,162145.759
경기도,동두천시,2015,11,160679.1377
경기도,동두천시,2015,12,158026.2788
경기도,동두천시,2016,1,143338.8995
경기도,동두천시,2016,2,144212.6279
경기도,동두천시,2016,3,145104.1472
경기도,동두천시,2016,4,147367.5386
경기도,동두천시,2016,5,152744.3287
경기도,동두천시,2016,6,155575.0506
경기도,동두천시,2016,7,153675.3832
경기도,동두천시,2016,8,156326.2198
경기도,동두천시,2016,9,154317.8306
경기도,동두천시,2016,10,147185.6766
경기도,동두천시,2016,11,154185.3876
경기도,동두천시,2016,12,155416.9097
경기도,동두천시,2017,1,155584.9873
경기도,동두천시,2017,2,152710.3582
경기도,동두천시,2017,3,153080.7209
경기도,동두천시,2017,4,150344.2582
경기도,동두천시,2017,5,154880.7224
경기도,동두천시,2017,6,147172.1874
경기도,동두천시,2017,7,149935.5158
경기도,동두천시,2017,8,162186.272
경기도,동두천시,2017,9,160326.7822
경기도,동두천시,2017,10,162854.0764
경기도,동두천시,2017,11,161558.7662
경기도,동두천시,2017,12,162184.353
경기도,동두천시,2018,1,146707.4864
경기도,동두천시,2018,2,149930.7827
경기도,동두천시,2018,3,145275.6642
경기도,동두천시,2018,4,151549.2168
경기도,동두천시,2018,5,148470.1205
경기도,동두천시,2018,6,151803.6876
경기도,동두천시,2018,7,158063.6684
경기도,동두천시,2018,8,149788.2791
경기도,동두천시,2018,9,150030.8746
경기도,동두천시,2018,10,150073.2864
경기도,동두천시,2018,11,144405.3742
경기도,동두천시,2018,12,139748.5591
경기도,동두천시,2019,1,141185.8514
경기도,동두천시,2019,2,138050.6857
경기도,동두천시,2019,3,137708.8192
경기도,동두천시,2019,4,147224.3807
경기도,동두천시,2019,5,155382.4822
경기도,동두천시,2019,6,149340.6176
경기도,동두천시,2019,7,154493.6293
경기도,동두천시,2019,8,149457.3525
경기도,동두천시,2019,9,156091.2297
경기도,동두천시,2019,10,160767.2961
경기도,동두천시,2019,11,165943.6548
경기도,동두천시,2019,12,168817.0008
경기도,동두천시,2020,1,139607.7014
경기도,동두천시,2020,2,140183.4032
경기도,동두천시,2020,3,140759.1051
경기도,동두천시,2020,4,139751.6268
경기도,동두천시,2020,5,136873.1175
경기도,동두천시,2020,6,141478.7324
경기도,동두천시,2020,7,139319.8504
경기도,동두천시,2020,8,143493.6889
경기도,동두천시,2020,9,149970.3349
경기도,동두천시,2020,10,148531.0802
경기도,동두천시,2020,11,150258.1858
경기도,동두천시,2020,12,154144.1734
경기도,동두천시,2021,1,144178.8502
경기도,동두천시,2021,2,149460.1268
경기도,동두천시,2021,3,148139.8076
경기도,동두천시,2021,4,145499.1694
경기도,동두천시,2021,5,147347.6162
경기도,동두천시,2021,6,146819.4885
경기도,동두천시,2021,7,151176.5417
경기도,동두천시,2021,8,156193.7544
경기도,동두천시,2021,9,152364.8289
경기도,동두천시,2021,10,154081.2438
경기도,동두천시,2021,11,151968.7331
경기도,동두천시,2021,12,160682.8395
경기도,부천시,2010,1,1064448.128
경기도,부천시,2010,2,1120737.908
경기도,부천시,2010,3,1150080.67
경기도,부천시,2010,4,1149630.188
경기도,부천시,2010,5,1141316.747
경기도,부천시,2010,6,1196500.798
경기도,부천시,2010,7,1208622.86
경기도,부천시,2010,8,1186917.816
경기도,부천시,2010,9,1186364.952
경기도,부천시,2010,10,1145022.986
경기도,부천시,2010,11,1160912.716
경기도,부천시,2010,12,1200473.23
경기도,부천시,2011,1,1188846.912
경기도,부천시,2011,2,1165251.081
경기도,부천시,2011,3,1180270.237
경기도,부천시,2011,4,1164552.98
경기도,부천시,2011,5,1188747.183
경기도,부천시,2011,6,1198500.659
경기도,부천시,2011,7,1201891.437
경기도,부천시,2011,8,1224111.011
경기도,부천시,2011,9,1230254.304
경기도,부천시,2011,10,1236517.272
경기도,부천시,2011,11,1180928.447
경기도,부천시,2011,12,1194890.477
경기도,부천시,2012,1,1179214.325
경기도,부천시,2012,2,1254670.387
경기도,부천시,2012,3,1196540.244
경기도,부천시,2012,4,1206145.908
경기도,부천시,2012,5,1202097.239
경기도,부천시,2012,6,1172228.388
경기도,부천시,2012,7,1199279.049
경기도,부천시,2012,8,1200549.219
경기도,부천시,2012,9,1199814.902
경기도,부천시,2012,10,1245818.887
경기도,부천시,2012,11,1288409.29
경기도,부천시,2012,12,1290493.163
경기도,부천시,2013,1,1255784.165
경기도,부천시,2013,2,1250483.212
경기도,부천시,2013,3,1242802.634
경기도,부천시,2013,4,1261878.327
경기도,부천시,2013,5,1255435.927
경기도,부천시,2013,6,1241874
경기도,부천시,2013,7,1274202.075
경기도,부천시,2013,8,1334776.104
경기도,부천시,2013,9,1281437.682
경기도,부천시,2013,10,1302177.178
경기도,부천시,2013,11,1310592.924
경기도,부천시,2013,12,1383103.771
경기도,부천시,2014,1,1268115.172
경기도,부천시,2014,2,1277860.96
경기도,부천시,2014,3,1306821.452
경기도,부천시,2014,4,1325630.083
경기도,부천시,2014,5,1267376.855
경기도,부천시,2014,6,1305861.64
경기도,부천시,2014,7,1321550.88
경기도,부천시,2014,8,1269794.844
경기도,부천시,2014,9,1240206.782
경기도,부천시,2014,10,1202238.82
경기도,부천시,2014,11,1260289.01
경기도,부천시,2014,12,1302631.502
경기도,부천시,2015,1,1251841.641
경기도,부천시,2015,2,1307571.566
경기도,부천시,2015,3,1292032.193
경기도,부천시,2015,4,1304905.586
경기도,부천시,2015,5,1289220.133
경기도,부천시,2015,6,1302221.347
경기도,부천시,2015,7,1280236.147
경기도,부천시,2015,8,1325521.276
경기도,부천시,2015,9,1408568.358
경기도,부천시,2015,10,1372778.499
경기도,부천시,2015,11,1360361.609
경기도,부천시,2015,12,1337901.646
경기도,부천시,2016,1,1284830.736
경기도,부천시,2016,2,1292662.477
경기도,부천시,2016,3,1300653.687
경기도,부천시,2016,4,1320941.794
경기도,부천시,2016,5,1369137.122
경기도,부천시,2016,6,1394510.544
경기도,부천시,2016,7,1377482.71
경기도,부천시,2016,8,1401243.715
경기도,부천시,2016,9,1383241.343
경기도,부천시,2016,10,1319311.658
경기도,부천시,2016,11,1382054.178
경기도,부천시,2016,12,1393093.035
경기도,부천시,2017,1,1352820.254
경기도,부천시,2017,2,1327825.191
경기도,부천시,2017,3,1331045.516
경기도,부천시,2017,4,1307251.818
경기도,부천시,2017,5,1346696.63
경기도,부천시,2017,6,1279670.483
경기도,부천시,2017,7,1303697.78
경기도,부천시,2017,8,1410218.797
경기도,부천시,2017,9,1394050.428
경기도,부천시,2017,10,1416025.394
경기도,부천시,2017,11,1404762.598
경기도,부천시,2017,12,1410202.111
경기도,부천시,2018,1,1367534.589
경기도,부천시,2018,2,1397580.563
경기도,부천시,2018,3,1354187.851
경기도,부천시,2018,4,1412666.804
경기도,부천시,2018,5,1383964.993
경기도,부천시,2018,6,1415038.855
경기도,부천시,2018,7,1473391.299
경기도,부천시,2018,8,1396252.214
경기도,부천시,2018,9,1398513.569
경기도,부천시,2018,10,1398908.911
경기도,부천시,2018,11,1346075.438
경기도,부천시,2018,12,1302666.913
경기도,부천시,2019,1,1305916.368
경기도,부천시,2019,2,1276917.257
경기도,부천시,2019,3,1273755.12
경기도,부천시,2019,4,1361770.508
경기도,부천시,2019,5,1437229.898
경기도,부천시,2019,6,1381344.908
경기도,부천시,2019,7,1429008.341
경기도,부천시,2019,8,1382424.662
경기도,부천시,2019,9,1443785.548
경기도,부천시,2019,10,1487037.414
경기도,부천시,2019,11,1534916.798
경기도,부천시,2019,12,1561494.176
경기도,부천시,2020,1,1373779.967
경기도,부천시,2020,2,1379445.039
경기도,부천시,2020,3,1385110.112
경기도,부천시,2020,4,1375196.235
경기도,부천시,2020,5,1346870.875
경기도,부천시,2020,6,1392191.452
경기도,부천시,2020,7,1370947.431
경기도,부천시,2020,8,1412019.204
경기도,부천시,2020,9,1475751.264
경기도,부천시,2020,10,1461588.584
경기도,부천시,2020,11,1478583.8
경기도,부천시,2020,12,1516823.036
경기도,부천시,2021,1,1345196.226
경기도,부천시,2021,2,1394470.813
경기도,부천시,2021,3,1382152.166
경기도,부천시,2021,4,1357514.872
경기도,부천시,2021,5,1374760.978
경기도,부천시,2021,6,1369833.519
경기도,부천시,2021,7,1410485.053
경기도,부천시,2021,8,1457295.911
경기도,부천시,2021,9,1421571.835
경기도,부천시,2021,10,1437586.076
경기도,부천시,2021,11,1417876.241
경기도,부천시,2021,12,1499179.31
경기도,성남시,2010,1,1899774.026
경기도,성남시,2010,2,2000237.222
경기도,성남시,2010,3,2052606.724
경기도,성남시,2010,4,2051802.726
경기도,성남시,2010,5,2036965.31
경기도,성남시,2010,6,2135455.056
경기도,성남시,2010,7,2157089.91
경기도,성남시,2010,8,2118351.828
경기도,성남시,2010,9,2117365.103
경기도,성남시,2010,10,2043580.02
경기도,성남시,2010,11,2071939.22
경기도,성남시,2010,12,2142544.856
경기도,성남시,2011,1,2204838.746
경기도,성남시,2011,2,2161077.854
경기도,성남시,2011,3,2188932.42
경기도,성남시,2011,4,2159783.153
경기도,성남시,2011,5,2204653.789
경기도,성남시,2011,6,2222742.611
경기도,성남시,2011,7,2229031.158
경기도,성남시,2011,8,2270239.64
경기도,성남시,2011,9,2281633.009
경기도,성남시,2011,10,2293248.326
경기도,성남시,2011,11,2190153.138
경기도,성남시,2011,12,2216047.157
경기도,성남시,2012,1,2279419.799
경기도,성남시,2012,2,2425276.272
경기도,성남시,2012,3,2312910.777
경기도,성남시,2012,4,2331478.514
경기도,성남시,2012,5,2323652.443
경기도,성남시,2012,6,2265915.99
경기도,성남시,2012,7,2318204.884
경기도,성남시,2012,8,2320660.122
경기도,성남시,2012,9,2319240.687
경기도,성남시,2012,10,2408166.333
경기도,성남시,2012,11,2490493.527
경기도,성남시,2012,12,2494521.652
경기도,성남시,2013,1,2562741.875
경기도,성남시,2013,2,2551923.954
경기도,성남시,2013,3,2536249.812
경기도,성남시,2013,4,2575178.537
경기도,성남시,2013,5,2562031.209
경기도,성남시,2013,6,2534354.702
경기도,성남시,2013,7,2600328.23
경기도,성남시,2013,8,2723944.696
경기도,성남시,2013,9,2615094.298
경기도,성남시,2013,10,2657418.428
경기도,성남시,2013,11,2674592.865
경기도,성남시,2013,12,2822569.395
경기도,성남시,2014,1,2851805.113
경기도,성남시,2014,2,2873721.96
경기도,성남시,2014,3,2938849.861
경기도,성남시,2014,4,2981147.714
경기도,성남시,2014,5,2850144.746
경기도,성남시,2014,6,2936691.384
경기도,성남시,2014,7,2971974.186
경기도,성남시,2014,8,2855582.448
경기도,성남시,2014,9,2789043.235
경기도,성남시,2014,10,2703658.854
경기도,성남시,2014,11,2834205.221
경기도,성남시,2014,12,2929427.278
경기도,성남시,2015,1,2979755.674
경기도,성남시,2015,2,3112409.48
경기도,성남시,2015,3,3075421.148
경기도,성남시,2015,4,3106063.656
경기도,성남시,2015,5,3068727.608
경기도,성남시,2015,6,3099674.367
경기도,성남시,2015,7,3047343.049
경기도,성남시,2015,8,3155135.133
경기도,성남시,2015,9,3352811.905
경기도,성남시,2015,10,3267621.388
경기도,성남시,2015,11,3238065.494
경기도,성남시,2015,12,3184604.097
경기도,성남시,2016,1,3077360.099
경기도,성남시,2016,2,3096118.279
경기도,성남시,2016,3,3115258.413
경기도,성남시,2016,4,3163851.437
경기도,성남시,2016,5,3279286.392
경기도,성남시,2016,6,3340059.501
경기도,성남시,2016,7,3299275.312
경기도,성남시,2016,8,3356186.443
경기도,성남시,2016,9,3313068.092
경기도,성남시,2016,10,3159947.019
경기도,성남시,2016,11,3310224.657
경기도,성남시,2016,12,3336664.355
경기도,성남시,2017,1,3238989.539
경기도,성남시,2017,2,3179145.115
경기도,성남시,2017,3,3186855.378
경기도,성남시,2017,4,3129887.322
경기도,성남시,2017,5,3224328.054
경기도,성남시,2017,6,3063850.718
경기도,성남시,2017,7,3121378.068
경기도,성남시,2017,8,3376415.985
경기도,성남시,2017,9,3337704.873
경기도,성남시,2017,10,3390318.428
경기도,성남시,2017,11,3363352.483
경기도,성남시,2017,12,3376376.036
경기도,성남시,2018,1,3275338.837
경기도,성남시,2018,2,3347300.998
경기도,성남시,2018,3,3243372.487
경기도,성남시,2018,4,3383433.578
경기도,성남시,2018,5,3314690.776
경기도,성남시,2018,6,3389114.801
경기도,성남시,2018,7,3528872.893
경기도,성남시,2018,8,3344119.513
경기도,성남시,2018,9,3349535.612
경기도,성남시,2018,10,3350482.483
경기도,성남시,2018,11,3223942.703
경기도,성남시,2018,12,3119976.318
경기도,성남시,2019,1,3247649.048
경기도,성남시,2019,2,3175531.921
경기도,성남시,2019,3,3167668.085
경기도,성남시,2019,4,3386551.238
경기도,성남시,2019,5,3574209.209
경기도,성남시,2019,6,3435230.299
경기도,성남시,2019,7,3553763.236
경기도,성남시,2019,8,3437915.511
경기도,성남시,2019,9,3590512.283
경기도,성남시,2019,10,3698074.211
경기도,성남시,2019,11,3817144.191
경기도,성남시,2019,12,3883238.77
경기도,성남시,2020,1,3547354.931
경기도,성남시,2020,2,3561983.199
경기도,성남시,2020,3,3576611.467
경기도,성남시,2020,4,3551011.998
경기도,성남시,2020,5,3477870.659
경기도,성남시,2020,6,3594896.801
경기도,성남시,2020,7,3540040.797
경기도,성남시,2020,8,3646095.739
경기도,성남시,2020,9,3810663.751
경기도,성남시,2020,10,3774093.081
경기도,성남시,2020,11,3817977.885
경기도,성남시,2020,12,3916718.692
경기도,성남시,2021,1,3595498.402
경기도,성남시,2021,2,3727201.64
경기도,성남시,2021,3,3694275.83
경기도,성남시,2021,4,3628424.211
경기도,성남시,2021,5,3674520.344
경기도,성남시,2021,6,3661350.021
경기도,성남시,2021,7,3770005.192
경기도,성남시,2021,8,3895123.268
경기도,성남시,2021,9,3799638.421
경기도,성남시,2021,10,3842441.973
경기도,성남시,2021,11,3789760.678
경기도,성남시,2021,12,4007071.021
경기도,소계,2010,1,23010293.19
경기도,소계,2010,2,24227115.59
경기도,소계,2010,3,24861421.34
경기도,소계,2010,4,24851683.22
경기도,소계,2010,5,24671970.64
경기도,소계,2010,6,25864890.39
경기도,소계,2010,7,26126934.35
경기도,소계,2010,8,25657734.01
경기도,소계,2010,9,25645782.68
경기도,소계,2010,10,24752088.81
경기도,소계,2010,11,25095578.88
경기도,소계,2010,12,25950762.9
경기도,소계,2011,1,25984312.66
경기도,소계,2011,2,25468584.82
경기도,소계,2011,3,25796854.53
경기도,소계,2011,4,25453326.6
경기도,소계,2011,5,25982132.91
경기도,소계,2011,6,26195312.04
경기도,소계,2011,7,26269423.4
경기도,소계,2011,8,26755070.74
경기도,소계,2011,9,26889343.08
경기도,소계,2011,10,27026231.11
경기도,소계,2011,11,25811240.85
경기도,소계,2011,12,26116405.25
경기도,소계,2012,1,26413657.48
경기도,소계,2012,2,28103825.71
경기도,소계,2012,3,26801747.13
경기도,소계,2012,4,27016907.95
경기도,소계,2012,5,26926220.33
경기도,소계,2012,6,26257176.88
경기도,소계,2012,7,26863094.64
경기도,소계,2012,8,26891545.65
경기도,소계,2012,9,26875097.41
경기도,소계,2012,10,27905557.68
경기도,소계,2012,11,28859555.85
경기도,소계,2012,12,28906233.3
경기도,소계,2013,1,28259498.84
경기도,소계,2013,2,28140209.01
경기도,소계,2013,3,27967369.37
경기도,소계,2013,4,28396638.6
경기도,소계,2013,5,28251662.28
경기도,소계,2013,6,27946471.88
경기도,소계,2013,7,28673965.68
경기도,소계,2013,8,30037091.41
경기도,소계,2013,9,28836791.94
경기도,소계,2013,10,29303502.51
경기도,소계,2013,11,29492885.99
경기도,소계,2013,12,31124631.51
경기도,소계,2014,1,29922379.41
경기도,소계,2014,2,30152340.49
경기도,소계,2014,3,30835690.76
경기도,소계,2014,4,31279498.23
경기도,소계,2014,5,29904958.11
경기도,소계,2014,6,30813043.07
경기도,소계,2014,7,31183245.57
경기도,소계,2014,8,29962012.85
경기도,소계,2014,9,29263854.48
경기도,소계,2014,10,28367964.43
경기도,소계,2014,11,29737713.69
경기도,소계,2014,12,30736824.91
경기도,소계,2015,1,30200942.17
경기도,소계,2015,2,31545438.28
경기도,소계,2015,3,31170547.66
경기도,소계,2015,4,31481120.97
경기도,소계,2015,5,31102706.11
경기도,소계,2015,6,31416363.13
경기도,소계,2015,7,30885965.58
경기도,소계,2015,8,31978478.81
경기도,소계,2015,9,33982007.09
경기도,소계,2015,10,33118569.22
경기도,소계,2015,11,32819009.14
경기도,소계,2015,12,32277157.83
경기도,소계,2016,1,31673105.13
경기도,소계,2016,2,31866169.89
경기도,소계,2016,3,32063165.84
경기도,소계,2016,4,32563299.69
경기도,소계,2016,5,33751390.57
경기도,소계,2016,6,34376885.48
경기도,소계,2016,7,33957122.48
경기도,소계,2016,8,34542868.76
경기도,소계,2016,9,34099081.87
경기도,소계,2016,10,32523114.26
경기도,소계,2016,11,34069816.4
경기도,소계,2016,12,34341941.63
경기도,소계,2017,1,35404437.42
경기도,소계,2017,2,34750295.71
경기도,소계,2017,3,34834574.31
경기도,소계,2017,4,34211873.33
경기도,소계,2017,5,35244177.06
경기도,소계,2017,6,33490046.73
경기도,소계,2017,7,34118861.19
경기도,소계,2017,8,36906605.29
경기도,소계,2017,9,36483465.56
경기도,소계,2017,10,37058568.78
경기도,소계,2017,11,36763812.01
경기도,소계,2017,12,36906168.61
경기도,소계,2018,1,37124828.79
경기도,소계,2018,2,37940494.91
경기도,소계,2018,3,36762501.31
경기도,소계,2018,4,38350045.16
경기도,소계,2018,5,37570869.36
경기도,소계,2018,6,38414439.85
경기도,소계,2018,7,39998549.31
경기도,소계,2018,8,37904433.88
경기도,소계,2018,9,37965823.48
경기도,소계,2018,10,37976555.93
경기도,소계,2018,11,36542271.46
경기도,소계,2018,12,35363848.56
경기도,소계,2019,1,35774127.84
경기도,소계,2019,2,34979729.4
경기도,소계,2019,3,34893106.17
경기도,소계,2019,4,37304189.93
경기도,소계,2019,5,39371316.07
경기도,소계,2019,6,37840408.87
경기도,소계,2019,7,39146095.66
경기도,소계,2019,8,37869987.54
경기도,소계,2019,9,39550900.83
경기도,소계,2019,10,40735737.64
경기도,소계,2019,11,42047340.16
경기도,소계,2019,12,42775397.88
경기도,소계,2020,1,38053750.93
경기도,소계,2020,2,38210673.61
경기도,소계,2020,3,38367596.3
경기도,소계,2020,4,38092981.6
경기도,소계,2020,5,37308368.18
경기도,소계,2020,6,38563749.65
경기도,소계,2020,7,37975289.59
경기도,소계,2020,8,39112979.05
경기도,소계,2020,9,40878359.25
경기도,소계,2020,10,40486052.54
경기도,소계,2020,11,40956820.59
경기도,소계,2020,12,42016048.71
경기도,소계,2021,1,39743495.19
경기도,소계,2021,2,41199300.88
경기도,소계,2021,3,40835349.45
경기도,소계,2021,4,40107446.61
경기도,소계,2021,5,40616978.6
경기도,소계,2021,6,40471398.03
경기도,소계,2021,7,41672437.72
경기도,소계,2021,8,43055453.12
경기도,소계,2021,9,41999994
경기도,소계,2021,10,42473130.85
경기도,소계,2021,11,41890808.58
경기도,소계,2021,12,44292887.96
경기도,수원시,2010,1,1827346.864
경기도,수원시,2010,2,1923979.992
경기도,수원시,2010,3,1974352.954
경기도,수원시,2010,4,1973579.608
경기도,수원시,2010,5,1959307.855
경기도,수원시,2010,6,2054042.769
경기도,수원시,2010,7,2074852.814
경기도,수원시,2010,8,2037591.586
경기도,수원시,2010,9,2036642.479
경기도,수원시,2010,10,1965670.385
경기도,수원시,2010,11,1992948.416
경기도,수원시,2010,12,2060862.277
경기도,수원시,2011,1,2056138.738
경기도,수원시,2011,2,2015329.192
경기도,수원시,2011,3,2041305.175
경기도,수원시,2011,4,2014121.809
경기도,수원시,2011,5,2055966.254
경기도,수원시,2011,6,2072835.119
경기도,수원시,2011,7,2078699.551
경기도,수원시,2011,8,2117128.827
경기도,수원시,2011,9,2127753.797
경기도,수원시,2011,10,2138585.747
경기도,수원시,2011,11,2042443.565
경기도,수원시,2011,12,2066591.225
경기도,수원시,2012,1,2173256.547
경기도,수원시,2012,2,2312319.801
경기도,수원시,2012,3,2205187.694
경기도,수원시,2012,4,2222890.644
경기도,수원시,2012,5,2215429.07
경기도,수원시,2012,6,2160381.674
경기도,수원시,2012,7,2210235.229
경기도,수원시,2012,8,2212576.115
경기도,수원시,2012,9,2211222.79
경기도,수원시,2012,10,2296006.752
경기도,수원시,2012,11,2374499.584
경기도,수원시,2012,12,2378340.1
경기도,수원시,2013,1,2302829.584
경기도,수원시,2013,2,2293108.812
경기도,수원시,2013,3,2279024.336
경기도,수원시,2013,4,2314004.924
경기도,수원시,2013,5,2302190.993
경기도,수원시,2013,6,2277321.427
경기도,수원시,2013,7,2336603.944
경기도,수원시,2013,8,2447683.276
경기도,수원시,2013,9,2349872.443
경기도,수원시,2013,10,2387904.077
경기도,수원시,2013,11,2403336.689
경기도,수원시,2013,12,2536305.496
경기도,수원시,2014,1,2442019.095
경기도,수원시,2014,2,2460786.631
경기도,수원시,2014,3,2516556.073
경기도,수원시,2014,4,2552775.997
경기도,수원시,2014,5,2440597.311
경기도,수원시,2014,6,2514707.755
경기도,수원시,2014,7,2544920.646
경기도,수원시,2014,8,2445253.651
경기도,수원시,2014,9,2388275.694
경기도,수원시,2014,10,2315160.498
경기도,수원시,2014,11,2426948.194
경기도,수원시,2014,12,2508487.454
경기도,수원시,2015,1,2448097.427
경기도,수원시,2015,2,2557082.684
경기도,수원시,2015,3,2526693.938
경기도,수원시,2015,4,2551869.104
경기도,수원시,2015,5,2521194.682
경기도,수원시,2015,6,2546619.814
경기도,수원시,2015,7,2503625.63
경기도,수원시,2015,8,2592185.079
경기도,수원시,2015,9,2754591.682
경기도,수원시,2015,10,2684601.15
경기도,수원시,2015,11,2660318.72
경기도,수원시,2015,12,2616396.09
경기도,수원시,2016,1,2470632.984
경기도,수원시,2016,2,2485692.833
경기도,수원시,2016,3,2501059.331
경기도,수원시,2016,4,2540071.836
경기도,수원시,2016,5,2632747.83
경기도,수원시,2016,6,2681539.016
경기도,수원시,2016,7,2648795.769
경기도,수원시,2016,8,2694486.397
경기도,수원시,2016,9,2659869.187
경기도,수원시,2016,10,2536937.206
경기도,수원시,2016,11,2657586.36
경기도,수원시,2016,12,2678813.251
경기도,수원시,2017,1,2664457.51
경기도,수원시,2017,2,2615228.291
경기도,수원시,2017,3,2621570.908
경기도,수원시,2017,4,2574707.846
경기도,수원시,2017,5,2652396.68
경기도,수원시,2017,6,2520384.817
경기도,수원시,2017,7,2567707.964
경기도,수원시,2017,8,2777507.251
경기도,수원시,2017,9,2745662.716
경기도,수원시,2017,10,2788943.678
경기도,수원시,2017,11,2766760.953
경기도,수원시,2017,12,2777474.387
경기도,수원시,2018,1,2714292.682
경기도,수원시,2018,2,2773928.151
경기도,수원시,2018,3,2687801.979
경기도,수원시,2018,4,2803871.434
경기도,수원시,2018,5,2746903.867
경기도,수원시,2018,6,2808579.497
경기도,수원시,2018,7,2924397.855
경기도,수원시,2018,8,2771291.635
경기도,수원시,2018,9,2775779.989
경기도,수원시,2018,10,2776564.666
경기도,수원시,2018,11,2671700.402
경기도,수원시,2018,12,2585542.843
경기도,수원시,2019,1,2668586.963
경기도,수원시,2019,2,2609328.459
경기도,수원시,2019,3,2602866.76
경기도,수원시,2019,4,2782722.625
경기도,수원시,2019,5,2936920.818
경기도,수원시,2019,6,2822722.115
경기도,수원시,2019,7,2920120.401
경기도,수원시,2019,8,2824928.549
경기도,수원시,2019,9,2950317.022
경기도,수원시,2019,10,3038700.451
경기도,수원시,2019,11,3136540.024
경기도,수원시,2019,12,3190849.813
경기도,수원시,2020,1,2489881.107
경기도,수원시,2020,2,2500148.658
경기도,수원시,2020,3,2510416.209
경기도,수원시,2020,4,2492447.994
경기도,수원시,2020,5,2441110.24
경기도,수원시,2020,6,2523250.647
경기도,수원시,2020,7,2484747.331
경기도,수원시,2020,8,2559187.076
경기도,수원시,2020,9,2674697.024
경기도,수원시,2020,10,2649028.147
경기도,수원시,2020,11,2679830.799
경기도,수원시,2020,12,2749136.768
경기도,수원시,2021,1,2605180.165
경기도,수원시,2021,2,2700608.01
경기도,수원시,2021,3,2676751.049
경기도,수원시,2021,4,2629037.127
경기도,수원시,2021,5,2662436.872
경기도,수원시,2021,6,2652894.088
경기도,수원시,2021,7,2731622.06
경기도,수원시,2021,8,2822278.512
경기도,수원시,2021,9,2753093.325
경기도,수원시,2021,10,2784107.374
경기도,수원시,2021,11,2745936.237
경기도,수원시,2021,12,2903392.181
경기도,시흥시,2010,1,873089.8919
경기도,시흥시,2010,2,919260.3312
경기도,시흥시,2010,3,943328.0792
경기도,시흥시,2010,4,942958.5813
경기도,시흥시,2010,5,936139.666
경기도,시흥시,2010,6,981403.1559
경기도,시흥시,2010,7,991346.0078
경기도,시흥시,2010,8,973542.9283
경기도,시흥시,2010,9,973089.4536
경기도,시흥시,2010,10,939179.6258
경기도,시흥시,2010,11,952212.8236
경기도,시흥시,2010,12,984661.4553
경기도,시흥시,2011,1,980409.7308
경기도,시흥시,2011,2,960950.8906
경기도,시흥시,2011,3,973336.7795
경기도,시흥시,2011,4,960375.1852
경기도,시흥시,2011,5,980327.4871
경기도,시흥시,2011,6,988370.9131
경기도,시흥시,2011,7,991167.1961
경기도,시흥시,2011,8,1009491.074
경기도,시흥시,2011,9,1014557.281
경기도,시흥시,2011,10,1019722.181
경기도,시흥시,2011,11,973879.5874
경기도,시흥시,2011,12,985393.6941
경기도,시흥시,2012,1,985831.8619
경기도,시흥시,2012,2,1048913.686
경기도,시흥시,2012,3,1000316.457
경기도,시흥시,2012,4,1008346.863
경기도,시흥시,2012,5,1004962.147
경기도,시흥시,2012,6,979991.5667
경기도,시흥시,2012,7,1002606.119
경기도,시흥시,2012,8,1003667.99
경기도,시흥시,2012,9,1003054.096
경기도,시흥시,2012,10,1041513.767
경기도,시흥시,2012,11,1077119.657
경기도,시흥시,2012,12,1078861.79
경기도,시흥시,2013,1,1033379.443
경기도,시흥시,2013,2,1029017.311
경기도,시흥시,2013,3,1022696.996
경기도,시흥시,2013,4,1038394.302
경기도,시흥시,2013,5,1033092.879
경기도,시흥시,2013,6,1021932.827
경기도,시흥시,2013,7,1048535.462
경기도,시흥시,2013,8,1098381.573
경기도,시흥시,2013,9,1054489.613
경기도,시흥시,2013,10,1071556.055
경기도,시흥시,2013,11,1078481.337
경기도,시흥시,2013,12,1138150.204
경기도,시흥시,2014,1,1095884.207
경기도,시흥시,2014,2,1104306.355
경기도,시흥시,2014,3,1129333.535
경기도,시흥시,2014,4,1145587.643
경기도,시흥시,2014,5,1095246.165
경기도,시흥시,2014,6,1128504.081
경기도,시흥시,2014,7,1142062.463
경기도,시흥시,2014,8,1097335.751
경기도,시흥시,2014,9,1071766.236
경기도,시흥시,2014,10,1038954.95
경기도,시흥시,2014,11,1089120.966
경기도,시흥시,2014,12,1125712.649
경기도,시흥시,2015,1,1100247.546
경기도,시흥시,2015,2,1149228.752
경기도,시흥시,2015,3,1135571.148
경기도,시흥시,2015,4,1146885.614
경기도,시흥시,2015,5,1133099.619
경기도,시흥시,2015,6,1144526.427
경기도,시흥시,2015,7,1125203.567
경기도,시흥시,2015,8,1165004.808
경기도,시흥시,2015,9,1237995.149
경기도,시흥시,2015,10,1206539.33
경기도,시흥시,2015,11,1195626.086
경기도,시흥시,2015,12,1175885.954
경기도,시흥시,2016,1,1150850.672
경기도,시흥시,2016,2,1157865.731
경기도,시흥시,2016,3,1165023.631
경기도,시흥시,2016,4,1183196.127
경기도,시흥시,2016,5,1226365.724
경기도,시흥시,2016,6,1249093.248
경기도,시흥시,2016,7,1233841.048
경기도,시흥시,2016,8,1255124.294
경기도,시흥시,2016,9,1238999.18
경기도,시흥시,2016,10,1181735.979
경기도,시흥시,2016,11,1237935.811
경기도,시흥시,2016,12,1247823.554
경기도,시흥시,2017,1,1267460.39
경기도,시흥시,2017,2,1244042.458
경기도,시흥시,2017,3,1247059.588
경기도,시흥시,2017,4,1224767.218
경기도,시흥시,2017,5,1261723.153
경기도,시흥시,2017,6,1198926.202
경기도,시흥시,2017,7,1221437.432
경기도,시흥시,2017,8,1321237.217
경기도,시흥시,2017,9,1306089.035
경기도,시흥시,2017,10,1326677.43
경기도,시흥시,2017,11,1316125.291
경기도,시흥시,2017,12,1321221.584
경기도,시흥시,2018,1,1262731.123
경기도,시흥시,2018,2,1290474.469
경기도,시흥시,2018,3,1250407.236
경기도,시흥시,2018,4,1304404.55
경기도,시흥시,2018,5,1277902.353
경기도,시흥시,2018,6,1306594.814
경기도,시흥시,2018,7,1360475.314
경기도,시흥시,2018,8,1289247.921
경기도,시흥시,2018,9,1291335.973
경기도,시흥시,2018,10,1291701.017
경기도,시흥시,2018,11,1242916.532
경기도,시흥시,2018,12,1202834.697
경기도,시흥시,2019,1,1180856.83
경기도,시흥시,2019,2,1154634.784
경기도,시흥시,2019,3,1151775.465
경기도,시흥시,2019,4,1231362.164
경기도,시흥시,2019,5,1299595.274
경기도,시흥시,2019,6,1249062.044
경기도,시흥시,2019,7,1292161.045
경기도,시흥시,2019,8,1250038.397
경기도,시흥시,2019,9,1305523.13
경기도,시흥시,2019,10,1344633.033
경기도,시흥시,2019,11,1387927.304
경기도,시흥시,2019,12,1411959.53
경기도,시흥시,2020,1,1261422.376
경기도,시흥시,2020,2,1266624.118
경기도,시흥시,2020,3,1271825.86
경기도,시흥시,2020,4,1262722.812
경기도,시흥시,2020,5,1236714.103
경기도,시흥시,2020,6,1278328.037
경기도,시흥시,2020,7,1258821.505
경기도,시흥시,2020,8,1296534.133
경기도,시흥시,2020,9,1355053.728
경기도,시흥시,2020,10,1342049.374
경기도,시흥시,2020,11,1357654.599
경기도,시흥시,2020,12,1392766.356
경기도,시흥시,2021,1,1271025.078
경기도,시흥시,2021,2,1317582.773
경기도,시흥시,2021,3,1305943.35
경기도,시흥시,2021,4,1282664.502
경기도,시흥시,2021,5,1298959.695
경기도,시흥시,2021,6,1294303.926
경기도,시흥시,2021,7,1332714.024
경기도,시흥시,2021,8,1376943.835
경기도,시흥시,2021,9,1343189.506
경기도,시흥시,2021,10,1358320.757
경기도,시흥시,2021,11,1339697.679
경기도,시흥시,2021,12,1416517.876
경기도,안산시,2010,1,1489518.851
경기도,안산시,2010,2,1568287.074
경기도,안산시,2010,3,1609347.41
경기도,안산시,2010,4,1608717.035
경기도,안산시,2010,5,1597083.751
경기도,안산시,2010,6,1674304.69
경기도,안산시,2010,7,1691267.509
경기도,안산시,2010,8,1660894.894
경기도,안산시,2010,9,1660121.252
경기도,안산시,2010,10,1602270.018
경기도,안산시,2010,11,1624505.064
경기도,안산시,2010,12,1679863.452
경기도,안산시,2011,1,1750372.097
경기도,안산시,2011,2,1715631.305
경기도,안산시,2011,3,1737744.421
경기도,안산시,2011,4,1714603.471
경기도,안산시,2011,5,1750225.264
경기도,안산시,2011,6,1764585.575
경기도,안산시,2011,7,1769577.912
경기도,안산시,2011,8,1802292.403
경기도,안산시,2011,9,1811337.343
경기도,안산시,2011,10,1820558.483
경기도,안산시,2011,11,1738713.522
경기도,안산시,2011,12,1759270.204
경기도,안산시,2012,1,1750111.795
경기도,안산시,2012,2,1862098.685
경기도,안산시,2012,3,1775825.776
경기도,안산시,2012,4,1790081.866
경기도,안산시,2012,5,1784073.101
경기도,안산시,2012,6,1739743.73
경기도,안산시,2012,7,1779890.529
경기도,안산시,2012,8,1781775.632
경기도,안산시,2012,9,1780685.807
경기도,안산시,2012,10,1848961.875
경기도,안산시,2012,11,1912171.729
경기도,안산시,2012,12,1915264.476
경기도,안산시,2013,1,1905025.205
경기도,안산시,2013,2,1896983.657
경기도,안산시,2013,3,1885332.217
경기도,안산시,2013,4,1914270.051
경기도,안산시,2013,5,1904496.929
경기도,안산시,2013,6,1883923.478
경기도,안산시,2013,7,1932965.184
경기도,안산시,2013,8,2024856.016
경기도,안산시,2013,9,1943941.604
경기도,안산시,2013,10,1975403.428
경기도,안산시,2013,11,1988170.12
경기도,안산시,2013,12,2098169.111
경기도,안산시,2014,1,1946963.271
경기도,안산시,2014,2,1961926.179
경기도,안산시,2014,3,2006389.817
경기도,안산시,2014,4,2035267.095
경기도,안산시,2014,5,1945829.718
경기도,안산시,2014,6,2004916.198
경기도,안산시,2014,7,2029004.211
경기도,안산시,2014,8,1949542.106
경기도,안산시,2014,9,1904114.947
경기도,안산시,2014,10,1845821.954
경기도,안산시,2014,11,1934947.604
경기도,안산시,2014,12,1999956.901
경기도,안산시,2015,1,1874489.585
경기도,안산시,2015,2,1957938.768
경기도,안산시,2015,3,1934670.336
경기도,안산시,2015,4,1953946.769
경기도,안산시,2015,5,1930459.598
경기도,안산시,2015,6,1949927.428
경기도,안산시,2015,7,1917007.108
경기도,안산시,2015,8,1984816.405
경기도,안산시,2015,9,2109169.906
경기도,안산시,2015,10,2055578.688
경기도,안산시,2015,11,2036985.816
경기도,안산시,2015,12,2003354.592
경기도,안산시,2016,1,1888362.086
경기도,안산시,2016,2,1899872.678
경기도,안산시,2016,3,1911617.648
경기도,안산시,2016,4,1941435.811
경기도,안산시,2016,5,2012270.222
경기도,안산시,2016,6,2049562.457
경기도,안산시,2016,7,2024536.034
경기도,안산시,2016,8,2059458.441
경기도,안산시,2016,9,2032999.705
경기도,안산시,2016,10,1939039.941
경기도,안산시,2016,11,2031254.886
경기도,안산시,2016,12,2047479.092
경기도,안산시,2017,1,2081409.1
경기도,안산시,2017,2,2042952.438
경기도,안산시,2017,3,2047907.134
경기도,안산시,2017,4,2011298.856
경기도,안산시,2017,5,2071987.475
경기도,안산시,2017,6,1968863.033
경기도,안산시,2017,7,2005830.719
경기도,안산시,2017,8,2169720.795
경기도,안산시,2017,9,2144844.623
경기도,안산시,2017,10,2178654.653
경기도,안산시,2017,11,2161326.05
경기도,안산시,2017,12,2169695.123
경기도,안산시,2018,1,2030138.132
경기도,안산시,2018,2,2074742.106
경기도,안산시,2018,3,2010324.577
경기도,안산시,2018,4,2097137.996
경기도,안산시,2018,5,2054529.463
경기도,안산시,2018,6,2100659.362
경기도,안산시,2018,7,2187284.974
경기도,안산시,2018,8,2072770.14
경기도,안산시,2018,9,2076127.176
경기도,안산시,2018,10,2076714.071
경기도,안산시,2018,11,1998281.504
경기도,안산시,2018,12,1933840.5
경기도,안산시,2019,1,1921417.601
경기도,안산시,2019,2,1878750.701
경기도,안산시,2019,3,1874098.193
경기도,안산시,2019,4,2003596.773
경기도,안산시,2019,5,2114621.494
경기도,안산시,2019,6,2032396.931
경기도,안산시,2019,7,2102524.974
경기도,안산시,2019,8,2033985.592
경기도,안산시,2019,9,2124266.937
경기도,안산시,2019,10,2187904.164
경기도,안산시,2019,11,2258349.94
경기도,안산시,2019,12,2297453.7
경기도,안산시,2020,1,1893832.987
경기도,안산시,2020,2,1901642.608
경기도,안산시,2020,3,1909452.228
경기도,안산시,2020,4,1895785.392
경기도,안산시,2020,5,1856737.29
경기도,안산시,2020,6,1919214.254
경기도,안산시,2020,7,1889928.177
경기도,안산시,2020,8,1946547.926
경기도,안산시,2020,9,2034406.157
경기도,안산시,2020,10,2014882.106
경기도,안산시,2020,11,2038310.968
경기도,안산시,2020,12,2091025.907
경기도,안산시,2021,1,1918162.636
경기도,안산시,2021,2,1988425.004
경기도,안산시,2021,3,1970859.412
경기도,안산시,2021,4,1935728.228
경기도,안산시,2021,5,1960320.057
경기도,안산시,2021,6,1953293.82
경기도,안산시,2021,7,2011260.273
경기도,안산시,2021,8,2078009.523
경기도,안산시,2021,9,2027069.306
경기도,안산시,2021,10,2049904.576
경기도,안산시,2021,11,2021799.629
경기도,안산시,2021,12,2137732.535
경기도,안성시,2010,1,473689.6778
경기도,안성시,2010,2,498739.1723
경기도,안성시,2010,3,511796.9845
경기도,안성시,2010,4,511596.5157
경기도,안성시,2010,5,507896.9541
경기도,안성시,2010,6,532454.3887
경기도,안성시,2010,7,537848.8233
경기도,안성시,2010,8,528189.8694
경기도,안성시,2010,9,527943.8395
경기도,안성시,2010,10,509546.266
경기도,안성시,2010,11,516617.3492
경기도,안성시,2010,12,534222.1595
경기도,안성시,2011,1,559794.5168
경기도,안성시,2011,2,548683.9049
경기도,안성시,2011,3,555756.0019
경기도,안성시,2011,4,548355.1886
경기도,안성시,2011,5,559747.5573
경기도,안성시,2011,6,564340.1941
경기도,안성시,2011,7,565936.8162
경기도,안성시,2011,8,576399.3874
경기도,안성시,2011,9,579292.0911
경기도,안성시,2011,10,582241.1462
경기도,안성시,2011,11,556065.9345
경기도,안성시,2011,12,562640.261
경기도,안성시,2012,1,542099.5313
경기도,안성시,2012,2,576787.6243
경기도,안성시,2012,3,550064.4722
경기도,안성시,2012,4,554480.3157
경기도,안성시,2012,5,552619.0924
경기도,안성시,2012,6,538888.0088
경기도,안성시,2012,7,551323.535
경기도,안성시,2012,8,551907.4482
경기도,안성시,2012,9,551569.8734
경기도,안성시,2012,10,572718.4792
경기도,안성시,2012,11,592297.8184
경기도,안성시,2012,12,593255.801
경기도,안성시,2013,1,586079.3193
경기도,안성시,2013,2,583605.3441
경기도,안성시,2013,3,580020.7887
경기도,안성시,2013,4,588923.488
경기도,안성시,2013,5,585916.7954
경기도,안성시,2013,6,579587.3916
경기도,안성시,2013,7,594675.029
경기도,안성시,2013,8,622945.1622
경기도,안성시,2013,9,598051.9149
경기도,안성시,2013,10,607731.1173
경기도,안성시,2013,11,611658.7788
경기도,안성시,2013,12,645499.8709
경기도,안성시,2014,1,611851.6584
경기도,안성시,2014,2,616553.8938
경기도,안성시,2014,3,630527.0136
경기도,안성시,2014,4,639601.9716
경기도,안성시,2014,5,611495.4285
경기도,안성시,2014,6,630063.9147
경기도,안성시,2014,7,637633.8011
경기도,안성시,2014,8,612662.0815
경기도,안성시,2014,9,598386.1663
경기도,안성시,2014,10,580067.041
경기도,안성시,2014,11,608075.6209
경기도,안성시,2014,12,628505.4086
경기도,안성시,2015,1,614672.8609
경기도,안성시,2015,2,642037.0824
경기도,안성시,2015,3,634407.0193
경기도,안성시,2015,4,640728.0469
경기도,안성시,2015,5,633026.2558
경기도,안성시,2015,6,639410.0454
경기도,안성시,2015,7,628614.9855
경기도,안성시,2015,8,650850.657
경기도,안성시,2015,9,691628.0094
경기도,안성시,2015,10,674054.6561
경기도,안성시,2015,11,667957.7785
경기도,안성시,2015,12,656929.6027
경기도,안성시,2016,1,622767.8902
경기도,안성시,2016,2,626563.9985
경기도,안성시,2016,3,630437.4032
경기도,안성시,2016,4,640271.2132
경기도,안성시,2016,5,663631.8799
경기도,안성시,2016,6,675930.5838
경기도,안성시,2016,7,667677.0541
경기도,안성시,2016,8,679194.2064
경기도,안성시,2016,9,670468.3103
경기도,안성시,2016,10,639481.073
경기도,안성시,2016,11,669892.8821
경기도,안성시,2016,12,675243.5054
경기도,안성시,2017,1,704855.3981
경기도,안성시,2017,2,691832.3042
경기도,안성시,2017,3,693510.1794
경기도,안성시,2017,4,681113.0286
경기도,안성시,2017,5,701664.827
경기도,안성시,2017,6,666742.4183
경기도,안성시,2017,7,679261.2803
경기도,안성시,2017,8,734761.5684
경기도,안성시,2017,9,726337.4175
경기도,안성시,2017,10,737786.96
경기도,안성시,2017,11,731918.7435
경기도,안성시,2017,12,734752.8747
경기도,안성시,2018,1,730450.7244
경기도,안성시,2018,2,746499.3886
경기도,안성시,2018,3,723321.7389
경기도,안성시,2018,4,754557.5073
경기도,안성시,2018,5,739226.8097
경기도,안성시,2018,6,755824.5071
경기도,안성시,2018,7,786992.7022
경기도,안성시,2018,8,745789.8687
경기도,안성시,2018,9,746997.7418
경기도,안성시,2018,10,747208.9085
경기도,안성시,2018,11,718988.5996
경기도,안성시,2018,12,695802.5033
경기도,안성시,2019,1,688609.5148
경기도,안성시,2019,2,673318.2874
경기도,안성시,2019,3,671650.893
경기도,안성시,2019,4,718061.3946
경기도,안성시,2019,5,757851.1202
경기도,안성시,2019,6,728382.9731
경기도,안성시,2019,7,753515.8946
경기도,안성시,2019,8,728952.3273
경기도,안성시,2019,9,761307.9136
경기도,안성시,2019,10,784114.6165
경기도,안성시,2019,11,809361.4089
경기도,안성시,2019,12,823375.656
경기도,안성시,2020,1,732603.9763
경기도,안성시,2020,2,735625.0236
경기도,안성시,2020,3,738646.0709
경기도,안성시,2020,4,733359.2381
경기도,안성시,2020,5,718254.0015
경기도,안성시,2020,6,742422.3801
경기도,안성시,2020,7,731093.4526
경기도,안성시,2020,8,752996.0457
경기도,안성시,2020,9,786982.8281
경기도,안성시,2020,10,779430.2098
경기도,안성시,2020,11,788493.3518
경기도,안성시,2020,12,808885.4213
경기도,안성시,2021,1,750407.9176
경기도,안성시,2021,2,777895.3871
경기도,안성시,2021,3,771023.5198
경기도,안성시,2021,4,757279.785
경기도,안성시,2021,5,766900.3993
경기도,안성시,2021,6,764151.6524
경기도,안성시,2021,7,786828.8147
경기도,안성시,2021,8,812941.9108
경기도,안성시,2021,9,793013.4954
경기도,안성시,2021,10,801946.923
경기도,안성시,2021,11,790951.9351
경기도,안성시,2021,12,836306.2598
경기도,안양시,2010,1,1033563.281
경기도,안양시,2010,2,1088219.819
경기도,안양시,2010,3,1116711.204
경기도,안양시,2010,4,1116273.793
경기도,안양시,2010,5,1108201.565
경기도,안양시,2010,6,1161784.457
경기도,안양시,2010,7,1173554.799
경기도,안양시,2010,8,1152479.524
경기도,안양시,2010,9,1151942.701
경기도,안양시,2010,10,1111800.268
경기도,안양시,2010,11,1127228.959
경기도,안양시,2010,12,1165641.63
경기도,안양시,2011,1,1135028.813
경기도,안양시,2011,2,1112501.145
경기도,안양시,2011,3,1126840.396
경기도,안양시,2011,4,1111834.646
경기도,안양시,2011,5,1134933.598
경기도,안양시,2011,6,1144245.542
경기도,안양시,2011,7,1147482.823
경기도,안양시,2011,8,1168696.535
경기도,안양시,2011,9,1174561.727
경기도,안양시,2011,10,1180541.175
경기도,안양시,2011,11,1127468.809
경기도,안양시,2011,12,1140798.79
경기도,안양시,2012,1,1142967.929
경기도,안양시,2012,2,1216104.642
경기도,안양시,2012,3,1159761.288
경기도,안양시,2012,4,1169071.696
경기도,안양시,2012,5,1165147.474
경기도,안양시,2012,6,1136196.724
경기도,안양시,2012,7,1162415.909
경기도,안양시,2012,8,1163647.037
경기도,안양시,2012,9,1162935.291
경기도,안양시,2012,10,1207525.217
경기도,안양시,2012,11,1248806.487
경기도,안양시,2012,12,1250826.306
경기도,안양시,2013,1,1250117.594
경기도,안양시,2013,2,1244840.561
경기도,안양시,2013,3,1237194.641
경기도,안양시,2013,4,1256184.256
경기도,안양시,2013,5,1249770.928
경기도,안양시,2013,6,1236270.197
경기도,안양시,2013,7,1268452.395
경기도,안양시,2013,8,1328753.091
경기도,안양시,2013,9,1275655.353
경기도,안양시,2013,10,1296301.264
경기도,안양시,2013,11,1304679.035
경기도,안양시,2013,12,1376862.685
경기도,안양시,2014,1,1262066.739
경기도,안양시,2014,2,1271766.043
경기도,안양시,2014,3,1300588.404
경기도,안양시,2014,4,1319307.325
경기도,안양시,2014,5,1261331.944
경기도,안양시,2014,6,1299633.17
경기도,안양시,2014,7,1315247.579
경기도,안양시,2014,8,1263738.4
경기도,안양시,2014,9,1234291.461
경기도,안양시,2014,10,1196504.592
경기도,안양시,2014,11,1254277.905
경기도,안양시,2014,12,1296418.439
경기도,안양시,2015,1,1227479.403
경기도,안양시,2015,2,1282124.761
경기도,안양시,2015,3,1266887.802
경기도,안양시,2015,4,1279510.664
경기도,안양시,2015,5,1264130.467
경기도,안양시,2015,6,1276878.663
경기도,안양시,2015,7,1255321.32
경기도,안양시,2015,8,1299725.149
경기도,안양시,2015,9,1381156.043
경기도,안양시,2015,10,1346062.694
경기도,안양시,2015,11,1333887.45
경기도,안양시,2015,12,1311864.583
경기도,안양시,2016,1,1264501.003
경기도,안양시,2016,2,1272208.823
경기도,안양시,2016,3,1280073.59
경기도,안양시,2016,4,1300040.68
경기도,안양시,2016,5,1347473.418
경기도,안양시,2016,6,1372445.36
경기도,안양시,2016,7,1355686.955
경기도,안양시,2016,8,1379071.993
경기도,안양시,2016,9,1361354.47
경기도,안양시,2016,10,1298436.337
경기도,안양시,2016,11,1360186.09
경기도,안양시,2016,12,1371050.28
경기도,안양시,2017,1,1372478.942
경기도,안양시,2017,2,1347120.66
경기도,안양시,2017,3,1350387.782
경기도,안양시,2017,4,1326248.322
경기도,안양시,2017,5,1366266.332
경기도,안양시,2017,6,1298266.185
경기도,안양시,2017,7,1322642.638
경기도,안양시,2017,8,1430711.58
경기도,안양시,2017,9,1414308.258
경기도,안양시,2017,10,1436602.556
경기도,안양시,2017,11,1425176.094
경기도,안양시,2017,12,1430694.652
경기도,안양시,2018,1,1416517.153
경기도,안양시,2018,2,1447639.319
경기도,안양시,2018,3,1402692.36
경기도,안양시,2018,4,1463265.921
경기도,안양시,2018,5,1433536.064
경기도,안양시,2018,6,1465722.934
경기도,안양시,2018,7,1526165.455
경기도,안양시,2018,8,1446263.391
경기도,안양시,2018,9,1448605.744
경기도,안양시,2018,10,1449015.246
경기도,안양시,2018,11,1394289.376
경기도,안양시,2018,12,1349326.037
경기도,안양시,2019,1,1409303.962
경기도,안양시,2019,2,1378009.031
경기도,안양시,2019,3,1374596.552
경기도,안양시,2019,4,1469579.996
경기도,안양시,2019,5,1551013.402
경기도,안양시,2019,6,1490704.075
경기도,안양시,2019,7,1542140.956
경기도,안양시,2019,8,1491869.312
경기도,안양시,2019,9,1558088.054
경기도,안양시,2019,10,1604764.111
경기도,안양시,2019,11,1656434.039
경기도,안양시,2019,12,1685115.511
경기도,안양시,2020,1,1367078.62
경기도,안양시,2020,2,1372716.058
경기도,안양시,2020,3,1378353.496
경기도,안양시,2020,4,1368487.98
경기도,안양시,2020,5,1340300.792
경기도,안양시,2020,6,1385400.293
경기도,안양시,2020,7,1364259.902
경기도,안양시,2020,8,1405131.324
경기도,안양시,2020,9,1468552.497
경기도,안양시,2020,10,1454458.903
경기도,안양시,2020,11,1471371.216
경기도,안양시,2020,12,1509423.92
경기도,안양시,2021,1,1372495.588
경기도,안양시,2021,2,1422770.151
경기도,안양시,2021,3,1410201.51
경기도,안양시,2021,4,1385064.228
경기도,안양시,2021,5,1402660.326
경기도,안양시,2021,6,1397632.869
경기도,안양시,2021,7,1439109.384
경기도,안양시,2021,8,1486870.22
경기도,안양시,2021,9,1450421.161
경기도,안양시,2021,10,1466760.394
경기도,안양시,2021,11,1446650.569
경기도,안양시,2021,12,1529603.599
경기도,양주시,2010,1,363574.0455
경기도,양주시,2010,2,382800.443
경기도,양주시,2010,3,392822.7885
경기도,양주시,2010,4,392668.9214
경기도,양주시,2010,5,389829.3734
경기도,양주시,2010,6,408678.0971
경기도,양주시,2010,7,412818.5217
경기도,양주시,2010,8,405404.9235
경기도,양주시,2010,9,405216.0866
경기도,양주시,2010,10,391095.2802
경기도,양주시,2010,11,396522.5936
경기도,양주시,2010,12,410034.9254
경기도,양주시,2011,1,395975.9842
경기도,양주시,2011,2,388116.787
경기도,양주시,2011,3,393119.3022
경기도,양주시,2011,4,387884.2664
경기도,양주시,2011,5,395942.767
경기도,양주시,2011,6,399191.4123
경기도,양주시,2011,7,400320.7982
경기도,양주시,2011,8,407721.5976
경기도,양주시,2011,9,409767.7791
경기도,양주시,2011,10,411853.8213
경기도,양주시,2011,11,393338.536
경기도,양주시,2011,12,397988.9485
경기도,양주시,2012,1,404736.7668
경기도,양주시,2012,2,430635.2333
경기도,양주시,2012,3,410683.4689
경기도,양주시,2012,4,413980.3804
경기도,양주시,2012,5,412590.7731
경기도,양주시,2012,6,402339.0129
경기도,양주시,2012,7,411623.4974
경기도,양주시,2012,8,412059.4526
경기도,양주시,2012,9,411807.416
경기도,양주시,2012,10,427597.1702
경기도,양주시,2012,11,442215.2947
경기도,양주시,2012,12,442930.5337
경기도,양주시,2013,1,435237.5522
경기도,양주시,2013,2,433400.3147
경기도,양주시,2013,3,430738.3318
경기도,양주시,2013,4,437349.7049
경기도,양주시,2013,5,435116.8578
경기도,양주시,2013,6,430416.48
경기도,양주시,2013,7,441620.9469
경기도,양주시,2013,8,462615.0738
경기도,양주시,2013,9,444128.7091
경기도,양주시,2013,10,451316.7334
경기도,양주시,2013,11,454233.5157
경기도,양주시,2013,12,479364.7796
경기도,양주시,2014,1,457244.4815
경기도,양주시,2014,2,460758.5214
경기도,양주시,2014,3,471200.8106
경기도,양주시,2014,4,477982.6414
경기도,양주시,2014,5,456978.2663
경기도,양주시,2014,6,470854.7309
경기도,양주시,2014,7,476511.8027
경기도,양주시,2014,8,457850.1209
경기도,양주시,2014,9,447181.5489
경기도,양주시,2014,10,433491.4349
경기도,양주시,2014,11,454422.6009
경기도,양주시,2014,12,469690.0396
경기도,양주시,2015,1,438684.9807
경기도,양주시,2015,2,458214.5122
경기도,양주시,2015,3,452769.0235
경기도,양주시,2015,4,457280.2685
경기도,양주시,2015,5,451783.5884
경기도,양주시,2015,6,456339.6259
경기도,양주시,2015,7,448635.3153
경기도,양주시,2015,8,464504.6594
경기도,양주시,2015,9,493606.9888
경기도,양주시,2015,10,481065.0878
경기도,양주시,2015,11,476713.8161
경기도,양주시,2015,12,468843.1333
경기도,양주시,2016,1,456225.6672
경기도,양주시,2016,2,459006.6102
경기도,양주시,2016,3,461844.1789
경기도,양주시,2016,4,469048.2056
경기도,양주시,2016,5,486161.7015
경기도,양주시,2016,6,495171.4538
경기도,양주시,2016,7,489125.1047
경기도,양주시,2016,8,497562.3098
경기도,양주시,2016,9,491169.9158
경기도,양주시,2016,10,468469.3668
경기도,양주시,2016,11,490748.3701
경기도,양주시,2016,12,494668.1157
경기도,양주시,2017,1,497519.903
경기도,양주시,2017,2,488327.5943
경기도,양주시,2017,3,489511.9171
경기도,양주시,2017,4,480761.4283
경기도,양주시,2017,5,495267.8488
경기도,양주시,2017,6,470617.9795
경기도,양주시,2017,7,479454.3777
경기도,양주시,2017,8,518629.0766
경기도,양주시,2017,9,512682.917
경기도,양주시,2017,10,520764.5395
경기도,양주시,2017,11,516622.4779
경기도,양주시,2017,12,518622.9402
경기도,양주시,2018,1,512078.6239
경기도,양주시,2018,2,523329.4552
경기도,양주시,2018,3,507080.8862
경기도,양주시,2018,4,528978.5568
경기도,양주시,2018,5,518231.0522
경기도,양주시,2018,6,529866.7803
경기도,양주시,2018,7,551717.0789
경기도,양주시,2018,8,522832.05
경기도,양주시,2018,9,523678.8231
경기도,양주시,2018,10,523826.8603
경기도,양주시,2018,11,504043.1618
경기도,양주시,2018,12,487788.6714
경기도,양주시,2019,1,486068.1322
경기도,양주시,2019,2,475274.5283
경기도,양주시,2019,3,474097.5662
경기도,양주시,2019,4,506857.3021
경기도,양주시,2019,5,534943.6372
경기도,양주시,2019,6,514142.9847
경기도,양주시,2019,7,531883.5357
경기도,양주시,2019,8,514544.8742
경기도,양주시,2019,9,537383.6806
경기도,양주시,2019,10,553482.2259
경기도,양주시,2019,11,571303.1548
경기도,양주시,2019,12,581195.3779
경기도,양주시,2020,1,504682.9605
경기도,양주시,2020,2,506764.1274
경기도,양주시,2020,3,508845.2942
경기도,양주시,2020,4,505203.2522
경기도,양주시,2020,5,494797.418
경기도,양주시,2020,6,511446.7528
경기도,양주시,2020,7,503642.3771
경기도,양주시,2020,8,518730.8367
경기도,양주시,2020,9,542143.9638
경기도,양주시,2020,10,536941.0467
경기도,양주시,2020,11,543184.5472
경기도,양주시,2020,12,557232.4234
경기도,양주시,2021,1,546321.8661
경기도,양주시,2021,2,566333.656
경기도,양주시,2021,3,561330.7085
경기도,양주시,2021,4,551324.8136
경기도,양주시,2021,5,558328.94
경기도,양주시,2021,6,556327.761
경기도,양주시,2021,7,572837.4878
경기도,양주시,2021,8,591848.6882
경기도,양주시,2021,9,577340.1405
경기도,양주시,2021,10,583843.9722
경기도,양주시,2021,11,575839.2563
경기도,양주시,2021,12,608858.7097
경기도,양평군,2010,1,120126.8261
경기도,양평군,2010,2,126479.3315
경기도,양평군,2010,3,129790.7686
경기도,양평군,2010,4,129739.93
경기도,양평군,2010,5,128801.728
경기도,양평군,2010,6,135029.448
경기도,양평군,2010,7,136397.4667
경기도,양평군,2010,8,133947.9738
경기도,양평군,2010,9,133885.5811
경기도,양평군,2010,10,129219.9905
경기도,양평군,2010,11,131013.2041
경기도,양평군,2010,12,135477.7515
경기도,양평군,2011,1,125070.4251
경기도,양평군,2011,2,122588.0697
경기도,양평군,2011,3,124168.132
경기도,양평군,2011,4,122514.6272
경기도,양평군,2011,5,125059.9334
경기도,양평군,2011,6,126086.0296
경기도,양평군,2011,7,126442.7501
경기도,양평군,2011,8,128780.319
경기도,양평군,2011,9,129426.6127
경기도,양평군,2011,10,130085.4965
경기도,양평군,2011,11,124237.3777
경기도,양평군,2011,12,125706.2271
경기도,양평군,2012,1,118992.4075
경기도,양평군,2012,2,126606.5438
경기도,양평군,2012,3,120740.735
경기도,양평군,2012,4,121710.0253
경기도,양평군,2012,5,121301.4815
경기도,양평군,2012,6,118287.4691
경기도,양평군,2012,7,121017.1029
경기도,양평군,2012,8,121145.2735
경기도,양평군,2012,9,121071.1749
경기도,양평군,2012,10,125713.3547
경기도,양평군,2012,11,130011.076
경기도,양평군,2012,12,130221.3559
경기도,양평군,2013,1,127857.4278
경기도,양평군,2013,2,127317.7123
경기도,양평군,2013,3,126535.7157
경기도,양평군,2013,4,128477.9037
경기도,양평군,2013,5,127821.9721
경기도,양평군,2013,6,126441.167
경기도,양평군,2013,7,129732.6439
경기도,양평군,2013,8,135899.9772
경기도,양평군,2013,9,130469.3359
경기도,양평군,2013,10,132580.9236
경기도,양평군,2013,11,133437.7713
경기도,양평군,2013,12,140820.4495
경기도,양평군,2014,1,130177.8885
경기도,양평군,2014,2,131178.3386
경기도,양평군,2014,3,134151.2671
경기도,양평군,2014,4,136082.0601
경기도,양평군,2014,5,130102.0968
경기도,양평군,2014,6,134052.7379
경기도,양평군,2014,7,135663.3111
경기도,양평군,2014,8,130350.3145
경기도,양평군,2014,9,127312.9631
경기도,양평군,2014,10,123415.3762
경기도,양평군,2014,11,129374.4967
경기도,양평군,2014,12,133721.1494
경기도,양평군,2015,1,126952.9962
경기도,양평군,2015,2,132604.7341
경기도,양평군,2015,3,131028.84
경기도,양평군,2015,4,132334.3692
경기도,양평군,2015,5,130743.6605
경기도,양평군,2015,6,132062.1525
경기도,양평군,2015,7,129832.5678
경기도,양평군,2015,8,134425.0678
경기도,양평군,2015,9,142847.1202
경기도,양평군,2015,10,139217.5638
경기도,양평군,2015,11,137958.3299
경기도,양평군,2015,12,135680.598
경기도,양평군,2016,1,137238.4904
경기도,양평군,2016,2,138075.0335
경기도,양평군,2016,3,138928.6102
경기도,양평군,2016,4,141095.6732
경기도,양평군,2016,5,146243.6307
경기도,양평군,2016,6,148953.8789
경기도,양평군,2016,7,147135.0601
경기도,양평군,2016,8,149673.0789
경기도,양평군,2016,9,147750.1654
경기도,양평군,2016,10,140921.5511
경기도,양평군,2016,11,147623.359
경기도,양평군,2016,12,148802.4684
경기도,양평군,2017,1,145028.0283
경기도,양평군,2017,2,142348.4523
경기도,양평군,2017,3,142693.6847
경기도,양평군,2017,4,140142.9
경기도,양평군,2017,5,144371.5501
경기도,양평군,2017,6,137186.0648
경기도,양평군,2017,7,139761.8922
경기도,양평군,2017,8,151181.3939
경기도,양평군,2017,9,149448.0767
경기도,양평군,2017,10,151803.8855
경기도,양평군,2017,11,150596.4664
경기도,양평군,2017,12,151179.6051
경기도,양평군,2018,1,151769.6569
경기도,양평군,2018,2,155104.1737
경기도,양평군,2018,3,150288.4294
경기도,양평군,2018,4,156778.4522
경기도,양평군,2018,5,153593.1111
경기도,양평군,2018,6,157041.7035
경기도,양평군,2018,7,163517.6862
경기도,양평군,2018,8,154956.753
경기도,양평군,2018,9,155207.7192
경기도,양평군,2018,10,155251.5945
경기도,양평군,2018,11,149388.1098
경기도,양평군,2018,12,144570.6105
경기도,양평군,2019,1,146233.5124
경기도,양평군,2019,2,142986.2586
경기도,양평군,2019,3,142632.1697
경기도,양평군,2019,4,152487.9305
경기도,양평군,2019,5,160937.6995
경기도,양평군,2019,6,154679.8269
경기도,양평군,2019,7,160017.0685
경기도,양평군,2019,8,154800.7353
경기도,양평군,2019,9,161671.7862
경기도,양평군,2019,10,166515.0307
경기도,양평군,2019,11,171876.454
경기도,양평군,2019,12,174852.5276
경기도,양평군,2020,1,154794.7876
경기도,양평군,2020,2,155433.1166
경기도,양평군,2020,3,156071.4456
경기도,양평군,2020,4,154954.3698
경기도,양평군,2020,5,151762.7247
경기도,양평군,2020,6,156869.3569
경기도,양평군,2020,7,154475.6231
경기도,양평군,2020,8,159103.5085
경기도,양평군,2020,9,166284.71
경기도,양평군,2020,10,164688.8874
경기도,양평군,2020,11,166603.8745
경기도,양평군,2020,12,170912.5954
경기도,양평군,2021,1,175821.8091
경기도,양평군,2021,2,182262.1684
경기도,양평군,2021,3,180652.0786
경기도,양평군,2021,4,177431.8989
경기도,양평군,2021,5,179686.0247
경기도,양평군,2021,6,179041.9888
경기도,양평군,2021,7,184355.2852
경기도,양평군,2021,8,190473.6265
경기도,양평군,2021,9,185804.366
경기도,양평군,2021,10,187897.4828
경기도,양평군,2021,11,185321.3391
경기도,양평군,2021,12,195947.9319
경기도,여주시,2010,1,271161.9904
경기도,여주시,2010,2,285501.4855
경기도,여주시,2010,3,292976.3841
경기도,여주시,2010,4,292861.6264
경기도,여주시,2010,5,290743.8254
경기도,여주시,2010,6,304801.6425
경기도,여주시,2010,7,307889.6677
경기도,여주시,2010,8,302360.4335
경기도,여주시,2010,9,302219.5945
경기도,여주시,2010,10,291687.9682
경기도,여주시,2010,11,295735.785
경기도,여주시,2010,12,305813.5967
경기도,여주시,2011,1,303784.9472
경기도,여주시,2011,2,297755.5265
경기도,여주시,2011,3,301593.3572
경기도,여주시,2011,4,297577.1412
경기도,여주시,2011,5,303759.4636
경기도,여주시,2011,6,306251.7601
경기도,여주시,2011,7,307118.2026
경기도,여주시,2011,8,312795.9496
경기도,여주시,2011,9,314365.7396
경기도,여주시,2011,10,315966.1099
경기도,여주시,2011,11,301761.549
경기도,여주시,2011,12,305329.2536
경기도,여주시,2012,1,279711.9013
경기도,여주시,2012,2,297610.2241
경기도,여주시,2012,3,283821.6424
경기도,여주시,2012,4,286100.1243
경기도,여주시,2012,5,285139.7725
경기도,여주시,2012,6,278054.8235
경기도,여주시,2012,7,284471.2922
경기도,여주시,2012,8,284772.5791
경기도,여주시,2012,9,284598.3976
경기도,여주시,2012,10,295510.6313
경기도,여주시,2012,11,305613.1565
경기도,여주시,2012,12,306107.4552
경기도,여주시,2013,1,282382.6375
경기도,여주시,2013,2,281190.6357
경기도,여주시,2013,3,279463.538
경기도,여주시,2013,4,283753.0047
경기도,여주시,2013,5,282304.3308
경기도,여주시,2013,6,279254.7202
경기도,여주시,2013,7,286524.1916
경기도,여주시,2013,8,300145.2059
경기도,여주시,2013,9,288151.2306
경기도,여주시,2013,10,292814.8293
경기도,여주시,2013,11,294707.241
경기도,여주시,2013,12,311012.4348
경기도,여주시,2014,1,283465.5906
경기도,여주시,2014,2,285644.0956
경기도,여주시,2014,3,292117.7214
경기도,여주시,2014,4,296322.0711
경기도,여주시,2014,5,283300.5523
경기도,여주시,2014,6,291903.1716
경기도,여주시,2014,7,295410.2347
경기도,여주시,2014,8,283841.0526
경기도,여주시,2014,9,277227.1443
경기도,여주시,2014,10,268740.0517
경기도,여주시,2014,11,281716.185
경기도,여주시,2014,12,291181.1292
경기도,여주시,2015,1,267879.8607
경기도,여주시,2015,2,279805.43
경기도,여주시,2015,3,276480.1812
경기도,여주시,2015,4,279234.9408
경기도,여주시,2015,5,275878.4323
경기도,여주시,2015,6,278660.5441
경기도,여주시,2015,7,273955.9617
경기도,여주시,2015,8,283646.4637
경기도,여주시,2015,9,301417.594
경기도,여주시,2015,10,293758.9714
경기도,여주시,2015,11,291101.8983
경기도,여주시,2015,12,286295.7219
경기도,여주시,2016,1,279717.2535
경기도,여주시,2016,2,281422.282
경기도,여주시,2016,3,283162.0283
경기도,여주시,2016,4,287578.9007
경기도,여주시,2016,5,298071.3838
경기도,여주시,2016,6,303595.3675
경기도,여주시,2016,7,299888.2806
경기도,여주시,2016,8,305061.2291
경기도,여주시,2016,9,301141.9781
경기도,여주시,2016,10,287224.0079
경기도,여주시,2016,11,300883.5235
경기도,여주시,2016,12,303286.765
경기도,여주시,2017,1,288073.4648
경기도,여주시,2017,2,282750.9436
경기도,여주시,2017,3,283436.689
경기도,여주시,2017,4,278369.9899
경기도,여주시,2017,5,286769.4826
경기도,여주시,2017,6,272496.7406
경기도,여주시,2017,7,277613.1828
경기도,여주시,2017,8,300296.0769
경기도,여주시,2017,9,296853.1376
경기도,여주시,2017,10,301532.5504
경기도,여주시,2017,11,299134.2181
경기도,여주시,2017,12,300292.5238
경기도,여주시,2018,1,312272.6895
경기도,여주시,2018,2,319133.6034
경기도,여주시,2018,3,309224.9993
경기도,여주시,2018,4,322578.5043
경기도,여주시,2018,5,316024.5261
경기도,여주시,2018,6,323120.1554
경기도,여주시,2018,7,336444.7724
경기도,여주시,2018,8,318830.2787
경기도,여주시,2018,9,319346.6528
경기도,여주시,2018,10,319436.928
경기도,여주시,2018,11,307372.5526
경기도,여주시,2018,12,297460.3375
경기도,여주시,2019,1,312359.8144
경기도,여주시,2019,2,305423.5685
경기도,여주시,2019,3,304667.2225
경기도,여주시,2019,4,325719.4667
경기도,여주시,2019,5,343768.4641
경기도,여주시,2019,6,330401.4327
경기도,여주시,2019,7,341801.9645
경기도,여주시,2019,8,330659.6972
경기도,여주시,2019,9,345336.4984
경기도,여주시,2019,10,355681.8353
경기도,여주시,2019,11,367134.0201
경기도,여주시,2019,12,373491.0157
경기도,여주시,2020,1,329426.6864
경기도,여주시,2020,2,330785.147
경기도,여주시,2020,3,332143.6075
경기도,여주시,2020,4,329766.3016
경기도,여주시,2020,5,322973.9987
경기도,여주시,2020,6,333841.6832
경기도,여주시,2020,7,328747.4561
경기도,여주시,2020,8,338596.2952
경기도,여주시,2020,9,353878.9765
경기도,여주시,2020,10,350482.8251
경기도,여주시,2020,11,354558.2068
경기도,여주시,2020,12,363727.8156
경기도,여주시,2021,1,349614.6498
경기도,여주시,2021,2,362421.0473
경기도,여주시,2021,3,359219.4479
경기도,여주시,2021,4,352816.2492
경기도,여주시,2021,5,357298.4883
경기도,여주시,2021,6,356017.8485
경기도,여주시,2021,7,366583.1264
경기도,여주시,2021,8,378749.204
경기도,여주시,2021,9,369464.5658
경기도,여주시,2021,10,373626.645
경기도,여주시,2021,11,368504.086
경기도,여주시,2021,12,389634.6418
경기도,연천군,2010,1,91990.8984
경기도,연천군,2010,2,96855.52943
경기도,연천군,2010,3,99391.36656
경기도,연천군,2010,4,99352.43536
경기도,연천군,2010,5,98633.97766
경기도,연천군,2010,6,103403.0503
경기도,연천군,2010,7,104450.6536
경기도,연천군,2010,8,102574.8774
경기도,연천군,2010,9,102527.0982
경기도,연천군,2010,10,98954.27531
경기도,연천군,2010,11,100327.4851
경기도,연천군,2010,12,103746.3527
경기도,연천군,2011,1,98480.89099
경기도,연천군,2011,2,96526.27563
경기도,연천군,2011,3,97770.42218
경기도,연천군,2011,4,96468.44678
경기도,연천군,2011,5,98472.62973
경기도,연천군,2011,6,99280.58147
경기도,연천군,2011,7,99561.46449
경기도,연천군,2011,8,101402.0744
경기도,연천군,2011,9,101910.9683
경기도,연천군,2011,10,102429.7758
경기도,연천군,2011,11,97824.94653
경기도,연천군,2011,12,98981.52367
경기도,연천군,2012,1,99889.55671
경기도,연천군,2012,2,106281.3317
경기도,연천군,2012,3,101357.2105
경기도,연천군,2012,4,102170.8925
경기도,연천군,2012,5,101827.9356
경기도,연천군,2012,6,99297.78795
경기도,연천군,2012,7,101589.2107
경기도,연천군,2012,8,101696.805
경기도,연천군,2012,9,101634.6021
경기도,연천군,2012,10,105531.5338
경기도,연천군,2012,11,109139.3058
경기도,연천군,2012,12,109315.8277
경기도,연천군,2013,1,101838.1538
경기도,연천군,2013,2,101408.2716
경기도,연천군,2013,3,100785.413
경기도,연천군,2013,4,102332.3614
경기도,연천군,2013,5,101809.9133
경기도,연천군,2013,6,100710.1052
경기도,연천군,2013,7,103331.7591
경기도,연천군,2013,8,108244.0262
경기도,연천군,2013,9,103918.5326
경기도,연천군,2013,10,105600.4076
경기도,연천군,2013,11,106282.8848
경기도,연천군,2013,12,112163.1713
경기도,연천군,2014,1,104911.6382
경기도,연천군,2014,2,105717.9108
경기도,연천군,2014,3,108113.823
경기도,연천군,2014,4,109669.868
경기도,연천군,2014,5,104850.5569
경기도,연천군,2014,6,108034.4174
경기도,연천군,2014,7,109332.3941
경기도,연천군,2014,8,105050.598
경기도,연천군,2014,9,102602.7667
경기도,연천군,2014,10,99461.66312
경기도,연천군,2014,11,104264.1769
경기도,연천군,2014,12,107767.1869
경기도,연천군,2015,1,103836.8943
경기도,연천군,2015,2,108459.5415
경기도,연천군,2015,3,107170.5923
경기도,연천군,2015,4,108238.4056
경기도,연천군,2015,5,106937.3395
경기도,연천군,2015,6,108015.7552
경기도,연천군,2015,7,106192.1421
경기도,연천군,2015,8,109948.4216
경기도,연천군,2015,9,116836.9535
경기도,연천군,2015,10,113868.281
경기도,연천군,2015,11,112838.3334
경기도,연천군,2015,12,110975.34
경기도,연천군,2016,1,98050.00203
경기도,연천군,2016,2,98647.67001
경기도,연천군,2016,3,99257.5077
경기도,연천군,2016,4,100805.7653
경기도,연천군,2016,5,104483.7221
경기도,연천군,2016,6,106420.0582
경기도,연천군,2016,7,105120.6036
경기도,연천군,2016,8,106933.8904
경기도,연천군,2016,9,105560.0653
경기도,연천군,2016,10,100681.3638
경기도,연천군,2016,11,105469.4686
경기도,연천군,2016,12,106311.883
경기도,연천군,2017,1,102043.044
경기도,연천군,2017,2,100157.6699
경기도,연천군,2017,3,100400.5786
경기도,연천군,2017,4,98605.82319
경기도,연천군,2017,5,101581.1399
경기도,연천군,2017,6,96525.36694
경기도,연천군,2017,7,98337.74262
경기도,연천군,2017,8,106372.6082
경기도,연천군,2017,9,105153.0304
경기도,연천군,2017,10,106810.5989
경기도,연천군,2017,11,105961.0478
경기도,연천군,2017,12,106371.3496
경기도,연천군,2018,1,114193.3856
경기도,연천군,2018,2,116702.3177
경기도,연천군,2018,3,113078.8915
경기도,연천군,2018,4,117962.0657
경기도,연천군,2018,5,115565.3753
경기도,연천군,2018,6,118160.1393
경기도,연천군,2018,7,123032.7496
경기도,연천군,2018,8,116591.3965
경기도,연천군,2018,9,116780.2267
경기도,연천군,2018,10,116813.2389
경기도,연천군,2018,11,112401.4799
경기도,연천군,2018,12,108776.7332
경기도,연천군,2019,1,120942.5083
경기도,연천군,2019,2,118256.8652
경기도,연천군,2019,3,117964.0159
경기도,연천군,2019,4,126115.2284
경기도,연천군,2019,5,133103.6145
경기도,연천군,2019,6,127928.0375
경기도,연천군,2019,7,132342.2062
경기도,연천군,2019,8,128028.0348
경기도,연천군,2019,9,133710.7413
경기도,연천군,2019,10,137716.3494
경기도,연천군,2019,11,142150.5176
경기도,연천군,2019,12,144611.8809
경기도,연천군,2020,1,124421.8296
경기도,연천군,2020,2,124934.9093
경기도,연천군,2020,3,125447.989
경기도,연천군,2020,4,124550.0995
경기도,연천군,2020,5,121984.7009
경기도,연천군,2020,6,126089.3386
경기도,연천군,2020,7,124165.2897
경기도,연천군,2020,8,127885.1176
경기도,연천군,2020,9,133657.2643
경기도,연천군,2020,10,132374.5651
경기도,연천군,2020,11,133913.8042
경기도,연천군,2020,12,137377.0922
경기도,연천군,2021,1,127543.4149
경기도,연천군,2021,2,132215.3348
경기도,연천군,2021,3,131047.3549
경기도,연천군,2021,4,128711.3949
경기도,연천군,2021,5,130346.5669
경기도,연천군,2021,6,129879.3749
경기도,연천군,2021,7,133733.7088
경기도,연천군,2021,8,138172.0328
경기도,연천군,2021,9,134784.8908
경기도,연천군,2021,10,136303.2648
경기도,연천군,2021,11,134434.4968
경기도,연천군,2021,12,142143.1648
경기도,오산시,2010,1,240424.9
경기도,오산시,2010,2,253138.9669
경기도,오산시,2010,3,259766.5616
경기도,오산시,2010,4,259664.812
경기도,오산시,2010,5,257787.0706
경기도,오산시,2010,6,270251.3886
경기도,오산시,2010,7,272989.3761
경기도,오산시,2010,8,268086.8985
경기도,오산시,2010,9,267962.0241
경기도,오산시,2010,10,258624.1918
경기도,오산시,2010,11,262213.1754
경기도,오산시,2010,12,271148.6345
경기도,오산시,2011,1,285278.8779
경기도,오산시,2011,2,279616.7594
경기도,오산시,2011,3,283220.7959
경기도,오산시,2011,4,279449.2411
경기도,오산시,2011,5,285254.9467
경기도,오산시,2011,6,287595.4167
경기도,오산시,2011,7,288409.077
경기도,오산시,2011,8,293740.9451
경기도,오산시,2011,9,295215.1062
경기도,오산시,2011,10,296717.9846
경기도,오산시,2011,11,283378.7417
경기도,오산시,2011,12,286729.1077
경기도,오산시,2012,1,292049.2363
경기도,오산시,2012,2,310737.0057
경기도,오산시,2012,3,296340.247
경기도,오산시,2012,4,298719.2266
경기도,오산시,2012,5,297716.5162
경기도,오산시,2012,6,290319.0693
경기도,오산시,2012,7,297018.5511
경기도,오산시,2012,8,297333.1269
경기도,오산시,2012,9,297151.2628
경기도,오산시,2012,10,308544.8055
경기도,오산시,2012,11,319092.9258
경기도,오산시,2012,12,319609.0267
경기도,오산시,2013,1,307734.8867
경기도,오산시,2013,2,306435.8671
경기도,오산시,2013,3,304553.7111
경기도,오산시,2013,4,309228.2851
경기도,오산시,2013,5,307649.5496
경기도,오산시,2013,6,304326.1456
경기도,오산시,2013,7,312248.2685
경기도,오산시,2013,8,327092.1744
경기도,오산시,2013,9,314021.3828
경기도,오산시,2013,10,319103.6782
경기도,오산시,2013,11,321165.9903
경기도,오산시,2013,12,338935.0606
경기도,오산시,2014,1,345382.0941
경기도,오산시,2014,2,348036.4432
경기도,오산시,2014,3,355924.0829
경기도,오산시,2014,4,361046.7755
경기도,오산시,2014,5,345181.0071
경기도,오산시,2014,6,355662.6697
경기도,오산시,2014,7,359935.7696
경기도,오산시,2014,8,345839.5672
경기도,오산시,2014,9,337781.0036
경기도,오산시,2014,10,327440.1019
경기도,오산시,2014,11,343250.5714
경기도,오산시,2014,12,354782.9138
경기도,오산시,2015,1,353828.6381
경기도,오산시,2015,2,369580.5052
경기도,오산시,2015,3,365188.3562
경기도,오산시,2015,4,368826.9755
경기도,오산시,2015,5,364393.5372
경기도,오산시,2015,6,368068.2847
경기도,오산시,2015,7,361854.2454
경기도,오산시,2015,8,374653.9277
경기도,오산시,2015,9,398126.8935
경기도,오산시,2015,10,388011.0156
경기도,오산시,2015,11,384501.4252
경기도,오산시,2015,12,378153.1957
경기도,오산시,2016,1,376573.7747
경기도,오산시,2016,2,378869.1963
경기도,오산시,2016,3,381211.3572
경기도,오산시,2016,4,387157.6416
경기도,오산시,2016,5,401283.3127
경기도,오산시,2016,6,408720.0631
경기도,오산시,2016,7,403729.3389
경기도,오산시,2016,8,410693.5025
경기도,오산시,2016,9,405417.1489
경기도,오산시,2016,10,386679.8615
경기도,오산시,2016,11,405069.2003
경기도,오산시,2016,12,408304.6022
경기도,오산시,2017,1,429373.4893
경기도,오산시,2017,2,421440.2717
경기도,오산시,2017,3,422462.3752
경기도,오산시,2017,4,414910.4604
경기도,오산시,2017,5,427429.904
경기도,오산시,2017,6,406156.3824
경기도,오산시,2017,7,413782.4394
경기도,오산시,2017,8,447591.2922
경기도,오산시,2017,9,442459.5913
경기도,오산시,2017,10,449434.256
경기도,오산시,2017,11,445859.5418
경기도,오산시,2017,12,447585.9963
경기도,오산시,2018,1,441554.4994
경기도,오산시,2018,2,451255.8518
경기도,오산시,2018,3,437245.0566
경기도,오산시,2018,4,456126.9518
경기도,오산시,2018,5,446859.6073
경기도,오산시,2018,6,456892.8481
경기도,오산시,2018,7,475733.8955
경기도,오산시,2018,8,450826.9499
경기도,오산시,2018,9,451557.1043
경기도,오산시,2018,10,451684.7536
경기도,오산시,2018,11,434625.6914
경기도,오산시,2018,12,420609.7903
경기도,오산시,2019,1,421632.8375
경기도,오산시,2019,2,412270.0805
경기도,오산시,2019,3,411249.1415
경기도,오산시,2019,4,439666.1051
경기도,오산시,2019,5,464029.1941
경기도,오산시,2019,6,445985.9661
경기도,오산시,2019,7,461374.7529
경기도,오산시,2019,8,446334.5794
경기도,오산시,2019,9,466145.7748
경기도,오산시,2019,10,480110.2273
경기도,오산시,2019,11,495568.7368
경기도,오산시,2019,12,504149.604
경기도,오산시,2020,1,422069.4182
경기도,오산시,2020,2,423809.9107
경기도,오산시,2020,3,425550.4031
경기도,오산시,2020,4,422504.5414
경기도,오산시,2020,5,413802.0791
경기도,오산시,2020,6,427726.0187
경기도,오산시,2020,7,421199.172
경기도,오산시,2020,8,433817.7423
경기도,오산시,2020,9,453398.2823
경기도,오산시,2020,10,449047.0512
경기도,오산시,2020,11,454268.5285
경기도,오산시,2020,12,466016.8525
경기도,오산시,2021,1,434782.037
경기도,오산시,2021,2,450708.1189
경기도,오산시,2021,3,446726.5984
경기도,오산시,2021,4,438763.5574
경기도,오산시,2021,5,444337.6861
경기도,오산시,2021,6,442745.0779
경기도,오산시,2021,7,455884.0955
경기도,오산시,2021,8,471013.8734
경기도,오산시,2021,9,459467.464
경기도,오산시,2021,10,464643.4406
경기도,오산시,2021,11,458273.0078
경기도,오산시,2021,12,484551.043
경기도,용인시,2010,1,2045380.371
경기도,용인시,2010,2,2153543.472
경기도,용인시,2010,3,2209926.783
경기도,용인시,2010,4,2209061.164
경기도,용인시,2010,5,2193086.548
경기도,용인시,2010,6,2299124.946
경기도,용인시,2010,7,2322417.982
경기도,용인시,2010,8,2280710.857
경기도,용인시,2010,9,2279648.506
경기도,용인시,2010,10,2200208.236
경기도,용인시,2010,11,2230740.999
경기도,용인시,2010,12,2306758.137
경기도,용인시,2011,1,2143656.382
경기도,용인시,2011,2,2101109.816
경기도,용인시,2011,3,2128191.442
경기도,용인시,2011,4,2099851.042
경기도,용인시,2011,5,2143476.557
경기도,용인시,2011,6,2161063.43
경기도,용인시,2011,7,2167177.475
경기도,용인시,2011,8,2207242.458
경기도,용인시,2011,9,2218319.67
경기도,용인시,2011,10,2229612.672
경기도,용인시,2011,11,2129378.287
경기도,용인시,2011,12,2154553.769
경기도,용인시,2012,1,2229806.016
경기도,용인시,2012,2,2372487.782
경기도,용인시,2012,3,2262568.031
경기도,용인시,2012,4,2280731.623
경기도,용인시,2012,5,2273075.894
경기도,용인시,2012,6,2216596.132
경기도,용인시,2012,7,2267746.907
경기도,용인시,2012,8,2270148.704
경기도,용인시,2012,9,2268760.165
경기도,용인시,2012,10,2355750.258
경기도,용인시,2012,11,2436285.52
경기도,용인시,2012,12,2440225.969
경기도,용인시,2013,1,2296214.804
경기도,용인시,2013,2,2286521.955
경기도,용인시,2013,3,2272477.936
경기도,용인시,2013,4,2307358.044
경기도,용인시,2013,5,2295578.048
경기도,용인시,2013,6,2270779.918
경기도,용인시,2013,7,2329892.15
경기도,용인시,2013,8,2440652.411
경기도,용인시,2013,9,2343122.535
경기도,용인시,2013,10,2381044.924
경기도,용인시,2013,11,2396433.207
경기도,용인시,2013,12,2529020.067
경기도,용인시,2014,1,2447513.794
경기도,용인시,2014,2,2466323.559
경기도,용인시,2014,3,2522218.486
경기도,용인시,2014,4,2558519.908
경기도,용인시,2014,5,2446088.812
경기도,용인시,2014,6,2520366.009
경기도,용인시,2014,7,2550646.881
경기도,용인시,2014,8,2450755.629
경기도,용인시,2014,9,2393649.468
경기도,용인시,2014,10,2320369.758
경기도,용인시,2014,11,2432408.983
경기도,용인시,2014,12,2514131.712
경기도,용인시,2015,1,2266571.549
경기도,용인시,2015,2,2367475.575
경기도,용인시,2015,3,2339340.147
경기도,용인시,2015,4,2362648.58
경기도,용인시,2015,5,2334248.659
경기도,용인시,2015,6,2357788.524
경기도,용인시,2015,7,2317982.348
경기도,용인시,2015,8,2399975.134
경기도,용인시,2015,9,2550339.324
경기도,용인시,2015,10,2485538.574
경기도,용인시,2015,11,2463056.681
경기도,용인시,2015,12,2422390.904
경기도,용인시,2016,1,2419643.643
경기도,용인시,2016,2,2434392.684
경기도,용인시,2016,3,2449442.046
경기도,용인시,2016,4,2487649.404
경기도,용인시,2016,5,2578412.736
경기도,용인시,2016,6,2626196.96
경기도,용인시,2016,7,2594129.475
경기도,용인시,2016,8,2638877.132
경기도,용인시,2016,9,2604974.358
경기도,용인시,2016,10,2484579.468
경기도,용인시,2016,11,2602738.643
경기도,용인시,2016,12,2623527.451
경기도,용인시,2017,1,2593311.663
경기도,용인시,2017,2,2545396.953
경기도,용인시,2017,3,2551570.21
경기도,용인시,2017,4,2505958.478
경기도,용인시,2017,5,2581572.879
경기도,용인시,2017,6,2453085.972
경기도,용인시,2017,7,2499145.505
경기도,용인시,2017,8,2703342.77
경기도,용인시,2017,9,2672348.543
경기도,용인시,2017,10,2714473.824
경기도,용인시,2017,11,2692883.418
경기도,용인시,2017,12,2703310.785
경기도,용인시,2018,1,2332164.077
경기도,용인시,2018,2,2383403.834
경기도,용인시,2018,3,2309402.837
경기도,용인시,2018,4,2409131.586
경기도,용인시,2018,5,2360184.133
경기도,용인시,2018,6,2413176.83
경기도,용인시,2018,7,2512689.833
경기도,용인시,2018,8,2381138.497
경기도,용인시,2018,9,2384994.963
경기도,용인시,2018,10,2385669.171
경기도,용인시,2018,11,2295568.102
경기도,용인시,2018,12,2221540.137
경기도,용인시,2019,1,2221592.546
경기도,용인시,2019,2,2172259.977
경기도,용인시,2019,3,2166880.628
경기도,용인시,2019,4,2316610.224
경기도,용인시,2019,5,2444979.867
경기도,용인시,2019,6,2349909.708
경기도,용인시,2019,7,2430993.559
경기도,용인시,2019,8,2351746.559
경기도,용인시,2019,9,2456132.177
경기도,용인시,2019,10,2529711.179
경기도,용인시,2019,11,2611162.4
경기도,용인시,2019,12,2656375.175
경기도,용인시,2020,1,2539929.091
경기도,용인시,2020,2,2550403.025
경기도,용인시,2020,3,2560876.96
경기도,용인시,2020,4,2542547.575
경기도,용인시,2020,5,2490177.903
경기도,용인시,2020,6,2573969.378
경기도,용인시,2020,7,2534692.124
경기도,용인시,2020,8,2610628.148
경기도,용인시,2020,9,2728459.91
경기도,용인시,2020,10,2702275.074
경기도,용인시,2020,11,2733696.877
경기도,용인시,2020,12,2804395.935
경기도,용인시,2021,1,2602969.529
경기도,용인시,2021,2,2698316.398
경기도,용인시,2021,3,2674479.681
경기도,용인시,2021,4,2626806.247
경기도,용인시,2021,5,2660177.651
경기도,용인시,2021,6,2650642.964
경기도,용인시,2021,7,2729304.131
경기도,용인시,2021,8,2819883.657
경기도,용인시,2021,9,2750757.177
경기도,용인시,2021,10,2781744.909
경기도,용인시,2021,11,2743606.161
경기도,용인시,2021,12,2900928.496
경기도,의왕시,2010,1,203024.0615
경기도,의왕시,2010,2,213760.3101
경기도,의왕시,2010,3,219356.9067
경기도,의왕시,2010,4,219270.9855
경기도,의왕시,2010,5,217685.3482
경기도,의왕시,2010,6,228210.6992
경기도,의왕시,2010,7,230522.7614
경기도,의왕시,2010,8,226382.9202
경기도,의왕시,2010,9,226277.4715
경기도,의왕시,2010,10,218392.2456
경기도,의왕시,2010,11,221422.9218
경기도,의왕시,2010,12,228968.3682
경기도,의왕시,2011,1,242059.4559
경기도,의왕시,2011,2,237255.1418
경기도,의왕시,2011,3,240313.171
경기도,의왕시,2011,4,237113.0023
경기도,의왕시,2011,5,242039.1503
경기도,의왕시,2011,6,244025.0417
경기도,의왕시,2011,7,244715.4334
경기도,의왕시,2011,8,249239.5297
경기도,의왕시,2011,9,250490.357
경기도,의왕시,2011,10,251765.5511
경기도,의왕시,2011,11,240447.1882
경기도,의왕시,2011,12,243289.9776
경기도,의왕시,2012,1,210570.968
경기도,의왕시,2012,2,224045.0717
경기도,의왕시,2012,3,213664.8377
경기도,의왕시,2012,4,215380.1102
경기도,의왕시,2012,5,214657.1441
경기도,의왕시,2012,6,209323.497
경기도,의왕시,2012,7,214153.903
경기도,의왕시,2012,8,214380.7159
경기도,의왕시,2012,9,214249.5897
경기도,의왕시,2012,10,222464.4693
경기도,의왕시,2012,11,230069.7893
경기도,의왕시,2012,12,230441.9042
경기도,의왕시,2013,1,213190.7732
경기도,의왕시,2013,2,212290.846
경기도,의왕시,2013,3,210986.937
경기도,의왕시,2013,4,214225.361
경기도,의왕시,2013,5,213131.6539
경기도,의왕시,2013,6,210829.2855
경기도,의왕시,2013,7,216317.5274
경기도,의왕시,2013,8,226601.0016
경기도,의왕시,2013,9,217545.8951
경기도,의왕시,2013,10,221066.778
경기도,의왕시,2013,11,222495.4945
경기도,의왕시,2013,12,234805.447
경기도,의왕시,2014,1,226721.8086
경기도,의왕시,2014,2,228464.2232
경기도,의왕시,2014,3,233641.9668
경기도,의왕시,2014,4,237004.6951
경기도,의왕시,2014,5,226589.8075
경기도,의왕시,2014,6,233470.3654
경기도,의왕시,2014,7,236275.389
경기도,의왕시,2014,8,227022.1111
경기도,의왕시,2014,9,221732.1666
경기도,의왕시,2014,10,214944.0094
경기도,의왕시,2014,11,225322.5968
경기도,의왕시,2014,12,232892.8605
경기도,의왕시,2015,1,241009.0624
경기도,의왕시,2015,2,251738.3882
경기도,의왕시,2015,3,248746.6921
경기도,의왕시,2015,4,251225.1242
경기도,의왕시,2015,5,248205.3042
경기도,의왕시,2015,6,250708.3448
경기도,의왕시,2015,7,246475.675
경기도,의왕시,2015,8,255194.131
경기도,의왕시,2015,9,271182.6545
경기도,의왕시,2015,10,264292.2618
경기도,의왕시,2015,11,261901.7174
경기도,의왕시,2015,12,257577.6444
경기도,의왕시,2016,1,230650.5844
경기도,의왕시,2016,2,232056.525
경기도,의왕시,2016,3,233491.0932
경기도,의왕시,2016,4,237133.1789
경기도,의왕시,2016,5,245785.1205
경기도,의왕시,2016,6,250340.1133
경기도,의왕시,2016,7,247283.306
경기도,의왕시,2016,8,251548.8405
경기도,의왕시,2016,9,248317.0858
경기도,의왕시,2016,10,236840.5397
경기도,의왕시,2016,11,248103.9681
경기도,의왕시,2016,12,250085.6445
경기도,의왕시,2017,1,276509.9655
경기도,의왕시,2017,2,271401.0946
경기도,의왕시,2017,3,272059.3136
경기도,의왕시,2017,4,267195.9959
경기도,의왕시,2017,5,275258.3262
경기도,의왕시,2017,6,261558.5035
경기도,의왕시,2017,7,266469.5676
경기도,의왕시,2017,8,288241.9522
경기도,의왕시,2017,9,284937.2152
경기도,의왕시,2017,10,289428.7927
경기도,의왕시,2017,11,287126.7313
경기도,의왕시,2017,12,288238.5417
경기도,의왕시,2018,1,296229.1061
경기도,의왕시,2018,2,302737.5279
경기도,의왕시,2018,3,293337.9966
경기도,의왕시,2018,4,306005.4408
경기도,의왕시,2018,5,299788.1852
경기도,의왕시,2018,6,306519.2635
경기도,의왕시,2018,7,319159.3038
경기도,의왕시,2018,8,302449.7872
경기도,의왕시,2018,9,302939.6315
경기도,의왕시,2018,10,303025.2687
경기도,의왕시,2018,11,291580.7227
경기도,의왕시,2018,12,282177.766
경기도,의왕시,2019,1,292151.2171
경기도,의왕시,2019,2,285663.7223
경기도,의왕시,2019,3,284956.3093
경기도,의왕시,2019,4,304646.5463
경기도,의왕시,2019,5,321527.836
경기도,의왕시,2019,6,309025.6053
경기도,의왕시,2019,7,319688.5622
경기도,의왕시,2019,8,309267.1609
경기도,의왕시,2019,9,322994.424
경기도,의왕시,2019,10,332670.4535
경기도,의왕시,2019,11,343381.7216
경기도,의왕시,2019,12,349327.4416
경기도,의왕시,2020,1,296456.8066
경기도,의왕시,2020,2,297679.3089
경기도,의왕시,2020,3,298901.8112
경기도,의왕시,2020,4,296762.4322
경기도,의왕시,2020,5,290649.9207
경기도,의왕시,2020,6,300429.9391
경기도,의왕시,2020,7,295845.5555
경기도,의왕시,2020,8,304708.6971
경기도,의왕시,2020,9,318461.8479
경기도,의왕시,2020,10,315405.5922
경기도,의왕시,2020,11,319073.0991
경기도,의왕시,2020,12,327324.9896
경기도,의왕시,2021,1,297653.4571
경기도,의왕시,2021,2,308556.5141
경기도,의왕시,2021,3,305830.7499
경기도,의왕시,2021,4,300379.2214
경기도,의왕시,2021,5,304195.2913
경기도,의왕시,2021,6,303104.9856
경기도,의왕시,2021,7,312100.0077
경기도,의왕시,2021,8,322457.9119
경기도,의왕시,2021,9,314553.1955
경기도,의왕시,2021,10,318096.689
경기도,의왕시,2021,11,313735.4662
경기도,의왕시,2021,12,331725.5103
경기도,의정부시,2010,1,373567.9461
경기도,의정부시,2010,2,393322.8376
경기도,의정부시,2010,3,403620.6767
경기도,의정부시,2010,4,403462.5801
경기도,의정부시,2010,5,400544.9788
경기도,의정부시,2010,6,419911.815
경기도,의정부시,2010,7,424166.0514
경기도,의정부시,2010,8,416548.6687
경기도,의정부시,2010,9,416354.641
경기도,의정부시,2010,10,401845.6828
경기도,의정부시,2010,11,407422.1819
경기도,의정부시,2010,12,421305.9398
경기도,의정부시,2011,1,422971.0001
경기도,의정부시,2011,2,414576.015
경기도,의정부시,2011,3,419919.5685
경기도,의정부시,2011,4,414327.6427
경기도,의정부시,2011,5,422935.5184
경기도,의정부시,2011,6,426405.6348
경기도,의정부시,2011,7,427612.0147
경기도,의정부시,2011,8,435517.3515
경기도,의정부시,2011,9,437703.0281
경기도,의정부시,2011,10,439931.2829
경기도,의정부시,2011,11,420153.7482
경기도,의정부시,2011,12,425121.195
경기도,의정부시,2012,1,438549.1173
경기도,의정부시,2012,2,466611.1828
경기도,의정부시,2012,3,444992.6163
경기도,의정부시,2012,4,448564.9571
경기도,의정부시,2012,5,447059.2597
경기도,의정부시,2012,6,435951.0513
경기도,의정부시,2012,7,446011.1763
경기도,의정부시,2012,8,446483.5519
경기도,의정부시,2012,9,446210.4597
경기도,의정부시,2012,10,463319.315
경기도,의정부시,2012,11,479158.6607
경기도,의정부시,2012,12,479933.652
경기도,의정부시,2013,1,453411.5952
경기도,의정부시,2013,2,451497.6409
경기도,의정부시,2013,3,448724.5026
경기도,의정부시,2013,4,455611.9442
경기도,의정부시,2013,5,453285.861
경기도,의정부시,2013,6,448389.2114
경기도,의정부시,2013,7,460061.5388
경기도,의정부시,2013,8,481932.3092
경기도,의정부시,2013,9,462674.0167
경기도,의정부시,2013,10,470162.1884
경기도,의정부시,2013,11,473200.7656
경기도,의정부시,2013,12,499381.4259
경기도,의정부시,2014,1,435123.4891
경기도,의정부시,2014,2,438467.5236
경기도,의정부시,2014,3,448404.6262
경기도,의정부시,2014,4,454858.3594
경기도,의정부시,2014,5,434870.1532
경기도,의정부시,2014,6,448075.2894
경기도,의정부시,2014,7,453458.6783
경기도,의정부시,2014,8,435699.8284
경기도,의정부시,2014,9,425547.3903
경기도,의정부시,2014,10,412519.5893
경기도,의정부시,2014,11,432438.1281
경기도,의정부시,2014,12,446966.9447
경기도,의정부시,2015,1,439669.6505
경기도,의정부시,2015,2,459243.0179
경기도,의정부시,2015,3,453785.3064
경기도,의정부시,2015,4,458306.6773
경기도,의정부시,2015,5,452797.6594
경기도,의정부시,2015,6,457363.9233
경기도,의정부시,2015,7,449642.3197
경기도,의정부시,2015,8,465547.284
경기도,의정부시,2015,9,494714.9363
경기도,의정부시,2015,10,482144.8839
경기도,의정부시,2015,11,477783.8453
경기도,의정부시,2015,12,469895.496
경기도,의정부시,2016,1,482105.7275
경기도,의정부시,2016,2,485044.4236
경기도,의정부시,2016,3,488042.9574
경기도,의정부시,2016,4,495655.643
경기도,의정부시,2016,5,513739.9267
경기도,의정부시,2016,6,523260.7701
경기도,의정부시,2016,7,516871.4331
경기도,의정부시,2016,8,525787.2509
경기도,의정부시,2016,9,519032.2391
경기도,의정부시,2016,10,495043.9687
경기도,의정부시,2016,11,518586.7806
경기도,의정부시,2016,12,522728.8794
경기도,의정부시,2017,1,552249.74
경기도,의정부시,2017,2,542046.2284
경기도,의정부시,2017,3,543360.833
경기도,의정부시,2017,4,533647.7439
경기도,의정부시,2017,5,549749.9478
경기도,의정부시,2017,6,522388.4617
경기도,의정부시,2017,7,532196.9108
경기도,의정부시,2017,8,575681.035
경기도,의정부시,2017,9,569080.7661
경기도,의정부시,2017,10,578051.4102
경기도,의정부시,2017,11,573453.6997
경기도,의정부시,2017,12,575674.2236
경기도,의정부시,2018,1,571661.8355
경기도,의정부시,2018,2,584221.7639
경기도,의정부시,2018,3,566082.5831
경기도,의정부시,2018,4,590528.1701
경기도,의정부시,2018,5,578530.1332
경기도,의정부시,2018,6,591519.7434
경기도,의정부시,2018,7,615912.4464
경기도,의정부시,2018,8,583666.4829
경기도,의정부시,2018,9,584611.7828
경기도,의정부시,2018,10,584777.045
경기도,의정부시,2018,11,562691.4025
경기도,의정부시,2018,12,544545.6112
경기도,의정부시,2019,1,541479.5759
경기도,의정부시,2019,2,529455.5084
경기도,의정부시,2019,3,528144.3734
경기도,의정부시,2019,4,564638.6974
경기도,의정부시,2019,5,595926.856
경기도,의정부시,2019,6,572754.943
경기도,의정부시,2019,7,592517.905
경기도,의정부시,2019,8,573202.6476
경기도,의정부시,2019,9,598645.0628
경기도,의정부시,2019,10,616578.8315
경기도,의정부시,2019,11,636431.3345
경기도,의정부시,2019,12,647451.2644
경기도,의정부시,2020,1,546322.524
경기도,의정부시,2020,2,548575.4004
경기도,의정부시,2020,3,550828.2768
경기도,의정부시,2020,4,546885.7431
경기도,의정부시,2020,5,535621.3612
경기도,의정부시,2020,6,553644.3723
경기도,의정부시,2020,7,545196.0858
경기도,의정부시,2020,8,561529.4396
경기도,의정부시,2020,9,586874.299
경기도,의정부시,2020,10,581242.108
경기도,의정부시,2020,11,588000.7372
경기도,의정부시,2020,12,603207.6528
경기도,의정부시,2021,1,534737.0803
경기도,의정부시,2021,2,554324.5191
경기도,의정부시,2021,3,549427.6594
경기도,의정부시,2021,4,539633.94
경기도,의정부시,2021,5,546489.5436
경기도,의정부시,2021,6,544530.7997
경기도,의정부시,2021,7,560690.4367
경기도,의정부시,2021,8,579298.5036
경기도,의정부시,2021,9,565097.6105
경기도,의정부시,2021,10,571463.5281
경기도,의정부시,2021,11,563628.5525
경기도,의정부시,2021,12,595947.8266
경기도,이천시,2010,1,740190.021
경기도,이천시,2010,2,779332.495
경기도,이천시,2010,3,799736.7021
경기도,이천시,2010,4,799423.4484
경기도,이천시,2010,5,793642.4937
경기도,이천시,2010,6,832016.0722
경기도,이천시,2010,7,840445.4446
경기도,이천시,2010,8,825352.3117
경기도,이천시,2010,9,824967.8639
경기도,이천시,2010,10,796219.7173
경기도,이천시,2010,11,807269.0297
경기도,이천시,2010,12,834778.4003
경기도,이천시,2011,1,817995.1457
경기도,이천시,2011,2,801759.8552
경기도,이천시,2011,3,812093.8989
경기도,이천시,2011,4,801279.5211
경기도,이천시,2011,5,817926.5266
경기도,이천시,2011,6,824637.4793
경기도,이천시,2011,7,826970.5303
경기도,이천시,2011,8,842258.8766
경기도,이천시,2011,9,846485.8162
경기도,이천시,2011,10,850795.0987
경기도,이천시,2011,11,812546.7853
경기도,이천시,2011,12,822153.4661
경기도,이천시,2012,1,834220.1558
경기도,이천시,2012,2,887600.5862
경기도,이천시,2012,3,846477.1562
경기도,이천시,2012,4,853272.5608
경기도,이천시,2012,5,850408.382
경기도,이천시,2012,6,829278.0433
경기도,이천시,2012,7,848414.6889
경기도,이천시,2012,8,849313.2548
경기도,이천시,2012,9,848793.7714
경기도,이천시,2012,10,881338.7051
경기도,이천시,2012,11,911468.7428
경기도,이천시,2012,12,912942.9525
경기도,이천시,2013,1,948881.571
경기도,이천시,2013,2,944876.1242
경기도,이천시,2013,3,939072.6119
경기도,이천시,2013,4,953486.3729
경기도,이천시,2013,5,948618.4395
경기도,이천시,2013,6,938370.9278
경기도,이천시,2013,7,962798.3058
경기도,이천시,2013,8,1008568.575
경기도,이천시,2013,9,968265.5945
경기도,이천시,2013,10,983936.5395
경기도,이천시,2013,11,990295.5517
경기도,이천시,2013,12,1045085.386
경기도,이천시,2014,1,1045460.354
경기도,이천시,2014,2,1053494.982
경기도,이천시,2014,3,1077370.611
경기도,이천시,2014,4,1092876.835
경기도,이천시,2014,5,1044851.67
경기도,이천시,2014,6,1076579.322
경기도,이천시,2014,7,1089513.856
경기도,이천시,2014,8,1046845.11
경기도,이천시,2014,9,1022452.1
경기도,이천시,2014,10,991150.5276
경기도,이천시,2014,11,1039008.304
경기도,이천시,2014,12,1073916.329
경기도,이천시,2015,1,1139983.332
경기도,이천시,2015,2,1190733.509
경기도,이천시,2015,3,1176582.657
경기도,이천시,2015,4,1188305.749
경기도,이천시,2015,5,1174021.869
경기도,이천시,2015,6,1185861.359
경기도,이천시,2015,7,1165840.647
경기도,이천시,2015,8,1207079.323
경기도,이천시,2015,9,1282705.734
경기도,이천시,2015,10,1250113.877
경기도,이천시,2015,11,1238806.498
경기도,이천시,2015,12,1218353.445
경기도,이천시,2016,1,1135165.343
경기도,이천시,2016,2,1142084.792
경기도,이천시,2016,3,1149145.134
경기도,이천시,2016,4,1167069.951
경기도,이천시,2016,5,1209651.175
경기도,이천시,2016,6,1232068.938
경기도,이천시,2016,7,1217024.615
경기도,이천시,2016,8,1238017.785
경기도,이천시,2016,9,1222112.445
경기도,이천시,2016,10,1165629.704
경기도,이천시,2016,11,1221063.57
경기도,이천시,2016,12,1230816.549
경기도,이천시,2017,1,1361955.296
경기도,이천시,2017,2,1336791.452
경기도,이천시,2017,3,1340033.522
경기도,이천시,2017,4,1316079.155
경기도,이천시,2017,5,1355790.322
경기도,이천시,2017,6,1288311.575
경기도,이천시,2017,7,1312501.118
경기도,이천시,2017,8,1419741.428
경기도,이천시,2017,9,1403463.881
경기도,이천시,2017,10,1425587.235
경기도,이천시,2017,11,1414248.386
경기도,이천시,2017,12,1419724.63
경기도,이천시,2018,1,1856102.515
경기도,이천시,2018,2,1896882.769
경기도,이천시,2018,3,1837987.497
경기도,이천시,2018,4,1917358.749
경기도,이천시,2018,5,1878402.875
경기도,이천시,2018,6,1920578.243
경기도,이천시,2018,7,1999777.788
경기도,이천시,2018,8,1895079.852
경기도,이천시,2018,9,1898149.103
경기도,이천시,2018,10,1898685.685
경기도,이천시,2018,11,1826976.829
경기도,이천시,2018,12,1768060.094
경기도,이천시,2019,1,1675952.759
경기도,이천시,2019,2,1638736.639
경기도,이천시,2019,3,1634678.498
경기도,이천시,2019,4,1747633.383
경기도,이천시,2019,5,1844474.479
경기도,이천시,2019,6,1772754.264
경기도,이천시,2019,7,1833923.313
경기도,이천시,2019,8,1774139.971
경기도,이천시,2019,9,1852887.698
경기도,이천시,2019,10,1908395.146
경기도,이천시,2019,11,1969841.336
경기도,이천시,2019,12,2003949.514
경기도,이천시,2020,1,2012480.479
경기도,이천시,2020,2,2020779.368
경기도,이천시,2020,3,2029078.256
경기도,이천시,2020,4,2014555.201
경기도,이천시,2020,5,1973060.758
경기도,이천시,2020,6,2039451.867
경기도,이천시,2020,7,2008331.035
경기도,이천시,2020,8,2068497.977
경기도,이천시,2020,9,2161860.473
경기도,이천시,2020,10,2141113.252
경기도,이천시,2020,11,2166009.918
경기도,이천시,2020,12,2222027.416
경기도,이천시,2021,1,2246619.696
경기도,이천시,2021,2,2328913.458
경기도,이천시,2021,3,2308340.018
경기도,이천시,2021,4,2267193.137
경기도,이천시,2021,5,2295995.954
경기도,이천시,2021,6,2287766.577
경기도,이천시,2021,7,2355658.931
경기도,이천시,2021,8,2433838.005
경기도,이천시,2021,9,2374175.027
경기도,이천시,2021,10,2400920.5
경기도,이천시,2021,11,2368002.995
경기도,이천시,2021,12,2503787.702
경기도,파주시,2010,1,958516.4394
경기도,파주시,2010,2,1009204.376
경기도,파주시,2010,3,1035627.007
경기도,파주시,2010,4,1035221.356
경기도,파주시,2010,5,1027735.251
경기도,파주시,2010,6,1077427.499
경기도,파주시,2010,7,1088343.199
경기도,파주시,2010,8,1068798.196
경기도,파주시,2010,9,1068300.351
경기도,파주시,2010,10,1031072.653
경기도,파주시,2010,11,1045381.07
경기도,파주시,2010,12,1081004.603
경기도,파주시,2011,1,1233294.871
경기도,파주시,2011,2,1208816.852
경기도,파주시,2011,3,1224397.535
경기도,파주시,2011,4,1208092.651
경기도,파주시,2011,5,1233191.414
경기도,파주시,2011,6,1243309.547
경기도,파주시,2011,7,1246827.098
경기도,파주시,2011,8,1269877.405
경기도,파주시,2011,9,1276250.38
경기도,파주시,2011,10,1282747.504
경기도,파주시,2011,11,1225080.354
경기도,파주시,2011,12,1239564.389
경기도,파주시,2012,1,1219339.932
경기도,파주시,2012,2,1297363.569
경기도,파주시,2012,3,1237255.407
경기도,파주시,2012,4,1247187.927
경기도,파주시,2012,5,1243001.493
경기도,파주시,2012,6,1212116.281
경기도,파주시,2012,7,1240087.406
경기도,파주시,2012,8,1241400.797
경기도,파주시,2012,9,1240641.493
경기도,파주시,2012,10,1288210.875
경기도,파주시,2012,11,1332250.519
경기도,파주시,2012,12,1334405.301
경기도,파주시,2013,1,1353594.8
경기도,파주시,2013,2,1347880.966
경기도,파주시,2013,3,1339602.163
경기도,파주시,2013,4,1360163.624
경기도,파주시,2013,5,1353219.439
경기도,파주시,2013,6,1338601.199
경기도,파주시,2013,7,1373447.246
경기도,파주시,2013,8,1438739.271
경기도,파주시,2013,9,1381246.421
경기도,파주시,2013,10,1403601.276
경기도,파주시,2013,11,1412672.509
경기도,파주시,2013,12,1490831.087
경기도,파주시,2014,1,1365116.736
경기도,파주시,2014,2,1375608.005
경기도,파주시,2014,3,1406783.764
경기도,파주시,2014,4,1427031.118
경기도,파주시,2014,5,1364321.943
경기도,파주시,2014,6,1405750.533
경기도,파주시,2014,7,1422639.886
경기도,파주시,2014,8,1366924.891
경기도,파주시,2014,9,1335073.558
경기도,파주시,2014,10,1294201.323
경기도,파주시,2014,11,1356691.93
경기도,파주시,2014,12,1402273.313
경기도,파주시,2015,1,1421595.203
경기도,파주시,2015,2,1484882.276
경기도,파주시,2015,3,1467235.716
경기도,파주시,2015,4,1481854.781
경기도,파주시,2015,5,1464042.332
경기도,파주시,2015,6,1478806.551
경기도,파주시,2015,7,1453840.091
경기도,파주시,2015,8,1505266.022
경기도,파주시,2015,9,1599574.543
경기도,파주시,2015,10,1558931.469
경기도,파주시,2015,11,1544830.81
경기도,파주시,2015,12,1519325.207
경기도,파주시,2016,1,1489184.025
경기도,파주시,2016,2,1498261.41
경기도,파주시,2016,3,1507523.629
경기도,파주시,2016,4,1531038.574
경기도,파주시,2016,5,1586899.405
경기도,파주시,2016,6,1616308.489
경기도,파주시,2016,7,1596572.365
경기도,파주시,2016,8,1624112.576
경기도,파주시,2016,9,1603246.912
경기도,파주시,2016,10,1529149.164
경기도,파주시,2016,11,1601870.929
경기도,파주시,2016,12,1614665.523
경기도,파주시,2017,1,1626427.984
경기도,파주시,2017,2,1596377.672
경기도,파주시,2017,3,1600249.308
경기도,파주시,2017,4,1571643.337
경기도,파주시,2017,5,1619065.858
경기도,파주시,2017,6,1538483.681
경기도,파주시,2017,7,1567370.496
경기도,파주시,2017,8,1695435.375
경기도,파주시,2017,9,1675996.956
경기도,파주시,2017,10,1702416.356
경기도,파주시,2017,11,1688875.661
경기도,파주시,2017,12,1695415.315
경기도,파주시,2018,1,1611810.173
경기도,파주시,2018,2,1647223.102
경기도,파주시,2018,3,1596079.377
경기도,파주시,2018,4,1665004.121
경기도,파주시,2018,5,1631175.454
경기도,파주시,2018,6,1667799.878
경기도,파주시,2018,7,1736575.515
경기도,파주시,2018,8,1645657.478
경기도,파주시,2018,9,1648322.767
경기도,파주시,2018,10,1648788.727
경기도,파주시,2018,11,1586517.886
경기도,파주시,2018,12,1535355.522
경기도,파주시,2019,1,1599897.506
경기도,파주시,2019,2,1564370.264
경기도,파주시,2019,3,1560496.283
경기도,파주시,2019,4,1668325.24
경기도,파주시,2019,5,1760771.658
경기도,파주시,2019,6,1692306.128
경기도,파주시,2019,7,1750699.307
경기도,파주시,2019,8,1693628.951
경기도,파주시,2019,9,1768803.082
경기도,파주시,2019,10,1821791.585
경기도,파주시,2019,11,1880449.328
경기도,파주시,2019,12,1913009.667
경기도,파주시,2020,1,1688170.804
경기도,파주시,2020,2,1695132.333
경기도,파주시,2020,3,1702093.862
경기도,파주시,2020,4,1689911.186
경기도,파주시,2020,5,1655103.541
경기도,파주시,2020,6,1710795.773
경기도,파주시,2020,7,1684690.039
경기도,파주시,2020,8,1735161.125
경기도,파주시,2020,9,1813478.327
경기도,파주시,2020,10,1796074.505
경기도,파주시,2020,11,1816959.092
경기도,파주시,2020,12,1863949.413
경기도,파주시,2021,1,1879226.333
경기도,파주시,2021,2,1948062.462
경기도,파주시,2021,3,1930853.43
경기도,파주시,2021,4,1896435.365
경기도,파주시,2021,5,1920528.011
경기도,파주시,2021,6,1913644.398
경기도,파주시,2021,7,1970434.204
경기도,파주시,2021,8,2035828.527
경기도,파주시,2021,9,1985922.333
경기도,파주시,2021,10,2008294.076
경기도,파주시,2021,11,1980759.624
경기도,파주시,2021,12,2094339.237
경기도,평택시,2010,1,1575913.89
경기도,평택시,2010,2,1659250.826
경기도,평택시,2010,3,1702692.743
경기도,평택시,2010,4,1702025.805
경기도,평택시,2010,5,1689717.767
경기도,평택시,2010,6,1771417.674
경기도,평택시,2010,7,1789364.369
경기도,평택시,2010,8,1757230.083
경기도,평택시,2010,9,1756411.568
경기도,평택시,2010,10,1695204.848
경기도,평택시,2010,11,1718729.571
경기도,평택시,2010,12,1777298.854
경기도,평택시,2011,1,1800246.274
경기도,평택시,2011,2,1764515.596
경기도,평택시,2011,3,1787258.792
경기도,평택시,2011,4,1763458.475
경기도,평택시,2011,5,1800095.257
경기도,평택시,2011,6,1814864.742
경기도,평택시,2011,7,1819999.328
경기도,평택시,2011,8,1853645.969
경기도,평택시,2011,9,1862948.631
경기도,평택시,2011,10,1872432.513
경기도,평택시,2011,11,1788255.505
경기도,평택시,2011,12,1809397.918
경기도,평택시,2012,1,1807960.351
경기도,평택시,2012,2,1923648.879
경기도,평택시,2012,3,1834524.287
경기도,평택시,2012,4,1849251.601
경기도,평택시,2012,5,1843044.221
경기도,평택시,2012,6,1797249.577
경기도,평택시,2012,7,1838723.397
경기도,평택시,2012,8,1840670.811
경기도,평택시,2012,9,1839544.962
경기도,평택시,2012,10,1910077.842
경기도,평택시,2012,11,1975377.048
경기도,평택시,2012,12,1978572.023
경기도,평택시,2013,1,1925977.635
경기도,평택시,2013,2,1917847.642
경기도,평택시,2013,3,1906068.053
경기도,평택시,2013,4,1935324.161
경기도,평택시,2013,5,1925443.548
경기도,평택시,2013,6,1904643.82
경기도,평택시,2013,7,1954224.912
경기도,평택시,2013,8,2047126.406
경기도,평택시,2013,9,1965322.056
경기도,평택시,2013,10,1997129.913
경기도,평택시,2013,11,2010037.02
경기도,평택시,2013,12,2121245.835
경기도,평택시,2014,1,2037737.277
경기도,평택시,2014,2,2053397.806
경기도,평택시,2014,3,2099934.49
경기도,평택시,2014,4,2130158.123
경기도,평택시,2014,5,2036550.874
경기도,평택시,2014,6,2098392.165
경기도,평택시,2014,7,2123603.243
경기도,평택시,2014,8,2040436.346
경기도,평택시,2014,9,1992891.219
경기도,평택시,2014,10,1931880.41
경기도,평택시,2014,11,2025161.399
경기도,평택시,2014,12,2093201.649
경기도,평택시,2015,1,1939901.82
경기도,평택시,2015,2,2026263.049
경기도,평택시,2015,3,2002182.641
경기도,평택시,2015,4,2022131.745
경기도,평택시,2015,5,1997824.964
경기도,평택시,2015,6,2017972.144
경기도,평택시,2015,7,1983903.036
경기도,평택시,2015,8,2054078.608
경기도,평택시,2015,9,2182771.552
경기도,평택시,2015,10,2127310.213
경기도,평택시,2015,11,2108068.524
경기도,평택시,2015,12,2073263.704
경기도,평택시,2016,1,2064971.976
경기도,평택시,2016,2,2077559.101
경기도,평택시,2016,3,2090402.525
경기도,평택시,2016,4,2123009.444
경기도,평택시,2016,5,2200468.675
경기도,평택시,2016,6,2241248.683
경기도,평택시,2016,7,2213881.653
경기도,평택시,2016,8,2252070.193
경기도,평택시,2016,9,2223136.892
경기도,평택시,2016,10,2120389.5
경기도,평택시,2016,11,2221228.889
경기도,평택시,2016,12,2238970.47
경기도,평택시,2017,1,2383884.332
경기도,평택시,2017,2,2339839.057
경기도,평택시,2017,3,2345513.782
경기도,평택시,2017,4,2303585.503
경기도,평택시,2017,5,2373093.533
경기도,평택시,2017,6,2254982.807
경기도,평택시,2017,7,2297322.724
경기도,평택시,2017,8,2485029.689
경기도,평택시,2017,9,2456538.453
경기도,평택시,2017,10,2495261.835
경기도,평택시,2017,11,2475414.999
경기도,평택시,2017,12,2485000.286
경기도,평택시,2018,1,2592800.507
경기도,평택시,2018,2,2649766.683
경기도,평택시,2018,3,2567495.532
경기도,평택시,2018,4,2678369.7
경기도,평택시,2018,5,2623952.011
경기도,평택시,2018,6,2682867.03
경기도,평택시,2018,7,2793501.34
경기도,평택시,2018,8,2647248.179
경기도,평택시,2018,9,2651535.633
경기도,평택시,2018,10,2652285.188
경기도,평택시,2018,11,2552114.665
경기도,평택시,2018,12,2469813.532
경기도,평택시,2019,1,2430311.255
경기도,평택시,2019,2,2376343.888
경기도,평택시,2019,3,2370459.149
경기도,평택시,2019,4,2534255.847
경기도,평택시,2019,5,2674685.823
경기도,평택시,2019,6,2570683.819
경기도,평택시,2019,7,2659385.501
경기도,평택시,2019,8,2572693.242
경기도,평택시,2019,9,2686885.892
경기도,평택시,2019,10,2767377.645
경기도,평택시,2019,11,2856481.211
경기도,평택시,2019,12,2905941.728
경기도,평택시,2020,1,2478007.452
경기도,평택시,2020,2,2488226.039
경기도,평택시,2020,3,2498444.627
경기도,평택시,2020,4,2480562.099
경기도,평택시,2020,5,2429469.162
경기도,평택시,2020,6,2511217.861
경기도,평택시,2020,7,2472898.158
경기도,평택시,2020,8,2546982.917
경기도,평택시,2020,9,2661942.026
경기도,평택시,2020,10,2636395.557
경기도,평택시,2020,11,2667051.319
경기도,평택시,2020,12,2736026.784
경기도,평택시,2021,1,2676301.081
경기도,평택시,2021,2,2774334.088
경기도,평택시,2021,3,2749825.836
경기도,평택시,2021,4,2700809.333
경기도,평택시,2021,5,2735120.885
경기도,평택시,2021,6,2725317.585
경기도,평택시,2021,7,2806194.815
경기도,평택시,2021,8,2899326.172
경기도,평택시,2021,9,2828252.242
경기도,평택시,2021,10,2860112.969
경기도,평택시,2021,11,2820899.766
경기도,평택시,2021,12,2982654.227
경기도,포천시,2010,1,383000.9676
경기도,포천시,2010,2,403254.693
경기도,포천시,2010,3,413812.5644
경기도,포천시,2010,4,413650.4756
경기도,포천시,2010,5,410659.2015
경기도,포천시,2010,6,430515.0727
경기도,포천시,2010,7,434876.7335
경기도,포천시,2010,8,427067.0031
경기도,포천시,2010,9,426868.076
경기도,포천시,2010,10,411992.7499
경기도,포천시,2010,11,417710.0619
경기도,포천시,2010,12,431944.4007
경기도,포천시,2011,1,428809.739
경기도,포천시,2011,2,420298.8686
경기도,포천시,2011,3,425716.1851
경기도,포천시,2011,4,420047.0677
경기도,포천시,2011,5,428773.7675
경기도,포천시,2011,6,432291.7858
경기도,포천시,2011,7,433514.8187
경기도,포천시,2011,8,441529.2817
경기도,포천시,2011,9,443745.1296
경기도,포천시,2011,10,446004.1434
경기도,포천시,2011,11,425953.5974
경기도,포천시,2011,12,430989.6154
경기도,포천시,2012,1,438642.2603
경기도,포천시,2012,2,466710.2858
경기도,포천시,2012,3,445087.1278
경기도,포천시,2012,4,448660.2273
경기도,포천시,2012,5,447154.2101
경기도,포천시,2012,6,436043.6424
경기도,포천시,2012,7,446105.9041
경기도,포천시,2012,8,446578.3801
경기도,포천시,2012,9,446305.2299
경기도,포천시,2012,10,463417.7189
경기도,포천시,2012,11,479260.4287
경기도,포천시,2012,12,480035.5846
경기도,포천시,2013,1,465941.0102
경기도,포천시,2013,2,463974.1663
경기도,포천시,2013,3,461124.3962
경기도,포천시,2013,4,468202.1629
경기도,포천시,2013,5,465811.8015
경기도,포천시,2013,6,460779.8396
경기도,포천시,2013,7,472774.716
경기도,포천시,2013,8,495249.8555
경기도,포천시,2013,9,475459.3861
경기도,포천시,2013,10,483154.4834
경기도,포천시,2013,11,486277.0275
경기도,포천시,2013,12,513181.1549
경기도,포천시,2014,1,509811.6338
경기도,포천시,2014,2,513729.6657
경기도,포천시,2014,3,525372.4535
경기도,포천시,2014,4,532933.9582
경기도,포천시,2014,5,509514.8132
경기도,포천시,2014,6,524986.5868
경기도,포천시,2014,7,531294.0244
경기도,포천시,2014,8,510486.9007
경기도,포천시,2014,9,498591.8153
경기도,포천시,2014,10,483327.8162
경기도,포천시,2014,11,506665.3355
경기도,포천시,2014,12,523687.9967
경기도,포천시,2015,1,487428.5118
경기도,포천시,2015,2,509128.0249
경기도,포천시,2015,3,503077.4726
경기도,포천시,2015,4,508089.9748
경기도,포천시,2015,5,501982.543
경기도,포천시,2015,6,507044.8147
경기도,포천시,2015,7,498484.4564
경기도,포천시,2015,8,516117.0882
경기도,포천시,2015,9,548453.0599
경기도,포천시,2015,10,534517.5927
경기도,포천시,2015,11,529682.8389
경기도,포천시,2015,12,520937.6222
경기도,포천시,2016,1,490447.8146
경기도,포천시,2016,2,493437.3602
경기도,포천시,2016,3,496487.779
경기도,포천시,2016,4,504232.1902
경기도,포천시,2016,5,522629.3942
경기도,포천시,2016,6,532314.981
경기도,포천시,2016,7,525815.0865
경기도,포천시,2016,8,534885.1786
경기도,포천시,2016,9,528013.2818
경기도,포천시,2016,10,503609.9318
경기도,포천시,2016,11,527560.1154
경기도,포천시,2016,12,531773.8868
경기도,포천시,2017,1,538341.4406
경기도,포천시,2017,2,528394.9024
경기도,포천시,2017,3,529676.3989
경기도,포천시,2017,4,520207.932
경기도,포천시,2017,5,535904.6051
경기도,포천시,2017,6,509232.2126
경기도,포천시,2017,7,518793.6378
경기도,포천시,2017,8,561182.6231
경기도,포천시,2017,9,554748.5807
경기도,포천시,2017,10,563493.3009
경기도,포천시,2017,11,559011.3828
경기도,포천시,2017,12,561175.9832
경기도,포천시,2018,1,532243.2664
경기도,포천시,2018,2,543937.1331
경기도,포천시,2018,3,527048.7277
경기도,포천시,2018,4,549808.6852
경기도,포천시,2018,5,538637.9651
경기도,포천시,2018,6,550731.8852
경기도,포천시,2018,7,573442.6053
경기도,포천시,2018,8,543420.1411
경기도,포천시,2018,9,544300.2585
경기도,포천시,2018,10,544454.1251
경기도,포천시,2018,11,523891.3837
경기도,포천시,2018,12,506996.8236
경기도,포천시,2019,1,503183.9653
경기도,포천시,2019,2,492010.2881
경기도,포천시,2019,3,490791.8818
경기도,포천시,2019,4,524705.1807
경기도,포천시,2019,5,553780.5151
경기도,포천시,2019,6,532247.4128
경기도,포천시,2019,7,550612.6587
경기도,포천시,2019,8,532663.4539
경기도,포천시,2019,9,556306.4793
경기도,포천시,2019,10,572971.8999
경기도,포천시,2019,11,591420.3541
경기도,포천시,2019,12,601660.9103
경기도,포천시,2020,1,536805.4161
경기도,포천시,2020,2,539019.0467
경기도,포천시,2020,3,541232.6772
경기도,포천시,2020,4,537358.8237
경기도,포천시,2020,5,526290.6708
경기도,포천시,2020,6,543999.7155
경기도,포천시,2020,7,535698.6008
경기도,포천시,2020,8,551747.4225
경기도,포천시,2020,9,576650.7665
경기도,포천시,2020,10,571116.6901
경기도,포천시,2020,11,577757.5818
경기도,포천시,2020,12,592699.5883
경기도,포천시,2021,1,556428.0298
경기도,포천시,2021,2,576810.0089
경기도,포천시,2021,3,571714.5141
경기도,포천시,2021,4,561523.5246
경기도,포천시,2021,5,568657.2173
경기도,포천시,2021,6,566619.0194
경기도,포천시,2021,7,583434.1521
경기도,포천시,2021,8,602797.0323
경기도,포천시,2021,9,588020.0974
경기도,포천시,2021,10,594644.2406
경기도,포천시,2021,11,586491.449
경기도,포천시,2021,12,620121.7145
경기도,하남시,2010,1,228852.3506
경기도,하남시,2010,2,240954.4419
경기도,하남시,2010,3,247263.0257
경기도,하남시,2010,4,247166.1737
경기도,하남시,2010,5,245378.815
경기도,하남시,2010,6,257243.1788
경기도,하남시,2010,7,259849.3767
경기도,하남시,2010,8,255182.8737
경기도,하남시,2010,9,255064.0099
경기도,하남시,2010,10,246175.6424
경기도,하남시,2010,11,249591.8748
경기도,하남시,2010,12,258097.2369
경기도,하남시,2011,1,246227.9842
경기도,하남시,2011,2,241340.9346
경기도,하남시,2011,3,244451.6263
경기도,하남시,2011,4,241196.3473
경기도,하남시,2011,5,246207.3289
경기도,하남시,2011,6,248227.4195
경기도,하남시,2011,7,248929.7005
경기도,하남시,2011,8,253531.7067
경기도,하남시,2011,9,254804.0746
경기도,하남시,2011,10,256101.229
경기도,하남시,2011,11,244587.9515
경기도,하남시,2011,12,247479.6968
경기도,하남시,2012,1,257799.6939
경기도,하남시,2012,2,274295.8892
경기도,하남시,2012,3,261587.4842
경기도,하남시,2012,4,263687.4733
경기도,하남시,2012,5,262802.3539
경기도,하남시,2012,6,256272.4291
경기도,하남시,2012,7,262186.2414
경기도,하남시,2012,8,262463.9259
경기도,하남시,2012,9,262303.3896
경기도,하남시,2012,10,272360.7753
경기도,하남시,2012,11,281671.884
경기도,하남시,2012,12,282127.4601
경기도,하남시,2013,1,283539.7549
경기도,하남시,2013,2,282342.8685
경기도,하남시,2013,3,280608.6938
경기도,하남시,2013,4,284915.7374
경기도,하남시,2013,5,283461.1273
경기도,하남시,2013,6,280399.0203
경기도,하남시,2013,7,287698.2797
경기도,하남시,2013,8,301375.1087
경기도,하남시,2013,9,289331.9859
경기도,하남시,2013,10,294014.6945
경기도,하남시,2013,11,295914.8608
경기도,하남시,2013,12,312286.8682
경기도,하남시,2014,1,338418.1255
경기도,하남시,2014,2,341018.9547
경기도,하남시,2014,3,348747.5552
경기도,하남시,2014,4,353766.9586
경기도,하남시,2014,5,338221.093
경기도,하남시,2014,6,348491.4129
경기도,하남시,2014,7,352678.3539
경기도,하남시,2014,8,338866.3744
경기도,하남시,2014,9,330970.2963
경기도,하남시,2014,10,320837.8991
경기도,하남시,2014,11,336329.5808
경기도,하남시,2014,12,347629.3956
경기도,하남시,2015,1,381744.1953
경기도,하남시,2015,2,398738.817
경기도,하남시,2015,3,394000.1463
경기도,하남시,2015,4,397925.837
경기도,하남시,2015,5,393142.6195
경기도,하남시,2015,6,397107.2888
경기도,하남시,2015,7,390402.9885
경기도,하남시,2015,8,404212.5107
경기도,하남시,2015,9,429537.3925
경기도,하남시,2015,10,418623.4153
경기도,하남시,2015,11,414836.9334
경기도,하남시,2015,12,407987.8558
경기도,하남시,2016,1,399500.077
경기도,하남시,2016,2,401935.2468
경기도,하남시,2016,3,404420.0015
경기도,하남시,2016,4,410728.3034
경기도,하남시,2016,5,425713.9639
경기도,하남시,2016,6,433603.4733
경기도,하남시,2016,7,428308.9073
경기도,하남시,2016,8,435697.0582
경기도,하남시,2016,9,430099.4733
경기도,하남시,2016,10,410221.4355
경기도,하남시,2016,11,429730.3412
경기도,하남시,2016,12,433162.7186
경기도,하남시,2017,1,446525.2974
경기도,하남시,2017,2,438275.1785
경기도,하남시,2017,3,439338.111
경기도,하남시,2017,4,431484.5265
경기도,하남시,2017,5,444504.0734
경기도,하남시,2017,6,422380.757
경기도,하남시,2017,7,430311.4455
경기도,하남시,2017,8,465470.831
경기도,하남시,2017,9,460134.1385
경기도,하남시,2017,10,467387.414
경기도,하남시,2017,11,463669.9038
경기도,하남시,2017,12,465465.3235
경기도,하남시,2018,1,502943.6164
경기도,하남시,2018,2,513993.7433
경기도,하남시,2018,3,498035.0337
경기도,하남시,2018,4,519542.0701
경기도,하남시,2018,5,508986.291
경기도,하남시,2018,6,520414.4486
경기도,하남시,2018,7,541874.9581
경기도,하남시,2018,8,513505.2113
경기도,하남시,2018,9,514336.8788
경기도,하남시,2018,10,514482.2752
경기도,하남시,2018,11,495051.4995
경기도,하남시,2018,12,479086.9741
경기도,하남시,2019,1,497645.1425
경기도,하남시,2019,2,486594.4601
경기도,하남시,2019,3,485389.4655
경기도,하남시,2019,4,518929.462
경기도,하남시,2019,5,547684.7482
경기도,하남시,2019,6,526388.6726
경기도,하남시,2019,7,544551.7622
경기도,하남시,2019,8,526800.1341
경기도,하남시,2019,9,550182.9077
경기도,하남시,2019,10,566664.8829
경기도,하남시,2019,11,584910.2648
경기도,하남시,2019,12,595038.0976
경기도,하남시,2020,1,556712.721
경기도,하남시,2020,2,559008.4435
경기도,하남시,2020,3,561304.1661
경기도,하남시,2020,4,557286.6516
경기도,하남시,2020,5,545808.0388
경기도,하남시,2020,6,564173.8193
경기도,하남시,2020,7,555564.8597
경기도,하남시,2020,8,572208.8483
경기도,하남시,2020,9,598035.7271
경기도,하남시,2020,10,592296.4207
경기도,하남시,2020,11,599183.5883
경기도,하남시,2020,12,614679.7156
경기도,하남시,2021,1,580234.2359
경기도,하남시,2021,2,601488.2372
경기도,하남시,2021,3,596174.7369
경기도,하남시,2021,4,585547.7362
경기도,하남시,2021,5,592986.6367
경기도,하남시,2021,6,590861.2365
경기도,하남시,2021,7,608395.7876
경기도,하남시,2021,8,628587.0889
경기도,하남시,2021,9,613177.9379
경기도,하남시,2021,10,620085.4884
경기도,하남시,2021,11,611583.8878
경기도,하남시,2021,12,646652.99
경기도,화성시,2010,1,2086832.317
경기도,화성시,2010,2,2197187.465
경기도,화성시,2010,3,2254713.449
경기도,화성시,2010,4,2253830.286
경기도,화성시,2010,5,2237531.927
경기도,화성시,2010,6,2345719.313
경기도,화성시,2010,7,2369484.409
경기도,화성시,2010,8,2326932.042
경기도,화성시,2010,9,2325848.161
경기도,화성시,2010,10,2244797.944
경기도,화성시,2010,11,2275949.488
경기도,화성시,2010,12,2353507.199
경기도,화성시,2011,1,2449571.682
경기도,화성시,2011,2,2400953.413
경기도,화성시,2011,3,2431899.784
경기도,화성시,2011,4,2399515.003
경기도,화성시,2011,5,2449366.195
경기도,화성시,2011,6,2469462.842
경기도,화성시,2011,7,2476449.406
경기도,화성시,2011,8,2522231.952
경기도,화성시,2011,9,2534889.963
경기도,화성시,2011,10,2547794.558
경기도,화성시,2011,11,2433255.999
경기도,화성시,2011,12,2462024.205
경기도,화성시,2012,1,2547218.907
경기도,화성시,2012,2,2710211.422
경기도,화성시,2012,3,2584644.595
경기도,화성시,2012,4,2605393.773
경기도,화성시,2012,5,2596648.252
경기도,화성시,2012,6,2532128.595
경기도,화성시,2012,7,2590560.683
경기도,화성시,2012,8,2593304.376
경기도,화성시,2012,9,2591718.178
경기도,화성시,2012,10,2691091.311
경기도,화성시,2012,11,2783090.769
경기도,화성시,2012,12,2787592.14
경기도,화성시,2013,1,2832789.079
경기도,화성시,2013,2,2820831.227
경기도,화성시,2013,3,2803505.433
경기도,화성시,2013,4,2846536.245
경기도,화성시,2013,5,2832003.527
경기도,화성시,2013,6,2801410.627
경기도,화성시,2013,7,2874336.07
경기도,화성시,2013,8,3010978.539
경기도,화성시,2013,9,2890658.103
경기도,화성시,2013,10,2937442.11
경기도,화성시,2013,11,2956426.292
경기도,화성시,2013,12,3119995.749
경기도,화성시,2014,1,3342460.401
경기도,화성시,2014,2,3368148.058
경기도,화성시,2014,3,3444481.265
경기도,화성시,2014,4,3494056.497
경기도,화성시,2014,5,3340514.366
경기도,화성시,2014,6,3441951.42
경기도,화성시,2014,7,3483304.656
경기도,화성시,2014,8,3346887.629
경기도,화성시,2014,9,3268900.292
경기도,화성시,2014,10,3168825.462
경기도,화성시,2014,11,3321832.434
경기도,화성시,2014,12,3433437.519
경기도,화성시,2015,1,3759200.161
경기도,화성시,2015,2,3926553.549
경기도,화성시,2015,3,3879889.809
경기도,화성시,2015,4,3918547.784
경기도,화성시,2015,5,3871445.372
경기도,화성시,2015,6,3910487.185
경기도,화성시,2015,7,3844467.041
경기도,화성시,2015,8,3980455.377
경기도,화성시,2015,9,4229840.44
경기도,화성시,2015,10,4122365.787
경기도,화성시,2015,11,4085078.662
경기도,화성시,2015,12,4017632.834
경기도,화성시,2016,1,4138053.776
경기도,화성시,2016,2,4163277.46
경기도,화성시,2016,3,4189014.748
경기도,화성시,2016,4,4254356.644
경기도,화성시,2016,5,4409579.314
경기도,화성시,2016,6,4491299.485
경기도,화성시,2016,7,4436457.946
경기도,화성시,2016,8,4512985.005
경기도,화성시,2016,9,4455004.772
경기도,화성시,2016,10,4249106.465
경기도,화성시,2016,11,4451181.273
경기도,화성시,2016,12,4486734.112
경기도,화성시,2017,1,5193754.841
경기도,화성시,2017,2,5097793.659
경기도,화성시,2017,3,5110157.149
경기도,화성시,2017,4,5018808.253
경기도,화성시,2017,5,5170244.992
경기도,화성시,2017,6,4912917.843
경기도,화성시,2017,7,5005163.572
경기도,화성시,2017,8,5414119.638
경기도,화성시,2017,9,5352045.949
경기도,화성시,2017,10,5436412.356
경기도,화성시,2017,11,5393172.17
경기도,화성시,2017,12,5414055.578
경기도,화성시,2018,1,5939479.63
경기도,화성시,2018,2,6069975.378
경기도,화성시,2018,3,5881512.045
경기도,화성시,2018,4,6135497.979
경기도,화성시,2018,5,6010840.199
경기도,화성시,2018,6,6145800.275
경기도,화성시,2018,7,6399236.754
경기도,화성시,2018,8,6064206.092
경기도,화성시,2018,9,6074027.614
경기도,화성시,2018,10,6075744.663
경기도,화성시,2018,11,5846278.193
경기도,화성시,2018,12,5657746.178
경기도,화성시,2019,1,5889797.389
경기도,화성시,2019,2,5759008.852
경기도,화성시,2019,3,5744747.336
경기도,화성시,2019,4,6141704.459
경기도,화성시,2019,5,6482032.928
경기도,화성시,2019,6,6229986.721
경기도,화성시,2019,7,6444952.986
경기도,화성시,2019,8,6234856.507
경기도,화성시,2019,9,6511599.485
경기도,화성시,2019,10,6706669.196
경기도,화성시,2019,11,6922609.419
경기도,화성시,2019,12,7042475.721
경기도,화성시,2020,1,6750078.602
경기도,화성시,2020,2,6777913.978
경기도,화성시,2020,3,6805749.353
경기도,화성시,2020,4,6757037.446
경기도,화성시,2020,5,6617860.567
경기도,화성시,2020,6,6840543.573
경기도,화성시,2020,7,6736160.914
경기도,화성시,2020,8,6937967.388
경기도,화성시,2020,9,7251115.364
경기도,화성시,2020,10,7181526.925
경기도,화성시,2020,11,7265033.052
경기도,화성시,2020,12,7452921.838
경기도,화성시,2021,1,7361075.424
경기도,화성시,2021,2,7630711.887
경기도,화성시,2021,3,7563302.771
경기도,화성시,2021,4,7428484.54
경기도,화성시,2021,5,7522857.302
경기도,화성시,2021,6,7495893.655
경기도,화성시,2021,7,7718343.737
경기도,화성시,2021,8,7974498.376
경기도,화성시,2021,9,7779011.941
경기도,화성시,2021,10,7866643.791
경기도,화성시,2021,11,7758789.206
경기도,화성시,2021,12,8203689.369
경상남도,거제시,2010,1,0
경상남도,거제시,2010,2,0
경상남도,거제시,2010,3,0
경상남도,거제시,2010,4,0
경상남도,거제시,2010,5,0
경상남도,거제시,2010,6,0
경상남도,거제시,2010,7,0
경상남도,거제시,2010,8,0
경상남도,거제시,2010,9,0
경상남도,거제시,2010,10,0
경상남도,거제시,2010,11,0
경상남도,거제시,2010,12,0
경상남도,거제시,2011,1,0
경상남도,거제시,2011,2,0
경상남도,거제시,2011,3,0
경상남도,거제시,2011,4,0
경상남도,거제시,2011,5,0
경상남도,거제시,2011,6,0
경상남도,거제시,2011,7,0
경상남도,거제시,2011,8,0
경상남도,거제시,2011,9,0
경상남도,거제시,2011,10,0
경상남도,거제시,2011,11,0
경상남도,거제시,2011,12,0
경상남도,거제시,2012,1,0
경상남도,거제시,2012,2,0
경상남도,거제시,2012,3,0
경상남도,거제시,2012,4,0
경상남도,거제시,2012,5,0
경상남도,거제시,2012,6,0
경상남도,거제시,2012,7,0
경상남도,거제시,2012,8,0
경상남도,거제시,2012,9,0
경상남도,거제시,2012,10,0
경상남도,거제시,2012,11,0
경상남도,거제시,2012,12,0
경상남도,거제시,2013,1,0
경상남도,거제시,2013,2,0
경상남도,거제시,2013,3,0
경상남도,거제시,2013,4,0
경상남도,거제시,2013,5,0
경상남도,거제시,2013,6,0
경상남도,거제시,2013,7,0
경상남도,거제시,2013,8,0
경상남도,거제시,2013,9,0
경상남도,거제시,2013,10,0
경상남도,거제시,2013,11,0
경상남도,거제시,2013,12,0
경상남도,거제시,2014,1,0
경상남도,거제시,2014,2,0
경상남도,거제시,2014,3,0
경상남도,거제시,2014,4,0
경상남도,거제시,2014,5,0
경상남도,거제시,2014,6,0
경상남도,거제시,2014,7,0
경상남도,거제시,2014,8,0
경상남도,거제시,2014,9,0
경상남도,거제시,2014,10,0
경상남도,거제시,2014,11,0
경상남도,거제시,2014,12,0
경상남도,거제시,2015,1,910159.9427
경상남도,거제시,2015,2,927180.5262
경상남도,거제시,2015,3,921207.5622
경상남도,거제시,2015,4,903895.4224
경상남도,거제시,2015,5,886417.8047
경상남도,거제시,2015,6,901365.9746
경상남도,거제시,2015,7,908087.5291
경상남도,거제시,2015,8,942963.9654
경상남도,거제시,2015,9,912705.1503
경상남도,거제시,2015,10,913973.8142
경상남도,거제시,2015,11,930245.8072
경상남도,거제시,2015,12,938598.501
경상남도,거제시,2016,1,883173.4156
경상남도,거제시,2016,2,907531.0651
경상남도,거제시,2016,3,903051.5878
경상남도,거제시,2016,4,863625.8902
경상남도,거제시,2016,5,934234.7325
경상남도,거제시,2016,6,898910.63
경상남도,거제시,2016,7,895501.8186
경상남도,거제시,2016,8,895493.9461
경상남도,거제시,2016,9,927149.4434
경상남도,거제시,2016,10,864893.3697
경상남도,거제시,2016,11,911939.6894
경상남도,거제시,2016,12,944075.4118
경상남도,거제시,2017,1,865722.744
경상남도,거제시,2017,2,828267.6433
경상남도,거제시,2017,3,847681.1979
경상남도,거제시,2017,4,836426.3253
경상남도,거제시,2017,5,835208.3926
경상남도,거제시,2017,6,830292.6399
경상남도,거제시,2017,7,823021.7281
경상남도,거제시,2017,8,817342.9332
경상남도,거제시,2017,9,795669.5997
경상남도,거제시,2017,10,809712.5111
경상남도,거제시,2017,11,796344.5986
경상남도,거제시,2017,12,756563.6865
경상남도,거제시,2018,1,715143.7428
경상남도,거제시,2018,2,726756.0233
경상남도,거제시,2018,3,708598.762
경상남도,거제시,2018,4,705211.5657
경상남도,거제시,2018,5,729313.289
경상남도,거제시,2018,6,705899.8008
경상남도,거제시,2018,7,738165.8816
경상남도,거제시,2018,8,749521.7608
경상남도,거제시,2018,9,721594.26
경상남도,거제시,2018,10,719907.4093
경상남도,거제시,2018,11,726168.9992
경상남도,거제시,2018,12,672891.5056
경상남도,거제시,2019,1,760842.7257
경상남도,거제시,2019,2,739987.5957
경상남도,거제시,2019,3,748968.7452
경상남도,거제시,2019,4,767937.5523
경상남도,거제시,2019,5,766227.1923
경상남도,거제시,2019,6,753388.9347
경상남도,거제시,2019,7,783007.0202
경상남도,거제시,2019,8,746033.683
경상남도,거제시,2019,9,752593.5822
경상남도,거제시,2019,10,755359.7199
경상남도,거제시,2019,11,744745.6341
경상남도,거제시,2019,12,756619.6147
경상남도,거제시,2020,1,712204.6155
경상남도,거제시,2020,2,654512.0628
경상남도,거제시,2020,3,692310.6318
경상남도,거제시,2020,4,673079.7809
경상남도,거제시,2020,5,573609.8625
경상남도,거제시,2020,6,622018.5561
경상남도,거제시,2020,7,651859.5317
경상남도,거제시,2020,8,646554.4693
경상남도,거제시,2020,9,684353.0383
경상남도,거제시,2020,10,677058.5776
경상남도,거제시,2020,11,680374.2416
경상남도,거제시,2020,12,692310.6318
경상남도,거제시,2021,1,673265.6909
경상남도,거제시,2021,2,691646.0485
경상남도,거제시,2021,3,699134.3423
경상남도,거제시,2021,4,710026.406
경상남도,거제시,2021,5,710026.406
경상남도,거제시,2021,6,710026.406
경상남도,거제시,2021,7,725683.7477
경상남도,거제시,2021,8,720918.4698
경상남도,거제시,2021,9,697092.0803
경상남도,거제시,2021,10,718876.2078
경상남도,거제시,2021,11,744744.8593
경상남도,거제시,2021,12,740660.3354
경상남도,거창군,2010,1,0
경상남도,거창군,2010,2,0
경상남도,거창군,2010,3,0
경상남도,거창군,2010,4,0
경상남도,거창군,2010,5,0
경상남도,거창군,2010,6,0
경상남도,거창군,2010,7,0
경상남도,거창군,2010,8,0
경상남도,거창군,2010,9,0
경상남도,거창군,2010,10,0
경상남도,거창군,2010,11,0
경상남도,거창군,2010,12,0
경상남도,거창군,2011,1,0
경상남도,거창군,2011,2,0
경상남도,거창군,2011,3,0
경상남도,거창군,2011,4,0
경상남도,거창군,2011,5,0
경상남도,거창군,2011,6,0
경상남도,거창군,2011,7,0
경상남도,거창군,2011,8,0
경상남도,거창군,2011,9,0
경상남도,거창군,2011,10,0
경상남도,거창군,2011,11,0
경상남도,거창군,2011,12,0
경상남도,거창군,2012,1,0
경상남도,거창군,2012,2,0
경상남도,거창군,2012,3,0
경상남도,거창군,2012,4,0
경상남도,거창군,2012,5,0
경상남도,거창군,2012,6,0
경상남도,거창군,2012,7,0
경상남도,거창군,2012,8,0
경상남도,거창군,2012,9,0
경상남도,거창군,2012,10,0
경상남도,거창군,2012,11,0
경상남도,거창군,2012,12,0
경상남도,거창군,2013,1,0
경상남도,거창군,2013,2,0
경상남도,거창군,2013,3,0
경상남도,거창군,2013,4,0
경상남도,거창군,2013,5,0
경상남도,거창군,2013,6,0
경상남도,거창군,2013,7,0
경상남도,거창군,2013,8,0
경상남도,거창군,2013,9,0
경상남도,거창군,2013,10,0
경상남도,거창군,2013,11,0
경상남도,거창군,2013,12,0
경상남도,거창군,2014,1,0
경상남도,거창군,2014,2,0
경상남도,거창군,2014,3,0
경상남도,거창군,2014,4,0
경상남도,거창군,2014,5,0
경상남도,거창군,2014,6,0
경상남도,거창군,2014,7,0
경상남도,거창군,2014,8,0
경상남도,거창군,2014,9,0
경상남도,거창군,2014,10,0
경상남도,거창군,2014,11,0
경상남도,거창군,2014,12,0
경상남도,거창군,2015,1,120130.8607
경상남도,거창군,2015,2,122377.386
경상남도,거창군,2015,3,121589.0221
경상남도,거창군,2015,4,119304.0146
경상남도,거창군,2015,5,116997.1659
경상남도,거창군,2015,6,118970.156
경상남도,거창군,2015,7,119857.3255
경상남도,거창군,2015,8,124460.6222
경상남도,거창군,2015,9,120466.7995
경상남도,거창군,2015,10,120634.2488
경상남도,거창군,2015,11,122781.9686
경상남도,거창군,2015,12,123884.4301
경상남도,거창군,2016,1,121979.8568
경상남도,거창군,2016,2,125344.0235
경상남도,거창군,2016,3,124725.3386
경상남도,거창군,2016,4,119280.0423
경상남도,거창군,2016,5,129032.2114
경상남도,거창군,2016,6,124153.4086
경상남도,거창군,2016,7,123682.5992
경상남도,거창군,2016,8,123681.5119
경상남도,거창군,2016,9,128053.6238
경상남도,거창군,2016,10,119455.1008
경상남도,거창군,2016,11,125952.9224
경상남도,거창군,2016,12,130391.3608
경상남도,거창군,2017,1,129049.1726
경상남도,거창군,2017,2,123465.9188
경상남도,거창군,2017,3,126359.8051
경상남도,거창군,2017,4,124682.0948
경상남도,거창군,2017,5,124500.5433
경상남도,거창군,2017,6,123767.7755
경상남도,거창군,2017,7,122683.9352
경상남도,거창군,2017,8,121837.4243
경상남도,거창군,2017,9,118606.6835
경상남도,거창군,2017,10,120699.9935
경상남도,거창군,2017,11,118707.3024
경상남도,거창군,2017,12,112777.351
경상남도,거창군,2018,1,124613.308
경상남도,거창군,2018,2,126636.74
경상남도,거창군,2018,3,123472.8496
경상남도,거창군,2018,4,122882.633
경상남도,거창군,2018,5,127082.3418
경상남도,거창군,2018,6,123002.5575
경상남도,거창군,2018,7,128624.9
경상남도,거창군,2018,8,130603.6542
경상남도,거창군,2018,9,125737.3063
경상남도,거창군,2018,10,125443.3737
경상남도,거창군,2018,11,126534.4514
경상남도,거창군,2018,12,117250.8846
경상남도,거창군,2019,1,127553.1774
경상남도,거창군,2019,2,124056.8725
경상남도,거창군,2019,3,125562.5374
경상남도,거창군,2019,4,128742.6054
경상남도,거창군,2019,5,128455.8683
경상남도,거창군,2019,6,126303.5699
경상남도,거창군,2019,7,131268.96
경상남도,거창군,2019,8,125070.4823
경상남도,거창군,2019,9,126170.2313
경상남도,거창군,2019,10,126633.9666
경상남도,거창군,2019,11,124854.5445
경상남도,거창군,2019,12,126845.1845
경상남도,거창군,2020,1,135946.8019
경상남도,거창군,2020,2,124934.3515
경상남도,거창군,2020,3,132149.4052
경상남도,거창군,2020,4,128478.5884
경상남도,거창군,2020,5,109491.6049
경상남도,거창군,2020,6,118731.9369
경상남도,거창군,2020,7,124428.0319
경상남도,거창군,2020,8,123415.3928
경상남도,거창군,2020,9,130630.4465
경상남도,거창군,2020,10,129238.0677
경상남도,거창군,2020,11,129870.9672
경상남도,거창군,2020,12,132149.4052
경상남도,거창군,2021,1,117455.6514
경상남도,거창군,2021,2,120662.2263
경상남도,거창군,2021,3,121968.6087
경상남도,거창군,2021,4,123868.8012
경상남도,거창군,2021,5,123868.8012
경상남도,거창군,2021,6,123868.8012
경상남도,거창군,2021,7,126600.328
경상남도,거창군,2021,8,125768.9938
경상남도,거창군,2021,9,121612.3226
경상남도,거창군,2021,10,125412.7077
경상남도,거창군,2021,11,129925.665
경상남도,거창군,2021,12,129213.0928
경상남도,고성군,2010,1,0
경상남도,고성군,2010,2,0
경상남도,고성군,2010,3,0
경상남도,고성군,2010,4,0
경상남도,고성군,2010,5,0
경상남도,고성군,2010,6,0
경상남도,고성군,2010,7,0
경상남도,고성군,2010,8,0
경상남도,고성군,2010,9,0
경상남도,고성군,2010,10,0
경상남도,고성군,2010,11,0
경상남도,고성군,2010,12,0
경상남도,고성군,2011,1,0
경상남도,고성군,2011,2,0
경상남도,고성군,2011,3,0
경상남도,고성군,2011,4,0
경상남도,고성군,2011,5,0
경상남도,고성군,2011,6,0
경상남도,고성군,2011,7,0
경상남도,고성군,2011,8,0
경상남도,고성군,2011,9,0
경상남도,고성군,2011,10,0
경상남도,고성군,2011,11,0
경상남도,고성군,2011,12,0
경상남도,고성군,2012,1,0
경상남도,고성군,2012,2,0
경상남도,고성군,2012,3,0
경상남도,고성군,2012,4,0
경상남도,고성군,2012,5,0
경상남도,고성군,2012,6,0
경상남도,고성군,2012,7,0
경상남도,고성군,2012,8,0
경상남도,고성군,2012,9,0
경상남도,고성군,2012,10,0
경상남도,고성군,2012,11,0
경상남도,고성군,2012,12,0
경상남도,고성군,2013,1,0
경상남도,고성군,2013,2,0
경상남도,고성군,2013,3,0
경상남도,고성군,2013,4,0
경상남도,고성군,2013,5,0
경상남도,고성군,2013,6,0
경상남도,고성군,2013,7,0
경상남도,고성군,2013,8,0
경상남도,고성군,2013,9,0
경상남도,고성군,2013,10,0
경상남도,고성군,2013,11,0
경상남도,고성군,2013,12,0
경상남도,고성군,2014,1,0
경상남도,고성군,2014,2,0
경상남도,고성군,2014,3,0
경상남도,고성군,2014,4,0
경상남도,고성군,2014,5,0
경상남도,고성군,2014,6,0
경상남도,고성군,2014,7,0
경상남도,고성군,2014,8,0
경상남도,고성군,2014,9,0
경상남도,고성군,2014,10,0
경상남도,고성군,2014,11,0
경상남도,고성군,2014,12,0
경상남도,고성군,2015,1,202787.0712
경상남도,고성군,2015,2,206579.3215
경상남도,고성군,2015,3,205248.5225
경상남도,고성군,2015,4,201391.3124
경상남도,고성군,2015,5,197497.2332
경상남도,고성군,2015,6,200827.7419
경상남도,고성군,2015,7,202325.3296
경상남도,고성군,2015,8,210095.9313
경상남도,고성군,2015,9,203354.1531
경상남도,고성군,2015,10,203636.8162
경상남도,고성군,2015,11,207262.2777
경상남도,고성군,2015,12,209123.2894
경상남도,고성군,2016,1,188824.3179
경상남도,고성군,2016,2,194032.0341
경상남도,고성군,2016,3,193074.3125
경상남도,고성군,2016,4,184645.0162
경상남도,고성군,2016,5,199741.3339
경상남도,고성군,2016,6,192188.9671
경상남도,고성군,2016,7,191460.1562
경상남도,고성군,2016,8,191458.473
경상남도,고성군,2016,9,198226.4843
경상남도,고성군,2016,10,184916.0059
경상남도,고성군,2016,11,194974.6072
경상남도,고성군,2016,12,201845.2917
경상남도,고성군,2017,1,202596.3239
경상남도,고성군,2017,2,193831.0861
경상남도,고성군,2017,3,198374.2436
경상남도,고성군,2017,4,195740.3798
경상남도,고성군,2017,5,195455.3593
경상남도,고성군,2017,6,194304.9755
경상남도,고성군,2017,7,192603.4377
경상남도,고성군,2017,8,191274.4868
경상남도,고성군,2017,9,186202.4962
경상남도,고성군,2017,10,189488.8165
경상남도,고성군,2017,11,186360.4593
경상남도,고성군,2017,12,177050.9354
경상남도,고성군,2018,1,190090.1699
경상남도,고성군,2018,2,193176.7946
경상남도,고성군,2018,3,188350.4686
경상남도,고성군,2018,4,187450.1283
경상남도,고성군,2018,5,193856.5336
경상남도,고성군,2018,6,187633.066
경상남도,고성군,2018,7,196209.6142
경상남도,고성군,2018,8,199228.0857
경상남도,고성군,2018,9,191804.7621
경상남도,고성군,2018,10,191356.3855
경상남도,고성군,2018,11,193020.7596
경상남도,고성군,2018,12,178859.232
경상남도,고성군,2019,1,208579.7145
경상남도,고성군,2019,2,202862.4264
경상남도,고성군,2019,3,205324.5457
경상남도,고성군,2019,4,210524.7116
경상남도,고성군,2019,5,210055.8284
경상남도,고성군,2019,6,206536.3098
경상남도,고성군,2019,7,214655.9009
경상남도,고성군,2019,8,204519.919
경상남도,고성군,2019,9,206318.2695
경상남도,고성군,2019,10,207076.5868
경상남도,고성군,2019,11,204166.8094
경상남도,고성군,2019,12,207421.9781
경상남도,고성군,2020,1,209279.869
경상남도,고성군,2020,2,192327.0305
경상남도,고성군,2020,3,203434.0626
경상남도,고성군,2020,4,197783.1165
경상남도,고성군,2020,5,168554.0845
경상남도,고성군,2020,6,182778.88
경상남도,고성군,2020,7,191547.5896
경상남도,고성군,2020,8,189988.7079
경상남도,고성군,2020,9,201095.7401
경상남도,고성군,2020,10,198952.2777
경상남도,고성군,2020,11,199926.5788
경상남도,고성군,2020,12,203434.0626
경상남도,고성군,2021,1,191943.7927
경상남도,고성군,2021,2,197183.9165
경상남도,고성군,2021,3,199318.7817
경상남도,고성군,2021,4,202424.0402
경상남도,고성군,2021,5,202424.0402
경상남도,고성군,2021,6,202424.0402
경상남도,고성군,2021,7,206887.8494
경상남도,고성군,2021,8,205529.2988
경상남도,고성군,2021,9,198736.5457
경상남도,고성군,2021,10,204947.0628
경상남도,고성군,2021,11,212322.0518
경상남도,고성군,2021,12,211157.5799
경상남도,김해시,2010,1,0
경상남도,김해시,2010,2,0
경상남도,김해시,2010,3,0
경상남도,김해시,2010,4,0
경상남도,김해시,2010,5,0
경상남도,김해시,2010,6,0
경상남도,김해시,2010,7,0
경상남도,김해시,2010,8,0
경상남도,김해시,2010,9,0
경상남도,김해시,2010,10,0
경상남도,김해시,2010,11,0
경상남도,김해시,2010,12,0
경상남도,김해시,2011,1,0
경상남도,김해시,2011,2,0
경상남도,김해시,2011,3,0
경상남도,김해시,2011,4,0
경상남도,김해시,2011,5,0
경상남도,김해시,2011,6,0
경상남도,김해시,2011,7,0
경상남도,김해시,2011,8,0
경상남도,김해시,2011,9,0
경상남도,김해시,2011,10,0
경상남도,김해시,2011,11,0
경상남도,김해시,2011,12,0
경상남도,김해시,2012,1,0
경상남도,김해시,2012,2,0
경상남도,김해시,2012,3,0
경상남도,김해시,2012,4,0
경상남도,김해시,2012,5,0
경상남도,김해시,2012,6,0
경상남도,김해시,2012,7,0
경상남도,김해시,2012,8,0
경상남도,김해시,2012,9,0
경상남도,김해시,2012,10,0
경상남도,김해시,2012,11,0
경상남도,김해시,2012,12,0
경상남도,김해시,2013,1,0
경상남도,김해시,2013,2,0
경상남도,김해시,2013,3,0
경상남도,김해시,2013,4,0
경상남도,김해시,2013,5,0
경상남도,김해시,2013,6,0
경상남도,김해시,2013,7,0
경상남도,김해시,2013,8,0
경상남도,김해시,2013,9,0
경상남도,김해시,2013,10,0
경상남도,김해시,2013,11,0
경상남도,김해시,2013,12,0
경상남도,김해시,2014,1,0
경상남도,김해시,2014,2,0
경상남도,김해시,2014,3,0
경상남도,김해시,2014,4,0
경상남도,김해시,2014,5,0
경상남도,김해시,2014,6,0
경상남도,김해시,2014,7,0
경상남도,김해시,2014,8,0
경상남도,김해시,2014,9,0
경상남도,김해시,2014,10,0
경상남도,김해시,2014,11,0
경상남도,김해시,2014,12,0
경상남도,김해시,2015,1,1246834.142
경상남도,김해시,2015,2,1270150.753
경상남도,김해시,2015,3,1261968.35
경상남도,김해시,2015,4,1238252.335
경상남도,김해시,2015,5,1214309.63
경상남도,김해시,2015,6,1234787.227
경상남도,김해시,2015,7,1243995.129
경상남도,김해시,2015,8,1291772.591
경상남도,김해시,2015,9,1250320.839
경상남도,김해시,2015,10,1252058.79
경상남도,김해시,2015,11,1274349.901
경상남도,김해시,2015,12,1285792.312
경상남도,김해시,2016,1,1215506.407
경상남도,김해시,2016,2,1249029.698
경상남도,김해시,2016,3,1242864.619
경상남도,김해시,2016,4,1188603.262
경상남도,김해시,2016,5,1285781.799
경상남도,김해시,2016,6,1237165.443
경상남도,김해시,2016,7,1232473.916
경상남도,김해시,2016,8,1232463.081
경상남도,김해시,2016,9,1276030.357
경상남도,김해시,2016,10,1190347.687
경상남도,김해시,2016,11,1255097.262
경상남도,김해시,2016,12,1299325.468
경상남도,김해시,2017,1,1339364.041
경상남도,김해시,2017,2,1281417.065
경상남도,김해시,2017,3,1311451.874
경상남도,김해시,2017,4,1294039.403
경상남도,김해시,2017,5,1292155.133
경상남도,김해시,2017,6,1284549.947
경상남도,김해시,2017,7,1273301.083
경상남도,김해시,2017,8,1264515.391
경상남도,김해시,2017,9,1230984.467
경상남도,김해시,2017,10,1252710.326
경상남도,김해시,2017,11,1232028.761
경상남도,김해시,2017,12,1170483.51
경상남도,김해시,2018,1,1261900.277
경상남도,김해시,2018,2,1282390.619
경상남도,김해시,2018,3,1250351.392
경상남도,김해시,2018,4,1244374.546
경상남도,김해시,2018,5,1286903.019
경상남도,김해시,2018,6,1245588.965
경상남도,김해시,2018,7,1302523.779
경상남도,김해시,2018,8,1322561.691
경상남도,김해시,2018,9,1273282.478
경상남도,김해시,2018,10,1270305.961
경상남도,김해시,2018,11,1281354.791
경상남도,김해시,2018,12,1187344.483
경상남도,김해시,2019,1,1277213.628
경상남도,김해시,2019,2,1242204.479
경상남도,김해시,2019,3,1257280.981
경상남도,김해시,2019,4,1289123.592
경상남도,김해시,2019,5,1286252.44
경상남도,김해시,2019,6,1264701.077
경상남도,김해시,2019,7,1314420.449
경상남도,김해시,2019,8,1252353.942
경상남도,김해시,2019,9,1263365.932
경상남도,김해시,2019,10,1268009.4
경상남도,김해시,2019,11,1250191.717
경상남도,김해시,2019,12,1270124.364
경상남도,김해시,2020,1,1293424.445
경상남도,김해시,2020,2,1188649.839
경상남도,김해시,2020,3,1257295.271
경상남도,김해시,2020,4,1222370.402
경상남도,김해시,2020,5,1041724.53
경상남도,김해시,2020,6,1129638.854
경상남도,김해시,2020,7,1183832.616
경상남도,김해시,2020,8,1174198.169
경상남도,김해시,2020,9,1242843.601
경상남도,김해시,2020,10,1229596.237
경상남도,김해시,2020,11,1235617.766
경상남도,김해시,2020,12,1257295.271
경상남도,김해시,2021,1,1139819.426
경상남도,김해시,2021,2,1170936.842
경상남도,김해시,2021,3,1183614.308
경상남도,김해시,2021,4,1202054.258
경상남도,김해시,2021,5,1202054.258
경상남도,김해시,2021,6,1202054.258
경상남도,김해시,2021,7,1228561.687
경상남도,김해시,2021,8,1220494.209
경상남도,김해시,2021,9,1180156.817
경상남도,김해시,2021,10,1217036.718
경상남도,김해시,2021,11,1260831.6
경상남도,김해시,2021,12,1253916.618
경상남도,남해군,2010,1,0
경상남도,남해군,2010,2,0
경상남도,남해군,2010,3,0
경상남도,남해군,2010,4,0
경상남도,남해군,2010,5,0
경상남도,남해군,2010,6,0
경상남도,남해군,2010,7,0
경상남도,남해군,2010,8,0
경상남도,남해군,2010,9,0
경상남도,남해군,2010,10,0
경상남도,남해군,2010,11,0
경상남도,남해군,2010,12,0
경상남도,남해군,2011,1,0
경상남도,남해군,2011,2,0
경상남도,남해군,2011,3,0
경상남도,남해군,2011,4,0
경상남도,남해군,2011,5,0
경상남도,남해군,2011,6,0
경상남도,남해군,2011,7,0
경상남도,남해군,2011,8,0
경상남도,남해군,2011,9,0
경상남도,남해군,2011,10,0
경상남도,남해군,2011,11,0
경상남도,남해군,2011,12,0
경상남도,남해군,2012,1,0
경상남도,남해군,2012,2,0
경상남도,남해군,2012,3,0
경상남도,남해군,2012,4,0
경상남도,남해군,2012,5,0
경상남도,남해군,2012,6,0
경상남도,남해군,2012,7,0
경상남도,남해군,2012,8,0
경상남도,남해군,2012,9,0
경상남도,남해군,2012,10,0
경상남도,남해군,2012,11,0
경상남도,남해군,2012,12,0
경상남도,남해군,2013,1,0
경상남도,남해군,2013,2,0
경상남도,남해군,2013,3,0
경상남도,남해군,2013,4,0
경상남도,남해군,2013,5,0
경상남도,남해군,2013,6,0
경상남도,남해군,2013,7,0
경상남도,남해군,2013,8,0
경상남도,남해군,2013,9,0
경상남도,남해군,2013,10,0
경상남도,남해군,2013,11,0
경상남도,남해군,2013,12,0
경상남도,남해군,2014,1,0
경상남도,남해군,2014,2,0
경상남도,남해군,2014,3,0
경상남도,남해군,2014,4,0
경상남도,남해군,2014,5,0
경상남도,남해군,2014,6,0
경상남도,남해군,2014,7,0
경상남도,남해군,2014,8,0
경상남도,남해군,2014,9,0
경상남도,남해군,2014,10,0
경상남도,남해군,2014,11,0
경상남도,남해군,2014,12,0
경상남도,남해군,2015,1,80925.49327
경상남도,남해군,2015,2,82438.85268
경상남도,남해군,2015,3,81907.77563
경상남도,남해군,2015,4,80368.49293
경상남도,남해군,2015,5,78814.49702
경상남도,남해군,2015,6,80143.59091
경상남도,남해군,2015,7,80741.22775
경상남도,남해군,2015,8,83842.21328
경상남도,남해군,2015,9,81151.79655
경상남도,남해군,2015,10,81264.59788
경상남도,남해군,2015,11,82711.3975
경상남도,남해군,2015,12,83454.06462
경상남도,남해군,2016,1,83185.26938
경상남도,남해군,2016,2,85479.49336
경상남도,남해군,2016,3,85057.57564
경상남도,남해군,2016,4,81344.10643
경상남도,남해군,2016,5,87994.68656
경상남도,남해군,2016,6,84667.54273
경상남도,남해군,2016,7,84346.47001
경상남도,남해군,2016,8,84345.72851
경상남도,남해군,2016,9,87327.32988
경상남도,남해군,2016,10,81463.48913
경상남도,남해군,2016,11,85894.73752
경상남도,남해군,2016,12,88921.57085
경상남도,남해군,2017,1,89011.45257
경상남도,남해군,2017,2,85160.41256
경상남도,남해군,2017,3,87156.46582
경상남도,남해군,2017,4,85999.2679
경상남도,남해군,2017,5,85874.04309
경상남도,남해군,2017,6,85368.61767
경상남도,남해군,2017,7,84621.04065
경상남도,남해군,2017,8,84037.16113
경상남도,남해군,2017,9,81808.76306
경상남도,남해군,2017,10,83252.62017
경상남도,남해군,2017,11,81878.16476
경상남도,남해군,2017,12,77787.99063
경상남도,남해군,2018,1,86139.03164
경상남도,남해군,2018,2,87537.7303
경상남도,남해군,2018,3,85350.68899
경상남도,남해군,2018,4,84942.70135
경상남도,남해군,2018,5,87845.75284
경상남도,남해군,2018,6,85025.59924
경상남도,남해군,2018,7,88912.04723
경상남도,남해군,2018,8,90279.86236
경상남도,남해군,2018,9,86915.99615
경상남도,남해군,2018,10,86712.81505
경상남도,남해군,2018,11,87467.02328
경상남도,남해군,2018,12,81049.75157
경상남도,남해군,2019,1,89016.7291
경상남도,남해군,2019,2,86576.73014
경상남도,남해군,2019,3,87627.50256
경상남도,남해군,2019,4,89846.80638
경상남도,남해군,2019,5,89646.69846
경상남도,남해군,2019,6,88144.65387
경상남도,남해군,2019,7,91609.89709
경상남도,남해군,2019,8,87284.1075
경상남도,남해군,2019,9,88051.59958
경상남도,남해군,2019,10,88375.23089
경상남도,남해군,2019,11,87133.40894
경상남도,남해군,2019,12,88522.63549
경상남도,남해군,2020,1,93328.04115
경상남도,남해군,2020,2,85767.94843
경상남도,남해군,2020,3,90721.11263
경상남도,남해군,2020,4,88201.08172
경상남도,남해군,2020,5,75166.4391
경상남도,남해군,2020,6,81509.96518
경상남도,남해군,2020,7,85420.35796
경상남도,남해군,2020,8,84725.17702
경상남도,남해군,2020,9,89678.34122
경상남도,남해군,2020,10,88722.46743
경상남도,남해군,2020,11,89156.95551
경상남도,남해군,2020,12,90721.11263
경상남도,남해군,2021,1,82874.22761
경상남도,남해군,2021,2,85136.71916
경상남도,남해군,2021,3,86058.47498
경상남도,남해군,2021,4,87399.21071
경상남도,남해군,2021,5,87399.21071
경상남도,남해군,2021,6,87399.21071
경상남도,남해군,2021,7,89326.51833
경상남도,남해군,2021,8,88739.94645
경상남도,남해군,2021,9,85807.08703
경상남도,남해군,2021,10,88488.5585
경상남도,남해군,2021,11,91672.80587
경상남도,남해군,2021,12,91170.02996
경상남도,밀양시,2010,1,0
경상남도,밀양시,2010,2,0
경상남도,밀양시,2010,3,0
경상남도,밀양시,2010,4,0
경상남도,밀양시,2010,5,0
경상남도,밀양시,2010,6,0
경상남도,밀양시,2010,7,0
경상남도,밀양시,2010,8,0
경상남도,밀양시,2010,9,0
경상남도,밀양시,2010,10,0
경상남도,밀양시,2010,11,0
경상남도,밀양시,2010,12,0
경상남도,밀양시,2011,1,0
경상남도,밀양시,2011,2,0
경상남도,밀양시,2011,3,0
경상남도,밀양시,2011,4,0
경상남도,밀양시,2011,5,0
경상남도,밀양시,2011,6,0
경상남도,밀양시,2011,7,0
경상남도,밀양시,2011,8,0
경상남도,밀양시,2011,9,0
경상남도,밀양시,2011,10,0
경상남도,밀양시,2011,11,0
경상남도,밀양시,2011,12,0
경상남도,밀양시,2012,1,0
경상남도,밀양시,2012,2,0
경상남도,밀양시,2012,3,0
경상남도,밀양시,2012,4,0
경상남도,밀양시,2012,5,0
경상남도,밀양시,2012,6,0
경상남도,밀양시,2012,7,0
경상남도,밀양시,2012,8,0
경상남도,밀양시,2012,9,0
경상남도,밀양시,2012,10,0
경상남도,밀양시,2012,11,0
경상남도,밀양시,2012,12,0
경상남도,밀양시,2013,1,0
경상남도,밀양시,2013,2,0
경상남도,밀양시,2013,3,0
경상남도,밀양시,2013,4,0
경상남도,밀양시,2013,5,0
경상남도,밀양시,2013,6,0
경상남도,밀양시,2013,7,0
경상남도,밀양시,2013,8,0
경상남도,밀양시,2013,9,0
경상남도,밀양시,2013,10,0
경상남도,밀양시,2013,11,0
경상남도,밀양시,2013,12,0
경상남도,밀양시,2014,1,0
경상남도,밀양시,2014,2,0
경상남도,밀양시,2014,3,0
경상남도,밀양시,2014,4,0
경상남도,밀양시,2014,5,0
경상남도,밀양시,2014,6,0
경상남도,밀양시,2014,7,0
경상남도,밀양시,2014,8,0
경상남도,밀양시,2014,9,0
경상남도,밀양시,2014,10,0
경상남도,밀양시,2014,11,0
경상남도,밀양시,2014,12,0
경상남도,밀양시,2015,1,222535.2573
경상남도,밀양시,2015,2,226696.8115
경상남도,밀양시,2015,3,225236.4143
경상남도,밀양시,2015,4,221003.5742
경상남도,밀양시,2015,5,216730.2746
경상남도,밀양시,2015,6,220385.121
경상남도,밀양시,2015,7,222028.5496
경상남도,밀양시,2015,8,230555.8824
경상남도,밀양시,2015,9,223157.5638
경상남도,밀양시,2015,10,223467.7538
경상남도,밀양시,2015,11,227446.2766
경상남도,밀양시,2015,12,229488.5208
경상남도,밀양시,2016,1,222619.6894
경상남도,밀양시,2016,2,228759.4715
경상남도,밀양시,2016,3,227630.339
경상남도,밀양시,2016,4,217692.3852
경상남도,밀양시,2016,5,235490.6095
경상남도,밀양시,2016,6,226586.5363
경상남도,밀양시,2016,7,225727.2843
경상남도,밀양시,2016,8,225725.2999
경상남도,밀양시,2016,9,233704.6354
경상남도,밀양시,2016,10,218011.8761
경상남도,밀양시,2016,11,229870.7443
경상남도,밀양시,2016,12,237971.1291
경상남도,밀양시,2017,1,245724.5116
경상남도,밀양시,2017,2,235093.3524
경상남도,밀양시,2017,3,240603.6457
경상남도,밀양시,2017,4,237409.0917
경상남도,밀양시,2017,5,237063.3968
경상남도,밀양시,2017,6,235668.1222
경상남도,밀양시,2017,7,233604.3654
경상남도,밀양시,2017,8,231992.5109
경상남도,밀양시,2017,9,225840.8078
경상남도,밀양시,2017,10,229826.7115
경상남도,밀양시,2017,11,226032.3977
경상남도,밀양시,2017,12,214741.0862
경상남도,밀양시,2018,1,238209.1928
경상남도,밀양시,2018,2,242077.1592
경상남도,밀양시,2018,3,236029.1072
경상남도,밀양시,2018,4,234900.8567
경상남도,밀양시,2018,5,242928.9659
경상남도,밀양시,2018,6,235130.1028
경상남도,밀양시,2018,7,245877.7003
경상남도,밀양시,2018,8,249660.2612
경상남도,밀양시,2018,9,240357.8133
경상남도,밀양시,2018,10,239795.9356
경상남도,밀양시,2018,11,241881.6258
경상남도,밀양시,2018,12,224135.2791
경상남도,밀양시,2019,1,252143.8698
경상남도,밀양시,2019,2,245232.4635
경상남도,밀양시,2019,3,248208.8234
경상남도,밀양시,2019,4,254495.1008
경상남도,밀양시,2019,5,253928.2862
경상남도,밀양시,2019,6,249673.6776
경상남도,밀양시,2019,7,259489.1342
경상남도,밀양시,2019,8,247236.1415
경상남도,밀양시,2019,9,249410.0972
경상남도,밀양시,2019,10,250326.7974
경상남도,밀양시,2019,11,246809.2811
경상남도,밀양시,2019,12,250744.3275
경상남도,밀양시,2020,1,261481.1541
경상남도,밀양시,2020,2,240299.7198
경상남도,밀양시,2020,3,254177.2113
경상남도,밀양시,2020,4,247116.7332
경상남도,밀양시,2020,5,210597.0189
경상남도,밀양시,2020,6,228369.9465
경상남도,밀양시,2020,7,239325.8608
경상남도,밀양시,2020,8,237378.1427
경상남도,밀양시,2020,9,251255.6341
경상남도,밀양시,2020,10,248577.5217
경상남도,밀양시,2020,11,249794.8456
경상남도,밀양시,2020,12,254177.2113
경상남도,밀양시,2021,1,231352.227
경상남도,밀양시,2021,2,237668.2129
경상남도,밀양시,2021,3,240241.3924
경상남도,밀양시,2021,4,243984.1989
경상남도,밀양시,2021,5,243984.1989
경상남도,밀양시,2021,6,243984.1989
경상남도,밀양시,2021,7,249364.4833
경상남도,밀양시,2021,8,247727.0054
경상남도,밀양시,2021,9,239539.6162
경상남도,밀양시,2021,10,247025.2292
경상남도,밀양시,2021,11,255914.3946
경상남도,밀양시,2021,12,254510.8422
경상남도,사천시,2010,1,0
경상남도,사천시,2010,2,0
경상남도,사천시,2010,3,0
경상남도,사천시,2010,4,0
경상남도,사천시,2010,5,0
경상남도,사천시,2010,6,0
경상남도,사천시,2010,7,0
경상남도,사천시,2010,8,0
경상남도,사천시,2010,9,0
경상남도,사천시,2010,10,0
경상남도,사천시,2010,11,0
경상남도,사천시,2010,12,0
경상남도,사천시,2011,1,0
경상남도,사천시,2011,2,0
경상남도,사천시,2011,3,0
경상남도,사천시,2011,4,0
경상남도,사천시,2011,5,0
경상남도,사천시,2011,6,0
경상남도,사천시,2011,7,0
경상남도,사천시,2011,8,0
경상남도,사천시,2011,9,0
경상남도,사천시,2011,10,0
경상남도,사천시,2011,11,0
경상남도,사천시,2011,12,0
경상남도,사천시,2012,1,0
경상남도,사천시,2012,2,0
경상남도,사천시,2012,3,0
경상남도,사천시,2012,4,0
경상남도,사천시,2012,5,0
경상남도,사천시,2012,6,0
경상남도,사천시,2012,7,0
경상남도,사천시,2012,8,0
경상남도,사천시,2012,9,0
경상남도,사천시,2012,10,0
경상남도,사천시,2012,11,0
경상남도,사천시,2012,12,0
경상남도,사천시,2013,1,0
경상남도,사천시,2013,2,0
경상남도,사천시,2013,3,0
경상남도,사천시,2013,4,0
경상남도,사천시,2013,5,0
경상남도,사천시,2013,6,0
경상남도,사천시,2013,7,0
경상남도,사천시,2013,8,0
경상남도,사천시,2013,9,0
경상남도,사천시,2013,10,0
경상남도,사천시,2013,11,0
경상남도,사천시,2013,12,0
경상남도,사천시,2014,1,0
경상남도,사천시,2014,2,0
경상남도,사천시,2014,3,0
경상남도,사천시,2014,4,0
경상남도,사천시,2014,5,0
경상남도,사천시,2014,6,0
경상남도,사천시,2014,7,0
경상남도,사천시,2014,8,0
경상남도,사천시,2014,9,0
경상남도,사천시,2014,10,0
경상남도,사천시,2014,11,0
경상남도,사천시,2014,12,0
경상남도,사천시,2015,1,337932.4066
경상남도,사천시,2015,2,344251.9626
경상남도,사천시,2015,3,342034.2666
경상남도,사천시,2015,4,335606.4589
경상남도,사천시,2015,5,329117.2111
경상남도,사천시,2015,6,334667.3027
경상남도,사천시,2015,7,337162.9421
경상남도,사천시,2015,8,350112.1805
경상남도,사천시,2015,9,338877.4143
경상남도,사천시,2015,10,339348.4553
경상남도,사천시,2015,11,345390.0678
경상남도,사천시,2015,12,348491.3314
경상남도,사천시,2016,1,337559.085
경상남도,사천시,2016,2,346868.8601
경상남도,사천시,2016,3,345156.7521
경상남도,사천시,2016,4,330087.7949
경상남도,사천시,2016,5,357075.3103
경상남도,사천시,2016,6,343574.0302
경상남도,사천시,2016,7,342271.1431
경상남도,사천시,2016,8,342268.1341
경상남도,사천시,2016,9,354367.231
경상남도,사천시,2016,10,330572.2402
경상남도,사천시,2016,11,348553.8873
경상남도,사천시,2016,12,360836.5317
경상남도,사천시,2017,1,349505.2951
경상남도,사천시,2017,2,334384.1075
경상남도,사천시,2017,3,342221.6515
경상남도,사천시,2017,4,337677.8902
경상남도,사천시,2017,5,337186.1924
경상남도,사천시,2017,6,335201.6291
경상남도,사천시,2017,7,332266.2526
경상남도,사천시,2017,8,329973.6377
경상남도,사천시,2017,9,321223.7869
경상남도,사천시,2017,10,326893.1215
경상남도,사천시,2017,11,321496.2941
경상남도,사천시,2017,12,305436.1415
경상남도,사천시,2018,1,346245.5046
경상남도,사천시,2018,2,351867.7308
경상남도,사천시,2018,3,343076.6729
경상남도,사천시,2018,4,341436.7208
경상남도,사천시,2018,5,353105.862
경상남도,사천시,2018,6,341769.9381
경상남도,사천시,2018,7,357391.952
경상남도,사천시,2018,8,362890.0384
경상남도,사천시,2018,9,349368.6007
경상남도,사천시,2018,10,348551.8914
경상남도,사천시,2018,11,351583.516
경상남도,사천시,2018,12,325788.5722
경상남도,사천시,2019,1,369437.5001
경상남도,사천시,2019,2,359311.009
경상남도,사천시,2019,3,363671.9279
경상남도,사천시,2019,4,372882.4894
경상남도,사천시,2019,5,372052.0009
경상남도,사천시,2019,6,365818.2109
경상남도,사천시,2019,7,380199.6738
경상남도,사천시,2019,8,362246.7687
경상남도,사천시,2019,9,365432.0166
경상남도,사천시,2019,10,366775.1523
경상남도,사천시,2019,11,361621.3391
경상남도,사천시,2019,12,367386.9113
경상남도,사천시,2020,1,360903.3669
경상남도,사천시,2020,2,331668.1779
경상남도,사천시,2020,3,350822.2672
경상남도,사천시,2020,4,341077.2043
경상남도,사천시,2020,5,290671.7061
경상남도,사천시,2020,6,315202.3819
경상남도,사천시,2020,7,330324.0313
경상남도,사천시,2020,8,327635.7381
경상남도,사천시,2020,9,346789.8274
경상남도,사천시,2020,10,343093.4242
경상남도,사천시,2020,11,344773.6075
경상남도,사천시,2020,12,350822.2672
경상남도,사천시,2021,1,339341.0487
경상남도,사천시,2021,2,348605.1623
경상남도,사천시,2021,3,352379.4307
경상남도,사천시,2021,4,357869.2758
경상남도,사천시,2021,5,357869.2758
경상남도,사천시,2021,6,357869.2758
경상남도,사천시,2021,7,365760.9281
경상남도,사천시,2021,8,363359.1209
경상남도,사천시,2021,9,351350.0848
경상남도,사천시,2021,10,362329.7749
경상남도,사천시,2021,11,375368.157
경상남도,사천시,2021,12,373309.4651
경상남도,산청군,2010,1,0
경상남도,산청군,2010,2,0
경상남도,산청군,2010,3,0
경상남도,산청군,2010,4,0
경상남도,산청군,2010,5,0
경상남도,산청군,2010,6,0
경상남도,산청군,2010,7,0
경상남도,산청군,2010,8,0
경상남도,산청군,2010,9,0
경상남도,산청군,2010,10,0
경상남도,산청군,2010,11,0
경상남도,산청군,2010,12,0
경상남도,산청군,2011,1,0
경상남도,산청군,2011,2,0
경상남도,산청군,2011,3,0
경상남도,산청군,2011,4,0
경상남도,산청군,2011,5,0
경상남도,산청군,2011,6,0
경상남도,산청군,2011,7,0
경상남도,산청군,2011,8,0
경상남도,산청군,2011,9,0
경상남도,산청군,2011,10,0
경상남도,산청군,2011,11,0
경상남도,산청군,2011,12,0
경상남도,산청군,2012,1,0
경상남도,산청군,2012,2,0
경상남도,산청군,2012,3,0
경상남도,산청군,2012,4,0
경상남도,산청군,2012,5,0
경상남도,산청군,2012,6,0
경상남도,산청군,2012,7,0
경상남도,산청군,2012,8,0
경상남도,산청군,2012,9,0
경상남도,산청군,2012,10,0
경상남도,산청군,2012,11,0
경상남도,산청군,2012,12,0
경상남도,산청군,2013,1,0
경상남도,산청군,2013,2,0
경상남도,산청군,2013,3,0
경상남도,산청군,2013,4,0
경상남도,산청군,2013,5,0
경상남도,산청군,2013,6,0
경상남도,산청군,2013,7,0
경상남도,산청군,2013,8,0
경상남도,산청군,2013,9,0
경상남도,산청군,2013,10,0
경상남도,산청군,2013,11,0
경상남도,산청군,2013,12,0
경상남도,산청군,2014,1,0
경상남도,산청군,2014,2,0
경상남도,산청군,2014,3,0
경상남도,산청군,2014,4,0
경상남도,산청군,2014,5,0
경상남도,산청군,2014,6,0
경상남도,산청군,2014,7,0
경상남도,산청군,2014,8,0
경상남도,산청군,2014,9,0
경상남도,산청군,2014,10,0
경상남도,산청군,2014,11,0
경상남도,산청군,2014,12,0
경상남도,산청군,2015,1,76592.03757
경상남도,산청군,2015,2,78024.35854
경상남도,산청군,2015,3,77521.71998
경상남도,산청군,2015,4,76064.86388
경상남도,산청군,2015,5,74594.08244
경상남도,산청군,2015,6,75852.00507
경상남도,산청군,2015,7,76417.63923
경상남도,산청군,2015,8,79352.57099
경상남도,산청군,2015,9,76806.2226
경상남도,산청군,2015,10,76912.98357
경상남도,산청군,2015,11,78282.30894
경상남도,산청군,2015,12,78985.20719
경상남도,산청군,2016,1,76870.53902
경상남도,산청군,2016,2,78990.6047
경상남도,산청군,2016,3,78600.71544
경상남도,산청군,2016,4,75169.14178
경상남도,산청군,2016,5,81314.86545
경상남도,산청군,2016,6,78240.29057
경상남도,산청군,2016,7,77943.59101
경상남도,산청군,2016,8,77942.90579
경상남도,산청군,2016,9,80698.1689
경상남도,산청군,2016,10,75279.46194
경상남도,산청군,2016,11,79374.32699
경상남도,산청군,2016,12,82171.38843
경상남도,산청군,2017,1,82916.01399
경상남도,산청군,2017,2,79328.69036
경상남도,산청군,2017,3,81188.05536
경상남도,산청군,2017,4,80110.10151
경상남도,산청군,2017,5,79993.452
경상남도,산청군,2017,6,79522.63773
경상남도,산청군,2017,7,78826.25424
경상남도,산청군,2017,8,78282.35836
경상남도,산청군,2017,9,76206.55934
경상남도,산청군,2017,10,77551.54219
경상남도,산청군,2017,11,76271.20846
경상남도,산청군,2017,12,72461.12644
경상남도,산청군,2018,1,82413.62155
경상남도,산청군,2018,2,83751.82817
경상남도,산청군,2018,3,81659.37378
경상남도,산청군,2018,4,81269.03112
경상남도,산청군,2018,5,84046.5291
경상남도,산청군,2018,6,81348.34377
경상남도,산청군,2018,7,85066.70753
경상남도,산청군,2018,8,86375.36629
경상남도,산청군,2018,9,83156.98327
경상남도,산청군,2018,10,82962.58952
경상남도,산청군,2018,11,83684.17914
경상남도,산청군,2018,12,77544.44676
경상남도,산청군,2019,1,85443.5219
경상남도,산청군,2019,2,83101.46657
경상남도,산청군,2019,3,84110.06009
경상남도,산청군,2019,4,86240.27916
경상남도,산청군,2019,5,86048.20375
경상남도,산청군,2019,6,84606.45251
경상남도,산청군,2019,7,87932.59792
경상남도,산청군,2019,8,83780.4492
경상남도,산청군,2019,9,84517.13349
경상남도,산청군,2019,10,84827.77397
경상남도,산청군,2019,11,83635.79981
경상남도,산청군,2019,12,84969.26162
경상남도,산청군,2020,1,90889.62096
경상남도,산청군,2020,2,83527.0539
경상남도,산청군,2020,3,88350.80473
경상남도,산청군,2020,4,85896.61571
경상남도,산청군,2020,5,73202.53457
경상남도,산청군,2020,6,79380.32073
경상남도,산청군,2020,7,83188.54507
경상남도,산청군,2020,8,82511.52741
경상남도,산청군,2020,9,87335.27824
경상남도,산청군,2020,10,86404.37896
경상남도,산청군,2020,11,86827.515
경상남도,산청군,2020,12,88350.80473
경상남도,산청군,2021,1,78806.3858
경상남도,산청군,2021,2,80957.82404
경상남도,산청군,2021,3,81834.33591
경상남도,산청군,2021,4,83109.26227
경상남도,산청군,2021,5,83109.26227
경상남도,산청군,2021,6,83109.26227
경상남도,산청군,2021,7,84941.96892
경상남도,산청군,2021,8,84384.18864
경상남도,산청군,2021,9,81595.28722
경상남도,산청군,2021,10,84145.13994
경상남도,산청군,2021,11,87173.09005
경상남도,산청군,2021,12,86694.99267
경상남도,소계,2010,1,0
경상남도,소계,2010,2,0
경상남도,소계,2010,3,0
경상남도,소계,2010,4,0
경상남도,소계,2010,5,0
경상남도,소계,2010,6,0
경상남도,소계,2010,7,0
경상남도,소계,2010,8,0
경상남도,소계,2010,9,0
경상남도,소계,2010,10,0
경상남도,소계,2010,11,0
경상남도,소계,2010,12,0
경상남도,소계,2011,1,0
경상남도,소계,2011,2,0
경상남도,소계,2011,3,0
경상남도,소계,2011,4,0
경상남도,소계,2011,5,0
경상남도,소계,2011,6,0
경상남도,소계,2011,7,0
경상남도,소계,2011,8,0
경상남도,소계,2011,9,0
경상남도,소계,2011,10,0
경상남도,소계,2011,11,0
경상남도,소계,2011,12,0
경상남도,소계,2012,1,0
경상남도,소계,2012,2,0
경상남도,소계,2012,3,0
경상남도,소계,2012,4,0
경상남도,소계,2012,5,0
경상남도,소계,2012,6,0
경상남도,소계,2012,7,0
경상남도,소계,2012,8,0
경상남도,소계,2012,9,0
경상남도,소계,2012,10,0
경상남도,소계,2012,11,0
경상남도,소계,2012,12,0
경상남도,소계,2013,1,0
경상남도,소계,2013,2,0
경상남도,소계,2013,3,0
경상남도,소계,2013,4,0
경상남도,소계,2013,5,0
경상남도,소계,2013,6,0
경상남도,소계,2013,7,0
경상남도,소계,2013,8,0
경상남도,소계,2013,9,0
경상남도,소계,2013,10,0
경상남도,소계,2013,11,0
경상남도,소계,2013,12,0
경상남도,소계,2014,1,0
경상남도,소계,2014,2,0
경상남도,소계,2014,3,0
경상남도,소계,2014,4,0
경상남도,소계,2014,5,0
경상남도,소계,2014,6,0
경상남도,소계,2014,7,0
경상남도,소계,2014,8,0
경상남도,소계,2014,9,0
경상남도,소계,2014,10,0
경상남도,소계,2014,11,0
경상남도,소계,2014,12,0
경상남도,소계,2015,1,8822092.114
경상남도,소계,2015,2,8987070.98
경상남도,소계,2015,3,8929175.619
경상남도,소계,2015,4,8761370.726
경상남도,소계,2015,5,8591961.871
경상남도,소계,2015,6,8736853.033
경상남도,소계,2015,7,8802004.409
경상남도,소계,2015,8,9140058.327
경상남도,소계,2015,9,8846762.565
경상남도,소계,2015,10,8859059.601
경상남도,소계,2015,11,9016782.452
경상남도,소계,2015,12,9097744.303
경상남도,소계,2016,1,8754059.596
경상남도,소계,2016,2,8995493.851
경상남도,소계,2016,3,8951093.046
경상남도,소계,2016,4,8560303.535
경상남도,소계,2016,5,9260181.954
경상남도,소계,2016,6,8910047.662
경상남도,소계,2016,7,8876259.351
경상남도,소계,2016,8,8876181.318
경상남도,소계,2016,9,9189952.209
경상남도,소계,2016,10,8572866.856
경상남도,소계,2016,11,9039192.358
경상남도,소계,2016,12,9357723.265
경상남도,소계,2017,1,9373301.44
경상남도,소계,2017,2,8967769.817
경상남도,소계,2017,3,9177963.093
경상남도,소계,2017,4,9056105.011
경상남도,소계,2017,5,9042918.283
경상남도,소계,2017,6,8989694.74
경상남도,소계,2017,7,8910971.559
경상남도,소계,2017,8,8849486.451
경상남도,소계,2017,9,8614826.232
경상남도,소계,2017,10,8766870.802
경상남도,소계,2017,11,8622134.54
경상남도,소계,2017,12,8191421.032
경상남도,소계,2018,1,8896537.831
경상남도,소계,2018,2,9040997.03
경상남도,소계,2018,3,8815116.899
경상남도,소계,2018,4,8772979.469
경상남도,소계,2018,5,9072809.951
경상남도,소계,2018,6,8781541.257
경상남도,소계,2018,7,9182938.056
경상남도,소계,2018,8,9324207.569
경상남도,소계,2018,9,8976783.615
경상남도,소계,2018,10,8955798.839
경상남도,소계,2018,11,9033694.328
경상남도,소계,2018,12,8370911.157
경상남도,소계,2019,1,9168873.494
경상남도,소계,2019,2,8917549.478
경상남도,소계,2019,3,9025780.812
경상남도,소계,2019,4,9254372.855
경상남도,소계,2019,5,9233761.402
경상남도,소계,2019,6,9079048.272
경상남도,소계,2019,7,9435974.178
경상남도,소계,2019,8,8990410.541
경상남도,소계,2019,9,9069463.522
경상남도,소계,2019,10,9102798.094
경상남도,소계,2019,11,8974888.335
경상남도,소계,2019,12,9117981.017
경상남도,소계,2020,1,9253467.778
경상남도,소계,2020,2,8503885.193
경상남도,소계,2020,3,8994991.025
경상남도,소계,2020,4,8745130.163
경상남도,소계,2020,5,7452746.395
경상남도,소계,2020,6,8081706.495
경상남도,소계,2020,7,8469421.626
경상남도,소계,2020,8,8400494.491
경상남도,소계,2020,9,8891600.323
경상남도,소계,2020,10,8796825.514
경상남도,소계,2020,11,8839904.973
경상남도,소계,2020,12,8994991.025
경상남도,소계,2021,1,8306584.36
경상남도,소계,2021,2,8533356.632
경상남도,소계,2021,3,8625745.336
경상남도,소계,2021,4,8760128.905
경상남도,소계,2021,5,8760128.905
경상남도,소계,2021,6,8760128.905
경상남도,소계,2021,7,8953305.286
경상남도,소계,2021,8,8894512.474
경상남도,소계,2021,9,8600548.417
경상남도,소계,2021,10,8869315.555
경상남도,소계,2021,11,9188476.531
경상남도,소계,2021,12,9138082.693
경상남도,양산시,2010,1,0
경상남도,양산시,2010,2,0
경상남도,양산시,2010,3,0
경상남도,양산시,2010,4,0
경상남도,양산시,2010,5,0
경상남도,양산시,2010,6,0
경상남도,양산시,2010,7,0
경상남도,양산시,2010,8,0
경상남도,양산시,2010,9,0
경상남도,양산시,2010,10,0
경상남도,양산시,2010,11,0
경상남도,양산시,2010,12,0
경상남도,양산시,2011,1,0
경상남도,양산시,2011,2,0
경상남도,양산시,2011,3,0
경상남도,양산시,2011,4,0
경상남도,양산시,2011,5,0
경상남도,양산시,2011,6,0
경상남도,양산시,2011,7,0
경상남도,양산시,2011,8,0
경상남도,양산시,2011,9,0
경상남도,양산시,2011,10,0
경상남도,양산시,2011,11,0
경상남도,양산시,2011,12,0
경상남도,양산시,2012,1,0
경상남도,양산시,2012,2,0
경상남도,양산시,2012,3,0
경상남도,양산시,2012,4,0
경상남도,양산시,2012,5,0
경상남도,양산시,2012,6,0
경상남도,양산시,2012,7,0
경상남도,양산시,2012,8,0
경상남도,양산시,2012,9,0
경상남도,양산시,2012,10,0
경상남도,양산시,2012,11,0
경상남도,양산시,2012,12,0
경상남도,양산시,2013,1,0
경상남도,양산시,2013,2,0
경상남도,양산시,2013,3,0
경상남도,양산시,2013,4,0
경상남도,양산시,2013,5,0
경상남도,양산시,2013,6,0
경상남도,양산시,2013,7,0
경상남도,양산시,2013,8,0
경상남도,양산시,2013,9,0
경상남도,양산시,2013,10,0
경상남도,양산시,2013,11,0
경상남도,양산시,2013,12,0
경상남도,양산시,2014,1,0
경상남도,양산시,2014,2,0
경상남도,양산시,2014,3,0
경상남도,양산시,2014,4,0
경상남도,양산시,2014,5,0
경상남도,양산시,2014,6,0
경상남도,양산시,2014,7,0
경상남도,양산시,2014,8,0
경상남도,양산시,2014,9,0
경상남도,양산시,2014,10,0
경상남도,양산시,2014,11,0
경상남도,양산시,2014,12,0
경상남도,양산시,2015,1,811714.1551
경상남도,양산시,2015,2,826893.7383
경상남도,양산시,2015,3,821566.829
경상남도,양산시,2015,4,806127.2252
경상남도,양산시,2015,5,790540.0421
경상남도,양산시,2015,6,803871.3705
경상남도,양산시,2015,7,809865.9003
경상남도,양산시,2015,8,840969.9907
경상남도,양산시,2015,9,813984.065
경상남도,양산시,2015,10,815115.5062
경상남도,양산시,2015,11,829627.4688
경상남도,양산시,2015,12,837076.7087
경상남도,양산시,2016,1,831257.9354
경상남도,양산시,2016,2,854183.772
경상남도,양산시,2016,3,849967.6114
경상남도,양산시,2016,4,812859.4699
경상남도,양산시,2016,5,879317.7209
경상남도,양산시,2016,6,846070.071
경상남도,양산시,2016,7,842861.6394
경상남도,양산시,2016,8,842854.2296
경상남도,양산시,2016,9,872648.9255
경상남도,양산시,2016,10,814052.4433
경상남도,양산시,2016,11,858333.2447
경상남도,양산시,2016,12,888579.9367
경상남도,양산시,2017,1,881754.9138
경상남도,양산시,2017,2,843606.1885
경상남도,양산시,2017,3,863379.2594
경상남도,양산시,2017,4,851915.9598
경상남도,양산시,2017,5,850675.4724
경상남도,양산시,2017,6,845668.6857
경상남도,양산시,2017,7,838263.1251
경상남도,양산시,2017,8,832479.1656
경상남도,양산시,2017,9,810404.4674
경상남도,양산시,2017,10,824707.4371
경상남도,양산시,2017,11,811091.9665
경상남도,양산시,2017,12,770574.3586
경상남도,양산시,2018,1,855028.6601
경상남도,양산시,2018,2,868912.3481
경상남도,양산시,2018,3,847203.4554
경상남도,양산시,2018,4,843153.7102
경상남도,양산시,2018,5,871969.825
경상남도,양산시,2018,6,843976.5668
경상남도,양산시,2018,7,882554.0195
경상남도,양산시,2018,8,896131.1531
경상남도,양산시,2018,9,862740.9238
경상남도,양산시,2018,10,860724.1184
경상남도,양산시,2018,11,868210.4999
경상남도,양산시,2018,12,804511.7198
경상남도,양산시,2019,1,870306.4526
경상남도,양산시,2019,2,846450.8597
경상남도,양산시,2019,3,856724.1424
경상남도,양산시,2019,4,878422.0238
경상남도,양산시,2019,5,876465.5914
경상남도,양산시,2019,6,861780.2721
경상남도,양산시,2019,7,895659.5615
경상남도,양산시,2019,8,853366.8078
경상남도,양산시,2019,9,860870.4908
경상남도,양산시,2019,10,864034.5974
경상남도,양산시,2019,11,851893.4452
경상남도,양산시,2019,12,865475.7554
경상남도,양산시,2020,1,892146.2294
경상남도,양산시,2020,2,819877.4008
경상남도,양산시,2020,3,867225.9437
경상남도,양산시,2020,4,843136.3341
경상남도,양산시,2020,5,718534.9054
경상남도,양산시,2020,6,779174.2674
경상남도,양산시,2020,7,816554.696
경상남도,양산시,2020,8,809909.2865
경상남도,양산시,2020,9,857257.8294
경상남도,양산시,2020,10,848120.3913
경상남도,양산시,2020,11,852273.7722
경상남도,양산시,2020,12,867225.9437
경상남도,양산시,2021,1,801940.045
경상남도,양산시,2021,2,823833.2515
경상남도,양산시,2021,3,832752.706
경상남도,양산시,2021,4,845726.458
경상남도,양산시,2021,5,845726.458
경상남도,양산시,2021,6,845726.458
경상남도,양산시,2021,7,864376.2265
경상남도,양산시,2021,8,858700.21
경상남도,양산시,2021,9,830320.1275
경상남도,양산시,2021,10,856267.6315
경상남도,양산시,2021,11,887080.2925
경상남도,양산시,2021,12,882215.1355
경상남도,의령군,2010,1,0
경상남도,의령군,2010,2,0
경상남도,의령군,2010,3,0
경상남도,의령군,2010,4,0
경상남도,의령군,2010,5,0
경상남도,의령군,2010,6,0
경상남도,의령군,2010,7,0
경상남도,의령군,2010,8,0
경상남도,의령군,2010,9,0
경상남도,의령군,2010,10,0
경상남도,의령군,2010,11,0
경상남도,의령군,2010,12,0
경상남도,의령군,2011,1,0
경상남도,의령군,2011,2,0
경상남도,의령군,2011,3,0
경상남도,의령군,2011,4,0
경상남도,의령군,2011,5,0
경상남도,의령군,2011,6,0
경상남도,의령군,2011,7,0
경상남도,의령군,2011,8,0
경상남도,의령군,2011,9,0
경상남도,의령군,2011,10,0
경상남도,의령군,2011,11,0
경상남도,의령군,2011,12,0
경상남도,의령군,2012,1,0
경상남도,의령군,2012,2,0
경상남도,의령군,2012,3,0
경상남도,의령군,2012,4,0
경상남도,의령군,2012,5,0
경상남도,의령군,2012,6,0
경상남도,의령군,2012,7,0
경상남도,의령군,2012,8,0
경상남도,의령군,2012,9,0
경상남도,의령군,2012,10,0
경상남도,의령군,2012,11,0
경상남도,의령군,2012,12,0
경상남도,의령군,2013,1,0
경상남도,의령군,2013,2,0
경상남도,의령군,2013,3,0
경상남도,의령군,2013,4,0
경상남도,의령군,2013,5,0
경상남도,의령군,2013,6,0
경상남도,의령군,2013,7,0
경상남도,의령군,2013,8,0
경상남도,의령군,2013,9,0
경상남도,의령군,2013,10,0
경상남도,의령군,2013,11,0
경상남도,의령군,2013,12,0
경상남도,의령군,2014,1,0
경상남도,의령군,2014,2,0
경상남도,의령군,2014,3,0
경상남도,의령군,2014,4,0
경상남도,의령군,2014,5,0
경상남도,의령군,2014,6,0
경상남도,의령군,2014,7,0
경상남도,의령군,2014,8,0
경상남도,의령군,2014,9,0
경상남도,의령군,2014,10,0
경상남도,의령군,2014,11,0
경상남도,의령군,2014,12,0
경상남도,의령군,2015,1,68281.26774
경상남도,의령군,2015,2,69558.1719
경상남도,의령군,2015,3,69110.07312
경상남도,의령군,2015,4,67811.29607
경상남도,의령군,2015,5,66500.10466
경상남도,의령군,2015,6,67621.53392
경상남도,의령군,2015,7,68125.79283
경상남도,의령군,2015,8,70742.26405
경상남도,의령군,2015,9,68472.2122
경상남도,의령군,2015,10,68567.38886
경상남도,의령군,2015,11,69788.13288
경상남도,의령군,2015,12,70414.76177
경상남도,의령군,2016,1,69048.72868
경상남도,의령군,2016,2,70953.07125
경상남도,의령군,2016,3,70602.8544
경상남도,의령군,2016,4,67520.45376
경상남도,의령군,2016,5,73040.83143
경상남도,의령군,2016,6,70279.10386
경상남도,의령군,2016,7,70012.59438
경상남도,의령군,2016,8,70011.97888
경상남도,의령군,2016,9,72486.88562
경상남도,의령군,2016,10,67619.54851
경상남도,의령군,2016,11,71297.74864
경상남도,의령군,2016,12,73810.20059
경상남도,의령군,2017,1,75392.7239
경상남도,의령군,2017,2,72130.89199
경상남도,의령군,2017,3,73821.54963
경상남도,의령군,2017,4,72841.40269
경상남도,의령군,2017,5,72735.33724
경상남도,의령군,2017,6,72307.24177
경상남도,의령군,2017,7,71674.04384
경상남도,의령군,2017,8,71179.49773
경상남도,의령군,2017,9,69292.04397
경상남도,의령군,2017,10,70514.99133
경상남도,의령군,2017,11,69350.82723
경상남도,의령군,2017,12,65886.44867
경상남도,의령군,2018,1,74155.24199
경상남도,의령군,2018,2,75359.35162
경상남도,의령군,2018,3,73476.57474
경상남도,의령군,2018,4,73125.34694
경상남도,의령군,2018,5,75624.52161
경상남도,의령군,2018,6,73196.71195
경상남도,의령군,2018,7,76542.47154
경상남도,의령군,2018,8,77719.99421
경상남도,의령군,2018,9,74824.11404
경상남도,의령군,2018,10,74649.1998
경상남도,의령군,2018,11,75298.48146
경상남도,의령군,2018,12,69773.9901
경상남도,의령군,2019,1,76575.18093
경상남도,의령군,2019,2,74476.21184
경상남도,의령군,2019,3,75380.12158
경상남도,의령군,2019,4,77289.24128
경상남도,의령군,2019,5,77117.10173
경상남도,의령군,2019,6,75824.99252
경상남도,의령군,2019,7,78805.91115
경상남도,의령군,2019,8,75084.72161
경상남도,의령군,2019,9,75744.94408
경상남도,의령군,2019,10,76023.34262
경상남도,의령군,2019,11,74955.08565
경상남도,의령군,2019,12,76150.145
경상남도,의령군,2020,1,80514.3014
경상남도,의령군,2020,2,73992.19319
경상남도,의령군,2020,3,78265.29857
경상남도,의령군,2020,4,76091.2625
경상남도,의령군,2020,5,64846.24833
경상남도,의령군,2020,6,70318.82189
경상남도,의령군,2020,7,73692.32614
경상남도,의령군,2020,8,73092.59205
경상남도,의령군,2020,9,77365.69743
경상남도,의령군,2020,10,76541.06306
경상남도,의령군,2020,11,76915.89687
경상남도,의령군,2020,12,78265.29857
경상남도,의령군,2021,1,69725.13054
경상남도,의령군,2021,2,71628.64775
경상남도,의령군,2021,3,72404.15477
경상남도,의령군,2021,4,73532.16497
경상남도,의령군,2021,5,73532.16497
경상남도,의령군,2021,6,73532.16497
경상남도,의령군,2021,7,75153.67963
경상남도,의령군,2021,8,74660.17517
경상남도,의령군,2021,9,72192.65285
경상남도,의령군,2021,10,74448.67325
경상남도,의령군,2021,11,77127.69748
경상남도,의령군,2021,12,76704.69366
경상남도,진주시,2010,1,0
경상남도,진주시,2010,2,0
경상남도,진주시,2010,3,0
경상남도,진주시,2010,4,0
경상남도,진주시,2010,5,0
경상남도,진주시,2010,6,0
경상남도,진주시,2010,7,0
경상남도,진주시,2010,8,0
경상남도,진주시,2010,9,0
경상남도,진주시,2010,10,0
경상남도,진주시,2010,11,0
경상남도,진주시,2010,12,0
경상남도,진주시,2011,1,0
경상남도,진주시,2011,2,0
경상남도,진주시,2011,3,0
경상남도,진주시,2011,4,0
경상남도,진주시,2011,5,0
경상남도,진주시,2011,6,0
경상남도,진주시,2011,7,0
경상남도,진주시,2011,8,0
경상남도,진주시,2011,9,0
경상남도,진주시,2011,10,0
경상남도,진주시,2011,11,0
경상남도,진주시,2011,12,0
경상남도,진주시,2012,1,0
경상남도,진주시,2012,2,0
경상남도,진주시,2012,3,0
경상남도,진주시,2012,4,0
경상남도,진주시,2012,5,0
경상남도,진주시,2012,6,0
경상남도,진주시,2012,7,0
경상남도,진주시,2012,8,0
경상남도,진주시,2012,9,0
경상남도,진주시,2012,10,0
경상남도,진주시,2012,11,0
경상남도,진주시,2012,12,0
경상남도,진주시,2013,1,0
경상남도,진주시,2013,2,0
경상남도,진주시,2013,3,0
경상남도,진주시,2013,4,0
경상남도,진주시,2013,5,0
경상남도,진주시,2013,6,0
경상남도,진주시,2013,7,0
경상남도,진주시,2013,8,0
경상남도,진주시,2013,9,0
경상남도,진주시,2013,10,0
경상남도,진주시,2013,11,0
경상남도,진주시,2013,12,0
경상남도,진주시,2014,1,0
경상남도,진주시,2014,2,0
경상남도,진주시,2014,3,0
경상남도,진주시,2014,4,0
경상남도,진주시,2014,5,0
경상남도,진주시,2014,6,0
경상남도,진주시,2014,7,0
경상남도,진주시,2014,8,0
경상남도,진주시,2014,9,0
경상남도,진주시,2014,10,0
경상남도,진주시,2014,11,0
경상남도,진주시,2014,12,0
경상남도,진주시,2015,1,587208.1595
경상남도,진주시,2015,2,598189.3344
경상남도,진주시,2015,3,594335.7555
경상남도,진주시,2015,4,583166.4771
경상남도,진주시,2015,5,571890.4373
경상남도,진주시,2015,6,581534.5525
경상남도,진주시,2015,7,585871.0998
경상남도,진주시,2015,8,608372.3406
경상남도,진주시,2015,9,588850.2519
경상남도,진주시,2015,10,589668.7561
경상남도,진주시,2015,11,600166.9627
경상남도,진주시,2015,12,605555.8726
경상남도,진주시,2016,1,636606.8941
경상남도,진주시,2016,2,654164.3152
경상남도,진주시,2016,3,650935.4294
경상남도,진주시,2016,4,622516.6948
경상남도,진주시,2016,5,673412.7872
경상남도,진주시,2016,6,647950.5543
경상남도,진주시,2016,7,645493.4233
경상남도,진주시,2016,8,645487.7486
경상남도,진주시,2016,9,668305.5865
경상남도,진주시,2016,10,623430.3162
경상남도,진주시,2016,11,657342.129
경상남도,진주시,2016,12,680506.1215
경상남도,진주시,2017,1,693422.1519
경상남도,진주시,2017,2,663421.5579
경상남도,진주시,2017,3,678971.3271
경상남도,진주시,2017,4,669956.4572
경상남도,진주시,2017,5,668980.9236
경상남도,진주시,2017,6,665043.5293
경상남도,진주시,2017,7,659219.7118
경상남도,진주시,2017,8,654671.1398
경상남도,진주시,2017,9,637311.3446
경상남도,진주시,2017,10,648559.3636
경상남도,진주시,2017,11,637852.0017
경상남도,진주시,2017,12,605988.4914
경상남도,진주시,2018,1,661982.9706
경상남도,진주시,2018,2,672732.043
경상남도,진주시,2018,3,655924.516
경상남도,진주시,2018,4,652789.1096
경상남도,진주시,2018,5,675099.2124
경상남도,진주시,2018,6,653426.1842
경상남도,진주시,2018,7,683293.7406
경상남도,진주시,2018,8,693805.4715
경상남도,진주시,2018,9,667953.9835
경상남도,진주시,2018,10,666392.5261
경상남도,진주시,2018,11,672188.6559
경상남도,진주시,2018,12,622871.5866
경상남도,진주시,2019,1,681399.288
경상남도,진주시,2019,2,662721.7475
경상남도,진주시,2019,3,670765.1298
경상남도,진주시,2019,4,687753.3078
경상남도,진주시,2019,5,686221.5352
경상남도,진주시,2019,6,674723.785
경상남도,진주시,2019,7,701249.2964
경상남도,진주시,2019,8,668136.5323
경상남도,진주시,2019,9,674011.4792
경상남도,진주시,2019,10,676488.7905
경상남도,진주시,2019,11,666982.9751
경상남도,진주시,2019,12,677617.1333
경상남도,진주시,2020,1,699758.3297
경상남도,진주시,2020,2,643073.9958
경상남도,진주시,2020,3,680212.0077
경상남도,진주시,2020,4,661317.2297
경상남도,진주시,2020,5,563585.6194
경상남도,진주시,2020,6,611148.3364
경상남도,진주시,2020,7,640467.8195
경상남도,진주시,2020,8,635255.4669
경상남도,진주시,2020,9,672393.4788
경상남도,진주시,2020,10,665226.4941
경상남도,진주시,2020,11,668484.2144
경상남도,진주시,2020,12,680212.0077
경상남도,진주시,2021,1,630671.1444
경상남도,진주시,2021,2,647888.658
경상남도,진주시,2021,3,654903.2005
경상남도,진주시,2021,4,665106.1715
경상남도,진주시,2021,5,665106.1715
경상남도,진주시,2021,6,665106.1715
경상남도,진주시,2021,7,679772.9423
경상남도,진주시,2021,8,675309.1425
경상남도,진주시,2021,9,652990.1434
경상남도,진주시,2021,10,673396.0854
경상남도,진주시,2021,11,697628.1415
경상남도,진주시,2021,12,693802.0274
경상남도,창녕군,2010,1,0
경상남도,창녕군,2010,2,0
경상남도,창녕군,2010,3,0
경상남도,창녕군,2010,4,0
경상남도,창녕군,2010,5,0
경상남도,창녕군,2010,6,0
경상남도,창녕군,2010,7,0
경상남도,창녕군,2010,8,0
경상남도,창녕군,2010,9,0
경상남도,창녕군,2010,10,0
경상남도,창녕군,2010,11,0
경상남도,창녕군,2010,12,0
경상남도,창녕군,2011,1,0
경상남도,창녕군,2011,2,0
경상남도,창녕군,2011,3,0
경상남도,창녕군,2011,4,0
경상남도,창녕군,2011,5,0
경상남도,창녕군,2011,6,0
경상남도,창녕군,2011,7,0
경상남도,창녕군,2011,8,0
경상남도,창녕군,2011,9,0
경상남도,창녕군,2011,10,0
경상남도,창녕군,2011,11,0
경상남도,창녕군,2011,12,0
경상남도,창녕군,2012,1,0
경상남도,창녕군,2012,2,0
경상남도,창녕군,2012,3,0
경상남도,창녕군,2012,4,0
경상남도,창녕군,2012,5,0
경상남도,창녕군,2012,6,0
경상남도,창녕군,2012,7,0
경상남도,창녕군,2012,8,0
경상남도,창녕군,2012,9,0
경상남도,창녕군,2012,10,0
경상남도,창녕군,2012,11,0
경상남도,창녕군,2012,12,0
경상남도,창녕군,2013,1,0
경상남도,창녕군,2013,2,0
경상남도,창녕군,2013,3,0
경상남도,창녕군,2013,4,0
경상남도,창녕군,2013,5,0
경상남도,창녕군,2013,6,0
경상남도,창녕군,2013,7,0
경상남도,창녕군,2013,8,0
경상남도,창녕군,2013,9,0
경상남도,창녕군,2013,10,0
경상남도,창녕군,2013,11,0
경상남도,창녕군,2013,12,0
경상남도,창녕군,2014,1,0
경상남도,창녕군,2014,2,0
경상남도,창녕군,2014,3,0
경상남도,창녕군,2014,4,0
경상남도,창녕군,2014,5,0
경상남도,창녕군,2014,6,0
경상남도,창녕군,2014,7,0
경상남도,창녕군,2014,8,0
경상남도,창녕군,2014,9,0
경상남도,창녕군,2014,10,0
경상남도,창녕군,2014,11,0
경상남도,창녕군,2014,12,0
경상남도,창녕군,2015,1,188333.5836
경상남도,창녕군,2015,2,191855.5443
경상남도,창녕군,2015,3,190619.597
경상남도,창녕군,2015,4,187037.3065
경상남도,창녕군,2015,5,183420.7747
경상남도,창녕군,2015,6,186513.904
경상남도,창녕군,2015,7,187904.7523
경상남도,창녕군,2015,8,195121.5105
경상남도,창녕군,2015,9,188860.2472
경상남도,창녕군,2015,10,189122.7637
경상남도,창녕군,2015,11,192489.8233
경상남도,창녕군,2015,12,194218.1929
경상남도,창녕군,2016,1,190653.528
경상남도,창녕군,2016,2,195911.6933
경상남도,창녕군,2016,3,194944.694
경상남도,창녕군,2016,4,186433.7399
경상남도,창녕군,2016,5,201676.3012
경상남도,창녕군,2016,6,194050.7719
경상남도,창녕군,2016,7,193314.9007
경상남도,창녕군,2016,8,193313.2012
경상남도,창녕군,2016,9,200146.7767
경상남도,창녕군,2016,10,186707.3549
경상남도,창녕군,2016,11,196863.3975
경상남도,창녕군,2016,12,203800.6408
경상남도,창녕군,2017,1,212950.7762
경상남도,창녕군,2017,2,203737.5577
경상남도,창녕군,2017,3,208512.9105
경상남도,창녕군,2017,4,205744.4331
경상남도,창녕군,2017,5,205444.8456
경상남도,창녕군,2017,6,204235.6671
경상남도,창녕군,2017,7,202447.1657
경상남도,창녕군,2017,8,201050.2938
경상남도,창녕군,2017,9,195719.0798
경상남도,창녕군,2017,10,199173.36
경상남도,창녕군,2017,11,195885.1163
경상남도,창녕군,2017,12,186099.794
경상남도,창녕군,2018,1,216576.674
경상남도,창녕군,2018,2,220093.3783
경상남도,창녕군,2018,3,214594.5688
경상남도,창녕군,2018,4,213568.7782
경상남도,창녕군,2018,5,220867.8298
경상남도,창녕군,2018,6,213777.2058
경상남도,창녕군,2018,7,223548.7804
경상남도,창녕군,2018,8,226987.8352
경상남도,창녕군,2018,9,218530.1716
경상남도,창녕군,2018,10,218019.3197
경상남도,창녕군,2018,11,219915.6019
경상남도,창녕군,2018,12,203780.8563
경상남도,창녕군,2019,1,223858.9205
경상남도,창녕군,2019,2,217722.8207
경상남도,창녕군,2019,3,220365.2991
경상남도,창녕군,2019,4,225946.3956
경상남도,창녕군,2019,5,225443.165
경상남도,창녕군,2019,6,221665.8292
경상남도,창녕군,2019,7,230380.2092
경상남도,창녕군,2019,8,219501.7305
경상남도,창녕군,2019,9,221431.8166
경상남도,창녕군,2019,10,222245.6834
경상남도,창녕군,2019,11,219122.7544
경상남도,창녕군,2019,12,222616.3759
경상남도,창녕군,2020,1,204744.8942
경상남도,창녕군,2020,2,188159.4139
경상남도,창녕군,2020,3,199025.7631
경상남도,창녕군,2020,4,193497.2697
경상남도,창녕군,2020,5,164901.614
경상남도,창녕군,2020,6,178818.1664
경상남도,창녕군,2020,7,187396.8631
경상남도,창녕군,2020,8,185871.7615
경상남도,창녕군,2020,9,196738.1106
경상남도,창녕군,2020,10,194641.0959
경상남도,창녕군,2020,11,195594.2844
경상남도,창녕군,2020,12,199025.7631
경상남도,창녕군,2021,1,200684.4782
경상남도,창녕군,2021,2,206163.2254
경상남도,창녕군,2021,3,208395.3075
경상남도,창녕군,2021,4,211641.9725
경상남도,창녕군,2021,5,211641.9725
경상남도,창녕군,2021,6,211641.9725
경상남도,창녕군,2021,7,216309.0534
경상남도,창녕군,2021,8,214888.6375
경상남도,창녕군,2021,9,207786.5579
경상남도,창녕군,2021,10,214279.8878
경상남도,창녕군,2021,11,221990.7171
경상남도,창녕군,2021,12,220773.2177
경상남도,창원시,2010,1,0
경상남도,창원시,2010,2,0
경상남도,창원시,2010,3,0
경상남도,창원시,2010,4,0
경상남도,창원시,2010,5,0
경상남도,창원시,2010,6,0
경상남도,창원시,2010,7,0
경상남도,창원시,2010,8,0
경상남도,창원시,2010,9,0
경상남도,창원시,2010,10,0
경상남도,창원시,2010,11,0
경상남도,창원시,2010,12,0
경상남도,창원시,2011,1,0
경상남도,창원시,2011,2,0
경상남도,창원시,2011,3,0
경상남도,창원시,2011,4,0
경상남도,창원시,2011,5,0
경상남도,창원시,2011,6,0
경상남도,창원시,2011,7,0
경상남도,창원시,2011,8,0
경상남도,창원시,2011,9,0
경상남도,창원시,2011,10,0
경상남도,창원시,2011,11,0
경상남도,창원시,2011,12,0
경상남도,창원시,2012,1,0
경상남도,창원시,2012,2,0
경상남도,창원시,2012,3,0
경상남도,창원시,2012,4,0
경상남도,창원시,2012,5,0
경상남도,창원시,2012,6,0
경상남도,창원시,2012,7,0
경상남도,창원시,2012,8,0
경상남도,창원시,2012,9,0
경상남도,창원시,2012,10,0
경상남도,창원시,2012,11,0
경상남도,창원시,2012,12,0
경상남도,창원시,2013,1,0
경상남도,창원시,2013,2,0
경상남도,창원시,2013,3,0
경상남도,창원시,2013,4,0
경상남도,창원시,2013,5,0
경상남도,창원시,2013,6,0
경상남도,창원시,2013,7,0
경상남도,창원시,2013,8,0
경상남도,창원시,2013,9,0
경상남도,창원시,2013,10,0
경상남도,창원시,2013,11,0
경상남도,창원시,2013,12,0
경상남도,창원시,2014,1,0
경상남도,창원시,2014,2,0
경상남도,창원시,2014,3,0
경상남도,창원시,2014,4,0
경상남도,창원시,2014,5,0
경상남도,창원시,2014,6,0
경상남도,창원시,2014,7,0
경상남도,창원시,2014,8,0
경상남도,창원시,2014,9,0
경상남도,창원시,2014,10,0
경상남도,창원시,2014,11,0
경상남도,창원시,2014,12,0
경상남도,창원시,2015,1,3026351.114
경상남도,창원시,2015,2,3082945.85
경상남도,창원시,2015,3,3063085.289
경상남도,창원시,2015,4,3005521.106
경상남도,창원시,2015,5,2947406.697
경상남도,창원시,2015,6,2997110.5
경상남도,창원시,2015,7,3019460.18
경상남도,창원시,2015,8,3135426.987
경상남도,창원시,2015,9,3034814.123
경상남도,창원시,2015,10,3039032.527
경상남도,창원시,2015,11,3093138.142
경상남도,창원시,2015,12,3120911.485
경상남도,창원시,2016,1,2951249.892
경상남도,창원시,2016,2,3032644.45
경상남도,창원시,2016,3,3017675.638
경상남도,창원시,2016,4,2885929.048
경상남도,창원시,2016,5,3121878.562
경상남도,창원시,2016,6,3003838.037
경상남도,창원시,2016,7,2992447.008
경상남도,창원시,2016,8,2992420.701
경상남도,창원시,2016,9,3098202.059
경상남도,창원시,2016,10,2890164.512
경상남도,창원시,2016,11,3047376.497
경상남도,창원시,2016,12,3154762.595
경상남도,창원시,2017,1,3199839.526
경상남도,창원시,2017,2,3061399.925
경상남도,창원시,2017,3,3133155.299
경상남도,창원시,2017,4,3091555.622
경상남도,창원시,2017,5,3087053.962
경상남도,창원시,2017,6,3068884.612
경상남도,창원시,2017,7,3042010.245
경상남도,창원시,2017,8,3021020.578
경상남도,창원시,2017,9,2940912.726
경상남도,창원시,2017,10,2992817.407
경상남도,창원시,2017,11,2943407.622
경상남도,창원시,2017,12,2796371.477
경상남도,창원시,2018,1,3093839.159
경상남도,창원시,2018,2,3144075.952
경상남도,창원시,2018,3,3065524.407
경상남도,창원시,2018,4,3050870.793
경상남도,창원시,2018,5,3155139.139
경상남도,창원시,2018,6,3053848.22
경상남도,창원시,2018,7,3193437.031
경상남도,창원시,2018,8,3242564.586
경상남도,창원시,2018,9,3121745.245
경상남도,창원시,2018,10,3114447.629
경상남도,창원시,2018,11,3141536.381
경상남도,창원시,2018,12,2911048.458
경상남도,창원시,2019,1,3167950.362
경상남도,창원시,2019,2,3081115.048
경상남도,창원시,2019,3,3118510.208
경상남도,창원시,2019,4,3197491.366
경상남도,창원시,2019,5,3190369.874
경상남도,창원시,2019,6,3136914.723
경상남도,창원시,2019,7,3260236.694
경상남도,창원시,2019,8,3106289.376
경상남도,창원시,2019,9,3133603.083
경상남도,창원시,2019,10,3145120.558
경상남도,창원시,2019,11,3100926.277
경상남도,창원시,2019,12,3150366.431
경상남도,창원시,2020,1,3206067.867
경상남도,창원시,2020,2,2946358.459
경상남도,창원시,2020,3,3116512.898
경상남도,창원시,2020,4,3029943.096
경상남도,창원시,2020,5,2582168.254
경상남도,창원시,2020,6,2800085.344
경상남도,창원시,2020,7,2934417.796
경상남도,창원시,2020,8,2910536.471
경상남도,창원시,2020,9,3080690.911
경상남도,창원시,2020,10,3047854.089
경상남도,창원시,2020,11,3062779.917
경상남도,창원시,2020,12,3116512.898
경상남도,창원시,2021,1,2857579.698
경상남도,창원시,2021,2,2935592.49
경상남도,창원시,2021,3,2967375.48
경상남도,창원시,2021,4,3013605.283
경상남도,창원시,2021,5,3013605.283
경상남도,창원시,2021,6,3013605.283
경상남도,창원시,2021,7,3080060.625
경상남도,창원시,2021,8,3059835.086
경상남도,창원시,2021,9,2958707.392
경상남도,창원시,2021,10,3051166.998
경상남도,창원시,2021,11,3160962.78
경상남도,창원시,2021,12,3143626.604
경상남도,통영시,2010,1,0
경상남도,통영시,2010,2,0
경상남도,통영시,2010,3,0
경상남도,통영시,2010,4,0
경상남도,통영시,2010,5,0
경상남도,통영시,2010,6,0
경상남도,통영시,2010,7,0
경상남도,통영시,2010,8,0
경상남도,통영시,2010,9,0
경상남도,통영시,2010,10,0
경상남도,통영시,2010,11,0
경상남도,통영시,2010,12,0
경상남도,통영시,2011,1,0
경상남도,통영시,2011,2,0
경상남도,통영시,2011,3,0
경상남도,통영시,2011,4,0
경상남도,통영시,2011,5,0
경상남도,통영시,2011,6,0
경상남도,통영시,2011,7,0
경상남도,통영시,2011,8,0
경상남도,통영시,2011,9,0
경상남도,통영시,2011,10,0
경상남도,통영시,2011,11,0
경상남도,통영시,2011,12,0
경상남도,통영시,2012,1,0
경상남도,통영시,2012,2,0
경상남도,통영시,2012,3,0
경상남도,통영시,2012,4,0
경상남도,통영시,2012,5,0
경상남도,통영시,2012,6,0
경상남도,통영시,2012,7,0
경상남도,통영시,2012,8,0
경상남도,통영시,2012,9,0
경상남도,통영시,2012,10,0
경상남도,통영시,2012,11,0
경상남도,통영시,2012,12,0
경상남도,통영시,2013,1,0
경상남도,통영시,2013,2,0
경상남도,통영시,2013,3,0
경상남도,통영시,2013,4,0
경상남도,통영시,2013,5,0
경상남도,통영시,2013,6,0
경상남도,통영시,2013,7,0
경상남도,통영시,2013,8,0
경상남도,통영시,2013,9,0
경상남도,통영시,2013,10,0
경상남도,통영시,2013,11,0
경상남도,통영시,2013,12,0
경상남도,통영시,2014,1,0
경상남도,통영시,2014,2,0
경상남도,통영시,2014,3,0
경상남도,통영시,2014,4,0
경상남도,통영시,2014,5,0
경상남도,통영시,2014,6,0
경상남도,통영시,2014,7,0
경상남도,통영시,2014,8,0
경상남도,통영시,2014,9,0
경상남도,통영시,2014,10,0
경상남도,통영시,2014,11,0
경상남도,통영시,2014,12,0
경상남도,통영시,2015,1,305652.9704
경상남도,통영시,2015,2,311368.8799
경상남도,통영시,2015,3,309363.019
경상남도,통영시,2015,4,303549.1981
경상남도,통영시,2015,5,297679.8058
경상남도,통영시,2015,6,302699.7504
경상남도,통영시,2015,7,304957.0054
경상남도,통영시,2015,8,316669.3275
경상남도,통영시,2015,9,306507.7105
경상남도,통영시,2015,10,306933.7575
경상남도,통영시,2015,11,312398.2729
경상남도,통영시,2015,12,315203.3026
경상남도,통영시,2016,1,310155.1027
경상남도,통영시,2016,2,318709.0844
경상남도,통영시,2016,3,317135.9701
경상남도,통영시,2016,4,303290.3526
경상남도,통영시,2016,5,328086.9468
경상남도,통영시,2016,6,315681.738
경상남도,통영시,2016,7,314484.6229
경상남도,통영시,2016,8,314481.8582
경상남도,통영시,2016,9,325598.7168
경상남도,통영시,2016,10,303735.4693
경상남도,통영시,2016,11,320257.3164
경상남도,통영시,2016,12,331542.8218
경상남도,통영시,2017,1,294827.4571
경상남도,통영시,2017,2,282071.8813
경상남도,통영시,2017,3,288683.2924
경상남도,통영시,2017,4,284850.3731
경상남도,통영시,2017,5,284435.5982
경상남도,통영시,2017,6,282761.507
경상남도,통영시,2017,7,280285.3511
경상남도,통영시,2017,8,278351.4009
경상남도,통영시,2017,9,270970.4076
경상남도,통영시,2017,10,275752.8115
경상남도,통영시,2017,11,271200.2828
경상남도,통영시,2017,12,257652.637
경상남도,통영시,2018,1,264897.4831
경상남도,통영시,2018,2,269198.8056
경상남도,통영시,2018,3,262473.1468
경상남도,통영시,2018,4,261218.4902
경상남도,통영시,2018,5,270146.0463
경상남도,통영시,2018,6,261473.4205
경상남도,통영시,2018,7,273425.1486
경상남도,통영시,2018,8,277631.4971
경상남도,통영시,2018,9,267286.829
경상남도,통영시,2018,10,266662.0001
경상남도,통영시,2018,11,268981.3651
경상남도,통영시,2018,12,249246.7676
경상남도,통영시,2019,1,273332.369
경상남도,통영시,2019,2,265840.1739
경상남도,통영시,2019,3,269066.6474
경상남도,통영시,2019,4,275881.1819
경상남도,통영시,2019,5,275266.7359
경상남도,통영시,2019,6,270654.5983
경상남도,통영시,2019,7,281294.8807
경상남도,통영시,2019,8,268012.2277
경상남도,통영시,2019,9,270368.8682
경상남도,통영시,2019,10,271362.6018
경상남도,통영시,2019,11,267549.4968
경상남도,통영시,2019,12,271815.2184
경상남도,통영시,2020,1,280424.4957
경상남도,통영시,2020,2,257708.5449
경상남도,통영시,2020,3,272591.4092
경상남도,통영시,2020,4,265019.4256
경상남도,통영시,2020,5,225853.9933
경상남도,통영시,2020,6,244914.5037
경상남도,통영시,2020,7,256664.1334
경상남도,통영시,2020,8,254575.3103
경상남도,통영시,2020,9,269458.1746
경상남도,통영시,2020,10,266586.0429
경상남도,통영시,2020,11,267891.5573
경상남도,통영시,2020,12,272591.4092
경상남도,통영시,2021,1,260430.2299
경상남도,통영시,2021,2,267540.0542
경상남도,통영시,2021,3,270436.6493
경상남도,통영시,2021,4,274649.8785
경상남도,통영시,2021,5,274649.8785
경상남도,통영시,2021,6,274649.8785
경상남도,통영시,2021,7,280706.3954
경상남도,통영시,2021,8,278863.1077
경상남도,통영시,2021,9,269646.6688
경상남도,통영시,2021,10,278073.1272
경상남도,통영시,2021,11,288079.5465
경상남도,통영시,2021,12,286499.5856
경상남도,하동군,2010,1,0
경상남도,하동군,2010,2,0
경상남도,하동군,2010,3,0
경상남도,하동군,2010,4,0
경상남도,하동군,2010,5,0
경상남도,하동군,2010,6,0
경상남도,하동군,2010,7,0
경상남도,하동군,2010,8,0
경상남도,하동군,2010,9,0
경상남도,하동군,2010,10,0
경상남도,하동군,2010,11,0
경상남도,하동군,2010,12,0
경상남도,하동군,2011,1,0
경상남도,하동군,2011,2,0
경상남도,하동군,2011,3,0
경상남도,하동군,2011,4,0
경상남도,하동군,2011,5,0
경상남도,하동군,2011,6,0
경상남도,하동군,2011,7,0
경상남도,하동군,2011,8,0
경상남도,하동군,2011,9,0
경상남도,하동군,2011,10,0
경상남도,하동군,2011,11,0
경상남도,하동군,2011,12,0
경상남도,하동군,2012,1,0
경상남도,하동군,2012,2,0
경상남도,하동군,2012,3,0
경상남도,하동군,2012,4,0
경상남도,하동군,2012,5,0
경상남도,하동군,2012,6,0
경상남도,하동군,2012,7,0
경상남도,하동군,2012,8,0
경상남도,하동군,2012,9,0
경상남도,하동군,2012,10,0
경상남도,하동군,2012,11,0
경상남도,하동군,2012,12,0
경상남도,하동군,2013,1,0
경상남도,하동군,2013,2,0
경상남도,하동군,2013,3,0
경상남도,하동군,2013,4,0
경상남도,하동군,2013,5,0
경상남도,하동군,2013,6,0
경상남도,하동군,2013,7,0
경상남도,하동군,2013,8,0
경상남도,하동군,2013,9,0
경상남도,하동군,2013,10,0
경상남도,하동군,2013,11,0
경상남도,하동군,2013,12,0
경상남도,하동군,2014,1,0
경상남도,하동군,2014,2,0
경상남도,하동군,2014,3,0
경상남도,하동군,2014,4,0
경상남도,하동군,2014,5,0
경상남도,하동군,2014,6,0
경상남도,하동군,2014,7,0
경상남도,하동군,2014,8,0
경상남도,하동군,2014,9,0
경상남도,하동군,2014,10,0
경상남도,하동군,2014,11,0
경상남도,하동군,2014,12,0
경상남도,하동군,2015,1,186643.1734
경상남도,하동군,2015,2,190133.5223
경상남도,하동군,2015,3,188908.6684
경상남도,하동군,2015,4,185358.5311
경상남도,하동군,2015,5,181774.4599
경상남도,하동군,2015,6,184839.8265
경상남도,하동군,2015,7,186218.1911
경상남도,하동군,2015,8,193370.1745
경상남도,하동군,2015,9,187165.1098
경상남도,하동군,2015,10,187425.2701
경상남도,하동군,2015,11,190762.1082
경상남도,하동군,2015,12,192474.9646
경상남도,하동군,2016,1,188215.451
경상남도,하동군,2016,2,193406.3749
경상남도,하동군,2016,3,192451.7415
경상남도,하동군,2016,4,184049.6256
경상남도,하동군,2016,5,199097.265
경상남도,하동군,2016,6,191569.2509
경상남도,하동군,2016,7,190842.79
경상남도,하동군,2016,8,190841.1123
경상남도,하동군,2016,9,197587.3
경상남도,하동군,2016,10,184319.7415
경상남도,하동군,2016,11,194345.9087
경상남도,하동군,2016,12,201194.4385
경상남도,하동군,2017,1,210289.1125
경상남도,하동군,2017,2,201191.0497
경상남도,하동군,2017,3,205906.7156
경상남도,하동군,2017,4,203172.8412
경상남도,하동군,2017,5,202876.9983
경상남도,하동군,2017,6,201682.9332
경상남도,하동군,2017,7,199916.7863
경상남도,하동군,2017,8,198537.3738
경상남도,하동군,2017,9,193272.7945
경상남도,하동군,2017,10,196683.8997
경상남도,하동군,2017,11,193436.7556
경상남도,하동군,2017,12,183773.7397
경상남도,하동군,2018,1,208618.0697
경상남도,하동군,2018,2,212005.5446
경상남도,하동군,2018,3,206708.8014
경상남도,하동군,2018,4,205720.7058
경상남도,하동군,2018,5,212751.5371
경상남도,하동군,2018,6,205921.4743
경상남도,하동군,2018,7,215333.9701
경상남도,하동군,2018,8,218646.649
경상남도,하동군,2018,9,210499.7815
경상남도,하동군,2018,10,210007.7021
경상남도,하동군,2018,11,211834.301
경상남도,하동군,2018,12,196292.4635
경상남도,하동군,2019,1,218181.2575
경상남도,하동군,2019,2,212200.7857
경상남도,하동군,2019,3,214776.2437
경상남도,하동군,2019,4,220215.7886
경상남도,하동군,2019,5,219725.3213
경상남도,하동군,2019,6,216043.7888
경상남도,하동군,2019,7,224537.1488
경상남도,하동군,2019,8,213934.5775
경상남도,하동군,2019,9,215815.7114
경상남도,하동군,2019,10,216608.9364
경상남도,하동군,2019,11,213565.2133
경상남도,하동군,2019,12,216970.2271
경상남도,하동군,2020,1,211434.4898
경상남도,하동군,2020,2,194307.115
경상남도,하동군,2020,3,205528.4985
경상남도,하동군,2020,4,199819.3735
경상남도,하동군,2020,5,170289.4169
경상남도,하동군,2020,6,184660.6624
경상남도,하동군,2020,7,193519.6495
경상남도,하동군,2020,8,191944.7184
경상남도,하동군,2020,9,203166.102
경상남도,하동군,2020,10,201000.5718
경상남도,하동군,2020,11,201984.9037
경상남도,하동군,2020,12,205528.4985
경상남도,하동군,2021,1,189470.5834
경상남도,하동군,2021,2,194643.1878
경상남도,하동군,2021,3,196750.5451
경상남도,하동군,2021,4,199815.7922
경상남도,하동군,2021,5,199815.7922
경상남도,하동군,2021,6,199815.7922
경상남도,하동군,2021,7,204222.0848
경상남도,하동군,2021,8,202881.0392
경상남도,하동군,2021,9,196175.8113
경상남도,하동군,2021,10,202306.3054
경상남도,하동군,2021,11,209586.2671
경상남도,하동군,2021,12,208436.7995
경상남도,함안군,2010,1,0
경상남도,함안군,2010,2,0
경상남도,함안군,2010,3,0
경상남도,함안군,2010,4,0
경상남도,함안군,2010,5,0
경상남도,함안군,2010,6,0
경상남도,함안군,2010,7,0
경상남도,함안군,2010,8,0
경상남도,함안군,2010,9,0
경상남도,함안군,2010,10,0
경상남도,함안군,2010,11,0
경상남도,함안군,2010,12,0
경상남도,함안군,2011,1,0
경상남도,함안군,2011,2,0
경상남도,함안군,2011,3,0
경상남도,함안군,2011,4,0
경상남도,함안군,2011,5,0
경상남도,함안군,2011,6,0
경상남도,함안군,2011,7,0
경상남도,함안군,2011,8,0
경상남도,함안군,2011,9,0
경상남도,함안군,2011,10,0
경상남도,함안군,2011,11,0
경상남도,함안군,2011,12,0
경상남도,함안군,2012,1,0
경상남도,함안군,2012,2,0
경상남도,함안군,2012,3,0
경상남도,함안군,2012,4,0
경상남도,함안군,2012,5,0
경상남도,함안군,2012,6,0
경상남도,함안군,2012,7,0
경상남도,함안군,2012,8,0
경상남도,함안군,2012,9,0
경상남도,함안군,2012,10,0
경상남도,함안군,2012,11,0
경상남도,함안군,2012,12,0
경상남도,함안군,2013,1,0
경상남도,함안군,2013,2,0
경상남도,함안군,2013,3,0
경상남도,함안군,2013,4,0
경상남도,함안군,2013,5,0
경상남도,함안군,2013,6,0
경상남도,함안군,2013,7,0
경상남도,함안군,2013,8,0
경상남도,함안군,2013,9,0
경상남도,함안군,2013,10,0
경상남도,함안군,2013,11,0
경상남도,함안군,2013,12,0
경상남도,함안군,2014,1,0
경상남도,함안군,2014,2,0
경상남도,함안군,2014,3,0
경상남도,함안군,2014,4,0
경상남도,함안군,2014,5,0
경상남도,함안군,2014,6,0
경상남도,함안군,2014,7,0
경상남도,함안군,2014,8,0
경상남도,함안군,2014,9,0
경상남도,함안군,2014,10,0
경상남도,함안군,2014,11,0
경상남도,함안군,2014,12,0
경상남도,함안군,2015,1,285173.2994
경상남도,함안군,2015,2,290506.2258
경상남도,함안군,2015,3,288634.7637
경상남도,함안군,2015,4,283210.4862
경상남도,함안군,2015,5,277734.3609
경상남도,함안군,2015,6,282417.9541
경상남도,함안군,2015,7,284523.9662
경상남도,함안군,2015,8,295451.5274
경상남도,함안군,2015,9,285970.7694
경상남도,함안군,2015,10,286368.2699
경상남도,함안군,2015,11,291466.6463
경상남도,함안군,2015,12,294083.7305
경상남도,함안군,2016,1,284694.1771
경상남도,함안군,2016,2,292545.9544
경상남도,함안군,2016,3,291101.9785
경상남도,함안군,2016,4,278392.9609
경상남도,함안군,2016,5,301153.9791
경상남도,함안군,2016,6,289767.1256
경상남도,함안군,2016,7,288668.2829
경상남도,함안군,2016,8,288665.7451
경상남도,함안군,2016,9,298870.0103
경상남도,함안군,2016,10,278801.5375
경상남도,함안군,2016,11,293967.0905
경상남도,함안군,2016,12,304326.1581
경상남도,함안군,2017,1,323973.1145
경상남도,함안군,2017,2,309956.5651
경상남도,함안군,2017,3,317221.5582
경상남도,함안군,2017,4,313009.7292
경상남도,함안군,2017,5,312553.9511
경상남도,함안군,2017,6,310714.3648
경상남도,함안군,2017,7,307993.4244
경상남도,함안군,2017,8,305868.2904
경상남도,함안군,2017,9,297757.6367
경상남도,함안군,2017,10,303012.8132
경상남도,함안군,2017,11,298010.2366
경상남도,함안군,2017,12,283123.3158
경상남도,함안군,2018,1,307308.2485
경상남도,함안군,2018,2,312298.2238
경상남도,함안군,2018,3,304495.7697
경상남도,함안군,2018,4,303040.2395
경상남도,함안군,2018,5,313397.1201
경상남도,함안군,2018,6,303335.9847
경상남도,함안군,2018,7,317201.2151
경상남도,함안군,2018,8,322081.0108
경상남도,함안군,2018,9,310080.1348
경상남도,함안군,2018,10,309355.2692
경상남도,함안군,2018,11,312045.9705
경상남도,함안군,2018,12,289151.8133
경상남도,함안군,2019,1,321810.4701
경상남도,함안군,2019,2,312989.4628
경상남도,함안군,2019,3,316788.1821
경상남도,함안군,2019,4,324811.3392
경상남도,함안군,2019,5,324087.9154
경상남도,함안군,2019,6,318657.7712
경상남도,함안군,2019,7,331185.2091
경상남도,함안군,2019,8,315546.7511
경상남도,함안군,2019,9,318321.3642
경상남도,함안군,2019,10,319491.346
경상남도,함안군,2019,11,315001.9504
경상남도,함안군,2019,12,320024.2384
경상남도,함안군,2020,1,331889.8885
경상남도,함안군,2020,2,305004.9534
경상남도,함안군,2020,3,322619.2213
경상남도,함안군,2020,4,313657.5762
경상남도,함안군,2020,5,267304.2398
경상남도,함안군,2020,6,289862.8635
경상남도,함안군,2020,7,303768.8645
경상남도,함안군,2020,8,301296.6865
경상남도,함안군,2020,9,318910.9543
경상남도,함안군,2020,10,315511.7097
경상남도,함안군,2020,11,317056.8209
경상남도,함안군,2020,12,322619.2213
경상남도,함안군,2021,1,290746.5321
경상남도,함안군,2021,2,298684.0006
경상남도,함안군,2021,3,301917.7841
경상남도,함안군,2021,4,306621.4692
경상남도,함안군,2021,5,306621.4692
경상남도,함안군,2021,6,306621.4692
경상남도,함안군,2021,7,313383.0164
경상남도,함안군,2021,8,311325.1542
경상남도,함안군,2021,9,301035.8432
경상남도,함안군,2021,10,310443.2133
경상남도,함안군,2021,11,321614.4653
경상남도,함안군,2021,12,319850.5834
경상남도,함양군,2010,1,0
경상남도,함양군,2010,2,0
경상남도,함양군,2010,3,0
경상남도,함양군,2010,4,0
경상남도,함양군,2010,5,0
경상남도,함양군,2010,6,0
경상남도,함양군,2010,7,0
경상남도,함양군,2010,8,0
경상남도,함양군,2010,9,0
경상남도,함양군,2010,10,0
경상남도,함양군,2010,11,0
경상남도,함양군,2010,12,0
경상남도,함양군,2011,1,0
경상남도,함양군,2011,2,0
경상남도,함양군,2011,3,0
경상남도,함양군,2011,4,0
경상남도,함양군,2011,5,0
경상남도,함양군,2011,6,0
경상남도,함양군,2011,7,0
경상남도,함양군,2011,8,0
경상남도,함양군,2011,9,0
경상남도,함양군,2011,10,0
경상남도,함양군,2011,11,0
경상남도,함양군,2011,12,0
경상남도,함양군,2012,1,0
경상남도,함양군,2012,2,0
경상남도,함양군,2012,3,0
경상남도,함양군,2012,4,0
경상남도,함양군,2012,5,0
경상남도,함양군,2012,6,0
경상남도,함양군,2012,7,0
경상남도,함양군,2012,8,0
경상남도,함양군,2012,9,0
경상남도,함양군,2012,10,0
경상남도,함양군,2012,11,0
경상남도,함양군,2012,12,0
경상남도,함양군,2013,1,0
경상남도,함양군,2013,2,0
경상남도,함양군,2013,3,0
경상남도,함양군,2013,4,0
경상남도,함양군,2013,5,0
경상남도,함양군,2013,6,0
경상남도,함양군,2013,7,0
경상남도,함양군,2013,8,0
경상남도,함양군,2013,9,0
경상남도,함양군,2013,10,0
경상남도,함양군,2013,11,0
경상남도,함양군,2013,12,0
경상남도,함양군,2014,1,0
경상남도,함양군,2014,2,0
경상남도,함양군,2014,3,0
경상남도,함양군,2014,4,0
경상남도,함양군,2014,5,0
경상남도,함양군,2014,6,0
경상남도,함양군,2014,7,0
경상남도,함양군,2014,8,0
경상남도,함양군,2014,9,0
경상남도,함양군,2014,10,0
경상남도,함양군,2014,11,0
경상남도,함양군,2014,12,0
경상남도,함양군,2015,1,75395.65684
경상남도,함양군,2015,2,76805.60471
경상남도,함양군,2015,3,76310.81745
경상남도,함양군,2015,4,74876.7177
경상남도,함양군,2015,5,73428.91012
경상남도,함양군,2015,6,74667.18378
경상남도,함양군,2015,7,75223.98264
경상남도,함양군,2015,8,78113.07026
경상남도,함양군,2015,9,75606.49627
경상남도,함양군,2015,10,75711.58961
경상남도,함양군,2015,11,77059.52588
경상남도,함양군,2015,12,77751.44474
경상남도,함양군,2016,1,77440.17937
경상남도,함양군,2016,2,79575.95555
경상남도,함양군,2016,3,79183.17706
경상남도,함양군,2016,4,75726.17412
경상남도,함양군,2016,5,81917.43997
경상남도,함양군,2016,6,78820.0813
경상남도,함양군,2016,7,78521.18309
경상남도,함양군,2016,8,78520.49279
경상남도,함양군,2016,9,81296.17347
경상남도,함양군,2016,10,75837.31179
경상남도,함양군,2016,11,79962.52137
경상남도,함양군,2016,12,82780.31012
경상남도,함양군,2017,1,83553.8985
경상남도,함양군,2017,2,79938.97709
경상남도,함양군,2017,3,81812.64644
경상남도,함양군,2017,4,80726.39973
경상남도,함양군,2017,5,80608.85283
경상남도,함양군,2017,6,80134.41652
경상남도,함양군,2017,7,79432.67566
경상남도,함양군,2017,8,78884.59551
경상남도,함양군,2017,9,76792.82707
경상남도,함양군,2017,10,78148.15706
경상남도,함양군,2017,11,76857.97355
경상남도,함양군,2017,12,73018.58004
경상남도,함양군,2018,1,79443.41598
경상남도,함양군,2018,2,80733.39332
경상남도,함양군,2018,3,78716.35146
경상남도,함양군,2018,4,78340.07684
경상남도,함양군,2018,5,81017.47317
경상남도,함양군,2018,6,78416.53105
경상남도,함양군,2018,7,82000.88414
경상남도,함양군,2018,8,83262.37854
경상남도,함양군,2018,9,80159.98677
경상남도,함양군,2018,10,79972.59901
경상남도,함양군,2018,11,80668.18238
경상남도,함양군,2018,12,74749.72734
경상남도,함양군,2019,1,83855.97938
경상남도,함양군,2019,2,81557.43949
경상남도,함양군,2019,3,82547.29332
경상남도,함양군,2019,4,84637.93288
경상남도,함양군,2019,5,84449.42623
경상남도,함양군,2019,6,83034.46276
경상남도,함양군,2019,7,86298.80831
경상남도,함양군,2019,8,82223.8066
경상남도,함양군,2019,9,82946.80329
경상남도,함양군,2019,10,83251.67206
경상남도,함양군,2019,11,82081.84481
경상남도,함양군,2019,12,83390.53087
경상남도,함양군,2020,1,86884.39903
경상남도,함양군,2020,2,79846.27732
경상남도,함양군,2020,3,84457.46051
경상남도,함양군,2020,4,82111.41994
경상남도,함양군,2020,5,69976.72734
경상남도,함양군,2020,6,75882.27774
경상남도,함양군,2020,7,79522.68552
경상남도,함양군,2020,8,78875.50192
경상남도,함양군,2020,9,83486.6851
경상남도,함양군,2020,10,82596.80765
경상남도,함양군,2020,11,83001.2974
경상남도,함양군,2020,12,84457.46051
경상남도,함양군,2021,1,76998.55244
경상남도,함양군,2021,2,79100.63628
경상남도,함양군,2021,3,79957.0408
경상남도,함양군,2021,4,81202.72011
경상남도,함양군,2021,5,81202.72011
경상남도,함양군,2021,6,81202.72011
경상남도,함양군,2021,7,82993.38412
경상남도,함양군,2021,8,82448.39943
경상남도,함양군,2021,9,79723.47593
경상남도,함양군,2021,10,82214.83456
경상남도,함양군,2021,11,85173.32292
경상남도,함양군,2021,12,84706.19318
경상남도,합천군,2010,1,0
경상남도,합천군,2010,2,0
경상남도,합천군,2010,3,0
경상남도,합천군,2010,4,0
경상남도,합천군,2010,5,0
경상남도,합천군,2010,6,0
경상남도,합천군,2010,7,0
경상남도,합천군,2010,8,0
경상남도,합천군,2010,9,0
경상남도,합천군,2010,10,0
경상남도,합천군,2010,11,0
경상남도,합천군,2010,12,0
경상남도,합천군,2011,1,0
경상남도,합천군,2011,2,0
경상남도,합천군,2011,3,0
경상남도,합천군,2011,4,0
경상남도,합천군,2011,5,0
경상남도,합천군,2011,6,0
경상남도,합천군,2011,7,0
경상남도,합천군,2011,8,0
경상남도,합천군,2011,9,0
경상남도,합천군,2011,10,0
경상남도,합천군,2011,11,0
경상남도,합천군,2011,12,0
경상남도,합천군,2012,1,0
경상남도,합천군,2012,2,0
경상남도,합천군,2012,3,0
경상남도,합천군,2012,4,0
경상남도,합천군,2012,5,0
경상남도,합천군,2012,6,0
경상남도,합천군,2012,7,0
경상남도,합천군,2012,8,0
경상남도,합천군,2012,9,0
경상남도,합천군,2012,10,0
경상남도,합천군,2012,11,0
경상남도,합천군,2012,12,0
경상남도,합천군,2013,1,0
경상남도,합천군,2013,2,0
경상남도,합천군,2013,3,0
경상남도,합천군,2013,4,0
경상남도,합천군,2013,5,0
경상남도,합천군,2013,6,0
경상남도,합천군,2013,7,0
경상남도,합천군,2013,8,0
경상남도,합천군,2013,9,0
경상남도,합천군,2013,10,0
경상남도,합천군,2013,11,0
경상남도,합천군,2013,12,0
경상남도,합천군,2014,1,0
경상남도,합천군,2014,2,0
경상남도,합천군,2014,3,0
경상남도,합천군,2014,4,0
경상남도,합천군,2014,5,0
경상남도,합천군,2014,6,0
경상남도,합천군,2014,7,0
경상남도,합천군,2014,8,0
경상남도,합천군,2014,9,0
경상남도,합천군,2014,10,0
경상남도,합천군,2014,11,0
경상남도,합천군,2014,12,0
경상남도,합천군,2015,1,89441.43971
경상남도,합천군,2015,2,91114.05286
경상남도,합천군,2015,3,90527.08954
경상남도,합천군,2015,4,88825.82514
경상남도,합천군,2015,5,87108.29923
경상남도,합천군,2015,6,88577.25624
경상남도,합천군,2015,7,89237.78357
경상남도,합천군,2015,8,92665.09182
경상남도,합천군,2015,9,89691.55732
경상남도,합천군,2015,10,89816.22895
경상남도,합천군,2015,11,91415.2781
경상남도,합천군,2015,12,92236.09752
경상남도,합천군,2016,1,85019.20956
경상남도,합천군,2016,2,87364.01305
경상남도,합천군,2016,3,86932.79353
경상남도,합천군,2016,4,83137.4555
경상남도,합천군,2016,5,89934.65734
경상남도,합천군,2016,6,86534.16178
경상남도,합천군,2016,7,86206.01055
경상남도,합천군,2016,8,86205.2527
경상남도,합천군,2016,9,89252.5878
경상남도,합천군,2016,10,83259.47017
경상남도,합천군,2016,11,87788.41187
경상남도,합천군,2016,12,90881.97614
경상남도,합천군,2017,1,91491.2154
경상남도,합천군,2017,2,87532.88958
경상남도,합천군,2017,3,89584.55072
경상남도,합천군,2017,4,88395.11452
경상남도,합천군,2017,5,88266.40108
경상남도,합천군,2017,6,87746.89505
경상남도,합천군,2017,7,86978.49135
경상남도,합천군,2017,8,86378.34558
경상남도,합천군,2017,9,84087.86674
경상남도,합천군,2017,10,85571.94815
경상남도,합천군,2017,11,84159.2019
경상남도,합천군,2017,12,79955.07994
경상남도,합천군,2018,1,88186.84559
경상남도,합천군,2018,2,89618.79601
경상남도,합천군,2018,3,87379.76139
경상남도,합천군,2018,4,86962.07452
경상남도,합천군,2018,5,89934.14128
경상남도,합천군,2018,6,87046.94316
경상남도,합천군,2018,7,91025.78507
경상남도,합천군,2018,8,92426.11776
경상남도,합천군,2018,9,88982.28115
경상남도,합천군,2018,10,88774.26976
경상남도,합천군,2018,11,89546.40805
경상남도,합천군,2018,12,82976.57625
경상남도,합천군,2019,1,90289.31164
경상남도,합천군,2019,2,87814.43046
경상남도,합천군,2019,3,88880.22472
경상남도,합천군,2019,4,91131.25569
경상남도,합천군,2019,5,90928.28703
경상남도,합천군,2019,6,89404.76923
경상남도,합천군,2019,7,92919.55154
경상남도,합천군,2019,8,88531.92048
경상남도,합천군,2019,9,89310.38463
경상남도,합천군,2019,10,89638.64257
경상남도,합천군,2019,11,88379.06755
경상남도,합천군,2019,12,89788.15446
경상남도,합천군,2020,1,95071.36754
경상남도,합천군,2020,2,87370.05565
경상남도,합천군,2020,3,92415.74275
경상남도,합천군,2020,4,89848.63879
경상남도,합천군,2020,5,76570.51483
경상남도,합천군,2020,6,83032.53515
경상남도,합천군,2020,7,87015.97234
경상남도,합천군,2020,8,86307.80573
경상남도,합천군,2020,9,91353.49284
경상남도,합천군,2020,10,90379.76375
경상남도,합천군,2020,11,90822.36788
경상남도,합천군,2020,12,92415.74275
경상남도,합천군,2021,1,84500.62345
경상남도,합천군,2021,2,86807.5161
경상남도,합천군,2021,3,87747.36125
경상남도,합천군,2021,4,89114.40875
경상남도,합천군,2021,5,89114.40875
경상남도,합천군,2021,6,89114.40875
경상남도,합천군,2021,7,91079.53953
경상남도,합천군,2021,8,90481.45625
경상남도,합천군,2021,9,87491.03985
경상남도,합천군,2021,10,90225.13484
경상남도,합천군,2021,11,93471.87265
경상남도,합천군,2021,12,92959.22984
경상북도,경산시,2010,1,0
경상북도,경산시,2010,2,0
경상북도,경산시,2010,3,0
경상북도,경산시,2010,4,0
경상북도,경산시,2010,5,0
경상북도,경산시,2010,6,0
경상북도,경산시,2010,7,0
경상북도,경산시,2010,8,0
경상북도,경산시,2010,9,0
경상북도,경산시,2010,10,0
경상북도,경산시,2010,11,0
경상북도,경산시,2010,12,0
경상북도,경산시,2011,1,0
경상북도,경산시,2011,2,0
경상북도,경산시,2011,3,0
경상북도,경산시,2011,4,0
경상북도,경산시,2011,5,0
경상북도,경산시,2011,6,0
경상북도,경산시,2011,7,0
경상북도,경산시,2011,8,0
경상북도,경산시,2011,9,0
경상북도,경산시,2011,10,0
경상북도,경산시,2011,11,0
경상북도,경산시,2011,12,0
경상북도,경산시,2012,1,0
경상북도,경산시,2012,2,0
경상북도,경산시,2012,3,0
경상북도,경산시,2012,4,0
경상북도,경산시,2012,5,0
경상북도,경산시,2012,6,0
경상북도,경산시,2012,7,0
경상북도,경산시,2012,8,0
경상북도,경산시,2012,9,0
경상북도,경산시,2012,10,0
경상북도,경산시,2012,11,0
경상북도,경산시,2012,12,0
경상북도,경산시,2013,1,0
경상북도,경산시,2013,2,0
경상북도,경산시,2013,3,0
경상북도,경산시,2013,4,0
경상북도,경산시,2013,5,0
경상북도,경산시,2013,6,0
경상북도,경산시,2013,7,0
경상북도,경산시,2013,8,0
경상북도,경산시,2013,9,0
경상북도,경산시,2013,10,0
경상북도,경산시,2013,11,0
경상북도,경산시,2013,12,0
경상북도,경산시,2014,1,0
경상북도,경산시,2014,2,0
경상북도,경산시,2014,3,0
경상북도,경산시,2014,4,0
경상북도,경산시,2014,5,0
경상북도,경산시,2014,6,0
경상북도,경산시,2014,7,0
경상북도,경산시,2014,8,0
경상북도,경산시,2014,9,0
경상북도,경산시,2014,10,0
경상북도,경산시,2014,11,0
경상북도,경산시,2014,12,0
경상북도,경산시,2015,1,608713.1198
경상북도,경산시,2015,2,601324.8051
경상북도,경산시,2015,3,579367.4256
경상북도,경산시,2015,4,605179.578
경상북도,경산시,2015,5,605505.7511
경상북도,경산시,2015,6,605565.0553
경상북도,경산시,2015,7,576323.1434
경상북도,경산시,2015,8,631159.759
경상북도,경산시,2015,9,622936.2435
경상북도,경산시,2015,10,632419.9732
경상북도,경산시,2015,11,611554.7794
경상북도,경산시,2015,12,550990.3666
경상북도,경산시,2016,1,646383.2579
경상북도,경산시,2016,2,633086.9488
경상북도,경산시,2016,3,667644.6844
경상북도,경산시,2016,4,617668.7197
경상북도,경산시,2016,5,640059.7254
경상북도,경산시,2016,6,644335.2357
경상북도,경산시,2016,7,589703.7154
경상북도,경산시,2016,8,614971.4533
경상북도,경산시,2016,9,618555.4922
경상북도,경산시,2016,10,548811.8904
경상북도,경산시,2016,11,590537.7038
경상북도,경산시,2016,12,555832.1728
경상북도,경산시,2017,1,627257.9849
경상북도,경산시,2017,2,633167.7214
경상북도,경산시,2017,3,613663.9167
경상북도,경산시,2017,4,633290.4922
경상북도,경산시,2017,5,622436.4435
경상북도,경산시,2017,6,602290.8827
경상북도,경산시,2017,7,634936.7361
경상북도,경산시,2017,8,608808.8924
경상북도,경산시,2017,9,652040.931
경상북도,경산시,2017,10,623312.5801
경상북도,경산시,2017,11,612430.6289
경상북도,경산시,2017,12,599857.79
경상북도,경산시,2018,1,611414.0932
경상북도,경산시,2018,2,633994.1337
경상북도,경산시,2018,3,639264.7447
경상북도,경산시,2018,4,618246.1517
경상북도,경산시,2018,5,659215.2843
경상북도,경산시,2018,6,645255.1307
경상북도,경산시,2018,7,642567.5835
경상북도,경산시,2018,8,631382.0468
경상북도,경산시,2018,9,612969.7361
경상북도,경산시,2018,10,631840.6131
경상북도,경산시,2018,11,630418.4769
경상북도,경산시,2018,12,605296.0051
경상북도,경산시,2019,1,659912.739
경상북도,경산시,2019,2,682792.0672
경상북도,경산시,2019,3,705503.9228
경상북도,경산시,2019,4,703867.8447
경상북도,경산시,2019,5,688138.3066
경상북도,경산시,2019,6,698598.9003
경상북도,경산시,2019,7,688254.2491
경상북도,경산시,2019,8,707700.3898
경상북도,경산시,2019,9,665709.8661
경상북도,경산시,2019,10,668331.4558
경상북도,경산시,2019,11,659320.1438
경상북도,경산시,2019,12,659378.1151
경상북도,경산시,2020,1,610329.9362
경상북도,경산시,2020,2,607846.3962
경상북도,경산시,2020,3,669934.8943
경상북도,경산시,2020,4,618401.4409
경상북도,경산시,2020,5,558796.4827
경상북도,경산시,2020,6,594807.8116
경상북도,경산시,2020,7,614055.246
경상북도,경산시,2020,8,610950.8211
경상북도,경산시,2020,9,623368.5208
경상북도,경산시,2020,10,626472.9457
경상북도,경산시,2020,11,627714.7156
경상북도,경산시,2020,12,686698.7888
경상북도,경산시,2021,1,674689.3133
경상북도,경산시,2021,2,663392.1899
경상북도,경산시,2021,3,660881.7181
경상북도,경산시,2021,4,660254.1001
경상북도,경산시,2021,5,646446.5049
경상북도,경산시,2021,6,632638.9096
경상북도,경산시,2021,7,663392.1899
경상북도,경산시,2021,8,616948.4605
경상북도,경산시,2021,9,642053.1791
경상북도,경산시,2021,10,638915.0893
경상북도,경산시,2021,11,647074.1228
경상북도,경산시,2021,12,727409.2225
경상북도,경주시,2010,1,0
경상북도,경주시,2010,2,0
경상북도,경주시,2010,3,0
경상북도,경주시,2010,4,0
경상북도,경주시,2010,5,0
경상북도,경주시,2010,6,0
경상북도,경주시,2010,7,0
경상북도,경주시,2010,8,0
경상북도,경주시,2010,9,0
경상북도,경주시,2010,10,0
경상북도,경주시,2010,11,0
경상북도,경주시,2010,12,0
경상북도,경주시,2011,1,0
경상북도,경주시,2011,2,0
경상북도,경주시,2011,3,0
경상북도,경주시,2011,4,0
경상북도,경주시,2011,5,0
경상북도,경주시,2011,6,0
경상북도,경주시,2011,7,0
경상북도,경주시,2011,8,0
경상북도,경주시,2011,9,0
경상북도,경주시,2011,10,0
경상북도,경주시,2011,11,0
경상북도,경주시,2011,12,0
경상북도,경주시,2012,1,0
경상북도,경주시,2012,2,0
경상북도,경주시,2012,3,0
경상북도,경주시,2012,4,0
경상북도,경주시,2012,5,0
경상북도,경주시,2012,6,0
경상북도,경주시,2012,7,0
경상북도,경주시,2012,8,0
경상북도,경주시,2012,9,0
경상북도,경주시,2012,10,0
경상북도,경주시,2012,11,0
경상북도,경주시,2012,12,0
경상북도,경주시,2013,1,0
경상북도,경주시,2013,2,0
경상북도,경주시,2013,3,0
경상북도,경주시,2013,4,0
경상북도,경주시,2013,5,0
경상북도,경주시,2013,6,0
경상북도,경주시,2013,7,0
경상북도,경주시,2013,8,0
경상북도,경주시,2013,9,0
경상북도,경주시,2013,10,0
경상북도,경주시,2013,11,0
경상북도,경주시,2013,12,0
경상북도,경주시,2014,1,0
경상북도,경주시,2014,2,0
경상북도,경주시,2014,3,0
경상북도,경주시,2014,4,0
경상북도,경주시,2014,5,0
경상북도,경주시,2014,6,0
경상북도,경주시,2014,7,0
경상북도,경주시,2014,8,0
경상북도,경주시,2014,9,0
경상북도,경주시,2014,10,0
경상북도,경주시,2014,11,0
경상북도,경주시,2014,12,0
경상북도,경주시,2015,1,838502.1879
경상북도,경주시,2015,2,828324.786
경상북도,경주시,2015,3,798078.5006
경상북도,경주시,2015,4,833634.7348
경상북도,경주시,2015,5,834084.0382
경상북도,경주시,2015,6,834165.7297
경상북도,경주시,2015,7,793885.0025
경상북도,경주시,2015,8,869422.4284
경상북도,경주시,2015,9,858094.5375
경상북도,경주시,2015,10,871158.3732
경상북도,경주시,2015,11,842416.5732
경상북도,경주시,2015,12,758989.1081
경상북도,경주시,2016,1,909669.4757
경상북도,경주시,2016,2,890957.2854
경상북도,경주시,2016,3,939591.1521
경상북도,경주시,2016,4,869258.8701
경상북도,경주시,2016,5,900770.2284
경상북도,경주시,2016,6,906787.2487
경상북도,경주시,2016,7,829903.1001
경상북도,경주시,2016,8,865462.9474
경상북도,경주시,2016,9,870506.8447
경상북도,경주시,2016,10,772355.1291
경상북도,경주시,2016,11,831076.7905
경상북도,경주시,2016,12,782234.9279
경상북도,경주시,2017,1,859668.2547
경상북도,경주시,2017,2,867767.654
경상북도,경주시,2017,3,841037.3418
경상북도,경주시,2017,4,867935.9135
경상북도,경주시,2017,5,853060.2462
경상북도,경주시,2017,6,825450.3959
경상북도,경주시,2017,7,870192.1201
경상북도,경주시,2017,8,834383.4444
경상북도,경주시,2017,9,893633.7244
경상북도,경주시,2017,10,854261.007
경상북도,경주시,2017,11,839347.0989
경상북도,경주시,2017,12,822115.799
경상북도,경주시,2018,1,812344.3708
경상북도,경주시,2018,2,842344.9366
경상북도,경주시,2018,3,849347.6394
경상북도,경주시,2018,4,821421.6628
경상북도,경주시,2018,5,875854.5661
경상북도,경주시,2018,6,857306.6584
경상북도,경주시,2018,7,853735.897
경상북도,경주시,2018,8,838874.4341
경상북도,경주시,2018,9,814411.2478
경상북도,경주시,2018,10,839483.7001
경상북도,경주시,2018,11,837594.2043
경상북도,경주시,2018,12,804215.6827
경상북도,경주시,2019,1,823107.0856
경상북도,경주시,2019,2,851644.3998
경상북도,경주시,2019,3,879972.8259
경상북도,경주시,2019,4,877932.1508
경상북도,경주시,2019,5,858312.7474
경상북도,경주시,2019,6,871360.2131
경상북도,경주시,2019,7,858457.3621
경상북도,경주시,2019,8,882712.4723
경상북도,경주시,2019,9,830337.824
경상북도,경주시,2019,10,833607.7246
경상북도,경주시,2019,11,822367.9435
경상북도,경주시,2019,12,822440.2509
경상북도,경주시,2020,1,763105.3251
경상북도,경주시,2020,2,760000.1153
경상북도,경주시,2020,3,837630.362
경상북도,경주시,2020,4,773197.2572
경상북도,경주시,2020,5,698672.2204
경상북도,경주시,2020,6,743697.7635
경상북도,경주시,2020,7,767763.1399
경상북도,경주시,2020,8,763881.6276
경상북도,경주시,2020,9,779407.6769
경상북도,경주시,2020,10,783289.1893
경상북도,경주시,2020,11,784841.7942
경상북도,경주시,2020,12,858590.5286
경상북도,경주시,2021,1,943434.0866
경상북도,경주시,2021,2,927637.0507
경상북도,경주시,2021,3,924126.5983
경상북도,경주시,2021,4,923248.9852
경상북도,경주시,2021,5,903941.4969
경상북도,경주시,2021,6,884634.0086
경상북도,경주시,2021,7,927637.0507
경상북도,경주시,2021,8,862693.681
경상북도,경주시,2021,9,897798.2052
경상북도,경주시,2021,10,893410.1396
경상북도,경주시,2021,11,904819.11
경상북도,경주시,2021,12,1017153.587
경상북도,고령군,2010,1,0
경상북도,고령군,2010,2,0
경상북도,고령군,2010,3,0
경상북도,고령군,2010,4,0
경상북도,고령군,2010,5,0
경상북도,고령군,2010,6,0
경상북도,고령군,2010,7,0
경상북도,고령군,2010,8,0
경상북도,고령군,2010,9,0
경상북도,고령군,2010,10,0
경상북도,고령군,2010,11,0
경상북도,고령군,2010,12,0
경상북도,고령군,2011,1,0
경상북도,고령군,2011,2,0
경상북도,고령군,2011,3,0
경상북도,고령군,2011,4,0
경상북도,고령군,2011,5,0
경상북도,고령군,2011,6,0
경상북도,고령군,2011,7,0
경상북도,고령군,2011,8,0
경상북도,고령군,2011,9,0
경상북도,고령군,2011,10,0
경상북도,고령군,2011,11,0
경상북도,고령군,2011,12,0
경상북도,고령군,2012,1,0
경상북도,고령군,2012,2,0
경상북도,고령군,2012,3,0
경상북도,고령군,2012,4,0
경상북도,고령군,2012,5,0
경상북도,고령군,2012,6,0
경상북도,고령군,2012,7,0
경상북도,고령군,2012,8,0
경상북도,고령군,2012,9,0
경상북도,고령군,2012,10,0
경상북도,고령군,2012,11,0
경상북도,고령군,2012,12,0
경상북도,고령군,2013,1,0
경상북도,고령군,2013,2,0
경상북도,고령군,2013,3,0
경상북도,고령군,2013,4,0
경상북도,고령군,2013,5,0
경상북도,고령군,2013,6,0
경상북도,고령군,2013,7,0
경상북도,고령군,2013,8,0
경상북도,고령군,2013,9,0
경상북도,고령군,2013,10,0
경상북도,고령군,2013,11,0
경상북도,고령군,2013,12,0
경상북도,고령군,2014,1,0
경상북도,고령군,2014,2,0
경상북도,고령군,2014,3,0
경상북도,고령군,2014,4,0
경상북도,고령군,2014,5,0
경상북도,고령군,2014,6,0
경상북도,고령군,2014,7,0
경상북도,고령군,2014,8,0
경상북도,고령군,2014,9,0
경상북도,고령군,2014,10,0
경상북도,고령군,2014,11,0
경상북도,고령군,2014,12,0
경상북도,고령군,2015,1,114341.8044
경상북도,고령군,2015,2,112953.9696
경상북도,고령군,2015,3,108829.4546
경상북도,고령군,2015,4,113678.0573
경상북도,고령군,2015,5,113739.3262
경상북도,고령군,2015,6,113750.4661
경상북도,고령군,2015,7,108257.611
경상북도,고령군,2015,8,118558.2228
경상북도,고령군,2015,9,117013.5023
경상북도,고령군,2015,10,118794.9438
경상북도,고령군,2015,11,114875.587
경상북도,고령군,2015,12,103499.0551
경상북도,고령군,2016,1,113854.6947
경상북도,고령군,2016,2,111512.6674
경상북도,고령군,2016,3,117599.7069
경상북도,고령군,2016,4,108796.8827
경상북도,고령군,2016,5,112740.8603
경상북도,고령군,2016,6,113493.9537
경상북도,고령군,2016,7,103871.0945
경상북도,고령군,2016,8,108321.7831
경상북도,고령군,2016,9,108953.0798
경상북도,고령군,2016,10,96668.36113
경상북도,고령군,2016,11,104017.9942
경상북도,고령군,2016,12,97904.92178
경상북도,고령군,2017,1,116809.6596
경상북도,고령군,2017,2,117910.1865
경상북도,고령군,2017,3,114278.1358
경상북도,고령군,2017,4,117933.0492
경상북도,고령군,2017,5,115911.7792
경상북도,고령군,2017,6,112160.219
경상북도,고령군,2017,7,118239.6171
경상북도,고령군,2017,8,113374.0202
경상북도,고령군,2017,9,121424.8061
경상북도,고령군,2017,10,116074.9357
경상북도,고령군,2017,11,114048.4697
경상북도,고령군,2017,12,111707.122
경상북도,고령군,2018,1,113998.2755
경상북도,고령군,2018,2,118208.3284
경상북도,고령군,2018,3,119191.0348
경상북도,고령군,2018,4,115272.1141
경상북도,고령군,2018,5,122910.8168
경상북도,고령군,2018,6,120307.9435
경상북도,고령군,2018,7,119806.8498
경상북도,고령군,2018,8,117721.3043
경상북도,고령군,2018,9,114288.3254
경상북도,고령군,2018,10,117806.8041
경상북도,고령군,2018,11,117541.6465
경상북도,고령군,2018,12,112857.5568
경상북도,고령군,2019,1,109601.1022
경상북도,고령군,2019,2,113400.9979
경상북도,고령군,2019,3,117173.0791
경상북도,고령군,2019,4,116901.3523
경상북도,고령군,2019,5,114288.924
경상북도,고령군,2019,6,116026.2637
경상북도,고령군,2019,7,114308.1802
경상북도,고령군,2019,8,117537.8776
경상북도,고령군,2019,9,110563.9136
경상북도,고령군,2019,10,110999.3183
경상북도,고령군,2019,11,109502.6815
경상북도,고령군,2019,12,109512.3096
경상북도,고령군,2020,1,92459.26929
경상북도,고령군,2020,2,92083.03626
경상북도,고령군,2020,3,101488.8622
경상북도,고령군,2020,4,93682.02667
경상북도,고령군,2020,5,84652.43374
경상북도,고령군,2020,6,90107.8128
경상북도,고령군,2020,7,93023.61885
경상북도,고령군,2020,8,92553.32755
경상북도,고령군,2020,9,94434.49275
경상북도,고령군,2020,10,94904.78405
경상북도,고령군,2020,11,95092.90057
경상북도,고령군,2020,12,104028.4352
경상북도,고령군,2021,1,132544.0897
경상북도,고령군,2021,2,130324.7469
경상북도,고령군,2021,3,129831.5595
경상북도,고령군,2021,4,129708.2627
경상북도,고령군,2021,5,126995.7325
경상북도,고령군,2021,6,124283.2023
경상북도,고령군,2021,7,130324.7469
경상북도,고령군,2021,8,121200.7816
경상북도,고령군,2021,9,126132.6547
경상북도,고령군,2021,10,125516.1706
경상북도,고령군,2021,11,127119.0293
경상북도,고령군,2021,12,142901.0233
경상북도,구미시,2010,1,0
경상북도,구미시,2010,2,0
경상북도,구미시,2010,3,0
경상북도,구미시,2010,4,0
경상북도,구미시,2010,5,0
경상북도,구미시,2010,6,0
경상북도,구미시,2010,7,0
경상북도,구미시,2010,8,0
경상북도,구미시,2010,9,0
경상북도,구미시,2010,10,0
경상북도,구미시,2010,11,0
경상북도,구미시,2010,12,0
경상북도,구미시,2011,1,0
경상북도,구미시,2011,2,0
경상북도,구미시,2011,3,0
경상북도,구미시,2011,4,0
경상북도,구미시,2011,5,0
경상북도,구미시,2011,6,0
경상북도,구미시,2011,7,0
경상북도,구미시,2011,8,0
경상북도,구미시,2011,9,0
경상북도,구미시,2011,10,0
경상북도,구미시,2011,11,0
경상북도,구미시,2011,12,0
경상북도,구미시,2012,1,0
경상북도,구미시,2012,2,0
경상북도,구미시,2012,3,0
경상북도,구미시,2012,4,0
경상북도,구미시,2012,5,0
경상북도,구미시,2012,6,0
경상북도,구미시,2012,7,0
경상북도,구미시,2012,8,0
경상북도,구미시,2012,9,0
경상북도,구미시,2012,10,0
경상북도,구미시,2012,11,0
경상북도,구미시,2012,12,0
경상북도,구미시,2013,1,0
경상북도,구미시,2013,2,0
경상북도,구미시,2013,3,0
경상북도,구미시,2013,4,0
경상북도,구미시,2013,5,0
경상북도,구미시,2013,6,0
경상북도,구미시,2013,7,0
경상북도,구미시,2013,8,0
경상북도,구미시,2013,9,0
경상북도,구미시,2013,10,0
경상북도,구미시,2013,11,0
경상북도,구미시,2013,12,0
경상북도,구미시,2014,1,0
경상북도,구미시,2014,2,0
경상북도,구미시,2014,3,0
경상북도,구미시,2014,4,0
경상북도,구미시,2014,5,0
경상북도,구미시,2014,6,0
경상북도,구미시,2014,7,0
경상북도,구미시,2014,8,0
경상북도,구미시,2014,9,0
경상북도,구미시,2014,10,0
경상북도,구미시,2014,11,0
경상북도,구미시,2014,12,0
경상북도,구미시,2015,1,2923815.698
경상북도,구미시,2015,2,2888327.6
경상북도,구미시,2015,3,2782860.298
경상북도,구미시,2015,4,2906843.129
경상북도,구미시,2015,5,2908409.828
경상북도,구미시,2015,6,2908694.682
경상북도,구미시,2015,7,2768237.777
경상북도,구미시,2015,8,3031633.049
경상북도,구미시,2015,9,2992133.253
경상북도,구미시,2015,10,3037686.202
경상북도,구미시,2015,11,2937464.966
경상북도,구미시,2015,12,2646557.517
경상북도,구미시,2016,1,3142060.257
경상북도,구미시,2016,2,3077427.078
경상북도,구미시,2016,3,3245411.763
경상북도,구미시,2016,4,3002479.275
경상북도,구미시,2016,5,3111321.651
경상북도,구미시,2016,6,3132104.848
경상북도,구미시,2016,7,2866541.768
경상북도,구미시,2016,8,2989367.9
경상북도,구미시,2016,9,3006789.865
경상북도,구미시,2016,10,2667767.161
경상북도,구미시,2016,11,2870595.775
경상북도,구미시,2016,12,2701892.659
경상북도,구미시,2017,1,2751921.589
경상북도,구미시,2017,2,2777848.93
경상북도,구미시,2017,3,2692281.36
경상북도,구미시,2017,4,2778387.553
경상북도,구미시,2017,5,2730768.405
경상북도,구미시,2017,6,2642385.307
경상북도,구미시,2017,7,2785609.994
경상북도,구미시,2017,8,2670981.279
경상북도,구미시,2017,9,2860649.937
경상북도,구미시,2017,10,2734612.212
경상북도,구미시,2017,11,2686870.65
경상북도,구미시,2017,12,2631710.783
경상북도,구미시,2018,1,2525894.556
경상북도,구미시,2018,2,2619177.982
경상북도,구미시,2018,3,2640952.108
경상북도,구미시,2018,4,2554119.387
경상북도,구미시,2018,5,2723372.451
경상북도,구미시,2018,6,2665699.793
경상북도,구미시,2018,7,2654596.907
경상북도,구미시,2018,8,2608386.84
경상북도,구미시,2018,9,2532321.28
경상북도,구미시,2018,10,2610281.285
경상북도,구미시,2018,11,2604406.108
경상북도,구미시,2018,12,2500619.304
경상북도,구미시,2019,1,2442663.146
경상북도,구미시,2019,2,2527350.845
경상북도,구미시,2019,3,2611418.646
경상북도,구미시,2019,4,2605362.712
경상북도,구미시,2019,5,2547139.919
경상북도,구미시,2019,6,2585859.746
경상북도,구미시,2019,7,2547569.08
경상북도,구미시,2019,8,2619548.856
경상북도,구미시,2019,9,2464121.178
경상북도,구미시,2019,10,2473824.977
경상북도,구미시,2019,11,2440469.658
경상북도,구미시,2019,12,2440684.238
경상북도,구미시,2020,1,2402913.35
경상북도,구미시,2020,2,2393135.472
경상북도,구미시,2020,3,2637582.405
경상북도,구미시,2020,4,2434691.451
경상북도,구미시,2020,5,2200022.395
경상북도,구미시,2020,6,2341801.616
경상북도,구미시,2020,7,2417580.166
경상북도,구미시,2020,8,2405357.819
경상북도,구미시,2020,9,2454247.206
경상북도,구미시,2020,10,2466469.552
경상북도,구미시,2020,11,2471358.491
경상북도,구미시,2020,12,2703583.077
경상북도,구미시,2021,1,2143417.96
경상북도,구미시,2021,2,2107528.171
경상북도,구미시,2021,3,2099552.662
경상북도,구미시,2021,4,2097558.785
경상북도,구미시,2021,5,2053693.487
경상북도,구미시,2021,6,2009828.189
경상북도,구미시,2021,7,2107528.171
경상북도,구미시,2021,8,1959981.26
경상북도,구미시,2021,9,2039736.347
경상북도,구미시,2021,10,2029766.961
경상북도,구미시,2021,11,2055687.364
경상북도,구미시,2021,12,2310903.642
경상북도,군위군,2010,1,0
경상북도,군위군,2010,2,0
경상북도,군위군,2010,3,0
경상북도,군위군,2010,4,0
경상북도,군위군,2010,5,0
경상북도,군위군,2010,6,0
경상북도,군위군,2010,7,0
경상북도,군위군,2010,8,0
경상북도,군위군,2010,9,0
경상북도,군위군,2010,10,0
경상북도,군위군,2010,11,0
경상북도,군위군,2010,12,0
경상북도,군위군,2011,1,0
경상북도,군위군,2011,2,0
경상북도,군위군,2011,3,0
경상북도,군위군,2011,4,0
경상북도,군위군,2011,5,0
경상북도,군위군,2011,6,0
경상북도,군위군,2011,7,0
경상북도,군위군,2011,8,0
경상북도,군위군,2011,9,0
경상북도,군위군,2011,10,0
경상북도,군위군,2011,11,0
경상북도,군위군,2011,12,0
경상북도,군위군,2012,1,0
경상북도,군위군,2012,2,0
경상북도,군위군,2012,3,0
경상북도,군위군,2012,4,0
경상북도,군위군,2012,5,0
경상북도,군위군,2012,6,0
경상북도,군위군,2012,7,0
경상북도,군위군,2012,8,0
경상북도,군위군,2012,9,0
경상북도,군위군,2012,10,0
경상북도,군위군,2012,11,0
경상북도,군위군,2012,12,0
경상북도,군위군,2013,1,0
경상북도,군위군,2013,2,0
경상북도,군위군,2013,3,0
경상북도,군위군,2013,4,0
경상북도,군위군,2013,5,0
경상북도,군위군,2013,6,0
경상북도,군위군,2013,7,0
경상북도,군위군,2013,8,0
경상북도,군위군,2013,9,0
경상북도,군위군,2013,10,0
경상북도,군위군,2013,11,0
경상북도,군위군,2013,12,0
경상북도,군위군,2014,1,0
경상북도,군위군,2014,2,0
경상북도,군위군,2014,3,0
경상북도,군위군,2014,4,0
경상북도,군위군,2014,5,0
경상북도,군위군,2014,6,0
경상북도,군위군,2014,7,0
경상북도,군위군,2014,8,0
경상북도,군위군,2014,9,0
경상북도,군위군,2014,10,0
경상북도,군위군,2014,11,0
경상북도,군위군,2014,12,0
경상북도,군위군,2015,1,64395.02676
경상북도,군위군,2015,2,63613.42585
경상북도,군위군,2015,3,61290.58116
경상북도,군위군,2015,4,64021.21763
경상북도,군위군,2015,5,64055.72309
경상북도,군위군,2015,6,64061.99681
경상북도,군위군,2015,7,60968.53022
경상북도,군위군,2015,8,66769.62964
경상북도,군위군,2015,9,65899.67385
경상북도,군위군,2015,10,66902.94618
경상북도,군위군,2015,11,64695.64249
경상북도,군위군,2015,12,58288.60631
경상북도,군위군,2016,1,68620.09399
경상북도,군위군,2016,2,67208.55684
경상북도,군위군,2016,3,70877.20858
경상북도,군위군,2016,4,65571.75651
경상북도,군위군,2016,5,67948.78732
경상북도,군위군,2016,6,68402.6758
경상북도,군위군,2016,7,62602.9896
경상북도,군위군,2016,8,65285.41451
경상북도,군위군,2016,9,65665.89634
경상북도,군위군,2016,10,58261.91047
경상북도,군위군,2016,11,62691.52587
경상북도,군위군,2016,12,59007.18416
경상북도,군위군,2017,1,65202.26527
경상북도,군위군,2017,2,65816.57105
경상북도,군위군,2017,3,63789.18794
경상북도,군위군,2017,4,65829.33284
경상북도,군위군,2017,5,64701.07528
경상북도,군위군,2017,6,62606.98285
경상북도,군위군,2017,7,66000.45673
경상북도,군위군,2017,8,63284.51746
경상북도,군위군,2017,9,67778.40502
경상북도,군위군,2017,10,64792.148
경상북도,군위군,2017,11,63660.99004
경상북도,군위군,2017,12,62354.06753
경상북도,군위군,2018,1,62750.8755
경상북도,군위군,2018,2,65068.3185
경상북도,군위군,2018,3,65609.25378
경상북도,군위군,2018,4,63452.06584
경상북도,군위군,2018,5,67656.82488
경상북도,군위군,2018,6,66224.06128
경상북도,군위군,2018,7,65948.23195
경상북도,군위군,2018,8,64800.23384
경상북도,군위군,2018,9,62910.53482
경상북도,군위군,2018,10,64847.29759
경상북도,군위군,2018,11,64701.34038
경상북도,군위군,2018,12,62122.96164
경상북도,군위군,2019,1,61163.99779
경상북도,군위군,2019,2,63284.56782
경상북도,군위군,2019,3,65389.61566
경상북도,군위군,2019,4,65237.9758
경상북도,군위군,2019,5,63780.0839
경상북도,군위군,2019,6,64749.6238
경상북도,군위군,2019,7,63790.83003
경상북도,군위군,2019,8,65593.19516
경상북도,군위군,2019,9,61701.30438
경상북도,군위군,2019,10,61944.28637
경상북도,군위군,2019,11,61109.07311
경상북도,군위군,2019,12,61114.44618
경상북도,군위군,2020,1,63175.24212
경상북도,군위군,2020,2,62918.17095
경상북도,군위군,2020,3,69344.95041
경상북도,군위군,2020,4,64010.72345
경상북도,군위군,2020,5,57841.01517
경상북도,군위군,2020,6,61568.54726
경상북도,군위군,2020,7,63560.84889
경상북도,군위군,2020,8,63239.50992
경상북도,군위군,2020,9,64524.86581
경상북도,군위군,2020,10,64846.20478
경상북도,군위군,2020,11,64974.74037
경상북도,군위군,2020,12,71080.18086
경상북도,군위군,2021,1,75949.27268
경상북도,군위군,2021,2,74677.56392
경상북도,군위군,2021,3,74394.96198
경상북도,군위군,2021,4,74324.31149
경상북도,군위군,2021,5,72770.0008
경상북도,군위군,2021,6,71215.6901
경상북도,군위군,2021,7,74677.56392
경상북도,군위군,2021,8,69449.42795
경상북도,군위군,2021,9,72275.44739
경상북도,군위군,2021,10,71922.19496
경상북도,군위군,2021,11,72840.65128
경상북도,군위군,2021,12,81883.91352
경상북도,김천시,2010,1,0
경상북도,김천시,2010,2,0
경상북도,김천시,2010,3,0
경상북도,김천시,2010,4,0
경상북도,김천시,2010,5,0
경상북도,김천시,2010,6,0
경상북도,김천시,2010,7,0
경상북도,김천시,2010,8,0
경상북도,김천시,2010,9,0
경상북도,김천시,2010,10,0
경상북도,김천시,2010,11,0
경상북도,김천시,2010,12,0
경상북도,김천시,2011,1,0
경상북도,김천시,2011,2,0
경상북도,김천시,2011,3,0
경상북도,김천시,2011,4,0
경상북도,김천시,2011,5,0
경상북도,김천시,2011,6,0
경상북도,김천시,2011,7,0
경상북도,김천시,2011,8,0
경상북도,김천시,2011,9,0
경상북도,김천시,2011,10,0
경상북도,김천시,2011,11,0
경상북도,김천시,2011,12,0
경상북도,김천시,2012,1,0
경상북도,김천시,2012,2,0
경상북도,김천시,2012,3,0
경상북도,김천시,2012,4,0
경상북도,김천시,2012,5,0
경상북도,김천시,2012,6,0
경상북도,김천시,2012,7,0
경상북도,김천시,2012,8,0
경상북도,김천시,2012,9,0
경상북도,김천시,2012,10,0
경상북도,김천시,2012,11,0
경상북도,김천시,2012,12,0
경상북도,김천시,2013,1,0
경상북도,김천시,2013,2,0
경상북도,김천시,2013,3,0
경상북도,김천시,2013,4,0
경상북도,김천시,2013,5,0
경상북도,김천시,2013,6,0
경상북도,김천시,2013,7,0
경상북도,김천시,2013,8,0
경상북도,김천시,2013,9,0
경상북도,김천시,2013,10,0
경상북도,김천시,2013,11,0
경상북도,김천시,2013,12,0
경상북도,김천시,2014,1,0
경상북도,김천시,2014,2,0
경상북도,김천시,2014,3,0
경상북도,김천시,2014,4,0
경상북도,김천시,2014,5,0
경상북도,김천시,2014,6,0
경상북도,김천시,2014,7,0
경상북도,김천시,2014,8,0
경상북도,김천시,2014,9,0
경상북도,김천시,2014,10,0
경상북도,김천시,2014,11,0
경상북도,김천시,2014,12,0
경상북도,김천시,2015,1,417936.025
경상북도,김천시,2015,2,412863.2858
경상북도,김천시,2015,3,397787.58
경상북도,김천시,2015,4,415509.9323
경상북도,김천시,2015,5,415733.8793
경상북도,김천시,2015,6,415774.597
경상북도,김천시,2015,7,395697.4079
경상북도,김천시,2015,8,433347.6513
경상북도,김천시,2015,9,427701.472
경상북도,김천시,2015,10,434212.9011
경상북도,김천시,2015,11,419887.0785
경상북도,김천시,2015,12,378304.1898
경상북도,김천시,2016,1,449144.8808
경상북도,김천시,2016,2,439905.8278
경상북도,김천시,2016,3,463918.563
경상북도,김천시,2016,4,429192.3407
경상북도,김천시,2016,5,444750.9207
경상북도,김천시,2016,6,447721.7952
경상북도,김천시,2016,7,409760.6206
경상북도,김천시,2016,8,427318.1223
경상북도,김천시,2016,9,429808.5221
경상북도,김천시,2016,10,381346.5898
경상북도,김천시,2016,11,410340.1246
경상북도,김천시,2016,12,386224.6924
경상북도,김천시,2017,1,423471.7429
경상북도,김천시,2017,2,427461.4991
경상북도,김천시,2017,3,414294.1734
경상북도,김천시,2017,4,427544.3835
경상북도,김천시,2017,5,420216.6443
경상북도,김천시,2017,6,406616.059
경상북도,김천시,2017,7,428655.7887
경상북도,김천시,2017,8,411016.47
경상북도,김천시,2017,9,440203.1
경상북도,김천시,2017,10,420808.1379
경상북도,김천시,2017,11,413461.5614
경상북도,김천시,2017,12,404973.4398
경상북도,김천시,2018,1,420454.3623
경상북도,김천시,2018,2,435982.0981
경상북도,김천시,2018,3,439606.5671
경상북도,김천시,2018,4,425152.6001
경상북도,김천시,2018,5,453326.0601
경상북도,김천시,2018,6,443726.0075
경상북도,김천시,2018,7,441877.8477
경상북도,김천시,2018,8,434185.8305
경상북도,김천시,2018,9,421524.1395
경상북도,김천시,2018,10,434501.1753
경상북도,김천시,2018,11,433523.2073
경상북도,김천시,2018,12,416247.1043
경상북도,김천시,2019,1,411947.4751
경상북도,김천시,2019,2,426229.7899
경상북도,김천시,2019,3,440407.5607
경상북도,김천시,2019,4,439386.2465
경상북도,김천시,2019,5,429567.1551
경상북도,김천시,2019,6,436097.1323
경상북도,김천시,2019,7,429639.5317
경상북도,김천시,2019,8,441778.6951
경상북도,김천시,2019,9,415566.3048
경상북도,김천시,2019,10,417202.8201
경상북도,김천시,2019,11,411577.5503
경상북도,김천시,2019,12,411613.7386
경상북도,김천시,2020,1,419981.4655
경상북도,김천시,2020,2,418272.487
경상북도,김천시,2020,3,460996.9494
경상북도,김천시,2020,4,425535.6456
경상북도,김천시,2020,5,384520.1617
경상북도,김천시,2020,6,409300.3499
경상북도,김천시,2020,7,422544.9332
경상북도,김천시,2020,8,420408.7101
경상북도,김천시,2020,9,428953.6026
경상북도,김천시,2020,10,431089.8257
경상북도,김천시,2020,11,431944.315
경상북도,김천시,2020,12,472532.5543
경상북도,김천시,2021,1,442490.77
경상북도,김천시,2021,2,435081.6222
경상북도,김천시,2021,3,433435.1449
경상북도,김천시,2021,4,433023.5256
경상북도,김천시,2021,5,423967.9005
경상북도,김천시,2021,6,414912.2755
경상북도,김천시,2021,7,435081.6222
경상북도,김천시,2021,8,404621.7924
경상북도,김천시,2021,9,421086.5653
경상북도,김천시,2021,10,419028.4687
경상북도,김천시,2021,11,424379.5198
경상북도,김천시,2021,12,477066.7929
경상북도,문경시,2010,1,0
경상북도,문경시,2010,2,0
경상북도,문경시,2010,3,0
경상북도,문경시,2010,4,0
경상북도,문경시,2010,5,0
경상북도,문경시,2010,6,0
경상북도,문경시,2010,7,0
경상북도,문경시,2010,8,0
경상북도,문경시,2010,9,0
경상북도,문경시,2010,10,0
경상북도,문경시,2010,11,0
경상북도,문경시,2010,12,0
경상북도,문경시,2011,1,0
경상북도,문경시,2011,2,0
경상북도,문경시,2011,3,0
경상북도,문경시,2011,4,0
경상북도,문경시,2011,5,0
경상북도,문경시,2011,6,0
경상북도,문경시,2011,7,0
경상북도,문경시,2011,8,0
경상북도,문경시,2011,9,0
경상북도,문경시,2011,10,0
경상북도,문경시,2011,11,0
경상북도,문경시,2011,12,0
경상북도,문경시,2012,1,0
경상북도,문경시,2012,2,0
경상북도,문경시,2012,3,0
경상북도,문경시,2012,4,0
경상북도,문경시,2012,5,0
경상북도,문경시,2012,6,0
경상북도,문경시,2012,7,0
경상북도,문경시,2012,8,0
경상북도,문경시,2012,9,0
경상북도,문경시,2012,10,0
경상북도,문경시,2012,11,0
경상북도,문경시,2012,12,0
경상북도,문경시,2013,1,0
경상북도,문경시,2013,2,0
경상북도,문경시,2013,3,0
경상북도,문경시,2013,4,0
경상북도,문경시,2013,5,0
경상북도,문경시,2013,6,0
경상북도,문경시,2013,7,0
경상북도,문경시,2013,8,0
경상북도,문경시,2013,9,0
경상북도,문경시,2013,10,0
경상북도,문경시,2013,11,0
경상북도,문경시,2013,12,0
경상북도,문경시,2014,1,0
경상북도,문경시,2014,2,0
경상북도,문경시,2014,3,0
경상북도,문경시,2014,4,0
경상북도,문경시,2014,5,0
경상북도,문경시,2014,6,0
경상북도,문경시,2014,7,0
경상북도,문경시,2014,8,0
경상북도,문경시,2014,9,0
경상북도,문경시,2014,10,0
경상북도,문경시,2014,11,0
경상북도,문경시,2014,12,0
경상북도,문경시,2015,1,120525.1203
경상북도,문경시,2015,2,119062.2349
경상북도,문경시,2015,3,114714.6766
경상북도,문경시,2015,4,119825.4795
경상북도,문경시,2015,5,119890.0617
경상북도,문경시,2015,6,119901.8039
경상북도,문경시,2015,7,114111.9091
경상북도,문경시,2015,8,124969.552
경상북도,문경시,2015,9,123341.2969
경상북도,문경시,2015,10,125219.0742
경상북도,문경시,2015,11,121087.7685
경상북도,문경시,2015,12,109096.0225
경상북도,문경시,2016,1,128218.6579
경상북도,문경시,2016,2,125581.1593
경상북도,문경시,2016,3,132436.1427
경상북도,문경시,2016,4,122522.7499
경상북도,문경시,2016,5,126964.3017
경상북도,문경시,2016,6,127812.4056
경상북도,문경시,2016,7,116975.5219
경상북도,문경시,2016,8,121987.7115
경상북도,문경시,2016,9,122698.6529
경상북도,문경시,2016,10,108864.0882
경상북도,문경시,2016,11,117140.9545
경상북도,문경시,2016,12,110256.654
경상북도,문경시,2017,1,126811.1681
경상북도,문경시,2017,2,128005.9247
경상북도,문경시,2017,3,124062.8896
경상북도,문경시,2017,4,128030.7449
경상북도,문경시,2017,5,125836.4092
경상북도,문경시,2017,6,121763.6319
경상북도,문경시,2017,7,128363.5619
경상북도,문경시,2017,8,123081.3615
경상북도,문경시,2017,9,131821.474
경상북도,문경시,2017,10,126013.5356
경상북도,문경시,2017,11,123813.5589
경상북도,문경시,2017,12,121271.7397
경상북도,문경시,2018,1,130983.7162
경상북도,문경시,2018,2,135821.0559
경상북도,문경시,2018,3,136950.1829
경상북도,문경시,2018,4,132447.3534
경상북도,문경시,2018,5,141224.2025
경상북도,문경시,2018,6,138233.508
경상북도,문경시,2018,7,137657.7527
경상북도,문경시,2018,8,135261.4664
경상북도,문경시,2018,9,131316.9828
경상북도,문경시,2018,10,135359.7055
경상북도,문경시,2018,11,135055.0401
경상북도,문경시,2018,12,129673.0335
경상북도,문경시,2019,1,127353.2413
경상북도,문경시,2019,2,131768.6078
경상북도,문경시,2019,3,136151.6546
경상북도,문경시,2019,4,135835.9161
경상북도,문경시,2019,5,132800.3516
경상북도,문경시,2019,6,134819.089
경상북도,문경시,2019,7,132822.7268
경상북도,문경시,2019,8,136575.5397
경상북도,문경시,2019,9,128471.9997
경상북도,문경시,2019,10,128977.9271
경상북도,문경시,2019,11,127238.8793
경상북도,문경시,2019,12,127250.0669
경상북도,문경시,2020,1,137816.1412
경상북도,문경시,2020,2,137255.3431
경상북도,문경시,2020,3,151275.2964
경상북도,문경시,2020,4,139638.7351
경상북도,문경시,2020,5,126179.5799
경상북도,문경시,2020,6,134311.1529
경상북도,문경시,2020,7,138657.3384
경상북도,문경시,2020,8,137956.3407
경상북도,문경시,2020,9,140760.3314
경상북도,문경시,2020,10,141461.3291
경상북도,문경시,2020,11,141741.7281
경상북도,문경시,2020,12,155060.6838
경상북도,문경시,2021,1,146037.7989
경상북도,문경시,2021,2,143592.5148
경상북도,문경시,2021,3,143049.1184
경상북도,문경시,2021,4,142913.2692
경상북도,문경시,2021,5,139924.5887
경상북도,문경시,2021,6,136935.9082
경상북도,문경시,2021,7,143592.5148
경상북도,문경시,2021,8,133539.6803
경상북도,문경시,2021,9,138973.6449
경상북도,문경시,2021,10,138294.3993
경상북도,문경시,2021,11,140060.4378
경상북도,문경시,2021,12,157449.1246
경상북도,봉화군,2010,1,0
경상북도,봉화군,2010,2,0
경상북도,봉화군,2010,3,0
경상북도,봉화군,2010,4,0
경상북도,봉화군,2010,5,0
경상북도,봉화군,2010,6,0
경상북도,봉화군,2010,7,0
경상북도,봉화군,2010,8,0
경상북도,봉화군,2010,9,0
경상북도,봉화군,2010,10,0
경상북도,봉화군,2010,11,0
경상북도,봉화군,2010,12,0
경상북도,봉화군,2011,1,0
경상북도,봉화군,2011,2,0
경상북도,봉화군,2011,3,0
경상북도,봉화군,2011,4,0
경상북도,봉화군,2011,5,0
경상북도,봉화군,2011,6,0
경상북도,봉화군,2011,7,0
경상북도,봉화군,2011,8,0
경상북도,봉화군,2011,9,0
경상북도,봉화군,2011,10,0
경상북도,봉화군,2011,11,0
경상북도,봉화군,2011,12,0
경상북도,봉화군,2012,1,0
경상북도,봉화군,2012,2,0
경상북도,봉화군,2012,3,0
경상북도,봉화군,2012,4,0
경상북도,봉화군,2012,5,0
경상북도,봉화군,2012,6,0
경상북도,봉화군,2012,7,0
경상북도,봉화군,2012,8,0
경상북도,봉화군,2012,9,0
경상북도,봉화군,2012,10,0
경상북도,봉화군,2012,11,0
경상북도,봉화군,2012,12,0
경상북도,봉화군,2013,1,0
경상북도,봉화군,2013,2,0
경상북도,봉화군,2013,3,0
경상북도,봉화군,2013,4,0
경상북도,봉화군,2013,5,0
경상북도,봉화군,2013,6,0
경상북도,봉화군,2013,7,0
경상북도,봉화군,2013,8,0
경상북도,봉화군,2013,9,0
경상북도,봉화군,2013,10,0
경상북도,봉화군,2013,11,0
경상북도,봉화군,2013,12,0
경상북도,봉화군,2014,1,0
경상북도,봉화군,2014,2,0
경상북도,봉화군,2014,3,0
경상북도,봉화군,2014,4,0
경상북도,봉화군,2014,5,0
경상북도,봉화군,2014,6,0
경상북도,봉화군,2014,7,0
경상북도,봉화군,2014,8,0
경상북도,봉화군,2014,9,0
경상북도,봉화군,2014,10,0
경상북도,봉화군,2014,11,0
경상북도,봉화군,2014,12,0
경상북도,봉화군,2015,1,82456.55883
경상북도,봉화군,2015,2,81455.73432
경상북도,봉화군,2015,3,78481.37761
경상북도,봉화군,2015,4,81977.90363
경상북도,봉화군,2015,5,82022.08719
경상북도,봉화군,2015,6,82030.12056
경상북도,봉화군,2015,7,78068.99774
경상북도,봉화군,2015,8,85497.19088
경상북도,봉화군,2015,9,84383.22969
경상북도,봉화군,2015,10,85667.90007
경상북도,봉화군,2015,11,82841.49133
경상북도,봉화군,2015,12,74637.40816
경상북도,봉화군,2016,1,85118.08262
경상북도,봉화군,2016,2,83367.17659
경상북도,봉화군,2016,3,87917.86406
경상북도,봉화군,2016,4,81336.84848
경상북도,봉화군,2016,5,84285.37701
경상북도,봉화군,2016,6,84848.39165
경상북도,봉화군,2016,7,77654.31568
경상북도,봉화군,2016,8,80981.6627
경상북도,봉화군,2016,9,81453.62189
경상북도,봉화군,2016,10,72269.53244
경상북도,봉화군,2016,11,77764.13829
경상북도,봉화군,2016,12,73193.98858
경상북도,봉화군,2017,1,82380.74963
경상북도,봉화군,2017,2,83156.9032
경상북도,봉화군,2017,3,80595.37654
경상북도,봉화군,2017,4,83173.02726
경상북도,봉화군,2017,5,81747.51385
경상북도,봉화군,2017,6,79101.70233
경상북도,봉화군,2017,7,83389.23623
경상북도,봉화군,2017,8,79957.74329
경상북도,봉화군,2017,9,85635.61083
경상북도,봉화군,2017,10,81862.581
경상북도,봉화군,2017,11,80433.40303
경상북도,봉화군,2017,12,78782.1528
경상북도,봉화군,2018,1,78060.51666
경상북도,봉화군,2018,2,80943.35768
경상북도,봉화군,2018,3,81616.26761
경상북도,봉화군,2018,4,78932.77987
경상북도,봉화군,2018,5,84163.39475
경상북도,봉화군,2018,6,82381.07273
경상북도,봉화군,2018,7,82037.94795
경상북도,봉화군,2018,8,80609.86707
경상북도,봉화군,2018,9,78259.12884
경상북도,봉화군,2018,10,80668.4132
경상북도,봉화군,2018,11,80486.84609
경상북도,봉화군,2018,12,77279.40755
경상북도,봉화군,2019,1,86025.2943
경상북도,봉화군,2019,2,89007.81126
경상북도,봉화군,2019,3,91968.49674
경상북도,봉화군,2019,4,91755.21991
경상북도,봉화군,2019,5,89704.7395
경상북도,봉화군,2019,6,91068.36775
경상북도,봉화군,2019,7,89719.8536
경상북도,봉화군,2019,8,92254.82509
경상북도,봉화군,2019,9,86780.99961
경상북도,봉화군,2019,10,87122.74635
경상북도,봉화군,2019,11,85948.04442
경상북도,봉화군,2019,12,85955.60148
경상북도,봉화군,2020,1,88439.35806
경상북도,봉화군,2020,2,88079.48275
경상북도,봉화군,2020,3,97076.36556
경상북도,봉화군,2020,4,89608.95283
경상북도,봉화군,2020,5,80971.94532
경상북도,봉화군,2020,6,86190.13736
경상북도,봉화군,2020,7,88979.17103
경상북도,봉화군,2020,8,88529.32689
경상북도,봉화군,2020,9,90328.70345
경상북도,봉화군,2020,10,90778.54759
경상북도,봉화군,2020,11,90958.48525
경상북도,봉화군,2020,12,99505.52392
경상북도,봉화군,2021,1,101048.1149
경상북도,봉화군,2021,2,99356.1465
경상북도,봉화군,2021,3,98980.15352
경상북도,봉화군,2021,4,98886.15527
경상북도,봉화군,2021,5,96818.19385
경상북도,봉화군,2021,6,94750.23242
경상북도,봉화군,2021,7,99356.1465
경상북도,봉화군,2021,8,92400.27626
경상북도,봉화군,2021,9,96160.20612
경상북도,봉화군,2021,10,95690.21489
경상북도,봉화군,2021,11,96912.19209
경상북도,봉화군,2021,12,108943.9676
경상북도,상주시,2010,1,0
경상북도,상주시,2010,2,0
경상북도,상주시,2010,3,0
경상북도,상주시,2010,4,0
경상북도,상주시,2010,5,0
경상북도,상주시,2010,6,0
경상북도,상주시,2010,7,0
경상북도,상주시,2010,8,0
경상북도,상주시,2010,9,0
경상북도,상주시,2010,10,0
경상북도,상주시,2010,11,0
경상북도,상주시,2010,12,0
경상북도,상주시,2011,1,0
경상북도,상주시,2011,2,0
경상북도,상주시,2011,3,0
경상북도,상주시,2011,4,0
경상북도,상주시,2011,5,0
경상북도,상주시,2011,6,0
경상북도,상주시,2011,7,0
경상북도,상주시,2011,8,0
경상북도,상주시,2011,9,0
경상북도,상주시,2011,10,0
경상북도,상주시,2011,11,0
경상북도,상주시,2011,12,0
경상북도,상주시,2012,1,0
경상북도,상주시,2012,2,0
경상북도,상주시,2012,3,0
경상북도,상주시,2012,4,0
경상북도,상주시,2012,5,0
경상북도,상주시,2012,6,0
경상북도,상주시,2012,7,0
경상북도,상주시,2012,8,0
경상북도,상주시,2012,9,0
경상북도,상주시,2012,10,0
경상북도,상주시,2012,11,0
경상북도,상주시,2012,12,0
경상북도,상주시,2013,1,0
경상북도,상주시,2013,2,0
경상북도,상주시,2013,3,0
경상북도,상주시,2013,4,0
경상북도,상주시,2013,5,0
경상북도,상주시,2013,6,0
경상북도,상주시,2013,7,0
경상북도,상주시,2013,8,0
경상북도,상주시,2013,9,0
경상북도,상주시,2013,10,0
경상북도,상주시,2013,11,0
경상북도,상주시,2013,12,0
경상북도,상주시,2014,1,0
경상북도,상주시,2014,2,0
경상북도,상주시,2014,3,0
경상북도,상주시,2014,4,0
경상북도,상주시,2014,5,0
경상북도,상주시,2014,6,0
경상북도,상주시,2014,7,0
경상북도,상주시,2014,8,0
경상북도,상주시,2014,9,0
경상북도,상주시,2014,10,0
경상북도,상주시,2014,11,0
경상북도,상주시,2014,12,0
경상북도,상주시,2015,1,184928.4809
경상북도,상주시,2015,2,182683.8935
경상북도,상주시,2015,3,176013.1898
경상북도,상주시,2015,4,183854.9826
경상북도,상주시,2015,5,183954.0747
경상북도,상주시,2015,6,183972.0915
경상북도,상주시,2015,7,175088.3297
경상북도,상주시,2015,8,191747.8228
경상북도,상주시,2015,9,189249.4994
경상북도,상주시,2015,10,192130.6789
경상북도,상주시,2015,11,185791.7838
경상북도,상주시,2015,12,167392.1724
경상북도,상주시,2016,1,193451.6314
경상북도,상주시,2016,2,189472.2698
경상북도,상주시,2016,3,199814.8185
경상북도,상주시,2016,4,184857.8533
경상북도,상주시,2016,5,191559.1045
경상북도,상주시,2016,6,192838.6928
경상북도,상주시,2016,7,176488.3981
경상북도,상주시,2016,8,184050.6069
경상북도,상주시,2016,9,185123.2494
경상북도,상주시,2016,10,164250.1631
경상북도,상주시,2016,11,176737.9968
경상북도,상주시,2016,12,166351.2154
경상북도,상주시,2017,1,178585.3887
경상북도,상주시,2017,2,180267.9382
경상북도,상주시,2017,3,174715.0482
경상북도,상주시,2017,4,180302.892
경상북도,상주시,2017,5,177212.6571
경상북도,상주시,2017,6,171477.0541
경상북도,상주시,2017,7,180771.5908
경상북도,상주시,2017,8,173332.7838
경상북도,상주시,2017,9,185641.2926
경상북도,상주시,2017,10,177462.1002
경상북도,상주시,2017,11,174363.9213
경상북도,상주시,2017,12,170784.333
경상북도,상주시,2018,1,164206.6895
경상북도,상주시,2018,2,170270.9816
경상북도,상주시,2018,3,171686.5028
경상북도,상주시,2018,4,166041.5666
경상북도,상주시,2018,5,177044.5933
경상북도,상주시,2018,6,173295.333
경상북도,상주시,2018,7,172573.5419
경상북도,상주시,2018,8,169569.4568
경상북도,상주시,2018,9,164624.4865
경상북도,상주시,2018,10,169692.6134
경상북도,상주시,2018,11,169310.6721
경상북도,상주시,2018,12,162563.5625
경상북도,상주시,2019,1,182157.4194
경상북도,상주시,2019,2,188472.8595
경상북도,상주시,2019,3,194742.0717
경상북도,상주시,2019,4,194290.4608
경상북도,상주시,2019,5,189948.5958
경상북도,상주시,2019,6,192836.0605
경상북도,상주시,2019,7,189980.5997
경상북도,상주시,2019,8,195348.3682
경상북도,상주시,2019,9,183757.6154
경상북도,상주시,2019,10,184481.2595
경상북도,상주시,2019,11,181993.8438
경상북도,상주시,2019,12,182009.8458
경상북도,상주시,2020,1,187232.087
경상북도,상주시,2020,2,186470.2067
경상북도,상주시,2020,3,205517.2145
경상북도,상주시,2020,4,189708.198
경상북도,상주시,2020,5,171423.0705
경상북도,상주시,2020,6,182470.3351
경상북도,상주시,2020,7,188374.9075
경상북도,상주시,2020,8,187422.5571
경상북도,상주시,2020,9,191231.9587
경상북도,상주시,2020,10,192184.3091
경상북도,상주시,2020,11,192565.2492
경상북도,상주시,2020,12,210659.9067
경상북도,상주시,2021,1,209340.4412
경상북도,상주시,2021,2,205835.2059
경상북도,상주시,2021,3,205056.2647
경상북도,상주시,2021,4,204861.5294
경상북도,상주시,2021,5,200577.3529
경상북도,상주시,2021,6,196293.1765
경상북도,상주시,2021,7,205835.2059
경상북도,상주시,2021,8,191424.7941
경상북도,상주시,2021,9,199214.2059
경상북도,상주시,2021,10,198240.5294
경상북도,상주시,2021,11,200772.0882
경상북도,상주시,2021,12,225698.2059
경상북도,성주군,2010,1,0
경상북도,성주군,2010,2,0
경상북도,성주군,2010,3,0
경상북도,성주군,2010,4,0
경상북도,성주군,2010,5,0
경상북도,성주군,2010,6,0
경상북도,성주군,2010,7,0
경상북도,성주군,2010,8,0
경상북도,성주군,2010,9,0
경상북도,성주군,2010,10,0
경상북도,성주군,2010,11,0
경상북도,성주군,2010,12,0
경상북도,성주군,2011,1,0
경상북도,성주군,2011,2,0
경상북도,성주군,2011,3,0
경상북도,성주군,2011,4,0
경상북도,성주군,2011,5,0
경상북도,성주군,2011,6,0
경상북도,성주군,2011,7,0
경상북도,성주군,2011,8,0
경상북도,성주군,2011,9,0
경상북도,성주군,2011,10,0
경상북도,성주군,2011,11,0
경상북도,성주군,2011,12,0
경상북도,성주군,2012,1,0
경상북도,성주군,2012,2,0
경상북도,성주군,2012,3,0
경상북도,성주군,2012,4,0
경상북도,성주군,2012,5,0
경상북도,성주군,2012,6,0
경상북도,성주군,2012,7,0
경상북도,성주군,2012,8,0
경상북도,성주군,2012,9,0
경상북도,성주군,2012,10,0
경상북도,성주군,2012,11,0
경상북도,성주군,2012,12,0
경상북도,성주군,2013,1,0
경상북도,성주군,2013,2,0
경상북도,성주군,2013,3,0
경상북도,성주군,2013,4,0
경상북도,성주군,2013,5,0
경상북도,성주군,2013,6,0
경상북도,성주군,2013,7,0
경상북도,성주군,2013,8,0
경상북도,성주군,2013,9,0
경상북도,성주군,2013,10,0
경상북도,성주군,2013,11,0
경상북도,성주군,2013,12,0
경상북도,성주군,2014,1,0
경상북도,성주군,2014,2,0
경상북도,성주군,2014,3,0
경상북도,성주군,2014,4,0
경상북도,성주군,2014,5,0
경상북도,성주군,2014,6,0
경상북도,성주군,2014,7,0
경상북도,성주군,2014,8,0
경상북도,성주군,2014,9,0
경상북도,성주군,2014,10,0
경상북도,성주군,2014,11,0
경상북도,성주군,2014,12,0
경상북도,성주군,2015,1,135403.5322
경상북도,성주군,2015,2,133760.0586
경상북도,성주군,2015,3,128875.8092
경상북도,성주군,2015,4,134617.5231
경상북도,성주군,2015,5,134690.0778
경상북도,성주군,2015,6,134703.2695
경상북도,성주군,2015,7,128198.6321
경상북도,성주군,2015,8,140396.6137
경상북도,성주군,2015,9,138567.3562
경상북도,성주군,2015,10,140676.9386
경상북도,성주군,2015,11,136035.6374
경상북도,성주군,2015,12,122563.5515
경상북도,성주군,2016,1,145527.3902
경상북도,성주군,2016,2,142533.8455
경상북도,성주군,2016,3,150314.2095
경상북도,성주군,2016,4,139062.5695
경상북도,성주군,2016,5,144103.7036
경상북도,성주군,2016,6,145066.2963
경상북도,성주군,2016,7,132766.4998
경상북도,성주군,2016,8,138455.3042
경상북도,성주군,2016,9,139262.2184
경상북도,성주군,2016,10,123560.0723
경상북도,성주군,2016,11,132954.2648
경상북도,성주군,2016,12,125140.6259
경상북도,성주군,2017,1,159220.0934
경상북도,성주군,2017,2,160720.1919
경상북도,성주군,2017,3,155769.4417
경상북도,성주군,2017,4,160751.3554
경상북도,성주군,2017,5,157996.2169
경상북도,성주군,2017,6,152882.5665
경상북도,성주군,2017,7,161169.2299
경상북도,성주군,2017,8,154537.0661
경상북도,성주군,2017,9,165510.875
경상북도,성주군,2017,10,158218.6111
경상북도,성주군,2017,11,155456.39
경상북도,성주군,2017,12,152264.9621
경상북도,성주군,2018,1,144416.8758
경상북도,성주군,2018,2,149750.3134
경상북도,성주군,2018,3,150995.2392
경상북도,성주군,2018,4,146030.6178
경상북도,성주군,2018,5,155707.585
경상북도,성주군,2018,6,152410.1769
경상북도,성주군,2018,7,151775.3744
경상북도,성주군,2018,8,149133.3348
경상북도,성주군,2018,9,144784.3209
경상북도,성주군,2018,10,149241.6488
경상북도,성주군,2018,11,148905.7382
경상북도,성주군,2018,12,142971.7748
경상북도,성주군,2019,1,137963.0964
경상북도,성주군,2019,2,142746.309
경상북도,성주군,2019,3,147494.5094
경상북도,성주군,2019,4,147152.4666
경상북도,성주군,2019,5,143864.0079
경상북도,성주군,2019,6,146050.9272
경상북도,성주군,2019,7,143888.2472
경상북도,성주군,2019,8,147953.7086
경상북도,성주군,2019,9,139175.059
경상북도,성주군,2019,10,139723.1355
경상북도,성주군,2019,11,137839.2068
경상북도,성주군,2019,12,137851.3265
경상북도,성주군,2020,1,154830.1195
경상북도,성주군,2020,2,154200.0885
경상북도,성주군,2020,3,169950.8636
경상북도,성주군,2020,4,156877.7203
경상북도,성주군,2020,5,141756.9762
경상북도,성주군,2020,6,150892.4257
경상북도,성주군,2020,7,155775.166
경상북도,성주군,2020,8,154987.6273
경상북도,성주군,2020,9,158137.7823
경상북도,성주군,2020,10,158925.3211
경상북도,성주군,2020,11,159240.3366
경상북도,성주군,2020,12,174203.5729
경상북도,성주군,2021,1,188137.6813
경상북도,성주군,2021,2,184987.469
경상북도,성주군,2021,3,184287.4218
경상북도,성주군,2021,4,184112.41
경상북도,성주군,2021,5,180262.1505
경상북도,성주군,2021,6,176411.891
경상북도,성주군,2021,7,184987.469
경상북도,성주군,2021,8,172036.596
경상북도,성주군,2021,9,179037.0679
경상북도,성주군,2021,10,178162.0089
경상북도,성주군,2021,11,180437.1623
경상북도,성주군,2021,12,202838.6722
경상북도,소계,2010,1,0
경상북도,소계,2010,2,0
경상북도,소계,2010,3,0
경상북도,소계,2010,4,0
경상북도,소계,2010,5,0
경상북도,소계,2010,6,0
경상북도,소계,2010,7,0
경상북도,소계,2010,8,0
경상북도,소계,2010,9,0
경상북도,소계,2010,10,0
경상북도,소계,2010,11,0
경상북도,소계,2010,12,0
경상북도,소계,2011,1,0
경상북도,소계,2011,2,0
경상북도,소계,2011,3,0
경상북도,소계,2011,4,0
경상북도,소계,2011,5,0
경상북도,소계,2011,6,0
경상북도,소계,2011,7,0
경상북도,소계,2011,8,0
경상북도,소계,2011,9,0
경상북도,소계,2011,10,0
경상북도,소계,2011,11,0
경상북도,소계,2011,12,0
경상북도,소계,2012,1,0
경상북도,소계,2012,2,0
경상북도,소계,2012,3,0
경상북도,소계,2012,4,0
경상북도,소계,2012,5,0
경상북도,소계,2012,6,0
경상북도,소계,2012,7,0
경상북도,소계,2012,8,0
경상북도,소계,2012,9,0
경상북도,소계,2012,10,0
경상북도,소계,2012,11,0
경상북도,소계,2012,12,0
경상북도,소계,2013,1,0
경상북도,소계,2013,2,0
경상북도,소계,2013,3,0
경상북도,소계,2013,4,0
경상북도,소계,2013,5,0
경상북도,소계,2013,6,0
경상북도,소계,2013,7,0
경상북도,소계,2013,8,0
경상북도,소계,2013,9,0
경상북도,소계,2013,10,0
경상북도,소계,2013,11,0
경상북도,소계,2013,12,0
경상북도,소계,2014,1,0
경상북도,소계,2014,2,0
경상북도,소계,2014,3,0
경상북도,소계,2014,4,0
경상북도,소계,2014,5,0
경상북도,소계,2014,6,0
경상북도,소계,2014,7,0
경상북도,소계,2014,8,0
경상북도,소계,2014,9,0
경상북도,소계,2014,10,0
경상북도,소계,2014,11,0
경상북도,소계,2014,12,0
경상북도,소계,2015,1,8680715.752
경상북도,소계,2015,2,8575352.72
경상북도,소계,2015,3,8262223.655
경상북도,소계,2015,4,8630324.737
경상북도,소계,2015,5,8634976.215
경상북도,소계,2015,6,8635821.939
경상북도,소계,2015,7,8218809.857
경상북도,소계,2015,8,9000822.035
경상북도,소계,2015,9,8883548.399
경상북도,소계,2015,10,9018793.656
경상북도,소계,2015,11,8721239.996
경상북도,소계,2015,12,7857545.039
경상북도,소계,2016,1,9277404.001
경상북도,소계,2016,2,9086564.85
경상북도,소계,2016,3,9582564.817
경상북도,소계,2016,4,8865270.226
경상북도,소계,2016,5,9186643.658
경상북도,소계,2016,6,9248009.165
경상북도,소계,2016,7,8463894.355
경상북도,소계,2016,8,8826556.925
경상북도,소계,2016,9,8877997.887
경상북도,소계,2016,10,7876982.526
경상북도,소계,2016,11,8475864.417
경상북도,소계,2016,12,7977743.173
경상북도,소계,2017,1,8776641.038
경상북도,소계,2017,2,8859330.517
경상북도,소계,2017,3,8586431.811
경상북도,소계,2017,4,8861048.335
경상북도,소계,2017,5,8709177.667
경상북도,소계,2017,6,8427299.46
경상북도,소계,2017,7,8884082.703
경상북도,소계,2017,8,8518499.944
경상북도,소계,2017,9,9123405.89
경상북도,소계,2017,10,8721436.636
경상북도,소계,2017,11,8569175.555
경상북도,소계,2017,12,8393255.444
경상북도,소계,2018,1,8340115.311
경상북도,소계,2018,2,8648122.835
경상북도,소계,2018,3,8720017.651
경상북도,소계,2018,4,8433309.361
경상북도,소계,2018,5,8992156.947
경상북도,소계,2018,6,8801730.701
경상북도,소계,2018,7,8765070.679
경상북도,소계,2018,8,8612492.145
경상북도,소계,2018,9,8361335.366
경상북도,소계,2018,10,8618747.31
경상북도,소계,2018,11,8599348.379
경상북도,소계,2018,12,8256660.316
경상북도,소계,2019,1,8412723.317
경상북도,소계,2019,2,8704394.391
경상북도,소계,2019,3,8993930.486
경상북도,소계,2019,4,8973073.376
경상북도,소계,2019,5,8772549.513
경상북도,소계,2019,6,8905903.63
경상북도,소계,2019,7,8774027.576
경상북도,소계,2019,8,9021931.566
경상북도,소계,2019,9,8486626.461
경상북도,소계,2019,10,8520047.105
경상북도,소계,2019,11,8405168.774
경상북도,소계,2019,12,8405907.805
경상북도,소계,2020,1,8297244.264
경상북도,소계,2020,2,8263481.317
경상북도,소계,2020,3,9107554.996
경상북도,소계,2020,4,8406973.842
경상북도,소계,2020,5,7596663.111
경상북도,소계,2020,6,8086225.844
경상북도,소계,2020,7,8347888.685
경상북도,소계,2020,8,8305685.001
경상북도,소계,2020,9,8474499.737
경상북도,소계,2020,10,8516703.421
경상북도,소계,2020,11,8533584.894
경상북도,소계,2020,12,9335454.889
경상북도,소계,2021,1,9087063.341
경상북도,소계,2021,2,8934907.862
경상북도,소계,2021,3,8901095.533
경상북도,소계,2021,4,8892642.451
경상북도,소계,2021,5,8706674.643
경상북도,소계,2021,6,8520706.835
경상북도,소계,2021,7,8934907.862
경상북도,소계,2021,8,8309379.781
경상북도,소계,2021,9,8647503.068
경상북도,소계,2021,10,8605237.657
경상북도,소계,2021,11,8715127.725
경상북도,소계,2021,12,9797122.244
경상북도,안동시,2010,1,0
경상북도,안동시,2010,2,0
경상북도,안동시,2010,3,0
경상북도,안동시,2010,4,0
경상북도,안동시,2010,5,0
경상북도,안동시,2010,6,0
경상북도,안동시,2010,7,0
경상북도,안동시,2010,8,0
경상북도,안동시,2010,9,0
경상북도,안동시,2010,10,0
경상북도,안동시,2010,11,0
경상북도,안동시,2010,12,0
경상북도,안동시,2011,1,0
경상북도,안동시,2011,2,0
경상북도,안동시,2011,3,0
경상북도,안동시,2011,4,0
경상북도,안동시,2011,5,0
경상북도,안동시,2011,6,0
경상북도,안동시,2011,7,0
경상북도,안동시,2011,8,0
경상북도,안동시,2011,9,0
경상북도,안동시,2011,10,0
경상북도,안동시,2011,11,0
경상북도,안동시,2011,12,0
경상북도,안동시,2012,1,0
경상북도,안동시,2012,2,0
경상북도,안동시,2012,3,0
경상북도,안동시,2012,4,0
경상북도,안동시,2012,5,0
경상북도,안동시,2012,6,0
경상북도,안동시,2012,7,0
경상북도,안동시,2012,8,0
경상북도,안동시,2012,9,0
경상북도,안동시,2012,10,0
경상북도,안동시,2012,11,0
경상북도,안동시,2012,12,0
경상북도,안동시,2013,1,0
경상북도,안동시,2013,2,0
경상북도,안동시,2013,3,0
경상북도,안동시,2013,4,0
경상북도,안동시,2013,5,0
경상북도,안동시,2013,6,0
경상북도,안동시,2013,7,0
경상북도,안동시,2013,8,0
경상북도,안동시,2013,9,0
경상북도,안동시,2013,10,0
경상북도,안동시,2013,11,0
경상북도,안동시,2013,12,0
경상북도,안동시,2014,1,0
경상북도,안동시,2014,2,0
경상북도,안동시,2014,3,0
경상북도,안동시,2014,4,0
경상북도,안동시,2014,5,0
경상북도,안동시,2014,6,0
경상북도,안동시,2014,7,0
경상북도,안동시,2014,8,0
경상북도,안동시,2014,9,0
경상북도,안동시,2014,10,0
경상북도,안동시,2014,11,0
경상북도,안동시,2014,12,0
경상북도,안동시,2015,1,273440.9063
경상북도,안동시,2015,2,270121.9907
경상북도,안동시,2015,3,260258.4843
경상북도,안동시,2015,4,271853.5988
경상북도,안동시,2015,5,272000.1195
경상북도,안동시,2015,6,272026.7596
경상북도,안동시,2015,7,258890.9578
경상북도,안동시,2015,8,283524.1937
경상북도,안동시,2015,9,279830.0963
경상북도,안동시,2015,10,284090.2964
경상북도,안동시,2015,11,274717.4123
경상북도,안동시,2015,12,247511.1843
경상북도,안동시,2016,1,376752.8679
경상북도,안동시,2016,2,369002.9416
경상북도,안동시,2016,3,389145.3662
경상북도,안동시,2016,4,360016.2268
경상북도,안동시,2016,5,373067.115
경상북도,안동시,2016,6,375559.1516
경상북도,안동시,2016,7,343716.4612
경상북도,안동시,2016,8,358444.0901
경상북도,안동시,2016,9,360533.0937
경상북도,안동시,2016,10,319882.1305
경상북도,안동시,2016,11,344202.5622
경상북도,안동시,2016,12,323973.9931
경상북도,안동시,2017,1,361299.2445
경상북도,안동시,2017,2,364703.24
경상북도,안동시,2017,3,353469.0906
경상북도,안동시,2017,4,364773.9557
경상북도,안동시,2017,5,358522.0471
경상북도,안동시,2017,6,346918.2476
경상북도,안동시,2017,7,365722.1886
경상북도,안동시,2017,8,350672.6071
경상북도,안동시,2017,9,375574.168
경상북도,안동시,2017,10,359026.6999
경상북도,안동시,2017,11,352758.7195
경상북도,안동시,2017,12,345516.7915
경상북도,안동시,2018,1,373829.7629
경상북도,안동시,2018,2,387635.6128
경상북도,안동시,2018,3,390858.1608
경상북도,안동시,2018,4,378007.0085
경상북도,안동시,2018,5,403056.2857
경상북도,안동시,2018,6,394520.7924
경상북도,안동시,2018,7,392877.5769
경상북도,안동시,2018,8,386038.535
경상북도,안동시,2018,9,374780.9114
경상북도,안동시,2018,10,386318.9109
경상북도,안동시,2018,11,385449.3908
경상북도,안동시,2018,12,370089.0519
경상북도,안동시,2019,1,415500.3209
경상북도,안동시,2019,2,429905.8137
경상북도,안동시,2019,3,444205.8608
경상북도,안동시,2019,4,443175.7383
경상북도,안동시,2019,5,433271.962
경상북도,안동시,2019,6,439858.2572
경상북도,안동시,2019,7,433344.9628
경상북도,안동시,2019,8,445588.8206
경상북도,안동시,2019,9,419150.3613
경상북도,안동시,2019,10,420800.9907
경상북도,안동시,2019,11,415127.2057
경상북도,안동시,2019,12,415163.7061
경상북도,안동시,2020,1,453570.0298
경상북도,안동시,2020,2,451724.3736
경상북도,안동시,2020,3,497865.7805
경상북도,안동시,2020,4,459568.4127
경상북도,안동시,2020,5,415272.6621
경상북도,안동시,2020,6,442034.6781
경상북도,안동시,2020,7,456338.5143
경상북도,안동시,2020,8,454031.4439
경상북도,안동시,2020,9,463259.7253
경상북도,안동시,2020,10,465566.7956
경상북도,안동시,2020,11,466489.6238
경상북도,안동시,2020,12,510323.9603
경상북도,안동시,2021,1,452541.3259
경상북도,안동시,2021,2,444963.8898
경상북도,안동시,2021,3,443280.0151
경상북도,안동시,2021,4,442859.0464
경상북도,안동시,2021,5,433597.7355
경상북도,안동시,2021,6,424336.4247
경상북도,안동시,2021,7,444963.8898
경상북도,안동시,2021,8,413812.2078
경상북도,안동시,2021,9,430650.9548
경상북도,안동시,2021,10,428546.1114
경상북도,안동시,2021,11,434018.7042
경상북도,안동시,2021,12,487902.6946
경상북도,영덕군,2010,1,0
경상북도,영덕군,2010,2,0
경상북도,영덕군,2010,3,0
경상북도,영덕군,2010,4,0
경상북도,영덕군,2010,5,0
경상북도,영덕군,2010,6,0
경상북도,영덕군,2010,7,0
경상북도,영덕군,2010,8,0
경상북도,영덕군,2010,9,0
경상북도,영덕군,2010,10,0
경상북도,영덕군,2010,11,0
경상북도,영덕군,2010,12,0
경상북도,영덕군,2011,1,0
경상북도,영덕군,2011,2,0
경상북도,영덕군,2011,3,0
경상북도,영덕군,2011,4,0
경상북도,영덕군,2011,5,0
경상북도,영덕군,2011,6,0
경상북도,영덕군,2011,7,0
경상북도,영덕군,2011,8,0
경상북도,영덕군,2011,9,0
경상북도,영덕군,2011,10,0
경상북도,영덕군,2011,11,0
경상북도,영덕군,2011,12,0
경상북도,영덕군,2012,1,0
경상북도,영덕군,2012,2,0
경상북도,영덕군,2012,3,0
경상북도,영덕군,2012,4,0
경상북도,영덕군,2012,5,0
경상북도,영덕군,2012,6,0
경상북도,영덕군,2012,7,0
경상북도,영덕군,2012,8,0
경상북도,영덕군,2012,9,0
경상북도,영덕군,2012,10,0
경상북도,영덕군,2012,11,0
경상북도,영덕군,2012,12,0
경상북도,영덕군,2013,1,0
경상북도,영덕군,2013,2,0
경상북도,영덕군,2013,3,0
경상북도,영덕군,2013,4,0
경상북도,영덕군,2013,5,0
경상북도,영덕군,2013,6,0
경상북도,영덕군,2013,7,0
경상북도,영덕군,2013,8,0
경상북도,영덕군,2013,9,0
경상북도,영덕군,2013,10,0
경상북도,영덕군,2013,11,0
경상북도,영덕군,2013,12,0
경상북도,영덕군,2014,1,0
경상북도,영덕군,2014,2,0
경상북도,영덕군,2014,3,0
경상북도,영덕군,2014,4,0
경상북도,영덕군,2014,5,0
경상북도,영덕군,2014,6,0
경상북도,영덕군,2014,7,0
경상북도,영덕군,2014,8,0
경상북도,영덕군,2014,9,0
경상북도,영덕군,2014,10,0
경상북도,영덕군,2014,11,0
경상북도,영덕군,2014,12,0
경상북도,영덕군,2015,1,67499.69062
경상북도,영덕군,2015,2,66680.40656
경상북도,영덕군,2015,3,64245.57104
경상북도,영덕군,2015,4,67107.85911
경상북도,영덕군,2015,5,67144.02817
경상북도,영덕군,2015,6,67150.60437
경상북도,영덕군,2015,7,63907.99312
경상북도,영덕군,2015,8,69988.77973
경상북도,영덕군,2015,9,69076.88095
경상북도,영덕군,2015,10,70128.52384
경상북도,영덕군,2015,11,67814.79988
경상북도,영덕군,2015,12,61098.86261
경상북도,영덕군,2016,1,67239.87332
경상북도,영덕군,2016,2,65856.72774
경상북도,영덕군,2016,3,69451.58843
경상북도,영덕군,2016,4,64252.84992
경상북도,영덕군,2016,5,66582.06927
경상북도,영덕군,2016,6,67026.82827
경상북도,영덕군,2016,7,61343.79662
경상북도,영덕군,2016,8,63972.26739
경상북도,영덕군,2016,9,64345.09623
경상북도,영덕군,2016,10,57090.03371
경상북도,영덕군,2016,11,61430.55208
경상북도,영덕군,2016,12,57820.31701
경상북도,영덕군,2017,1,64170.46364
경상북도,영덕군,2017,2,64775.04827
경상북도,영덕군,2017,3,62779.74774
경상북도,영덕군,2017,4,64787.6081
경상북도,영덕군,2017,5,63677.2048
경상북도,영덕군,2017,6,61616.2506
경상북도,영덕군,2017,7,64956.02402
경상북도,영덕군,2017,8,62283.06348
경상북도,영덕군,2017,9,66705.83694
경상북도,영덕군,2017,10,63766.83632
경상북도,영덕군,2017,11,62653.57852
경상북도,영덕군,2017,12,61367.33757
경상북도,영덕군,2018,1,59102.37699
경상북도,영덕군,2018,2,61285.07785
경상북도,영덕군,2018,3,61794.56175
경상북도,영덕군,2018,4,59762.79831
경상북도,영덕군,2018,5,63723.08176
경상북도,영덕군,2018,6,62373.62275
경상북도,영덕군,2018,7,62113.83085
경상북도,영덕군,2018,8,61032.58032
경상북도,영덕군,2018,9,59252.7533
경상북도,영덕군,2018,10,61076.90766
경상북도,영덕군,2018,11,60939.43679
경상북도,영덕군,2018,12,58510.97167
경상북도,영덕군,2019,1,63879.16832
경상북도,영덕군,2019,2,66093.87394
경상북도,영덕군,2019,3,68292.36832
경상북도,영덕군,2019,4,68133.99692
경상북도,영덕군,2019,5,66611.3868
경상북도,영덕군,2019,6,67623.96617
경상북도,영덕군,2019,7,66622.60997
경상북도,영덕군,2019,8,68504.98505
경상북도,영덕군,2019,9,64440.32684
경상북도,영덕군,2019,10,64694.09519
경상북도,영덕군,2019,11,63821.80545
경상북도,영덕군,2019,12,63827.41703
경상북도,영덕군,2020,1,68831.38381
경상북도,영덕군,2020,2,68551.2968
경상북도,영덕군,2020,3,75553.47216
경상북도,영덕군,2020,4,69741.66661
경상북도,영덕군,2020,5,63019.57826
경상북도,영덕군,2020,6,67080.83997
경상북도,영덕군,2020,7,69251.51434
경상북도,영덕군,2020,8,68901.40557
경상북도,영덕군,2020,9,70301.84064
경상북도,영덕군,2020,10,70651.94941
경상북도,영덕군,2020,11,70791.99292
경상북도,영덕군,2020,12,77444.05951
경상북도,영덕군,2021,1,69684.18022
경상북도,영덕군,2021,2,68517.37534
경상북도,영덕군,2021,3,68258.08537
경상북도,영덕군,2021,4,68193.26287
경상북도,영덕군,2021,5,66767.16802
경상북도,영덕군,2021,6,65341.07317
경상북도,영덕군,2021,7,68517.37534
경상북도,영덕군,2021,8,63720.51084
경상북도,영덕군,2021,9,66313.41057
경상북도,영덕군,2021,10,65989.2981
경상북도,영덕군,2021,11,66831.99051
경상북도,영덕군,2021,12,75129.26965
경상북도,영양군,2010,1,0
경상북도,영양군,2010,2,0
경상북도,영양군,2010,3,0
경상북도,영양군,2010,4,0
경상북도,영양군,2010,5,0
경상북도,영양군,2010,6,0
경상북도,영양군,2010,7,0
경상북도,영양군,2010,8,0
경상북도,영양군,2010,9,0
경상북도,영양군,2010,10,0
경상북도,영양군,2010,11,0
경상북도,영양군,2010,12,0
경상북도,영양군,2011,1,0
경상북도,영양군,2011,2,0
경상북도,영양군,2011,3,0
경상북도,영양군,2011,4,0
경상북도,영양군,2011,5,0
경상북도,영양군,2011,6,0
경상북도,영양군,2011,7,0
경상북도,영양군,2011,8,0
경상북도,영양군,2011,9,0
경상북도,영양군,2011,10,0
경상북도,영양군,2011,11,0
경상북도,영양군,2011,12,0
경상북도,영양군,2012,1,0
경상북도,영양군,2012,2,0
경상북도,영양군,2012,3,0
경상북도,영양군,2012,4,0
경상북도,영양군,2012,5,0
경상북도,영양군,2012,6,0
경상북도,영양군,2012,7,0
경상북도,영양군,2012,8,0
경상북도,영양군,2012,9,0
경상북도,영양군,2012,10,0
경상북도,영양군,2012,11,0
경상북도,영양군,2012,12,0
경상북도,영양군,2013,1,0
경상북도,영양군,2013,2,0
경상북도,영양군,2013,3,0
경상북도,영양군,2013,4,0
경상북도,영양군,2013,5,0
경상북도,영양군,2013,6,0
경상북도,영양군,2013,7,0
경상북도,영양군,2013,8,0
경상북도,영양군,2013,9,0
경상북도,영양군,2013,10,0
경상북도,영양군,2013,11,0
경상북도,영양군,2013,12,0
경상북도,영양군,2014,1,0
경상북도,영양군,2014,2,0
경상북도,영양군,2014,3,0
경상북도,영양군,2014,4,0
경상북도,영양군,2014,5,0
경상북도,영양군,2014,6,0
경상북도,영양군,2014,7,0
경상북도,영양군,2014,8,0
경상북도,영양군,2014,9,0
경상북도,영양군,2014,10,0
경상북도,영양군,2014,11,0
경상북도,영양군,2014,12,0
경상북도,영양군,2015,1,31462.06977
경상북도,영양군,2015,2,31080.19583
경상북도,영양군,2015,3,29945.30226
경상북도,영양군,2015,4,31279.43441
경상북도,영양군,2015,5,31296.29306
경상북도,영양군,2015,6,31299.35827
경상북도,영양군,2015,7,29787.95488
경상북도,영양군,2015,8,32622.25131
경상북도,영양군,2015,9,32197.20902
경상북도,영양군,2015,10,32687.387
경상북도,영양군,2015,11,31608.94436
경상북도,영양군,2015,12,28478.59984
경상북도,영양군,2016,1,38083.01865
경상북도,영양군,2016,2,37299.63885
경상북도,영양군,2016,3,39335.67996
경상북도,영양군,2016,4,36391.2417
경상북도,영양군,2016,5,37710.45454
경상북도,영양군,2016,6,37962.35515
경상북도,영양군,2016,7,34743.62511
경상북도,영양군,2016,8,36232.32663
경상북도,영양군,2016,9,36443.48776
경상북도,영양군,2016,10,32334.3979
경상북도,영양군,2016,11,34792.76128
경상북도,영양군,2016,12,32748.01249
경상북도,영양군,2017,1,36422.00071
경상북도,영양군,2017,2,36765.15207
경상북도,영양군,2017,3,35632.65538
경상북도,영양군,2017,4,36772.2808
경상북도,영양군,2017,5,36142.03586
경상북도,영양군,2017,6,34972.27534
경상북도,영양군,2017,7,36867.87065
경상북도,영양군,2017,8,35350.74633
경상북도,영양군,2017,9,37861.03298
경상북도,영양군,2017,10,36192.9091
경상북도,영양군,2017,11,35561.044
경상북도,영양군,2017,12,34830.99678
경상북도,영양군,2018,1,30064.29397
경상북도,영양군,2018,2,31174.59382
경상북도,영양군,2018,3,31433.75893
경상북도,영양군,2018,4,30400.23817
경상북도,영양군,2018,5,32414.76165
경상북도,영양군,2018,6,31728.31662
경상북도,영양군,2018,7,31596.16525
경상북도,영양군,2018,8,31046.15297
경상북도,영양군,2018,9,30140.78764
경상북도,영양군,2018,10,31068.70147
경상북도,영양군,2018,11,30998.77256
경상북도,영양군,2018,12,29763.45695
경상북도,영양군,2019,1,30670.61854
경상북도,영양군,2019,2,31733.97602
경상북도,영양군,2019,3,32789.54991
경상북도,영양군,2019,4,32713.51027
경상북도,영양군,2019,5,31982.45201
경상북도,영양군,2019,6,32468.62671
경상북도,영양군,2019,7,31987.84064
경상북도,영양군,2019,8,32891.63462
경상북도,영양군,2019,9,30940.05033
경상북도,영양군,2019,10,31061.89338
경상북도,영양군,2019,11,30643.07662
경상북도,영양군,2019,12,30645.77094
경상북도,영양군,2020,1,32479.39165
경상북도,영양군,2020,2,32347.22729
경상북도,영양군,2020,3,35651.33631
경상북도,영양군,2020,4,32908.92582
경상북도,영양군,2020,5,29736.98116
경상북도,영양군,2020,6,31653.36439
경상북도,영양군,2020,7,32677.63819
경상북도,영양군,2020,8,32512.43274
경상북도,영양군,2020,9,33173.25454
경상북도,영양군,2020,10,33338.45999
경상북도,영양군,2020,11,33404.54217
경상북도,영양군,2020,12,36543.44574
경상북도,영양군,2021,1,36309.56879
경상북도,영양군,2021,2,35701.59461
경상북도,영양군,2021,3,35566.48924
경상북도,영양군,2021,4,35532.7129
경상북도,영양군,2021,5,34789.63335
경상북도,영양군,2021,6,34046.5538
경상북도,영양군,2021,7,35701.59461
경상북도,영양군,2021,8,33202.14523
경상북도,영양군,2021,9,34553.19895
경상북도,영양군,2021,10,34384.31723
경상북도,영양군,2021,11,34823.40969
경상북도,영양군,2021,12,39146.7816
경상북도,영주시,2010,1,0
경상북도,영주시,2010,2,0
경상북도,영주시,2010,3,0
경상북도,영주시,2010,4,0
경상북도,영주시,2010,5,0
경상북도,영주시,2010,6,0
경상북도,영주시,2010,7,0
경상북도,영주시,2010,8,0
경상북도,영주시,2010,9,0
경상북도,영주시,2010,10,0
경상북도,영주시,2010,11,0
경상북도,영주시,2010,12,0
경상북도,영주시,2011,1,0
경상북도,영주시,2011,2,0
경상북도,영주시,2011,3,0
경상북도,영주시,2011,4,0
경상북도,영주시,2011,5,0
경상북도,영주시,2011,6,0
경상북도,영주시,2011,7,0
경상북도,영주시,2011,8,0
경상북도,영주시,2011,9,0
경상북도,영주시,2011,10,0
경상북도,영주시,2011,11,0
경상북도,영주시,2011,12,0
경상북도,영주시,2012,1,0
경상북도,영주시,2012,2,0
경상북도,영주시,2012,3,0
경상북도,영주시,2012,4,0
경상북도,영주시,2012,5,0
경상북도,영주시,2012,6,0
경상북도,영주시,2012,7,0
경상북도,영주시,2012,8,0
경상북도,영주시,2012,9,0
경상북도,영주시,2012,10,0
경상북도,영주시,2012,11,0
경상북도,영주시,2012,12,0
경상북도,영주시,2013,1,0
경상북도,영주시,2013,2,0
경상북도,영주시,2013,3,0
경상북도,영주시,2013,4,0
경상북도,영주시,2013,5,0
경상북도,영주시,2013,6,0
경상북도,영주시,2013,7,0
경상북도,영주시,2013,8,0
경상북도,영주시,2013,9,0
경상북도,영주시,2013,10,0
경상북도,영주시,2013,11,0
경상북도,영주시,2013,12,0
경상북도,영주시,2014,1,0
경상북도,영주시,2014,2,0
경상북도,영주시,2014,3,0
경상북도,영주시,2014,4,0
경상북도,영주시,2014,5,0
경상북도,영주시,2014,6,0
경상북도,영주시,2014,7,0
경상북도,영주시,2014,8,0
경상북도,영주시,2014,9,0
경상북도,영주시,2014,10,0
경상북도,영주시,2014,11,0
경상북도,영주시,2014,12,0
경상북도,영주시,2015,1,234432.3003
경상북도,영주시,2015,2,231586.8555
경상북도,영주시,2015,3,223130.4598
경상북도,영주시,2015,4,233071.4354
경상북도,영주시,2015,5,233197.0537
경상북도,영주시,2015,6,233219.8934
경상북도,영주시,2015,7,221958.0223
경상북도,영주시,2015,8,243077.1234
경상북도,영주시,2015,9,239910.0196
경상북도,영주시,2015,10,243562.4669
경상북도,영주시,2015,11,235526.7022
경상북도,영주시,2015,12,212201.6676
경상북도,영주시,2016,1,229871.0507
경상북도,영주시,2016,2,225142.5301
경상북도,영주시,2016,3,237432.1785
경상북도,영주시,2016,4,219659.3984
경상북도,영주시,2016,5,227622.2346
경상북도,영주시,2016,6,229142.7196
경상북도,영주시,2016,7,209714.3003
경상북도,영주시,2016,8,218700.1789
경상북도,영주시,2016,9,219974.7583
경상북도,영주시,2016,10,195172.0815
경상북도,영주시,2016,11,210010.8887
경상북도,영주시,2016,12,197668.6803
경상북도,영주시,2017,1,241023.5484
경상북도,영주시,2017,2,243294.3615
경상북도,영주시,2017,3,235800.0349
경상북도,영주시,2017,4,243341.5361
경상북도,영주시,2017,5,239170.8737
경상북도,영주시,2017,6,231429.9526
경상북도,영주시,2017,7,243974.1045
경상북도,영주시,2017,8,233934.4944
경상북도,영주시,2017,9,250546.3823
경상북도,영주시,2017,10,239507.5287
경상북도,영주시,2017,11,235326.1447
경상북도,영주시,2017,12,230495.038
경상북도,영주시,2018,1,233463.2347
경상북도,영주시,2018,2,242085.2297
경상북도,영주시,2018,3,244097.7674
경상북도,영주시,2018,4,236071.9977
경상북도,영주시,2018,5,251715.71
경상북도,영주시,2018,6,246385.145
경상북도,영주시,2018,7,245358.9281
경상북도,영주시,2018,8,241087.8267
경상북도,영주시,2018,9,234057.2436
경상북도,영주시,2018,10,241262.9263
경상북도,영주시,2018,11,240719.8958
경상북도,영주시,2018,12,231127.0951
경상북도,영주시,2019,1,240066.227
경상북도,영주시,2019,2,248389.3789
경상북도,영주시,2019,3,256651.6069
경상북도,영주시,2019,4,256056.4265
경상북도,영주시,2019,5,250334.2596
경상북도,영주시,2019,6,254139.6646
경상북도,영주시,2019,7,250376.4377
경상북도,영주시,2019,8,257450.6482
경상북도,영주시,2019,9,242175.1337
경상북도,영주시,2019,10,243128.8282
경상북도,영주시,2019,11,239850.6498
경상북도,영주시,2019,12,239871.7389
경상북도,영주시,2020,1,231496.1723
경상북도,영주시,2020,2,230554.1736
경상북도,영주시,2020,3,254104.1403
경상북도,영주시,2020,4,234557.6679
경상북도,영주시,2020,5,211949.6999
경상북도,영주시,2020,6,225608.6806
경상북도,영주시,2020,7,232909.1703
경상북도,영주시,2020,8,231731.6719
경상북도,영주시,2020,9,236441.6653
경상북도,영주시,2020,10,237619.1636
경상북도,영주시,2020,11,238090.1629
경상북도,영주시,2020,12,260462.6313
경상북도,영주시,2021,1,268436.0513
경상북도,영주시,2021,2,263941.3081
경상북도,영주시,2021,3,262942.4763
경상북도,영주시,2021,4,262692.7684
경상북도,영주시,2021,5,257199.1934
경상북도,영주시,2021,6,251705.6184
경상북도,영주시,2021,7,263941.3081
경상북도,영주시,2021,8,245462.9195
경상북도,영주시,2021,9,255451.2377
경상북도,영주시,2021,10,254202.6979
경상북도,영주시,2021,11,257448.9013
경상북도,영주시,2021,12,289411.5195
경상북도,영천시,2010,1,0
경상북도,영천시,2010,2,0
경상북도,영천시,2010,3,0
경상북도,영천시,2010,4,0
경상북도,영천시,2010,5,0
경상북도,영천시,2010,6,0
경상북도,영천시,2010,7,0
경상북도,영천시,2010,8,0
경상북도,영천시,2010,9,0
경상북도,영천시,2010,10,0
경상북도,영천시,2010,11,0
경상북도,영천시,2010,12,0
경상북도,영천시,2011,1,0
경상북도,영천시,2011,2,0
경상북도,영천시,2011,3,0
경상북도,영천시,2011,4,0
경상북도,영천시,2011,5,0
경상북도,영천시,2011,6,0
경상북도,영천시,2011,7,0
경상북도,영천시,2011,8,0
경상북도,영천시,2011,9,0
경상북도,영천시,2011,10,0
경상북도,영천시,2011,11,0
경상북도,영천시,2011,12,0
경상북도,영천시,2012,1,0
경상북도,영천시,2012,2,0
경상북도,영천시,2012,3,0
경상북도,영천시,2012,4,0
경상북도,영천시,2012,5,0
경상북도,영천시,2012,6,0
경상북도,영천시,2012,7,0
경상북도,영천시,2012,8,0
경상북도,영천시,2012,9,0
경상북도,영천시,2012,10,0
경상북도,영천시,2012,11,0
경상북도,영천시,2012,12,0
경상북도,영천시,2013,1,0
경상북도,영천시,2013,2,0
경상북도,영천시,2013,3,0
경상북도,영천시,2013,4,0
경상북도,영천시,2013,5,0
경상북도,영천시,2013,6,0
경상북도,영천시,2013,7,0
경상북도,영천시,2013,8,0
경상북도,영천시,2013,9,0
경상북도,영천시,2013,10,0
경상북도,영천시,2013,11,0
경상북도,영천시,2013,12,0
경상북도,영천시,2014,1,0
경상북도,영천시,2014,2,0
경상북도,영천시,2014,3,0
경상북도,영천시,2014,4,0
경상북도,영천시,2014,5,0
경상북도,영천시,2014,6,0
경상북도,영천시,2014,7,0
경상북도,영천시,2014,8,0
경상북도,영천시,2014,9,0
경상북도,영천시,2014,10,0
경상북도,영천시,2014,11,0
경상북도,영천시,2014,12,0
경상북도,영천시,2015,1,274326.2334
경상북도,영천시,2015,2,270996.5721
경상북도,영천시,2015,3,261101.1303
경상북도,영천시,2015,4,272733.7867
경상북도,영천시,2015,5,272880.7818
경상북도,영천시,2015,6,272907.5081
경상북도,영천시,2015,7,259729.1762
경상북도,영천시,2015,8,284442.1678
경상북도,영천시,2015,9,280736.1099
경상북도,영천시,2015,10,285010.1033
경상북도,영천시,2015,11,275606.8724
경상북도,영천시,2015,12,248312.5581
경상북도,영천시,2016,1,293517.0161
경상북도,영천시,2016,2,287479.2777
경상북도,영천시,2016,3,303171.6449
경상북도,영천시,2016,4,280477.994
경상북도,영천시,2016,5,290645.555
경상북도,영천시,2016,6,292587.027
경상북도,영천시,2016,7,267779.3287
경상북도,영천시,2016,8,279253.1888
경상북도,영천시,2016,9,280880.6697
경상북도,영천시,2016,10,249210.7066
경상북도,영천시,2016,11,268158.0356
경상북도,영천시,2016,12,252398.5558
경상북도,영천시,2017,1,278517.9437
경상북도,영천시,2017,2,281142.0118
경상북도,영천시,2017,3,272481.8438
경상북도,영천시,2017,4,281196.5251
경상북도,영천시,2017,5,276377.061
경상북도,영천시,2017,6,267431.9374
경상북도,영천시,2017,7,281927.4978
경상북도,영천시,2017,8,270326.0938
경상북도,영천시,2017,9,289522.1802
경상북도,영천시,2017,10,276766.0871
경상북도,영천시,2017,11,271934.2337
경상북도,영천시,2017,12,266351.5846
경상북도,영천시,2018,1,277170.1834
경상북도,영천시,2018,2,287406.3131
경상북도,영천시,2018,3,289795.6205
경상북도,영천시,2018,4,280267.3363
경상북도,영천시,2018,5,298839.7279
경상북도,영천시,2018,6,292511.221
경상북도,영천시,2018,7,291292.8847
경상북도,영천시,2018,8,286222.185
경상북도,영천시,2018,9,277875.3975
경상북도,영천시,2018,10,286430.0652
경상북도,영천시,2018,11,285785.3733
경상북도,영천시,2018,12,274396.6922
경상북도,영천시,2019,1,283023.099
경상북도,영천시,2019,2,292835.5756
경상북도,영천시,2019,3,302576.2267
경상북도,영천시,2019,4,301874.5463
경상북도,영천시,2019,5,295128.4685
경상북도,영천시,2019,6,299614.8036
경상북도,영천시,2019,7,295178.1939
경상북도,영천시,2019,8,303518.2466
경상북도,영천시,2019,9,285509.3684
경상북도,영천시,2019,10,286633.7147
경상북도,영천시,2019,11,282768.947
경상북도,영천시,2019,12,282793.8097
경상북도,영천시,2020,1,283115.3064
경상북도,영천시,2020,2,281963.2604
경상북도,영천시,2020,3,310764.4106
경상북도,영천시,2020,4,286859.4559
경상북도,영천시,2020,5,259210.3517
경상북도,영천시,2020,6,275915.0188
경상북도,영천시,2020,7,284843.3754
경상북도,영천시,2020,8,283403.3179
경상북도,영천시,2020,9,289163.5479
경상북도,영천시,2020,10,290603.6054
경상북도,영천시,2020,11,291179.6284
경상북도,영천시,2020,12,318540.7211
경상북도,영천시,2021,1,329076.5563
경상북도,영천시,2021,2,323566.4372
경상북도,영천시,2021,3,322341.9663
경상북도,영천시,2021,4,322035.8486
경상북도,영천시,2021,5,315301.2586
경상북도,영천시,2021,6,308566.6686
경상북도,영천시,2021,7,323566.4372
경상북도,영천시,2021,8,300913.7254
경상북도,영천시,2021,9,313158.4345
경상북도,영천시,2021,10,311627.8458
경상북도,영천시,2021,11,315607.3763
경상북도,영천시,2021,12,354790.4453
경상북도,예천군,2010,1,0
경상북도,예천군,2010,2,0
경상북도,예천군,2010,3,0
경상북도,예천군,2010,4,0
경상북도,예천군,2010,5,0
경상북도,예천군,2010,6,0
경상북도,예천군,2010,7,0
경상북도,예천군,2010,8,0
경상북도,예천군,2010,9,0
경상북도,예천군,2010,10,0
경상북도,예천군,2010,11,0
경상북도,예천군,2010,12,0
경상북도,예천군,2011,1,0
경상북도,예천군,2011,2,0
경상북도,예천군,2011,3,0
경상북도,예천군,2011,4,0
경상북도,예천군,2011,5,0
경상북도,예천군,2011,6,0
경상북도,예천군,2011,7,0
경상북도,예천군,2011,8,0
경상북도,예천군,2011,9,0
경상북도,예천군,2011,10,0
경상북도,예천군,2011,11,0
경상북도,예천군,2011,12,0
경상북도,예천군,2012,1,0
경상북도,예천군,2012,2,0
경상북도,예천군,2012,3,0
경상북도,예천군,2012,4,0
경상북도,예천군,2012,5,0
경상북도,예천군,2012,6,0
경상북도,예천군,2012,7,0
경상북도,예천군,2012,8,0
경상북도,예천군,2012,9,0
경상북도,예천군,2012,10,0
경상북도,예천군,2012,11,0
경상북도,예천군,2012,12,0
경상북도,예천군,2013,1,0
경상북도,예천군,2013,2,0
경상북도,예천군,2013,3,0
경상북도,예천군,2013,4,0
경상북도,예천군,2013,5,0
경상북도,예천군,2013,6,0
경상북도,예천군,2013,7,0
경상북도,예천군,2013,8,0
경상북도,예천군,2013,9,0
경상북도,예천군,2013,10,0
경상북도,예천군,2013,11,0
경상북도,예천군,2013,12,0
경상북도,예천군,2014,1,0
경상북도,예천군,2014,2,0
경상북도,예천군,2014,3,0
경상북도,예천군,2014,4,0
경상북도,예천군,2014,5,0
경상북도,예천군,2014,6,0
경상북도,예천군,2014,7,0
경상북도,예천군,2014,8,0
경상북도,예천군,2014,9,0
경상북도,예천군,2014,10,0
경상북도,예천군,2014,11,0
경상북도,예천군,2014,12,0
경상북도,예천군,2015,1,87024.7862
경상북도,예천군,2015,2,85968.51439
경상북도,예천군,2015,3,82829.37348
경상북도,예천군,2015,4,86519.61273
경상북도,예천군,2015,5,86566.24413
경상북도,예천군,2015,6,86574.72256
경상북도,예천군,2015,7,82394.1471
경상북도,예천군,2015,8,90233.87421
경상북도,예천군,2015,9,89058.19776
경상북도,예천군,2015,10,90414.04097
경상북도,예천군,2015,11,87431.04459
경상북도,예천군,2015,12,78772.44188
경상북도,예천군,2016,1,95307.34328
경상북도,예천군,2016,2,93346.84093
경상북도,예천군,2016,3,98442.27917
경상북도,예천군,2016,4,91073.46761
경상북도,예천군,2016,5,94374.95669
경상북도,예천군,2016,6,95005.36833
경상북도,예천군,2016,7,86950.10854
경상북도,예천군,2016,8,90675.76348
경상북도,예천군,2016,9,91204.21965
경상북도,예천군,2016,10,80920.72713
경상북도,예천군,2016,11,87073.07772
경상북도,예천군,2016,12,81955.84747
경상북도,예천군,2017,1,92752.88988
경상북도,예천군,2017,2,93626.765
경상북도,예천군,2017,3,90742.72957
경상북도,예천군,2017,4,93644.91915
경상북도,예천군,2017,5,92039.92662
경상북도,예천군,2017,6,89060.99446
경상북도,예천군,2017,7,93888.3499
경상북도,예천군,2017,8,90024.81517
경상북도,예천군,2017,9,96417.55407
경상북도,예천군,2017,10,92169.48129
경상북도,예천군,2017,11,90560.36281
경상북도,예천군,2017,12,88701.21207
경상북도,예천군,2018,1,88473.33982
경상북도,예천군,2018,2,91740.73522
경상북도,예천군,2018,3,92503.40746
경상북도,예천군,2018,4,89461.95791
경상북도,예천군,2018,5,95390.30668
경상북도,예천군,2018,6,93370.23318
경상북도,예천군,2018,7,92981.33753
경상북도,예천군,2018,8,91362.75888
경상북도,예천군,2018,9,88698.44572
경상북도,예천군,2018,10,91429.11473
경상북도,예천군,2018,11,91223.32762
경상북도,예천군,2018,12,87588.03526
경상북도,예천군,2019,1,86588.12375
경상북도,예천군,2019,2,89590.15415
경상북도,예천군,2019,3,92570.21021
경상북도,예천군,2019,4,92355.538
경상북도,예천군,2019,5,90291.6421
경상북도,예천군,2019,6,91664.19203
경상북도,예천군,2019,7,90306.85509
경상북도,예천군,2019,8,92858.41189
경상북도,예천군,2019,9,87348.77335
경상북도,예천군,2019,10,87692.756
경상북도,예천군,2019,11,86510.36846
경상북도,예천군,2019,12,86517.97496
경상북도,예천군,2020,1,83932.28913
경상북도,예천군,2020,2,83590.75388
경상북도,예천군,2020,3,92129.13527
경상북도,예천군,2020,4,85042.27871
경상북도,예천군,2020,5,76845.43257
경상북도,예천군,2020,6,81797.69378
경상북도,예천군,2020,7,84444.59202
경상북도,예천군,2020,8,84017.67295
경상북도,예천군,2020,9,85725.34922
경상북도,예천군,2020,10,86152.26829
경상북도,예천군,2020,11,86323.03592
경상북도,예천군,2020,12,94434.49825
경상북도,예천군,2021,1,99162.62355
경상북도,예천군,2021,2,97502.22613
경상북도,예천군,2021,3,97133.24892
경상북도,예천군,2021,4,97041.00462
경상북도,예천군,2021,5,95011.63
경상북도,예천군,2021,6,92982.25538
경상북도,예천군,2021,7,97502.22613
경상북도,예천군,2021,8,90676.14786
경상북도,예천군,2021,9,94365.91989
경상북도,예천군,2021,10,93904.69839
경상북도,예천군,2021,11,95103.8743
경상북도,예천군,2021,12,106911.1448
경상북도,울릉군,2010,1,0
경상북도,울릉군,2010,2,0
경상북도,울릉군,2010,3,0
경상북도,울릉군,2010,4,0
경상북도,울릉군,2010,5,0
경상북도,울릉군,2010,6,0
경상북도,울릉군,2010,7,0
경상북도,울릉군,2010,8,0
경상북도,울릉군,2010,9,0
경상북도,울릉군,2010,10,0
경상북도,울릉군,2010,11,0
경상북도,울릉군,2010,12,0
경상북도,울릉군,2011,1,0
경상북도,울릉군,2011,2,0
경상북도,울릉군,2011,3,0
경상북도,울릉군,2011,4,0
경상북도,울릉군,2011,5,0
경상북도,울릉군,2011,6,0
경상북도,울릉군,2011,7,0
경상북도,울릉군,2011,8,0
경상북도,울릉군,2011,9,0
경상북도,울릉군,2011,10,0
경상북도,울릉군,2011,11,0
경상북도,울릉군,2011,12,0
경상북도,울릉군,2012,1,0
경상북도,울릉군,2012,2,0
경상북도,울릉군,2012,3,0
경상북도,울릉군,2012,4,0
경상북도,울릉군,2012,5,0
경상북도,울릉군,2012,6,0
경상북도,울릉군,2012,7,0
경상북도,울릉군,2012,8,0
경상북도,울릉군,2012,9,0
경상북도,울릉군,2012,10,0
경상북도,울릉군,2012,11,0
경상북도,울릉군,2012,12,0
경상북도,울릉군,2013,1,0
경상북도,울릉군,2013,2,0
경상북도,울릉군,2013,3,0
경상북도,울릉군,2013,4,0
경상북도,울릉군,2013,5,0
경상북도,울릉군,2013,6,0
경상북도,울릉군,2013,7,0
경상북도,울릉군,2013,8,0
경상북도,울릉군,2013,9,0
경상북도,울릉군,2013,10,0
경상북도,울릉군,2013,11,0
경상북도,울릉군,2013,12,0
경상북도,울릉군,2014,1,0
경상북도,울릉군,2014,2,0
경상북도,울릉군,2014,3,0
경상북도,울릉군,2014,4,0
경상북도,울릉군,2014,5,0
경상북도,울릉군,2014,6,0
경상북도,울릉군,2014,7,0
경상북도,울릉군,2014,8,0
경상북도,울릉군,2014,9,0
경상북도,울릉군,2014,10,0
경상북도,울릉군,2014,11,0
경상북도,울릉군,2014,12,0
경상북도,울릉군,2015,1,23589.67056
경상북도,울릉군,2015,2,23303.34864
경상북도,울릉군,2015,3,22452.4267
경상북도,울릉군,2015,4,23452.73399
경상북도,울릉군,2015,5,23465.37429
경상북도,울릉군,2015,6,23467.67253
경상북도,울릉군,2015,7,22334.45058
경상북도,울릉군,2015,8,24459.55295
경상북도,울릉군,2015,9,24140.8642
경상북도,울릉군,2015,10,24508.39047
경상북도,울릉군,2015,11,23699.79438
경상북도,울릉군,2015,12,21352.7207
경상북도,울릉군,2016,1,23778.80183
경상북도,울릉군,2016,2,23289.66431
경상북도,울릉군,2016,3,24560.95582
경상북도,울릉군,2016,4,22722.46674
경상북도,울릉군,2016,5,23546.17509
경상북도,울릉군,2016,6,23703.46028
경상북도,울릉군,2016,7,21693.70511
경상북도,울릉군,2016,8,22623.24115
경상북도,울릉군,2016,9,22755.08885
경상북도,울릉군,2016,10,20189.39851
경상북도,울릉군,2016,11,21724.38543
경상북도,울릉군,2016,12,20447.6569
경상북도,울릉군,2017,1,23170.78345
경상북도,울릉군,2017,2,23389.08793
경상북도,울릉군,2017,3,22668.62132
경상북도,울릉군,2017,4,23393.62305
경상북도,울릉군,2017,5,22992.67668
경상북도,울릉군,2017,6,22248.50373
경상북도,울릉군,2017,7,23454.43497
경상북도,울릉군,2017,8,22489.2777
경상북도,울릉군,2017,9,24086.26048
경상북도,울릉군,2017,10,23025.04099
경상북도,울릉군,2017,11,22623.06391
경상북도,울릉군,2017,12,22158.62578
경상북도,울릉군,2018,1,24308.23048
경상북도,울릉군,2018,2,25205.95403
경상북도,울릉군,2018,3,25415.49978
경상북도,울릉군,2018,4,24579.85532
경상북도,울릉군,2018,5,26208.68123
경상북도,울릉군,2018,6,25653.66192
경상북도,울릉군,2018,7,25546.81204
경상북도,울릉군,2018,8,25102.10426
경상북도,울릉군,2018,9,24370.07879
경상북도,울릉군,2018,10,25120.33566
경상북도,울릉군,2018,11,25063.79524
경상북도,울릉군,2018,12,24064.99125
경상북도,울릉군,2019,1,22457.80599
경상북도,울릉군,2019,2,23236.42335
경상북도,울릉군,2019,3,24009.34137
경상북도,울릉군,2019,4,23953.66321
경상북도,울릉군,2019,5,23418.36378
경상북도,울릉군,2019,6,23774.35324
경상북도,울릉군,2019,7,23422.30947
경상북도,울릉군,2019,8,24084.09039
경상북도,울릉군,2019,9,22655.09079
경상북도,울릉군,2019,10,22744.30737
경상북도,울릉군,2019,11,22437.6391
경상북도,울릉군,2019,12,22439.61195
경상북도,울릉군,2020,1,20633.74187
경상북도,울릉군,2020,2,20549.77955
경상북도,울릉군,2020,3,22648.83772
경상북도,울릉군,2020,4,20906.61944
경상북도,울릉군,2020,5,18891.52359
경상북도,울릉군,2020,6,20108.97733
경상북도,울릉군,2020,7,20759.68536
경상북도,울릉군,2020,8,20654.73246
경상북도,울릉군,2020,9,21074.54409
경상북도,울릉군,2020,10,21179.497
경상북도,울릉군,2020,11,21221.47816
경상북도,울릉군,2020,12,23215.58343
경상북도,울릉군,2021,1,26881.51204
경상북도,울릉군,2021,2,26431.403
경상북도,울릉군,2021,3,26331.37877
경상북도,울릉군,2021,4,26306.37271
경상북도,울릉군,2021,5,25756.23944
경상북도,울릉군,2021,6,25206.10617
경상북도,울릉군,2021,7,26431.403
경상북도,울릉군,2021,8,24580.95473
경상북도,울릉군,2021,9,25581.19703
경상북도,울릉군,2021,10,25456.16675
경상북도,울릉군,2021,11,25781.2455
경상북도,울릉군,2021,12,28982.02088
경상북도,울진군,2010,1,0
경상북도,울진군,2010,2,0
경상북도,울진군,2010,3,0
경상북도,울진군,2010,4,0
경상북도,울진군,2010,5,0
경상북도,울진군,2010,6,0
경상북도,울진군,2010,7,0
경상북도,울진군,2010,8,0
경상북도,울진군,2010,9,0
경상북도,울진군,2010,10,0
경상북도,울진군,2010,11,0
경상북도,울진군,2010,12,0
경상북도,울진군,2011,1,0
경상북도,울진군,2011,2,0
경상북도,울진군,2011,3,0
경상북도,울진군,2011,4,0
경상북도,울진군,2011,5,0
경상북도,울진군,2011,6,0
경상북도,울진군,2011,7,0
경상북도,울진군,2011,8,0
경상북도,울진군,2011,9,0
경상북도,울진군,2011,10,0
경상북도,울진군,2011,11,0
경상북도,울진군,2011,12,0
경상북도,울진군,2012,1,0
경상북도,울진군,2012,2,0
경상북도,울진군,2012,3,0
경상북도,울진군,2012,4,0
경상북도,울진군,2012,5,0
경상북도,울진군,2012,6,0
경상북도,울진군,2012,7,0
경상북도,울진군,2012,8,0
경상북도,울진군,2012,9,0
경상북도,울진군,2012,10,0
경상북도,울진군,2012,11,0
경상북도,울진군,2012,12,0
경상북도,울진군,2013,1,0
경상북도,울진군,2013,2,0
경상북도,울진군,2013,3,0
경상북도,울진군,2013,4,0
경상북도,울진군,2013,5,0
경상북도,울진군,2013,6,0
경상북도,울진군,2013,7,0
경상북도,울진군,2013,8,0
경상북도,울진군,2013,9,0
경상북도,울진군,2013,10,0
경상북도,울진군,2013,11,0
경상북도,울진군,2013,12,0
경상북도,울진군,2014,1,0
경상북도,울진군,2014,2,0
경상북도,울진군,2014,3,0
경상북도,울진군,2014,4,0
경상북도,울진군,2014,5,0
경상북도,울진군,2014,6,0
경상북도,울진군,2014,7,0
경상북도,울진군,2014,8,0
경상북도,울진군,2014,9,0
경상북도,울진군,2014,10,0
경상북도,울진군,2014,11,0
경상북도,울진군,2014,12,0
경상북도,울진군,2015,1,228868.2167
경상북도,울진군,2015,2,226090.3065
경상북도,울진군,2015,3,217834.6173
경상북도,울진군,2015,4,227539.6509
경상북도,울진군,2015,5,227662.2878
경상북도,울진군,2015,6,227684.5854
경상북도,울진군,2015,7,216690.0068
경상북도,울진군,2015,8,237307.8611
경상북도,울진군,2015,9,234215.9262
경상북도,울진군,2015,10,237781.6853
경상북도,울진군,2015,11,229936.6437
경상북도,울진군,2015,12,207165.2122
경상북도,울진군,2016,1,213756.9831
경상북도,울진군,2016,2,209359.934
경상북도,울진군,2016,3,220788.0724
경상북도,울진군,2016,4,204261.1724
경상북도,울진군,2016,5,211665.8101
경상북도,울진군,2016,6,213079.7084
경상북도,울진군,2016,7,195013.2303
경상북도,울진군,2016,8,203369.1946
경상북도,울진군,2016,9,204554.4254
경상북도,울진군,2016,10,181490.4278
경상북도,울진군,2016,11,195289.0277
경상북도,울진군,2016,12,183812.0139
경상북도,울진군,2017,1,213789.5155
경상북도,울진군,2017,2,215803.7421
경상북도,울진군,2017,3,209156.2238
경상북도,울진군,2017,4,215845.5863
경상북도,울진군,2017,5,212146.1805
경상북도,울진군,2017,6,205279.9313
경상북도,울진군,2017,7,216406.6787
경상북도,울진군,2017,8,207501.4767
경상북도,울진군,2017,9,222236.3336
경상북도,울진군,2017,10,212444.7958
경상북도,울진군,2017,11,208735.88
경상북도,울진군,2017,12,204450.6557
경상북도,울진군,2018,1,200673.7248
경상북도,울진군,2018,2,208084.7755
경상북도,울진군,2018,3,209814.6557
경상북도,울진군,2018,4,202916.0915
경상북도,울진군,2018,5,216362.6714
경상북도,울진군,2018,6,211780.775
경상북도,울진군,2018,7,210898.6885
경상북도,울진군,2018,8,207227.456
경상북도,울진군,2018,9,201184.3062
경상북도,울진군,2018,10,207377.9632
경상북도,울진군,2018,11,206911.2003
경상북도,울진군,2018,12,198665.692
경상북도,울진군,2019,1,190796.2027
경상북도,울진군,2019,2,197411.1514
경상북도,울진군,2019,3,203977.6799
경상북도,울진군,2019,4,203504.6515
경상북도,울진군,2019,5,198956.8742
경상북도,울진군,2019,6,201981.2764
경상북도,울진군,2019,7,198990.3959
경상북도,울진군,2019,8,204612.7299
경상북도,울진군,2019,9,192472.2877
경상북도,울진군,2019,10,193230.2505
경상북도,울진군,2019,11,190624.8695
경상북도,울진군,2019,12,190641.6304
경상북도,울진군,2020,1,198034.2722
경상북도,울진군,2020,2,197228.4359
경상북도,울진군,2020,3,217374.3436
경상북도,울진군,2020,4,200653.2402
경상북도,울진군,2020,5,181313.1689
경상북도,울진군,2020,6,192997.7953
경상북도,울진군,2020,7,199243.0267
경상북도,울진군,2020,8,198235.7313
경상북도,울진군,2020,9,202264.9128
경상북도,울진군,2020,10,203272.2082
경상북도,울진군,2020,11,203675.1264
경상북도,울진군,2020,12,222813.7386
경상북도,울진군,2021,1,198576.0462
경상북도,울진군,2021,2,195251.0519
경상북도,울진군,2021,3,194512.1643
경상북도,울진군,2021,4,194327.4424
경상북도,울진군,2021,5,190263.5605
경상북도,울진군,2021,6,186199.6786
경상북도,울진군,2021,7,195251.0519
경상북도,울진군,2021,8,181581.631
경상북도,울진군,2021,9,188970.5072
경상북도,울진군,2021,10,188046.8977
경상북도,울진군,2021,11,190448.2824
경상북도,울진군,2021,12,214092.686
경상북도,의성군,2010,1,0
경상북도,의성군,2010,2,0
경상북도,의성군,2010,3,0
경상북도,의성군,2010,4,0
경상북도,의성군,2010,5,0
경상북도,의성군,2010,6,0
경상북도,의성군,2010,7,0
경상북도,의성군,2010,8,0
경상북도,의성군,2010,9,0
경상북도,의성군,2010,10,0
경상북도,의성군,2010,11,0
경상북도,의성군,2010,12,0
경상북도,의성군,2011,1,0
경상북도,의성군,2011,2,0
경상북도,의성군,2011,3,0
경상북도,의성군,2011,4,0
경상북도,의성군,2011,5,0
경상북도,의성군,2011,6,0
경상북도,의성군,2011,7,0
경상북도,의성군,2011,8,0
경상북도,의성군,2011,9,0
경상북도,의성군,2011,10,0
경상북도,의성군,2011,11,0
경상북도,의성군,2011,12,0
경상북도,의성군,2012,1,0
경상북도,의성군,2012,2,0
경상북도,의성군,2012,3,0
경상북도,의성군,2012,4,0
경상북도,의성군,2012,5,0
경상북도,의성군,2012,6,0
경상북도,의성군,2012,7,0
경상북도,의성군,2012,8,0
경상북도,의성군,2012,9,0
경상북도,의성군,2012,10,0
경상북도,의성군,2012,11,0
경상북도,의성군,2012,12,0
경상북도,의성군,2013,1,0
경상북도,의성군,2013,2,0
경상북도,의성군,2013,3,0
경상북도,의성군,2013,4,0
경상북도,의성군,2013,5,0
경상북도,의성군,2013,6,0
경상북도,의성군,2013,7,0
경상북도,의성군,2013,8,0
경상북도,의성군,2013,9,0
경상북도,의성군,2013,10,0
경상북도,의성군,2013,11,0
경상북도,의성군,2013,12,0
경상북도,의성군,2014,1,0
경상북도,의성군,2014,2,0
경상북도,의성군,2014,3,0
경상북도,의성군,2014,4,0
경상북도,의성군,2014,5,0
경상북도,의성군,2014,6,0
경상북도,의성군,2014,7,0
경상북도,의성군,2014,8,0
경상북도,의성군,2014,9,0
경상북도,의성군,2014,10,0
경상북도,의성군,2014,11,0
경상북도,의성군,2014,12,0
경상북도,의성군,2015,1,103532.6815
경상북도,의성군,2015,2,102276.0435
경상북도,의성군,2015,3,98541.43309
경상북도,의성군,2015,4,102931.6808
경상북도,의성군,2015,5,102987.1578
경상북도,의성군,2015,6,102997.2445
경상북도,의성군,2015,7,98023.6478
경상북도,의성군,2015,8,107350.5075
경상북도,의성군,2015,9,105951.8148
경상북도,의성군,2015,10,107564.8504
경상북도,의성군,2015,11,104016.0038
경상북도,의성군,2015,12,93714.9345
경상북도,의성군,2016,1,106631.0836
경상북도,의성군,2016,2,104437.6483
경상북도,의성군,2016,3,110138.4902
경상북도,의성군,2016,4,101894.1689
경상북도,의성군,2016,5,105587.9174
경상북도,의성군,2016,6,106293.2301
경상북도,의성군,2016,7,97280.90168
경상북도,의성군,2016,8,101449.2124
경상북도,의성군,2016,9,102040.456
경상북도,의성군,2016,10,90535.15208
경상북도,의성군,2016,11,97418.48118
경상북도,의성군,2016,12,91693.25805
경상북도,의성군,2017,1,97940.38875
경상북도,의성군,2017,2,98863.1381
경상북도,의성군,2017,3,95817.80386
경상북도,의성군,2017,4,98882.30758
경상북도,의성군,2017,5,97187.55076
경상북도,의성군,2017,6,94042.0124
경상북도,의성군,2017,7,99139.35296
경상북도,의성군,2017,8,95059.73783
경상북도,의성군,2017,9,101810.0109
경상북도,의성군,2017,10,97324.35118
경상북도,의성군,2017,11,95625.23766
경상북도,의성군,2017,12,93662.10804
경상북도,의성군,2018,1,96043.38399
경상북도,의성군,2018,2,99590.34753
경상북도,의성군,2018,3,100418.2763
경상북도,의성군,2018,4,97116.59121
경상북도,의성군,2018,5,103552.1873
경상북도,의성군,2018,6,101359.2702
경상북도,의성군,2018,7,100937.0995
경상북도,의성군,2018,8,99180.03041
경상북도,의성군,2018,9,96287.75063
경상북도,의성군,2018,10,99252.06386
경상북도,의성군,2018,11,99028.66898
경상북도,의성군,2018,12,95082.33011
경상북도,의성군,2019,1,101287.2173
경상북도,의성군,2019,2,104798.8687
경상북도,의성군,2019,3,108284.8154
경상북도,의성군,2019,4,108033.7007
경상북도,의성군,2019,5,105619.4404
경상북도,의성군,2019,6,107224.9927
경상북도,의성군,2019,7,105637.2359
경상북도,의성군,2019,8,108621.9419
경상북도,의성군,2019,9,102176.9938
경상북도,의성군,2019,10,102579.3706
경상북도,의성군,2019,11,101196.2624
경상북도,의성군,2019,12,101205.1601
경상북도,의성군,2020,1,103087.4345
경상북도,의성군,2020,2,102667.9536
경상북도,의성군,2020,3,113154.9764
경상북도,의성군,2020,4,104450.7475
경상북도,의성군,2020,5,94383.20553
경상북도,의성군,2020,6,100465.6788
경상북도,의성군,2020,7,103716.6559
경상북도,의성군,2020,8,103192.3047
경상북도,의성군,2020,9,105289.7093
경상북도,의성군,2020,10,105814.0604
경상북도,의성군,2020,11,106023.8009
경상북도,의성군,2020,12,115986.4726
경상북도,의성군,2021,1,108297.2103
경상북도,의성군,2021,2,106483.8616
경상북도,의성군,2021,3,106080.8953
경상북도,의성군,2021,4,105980.1537
경상북도,의성군,2021,5,103763.8387
경상북도,의성군,2021,6,101547.5237
경상북도,의성군,2021,7,106483.8616
경상북도,의성군,2021,8,99028.9839
경상북도,의성군,2021,9,103058.6475
경상북도,의성군,2021,10,102554.9396
경상북도,의성군,2021,11,103864.5803
경상북도,의성군,2021,12,116759.5039
경상북도,청도군,2010,1,0
경상북도,청도군,2010,2,0
경상북도,청도군,2010,3,0
경상북도,청도군,2010,4,0
경상북도,청도군,2010,5,0
경상북도,청도군,2010,6,0
경상북도,청도군,2010,7,0
경상북도,청도군,2010,8,0
경상북도,청도군,2010,9,0
경상북도,청도군,2010,10,0
경상북도,청도군,2010,11,0
경상북도,청도군,2010,12,0
경상북도,청도군,2011,1,0
경상북도,청도군,2011,2,0
경상북도,청도군,2011,3,0
경상북도,청도군,2011,4,0
경상북도,청도군,2011,5,0
경상북도,청도군,2011,6,0
경상북도,청도군,2011,7,0
경상북도,청도군,2011,8,0
경상북도,청도군,2011,9,0
경상북도,청도군,2011,10,0
경상북도,청도군,2011,11,0
경상북도,청도군,2011,12,0
경상북도,청도군,2012,1,0
경상북도,청도군,2012,2,0
경상북도,청도군,2012,3,0
경상북도,청도군,2012,4,0
경상북도,청도군,2012,5,0
경상북도,청도군,2012,6,0
경상북도,청도군,2012,7,0
경상북도,청도군,2012,8,0
경상북도,청도군,2012,9,0
경상북도,청도군,2012,10,0
경상북도,청도군,2012,11,0
경상북도,청도군,2012,12,0
경상북도,청도군,2013,1,0
경상북도,청도군,2013,2,0
경상북도,청도군,2013,3,0
경상북도,청도군,2013,4,0
경상북도,청도군,2013,5,0
경상북도,청도군,2013,6,0
경상북도,청도군,2013,7,0
경상북도,청도군,2013,8,0
경상북도,청도군,2013,9,0
경상북도,청도군,2013,10,0
경상북도,청도군,2013,11,0
경상북도,청도군,2013,12,0
경상북도,청도군,2014,1,0
경상북도,청도군,2014,2,0
경상북도,청도군,2014,3,0
경상북도,청도군,2014,4,0
경상북도,청도군,2014,5,0
경상북도,청도군,2014,6,0
경상북도,청도군,2014,7,0
경상북도,청도군,2014,8,0
경상북도,청도군,2014,9,0
경상북도,청도군,2014,10,0
경상북도,청도군,2014,11,0
경상북도,청도군,2014,12,0
경상북도,청도군,2015,1,84472.17856
경상북도,청도군,2015,2,83446.88928
경상북도,청도군,2015,3,80399.82552
경상북도,청도군,2015,4,83981.82282
경상북도,청도군,2015,5,84027.08643
경상북도,청도군,2015,6,84035.31617
경상북도,청도군,2015,7,79977.36519
경상북도,청도군,2015,8,87587.13773
경상북도,청도군,2015,9,86445.94617
경상북도,청도군,2015,10,87762.01985
경상북도,청도군,2015,11,84866.5206
경상북도,청도군,2015,12,76461.89168
경상북도,청도군,2016,1,88931.49933
경상북도,청도군,2016,2,87102.15011
경상북도,청도군,2016,3,91856.71516
경상북도,청도군,2016,4,84980.86029
경상북도,청도군,2016,5,88061.48728
경상북도,청도군,2016,6,88649.72581
경상북도,청도군,2016,7,81133.34454
경상북도,청도군,2016,8,84609.76166
경상북도,청도군,2016,9,85102.86532
경상북도,청도군,2016,10,75507.315
경상북도,청도군,2016,11,81248.08736
경상북도,청도군,2016,12,76473.18815
경상북도,청도군,2017,1,82257.87808
경상북도,청도군,2017,2,83032.87401
경상북도,청도군,2017,3,80475.16789
경상북도,청도군,2017,4,83048.97402
경상북도,청도군,2017,5,81625.58678
경상북도,청도군,2017,6,78983.72151
경상북도,청도군,2017,7,83264.86052
경상북도,청도군,2017,8,79838.48568
경상북도,청도군,2017,9,85507.88463
경상북도,청도군,2017,10,81740.48231
경상북도,청도군,2017,11,80313.43597
경상북도,청도군,2017,12,78664.64859
경상북도,청도군,2018,1,77823.2074
경상북도,청도군,2018,2,80697.28438
경상북도,청도군,2018,3,81368.14862
경상북도,청도군,2018,4,78692.81887
경상북도,청도군,2018,5,83907.53232
경상북도,청도군,2018,6,82130.62869
경상북도,청도군,2018,7,81788.54703
경상북도,청도군,2018,8,80364.80761
경상북도,청도군,2018,9,78021.21579
경상북도,청도군,2018,10,80423.17575
경상북도,청도군,2018,11,80242.16062
경상북도,청도군,2018,12,77044.47292
경상북도,청도군,2019,1,79536.67589
경상북도,청도군,2019,2,82294.23094
경상북도,청도군,2019,3,85031.60119
경상북도,청도군,2019,4,84834.41116
경상북도,청도군,2019,5,82938.59206
경상북도,청도군,2019,6,84199.36611
경상북도,청도군,2019,7,82952.56616
경상북도,청도군,2019,8,85296.33269
경상북도,청도군,2019,9,80235.38072
경상북도,청도군,2019,10,80551.35057
경상북도,청도군,2019,11,79465.25273
경상북도,청도군,2019,12,79472.23978
경상북도,청도군,2020,1,75909.01659
경상북도,청도군,2020,2,75600.12944
경상북도,청도군,2020,3,83322.30813
경상북도,청도군,2020,4,76912.89982
경상북도,청도군,2020,5,69499.60827
경상북도,청도군,2020,6,73978.47191
경상북도,청도군,2020,7,76372.34731
경상북도,청도군,2020,8,75986.23837
경상북도,청도군,2020,9,77530.67411
경상북도,청도군,2020,10,77916.78305
경상북도,청도군,2020,11,78071.22662
경상북도,청도군,2020,12,85407.29638
경상북도,청도군,2021,1,94503.43337
경상북도,청도군,2021,2,92921.05029
경상북도,청도군,2021,3,92569.40961
경상북도,청도군,2021,4,92481.49944
경상북도,청도군,2021,5,90547.47569
경상북도,청도군,2021,6,88613.45194
경상북도,청도군,2021,7,92921.05029
경상북도,청도군,2021,8,86415.69767
경상북도,청도군,2021,9,89932.1045
경상북도,청도군,2021,10,89492.55364
경상북도,청도군,2021,11,90635.38586
경상북도,청도군,2021,12,101887.8877
경상북도,청송군,2010,1,0
경상북도,청송군,2010,2,0
경상북도,청송군,2010,3,0
경상북도,청송군,2010,4,0
경상북도,청송군,2010,5,0
경상북도,청송군,2010,6,0
경상북도,청송군,2010,7,0
경상북도,청송군,2010,8,0
경상북도,청송군,2010,9,0
경상북도,청송군,2010,10,0
경상북도,청송군,2010,11,0
경상북도,청송군,2010,12,0
경상북도,청송군,2011,1,0
경상북도,청송군,2011,2,0
경상북도,청송군,2011,3,0
경상북도,청송군,2011,4,0
경상북도,청송군,2011,5,0
경상북도,청송군,2011,6,0
경상북도,청송군,2011,7,0
경상북도,청송군,2011,8,0
경상북도,청송군,2011,9,0
경상북도,청송군,2011,10,0
경상북도,청송군,2011,11,0
경상북도,청송군,2011,12,0
경상북도,청송군,2012,1,0
경상북도,청송군,2012,2,0
경상북도,청송군,2012,3,0
경상북도,청송군,2012,4,0
경상북도,청송군,2012,5,0
경상북도,청송군,2012,6,0
경상북도,청송군,2012,7,0
경상북도,청송군,2012,8,0
경상북도,청송군,2012,9,0
경상북도,청송군,2012,10,0
경상북도,청송군,2012,11,0
경상북도,청송군,2012,12,0
경상북도,청송군,2013,1,0
경상북도,청송군,2013,2,0
경상북도,청송군,2013,3,0
경상북도,청송군,2013,4,0
경상북도,청송군,2013,5,0
경상북도,청송군,2013,6,0
경상북도,청송군,2013,7,0
경상북도,청송군,2013,8,0
경상북도,청송군,2013,9,0
경상북도,청송군,2013,10,0
경상북도,청송군,2013,11,0
경상북도,청송군,2013,12,0
경상북도,청송군,2014,1,0
경상북도,청송군,2014,2,0
경상북도,청송군,2014,3,0
경상북도,청송군,2014,4,0
경상북도,청송군,2014,5,0
경상북도,청송군,2014,6,0
경상북도,청송군,2014,7,0
경상북도,청송군,2014,8,0
경상북도,청송군,2014,9,0
경상북도,청송군,2014,10,0
경상북도,청송군,2014,11,0
경상북도,청송군,2014,12,0
경상북도,청송군,2015,1,58308.77104
경상북도,청송군,2015,2,57601.04266
경상북도,청송군,2015,3,55497.74018
경상북도,청송군,2015,4,57970.29225
경상북도,청송군,2015,5,58001.53644
경상북도,청송군,2015,6,58007.21721
경상북도,청송군,2015,7,55206.12768
경상북도,청송군,2015,8,60458.93981
경상북도,청송군,2015,9,59671.20735
경상북도,청송군,2015,10,60579.65602
경상북도,청송군,2015,11,58580.97426
경상북도,청송군,2015,12,52779.49511
경상북도,청송군,2016,1,60424.04674
경상북도,청송군,2016,2,59181.10488
경상북도,청송군,2016,3,62411.56948
경상북도,청송군,2016,4,57739.8055
경상북도,청송군,2016,5,59832.92155
경상북도,청송군,2016,6,60232.59718
경상북도,청송군,2016,7,55125.63084
경상북도,청송군,2016,8,57487.66445
경상북도,청송군,2016,9,57822.70118
경상북도,청송군,2016,10,51303.0542
경상북도,청송군,2016,11,55203.59226
경상북도,청송군,2016,12,51959.31171
경상북도,청송군,2017,1,56754.72037
경상북도,청송군,2017,2,57289.43727
경상북도,청송군,2017,3,55524.72003
경상북도,청송군,2017,4,57300.54565
경상북도,청송군,2017,5,56318.46409
경상북도,청송군,2017,6,54495.68033
경상북도,청송군,2017,7,57449.49889
경상북도,청송군,2017,8,55085.43419
경상북도,청송군,2017,9,58997.09785
경상북도,청송군,2017,10,56397.73751
경상북도,청송군,2017,11,55413.13133
경상북도,청송군,2017,12,54275.53248
경상북도,청송군,2018,1,55016.6958
경상북도,청송군,2018,2,57048.50899
경상북도,청송군,2018,3,57522.77284
경상북도,청송군,2018,4,55631.46292
경상북도,청송군,2018,5,59317.97641
경상북도,청송군,2018,6,58061.80399
경상북도,청송군,2018,7,57819.97122
경상북도,청송군,2018,8,56813.46633
경상북도,청송군,2018,9,55156.67676
경상북도,청송군,2018,10,56854.72937
경상북도,청송군,2018,11,56726.7617
경상북도,청송군,2018,12,54466.17366
경상북도,청송군,2019,1,62088.15682
경상북도,청송군,2019,2,64240.76766
경상북도,청송군,2019,3,66377.62177
경상북도,청송군,2019,4,66223.69071
경상북도,청송군,2019,5,64743.77075
경상북도,청송군,2019,6,65727.95994
경상북도,청송군,2019,7,64754.67926
경상북도,청송군,2019,8,66584.27726
경상북도,청송군,2019,9,62633.58186
경상북도,청송군,2019,10,62880.23519
경상북도,청송군,2019,11,62032.40226
경상북도,청송군,2019,12,62037.85651
경상북도,청송군,2020,1,60654.65578
경상북도,청송군,2020,2,60407.84131
경상북도,청송군,2020,3,66578.20303
경상북도,청송군,2020,4,61456.8028
경상북도,청송군,2020,5,55533.25554
경상북도,청송군,2020,6,59112.06534
경상북도,청송군,2020,7,61024.87748
경상북도,청송군,2020,8,60716.35939
경상북도,청송군,2020,9,61950.43174
경상북도,청송군,2020,10,62258.94982
경상북도,청송군,2020,11,62382.35706
경상북도,청송군,2020,12,68244.2007
경상북도,청송군,2021,1,57710.08887
경상북도,청송군,2021,2,56743.78041
경상북도,청송군,2021,3,56529.04519
경상북도,청송군,2021,4,56475.36139
경상북도,청송군,2021,5,55294.31771
경상북도,청송군,2021,6,54113.27403
경상북도,청송군,2021,7,56743.78041
경상북도,청송군,2021,8,52771.17894
경상북도,청송군,2021,9,54918.53109
경상북도,청송군,2021,10,54650.11207
경상북도,청송군,2021,11,55348.00151
경상북도,청송군,2021,12,62219.52838
경상북도,칠곡군,2010,1,0
경상북도,칠곡군,2010,2,0
경상북도,칠곡군,2010,3,0
경상북도,칠곡군,2010,4,0
경상북도,칠곡군,2010,5,0
경상북도,칠곡군,2010,6,0
경상북도,칠곡군,2010,7,0
경상북도,칠곡군,2010,8,0
경상북도,칠곡군,2010,9,0
경상북도,칠곡군,2010,10,0
경상북도,칠곡군,2010,11,0
경상북도,칠곡군,2010,12,0
경상북도,칠곡군,2011,1,0
경상북도,칠곡군,2011,2,0
경상북도,칠곡군,2011,3,0
경상북도,칠곡군,2011,4,0
경상북도,칠곡군,2011,5,0
경상북도,칠곡군,2011,6,0
경상북도,칠곡군,2011,7,0
경상북도,칠곡군,2011,8,0
경상북도,칠곡군,2011,9,0
경상북도,칠곡군,2011,10,0
경상북도,칠곡군,2011,11,0
경상북도,칠곡군,2011,12,0
경상북도,칠곡군,2012,1,0
경상북도,칠곡군,2012,2,0
경상북도,칠곡군,2012,3,0
경상북도,칠곡군,2012,4,0
경상북도,칠곡군,2012,5,0
경상북도,칠곡군,2012,6,0
경상북도,칠곡군,2012,7,0
경상북도,칠곡군,2012,8,0
경상북도,칠곡군,2012,9,0
경상북도,칠곡군,2012,10,0
경상북도,칠곡군,2012,11,0
경상북도,칠곡군,2012,12,0
경상북도,칠곡군,2013,1,0
경상북도,칠곡군,2013,2,0
경상북도,칠곡군,2013,3,0
경상북도,칠곡군,2013,4,0
경상북도,칠곡군,2013,5,0
경상북도,칠곡군,2013,6,0
경상북도,칠곡군,2013,7,0
경상북도,칠곡군,2013,8,0
경상북도,칠곡군,2013,9,0
경상북도,칠곡군,2013,10,0
경상북도,칠곡군,2013,11,0
경상북도,칠곡군,2013,12,0
경상북도,칠곡군,2014,1,0
경상북도,칠곡군,2014,2,0
경상북도,칠곡군,2014,3,0
경상북도,칠곡군,2014,4,0
경상북도,칠곡군,2014,5,0
경상북도,칠곡군,2014,6,0
경상북도,칠곡군,2014,7,0
경상북도,칠곡군,2014,8,0
경상북도,칠곡군,2014,9,0
경상북도,칠곡군,2014,10,0
경상북도,칠곡군,2014,11,0
경상북도,칠곡군,2014,12,0
경상북도,칠곡군,2015,1,326369.1916
경상북도,칠곡군,2015,2,322407.8537
경상북도,칠곡군,2015,3,310635.1287
경상북도,칠곡군,2015,4,324474.6387
경상북도,칠곡군,2015,5,324649.5205
경상북도,칠곡군,2015,6,324681.3172
경상북도,칠곡군,2015,7,309002.8985
경상북도,칠곡군,2015,8,338404.2393
경상북도,칠곡군,2015,9,333995.0981
경상북도,칠곡군,2015,10,339079.919
경상북도,칠곡군,2015,11,327892.783
경상북도,칠곡군,2015,12,295420.4118
경상북도,칠곡군,2016,1,346672.0059
경상북도,칠곡군,2016,2,339540.8525
경상북도,칠곡군,2016,3,358075.0571
경상북도,칠곡군,2016,4,331271.6587
경상북도,칠곡군,2016,5,343280.5324
경상북도,칠곡군,2016,6,345573.5988
경상북도,칠곡군,2016,7,316273.3059
경상북도,칠곡군,2016,8,329825.0452
경상북도,칠곡군,2016,9,331747.2577
경상북도,칠곡군,2016,10,294341.966
경상북도,칠곡군,2016,11,316720.5954
경상북도,칠곡군,2016,12,298107.1244
경상북도,칠곡군,2017,1,348275.2808
경상북도,칠곡군,2017,2,351556.5705
경상북도,칠곡군,2017,3,340727.385
경상북도,칠곡군,2017,4,351624.737
경상북도,칠곡군,2017,5,345598.1946
경상북도,칠곡군,2017,6,334412.684
경상북도,칠곡군,2017,7,352538.7884
경상북도,칠곡군,2017,8,338031.7079
경상북도,칠곡군,2017,9,362035.6278
경상북도,칠곡군,2017,10,346084.6559
경상북도,칠곡군,2017,11,340042.6211
경상북도,칠곡군,2017,12,333061.747
경상북도,칠곡군,2018,1,333970.701
경상북도,칠곡군,2018,2,346304.5219
경상북도,칠곡군,2018,3,349183.4703
경상북도,칠곡군,2018,4,337702.5537
경상북도,칠곡군,2018,5,360080.9877
경상북도,칠곡군,2018,6,352455.5791
경상북도,칠곡군,2018,7,350987.5691
경상북도,칠곡군,2018,8,344877.7303
경상북도,칠곡군,2018,9,334820.4347
경상북도,칠곡군,2018,10,345128.2115
경상북도,칠곡군,2018,11,344351.4027
경상북도,칠곡군,2018,12,330628.8379
경상북도,칠곡군,2019,1,327771.869
경상북도,칠곡군,2019,2,339135.796
경상북도,칠곡군,2019,3,350416.541
경상북도,칠곡군,2019,4,349603.9179
경상북도,칠곡군,2019,5,341791.2181
경상북도,칠곡군,2019,6,346986.8874
경상북도,칠곡군,2019,7,341848.8056
경상북도,칠곡군,2019,8,351507.5036
경상북도,칠곡군,2019,9,330651.2424
경상북도,칠곡군,2019,10,331953.3591
경상북도,칠곡군,2019,11,327477.5331
경상북도,칠곡군,2019,12,327506.3268
경상북도,칠곡군,2020,1,349432.7402
경상북도,칠곡군,2020,2,348010.8369
경상북도,칠곡군,2020,3,383558.4198
경상북도,칠곡군,2020,4,354053.926
경상북도,칠곡군,2020,5,319928.2464
경상북도,칠곡군,2020,6,340545.8445
경상북도,칠곡군,2020,7,351565.5952
경상북도,칠곡군,2020,8,349788.216
경상북도,칠곡군,2020,9,356897.7326
경상북도,칠곡군,2020,10,358675.1118
경상북도,칠곡군,2020,11,359386.0634
경상북도,칠곡군,2020,12,393156.2672
경상북도,칠곡군,2021,1,338421.5846
경상북도,칠곡군,2021,2,332754.9906
경상북도,칠곡군,2021,3,331495.7475
경상북도,칠곡군,2021,4,331180.9367
경상북도,칠곡군,2021,5,324255.0996
경상북도,칠곡군,2021,6,317329.2626
경상북도,칠곡군,2021,7,332754.9906
경상북도,칠곡군,2021,8,309458.9931
경상북도,칠곡군,2021,9,322051.4242
경상북도,칠곡군,2021,10,320477.3703
경상북도,칠곡군,2021,11,324569.9104
경상북도,칠곡군,2021,12,364865.6898
경상북도,포항시,2010,1,0
경상북도,포항시,2010,2,0
경상북도,포항시,2010,3,0
경상북도,포항시,2010,4,0
경상북도,포항시,2010,5,0
경상북도,포항시,2010,6,0
경상북도,포항시,2010,7,0
경상북도,포항시,2010,8,0
경상북도,포항시,2010,9,0
경상북도,포항시,2010,10,0
경상북도,포항시,2010,11,0
경상북도,포항시,2010,12,0
경상북도,포항시,2011,1,0
경상북도,포항시,2011,2,0
경상북도,포항시,2011,3,0
경상북도,포항시,2011,4,0
경상북도,포항시,2011,5,0
경상북도,포항시,2011,6,0
경상북도,포항시,2011,7,0
경상북도,포항시,2011,8,0
경상북도,포항시,2011,9,0
경상북도,포항시,2011,10,0
경상북도,포항시,2011,11,0
경상북도,포항시,2011,12,0
경상북도,포항시,2012,1,0
경상북도,포항시,2012,2,0
경상북도,포항시,2012,3,0
경상북도,포항시,2012,4,0
경상북도,포항시,2012,5,0
경상북도,포항시,2012,6,0
경상북도,포항시,2012,7,0
경상북도,포항시,2012,8,0
경상북도,포항시,2012,9,0
경상북도,포항시,2012,10,0
경상북도,포항시,2012,11,0
경상북도,포항시,2012,12,0
경상북도,포항시,2013,1,0
경상북도,포항시,2013,2,0
경상북도,포항시,2013,3,0
경상북도,포항시,2013,4,0
경상북도,포항시,2013,5,0
경상북도,포항시,2013,6,0
경상북도,포항시,2013,7,0
경상북도,포항시,2013,8,0
경상북도,포항시,2013,9,0
경상북도,포항시,2013,10,0
경상북도,포항시,2013,11,0
경상북도,포항시,2013,12,0
경상북도,포항시,2014,1,0
경상북도,포항시,2014,2,0
경상북도,포항시,2014,3,0
경상북도,포항시,2014,4,0
경상북도,포항시,2014,5,0
경상북도,포항시,2014,6,0
경상북도,포항시,2014,7,0
경상북도,포항시,2014,8,0
경상북도,포항시,2014,9,0
경상북도,포항시,2014,10,0
경상북도,포항시,2014,11,0
경상북도,포항시,2014,12,0
경상북도,포항시,2015,1,1396371.502
경상북도,포항시,2015,2,1379422.907
경상북도,포항시,2015,3,1329053.27
경상북도,포항시,2015,4,1388265.652
경상북도,포항시,2015,5,1389013.884
경상북도,포항시,2015,6,1389149.927
경상북도,포항시,2015,7,1322069.768
경상북도,포항시,2015,8,1447863.488
경상북도,포항시,2015,9,1428998.964
경상북도,포항시,2015,10,1450754.385
경상북도,포항시,2015,11,1402890.192
경상북도,포항시,2015,12,1263957.061
경상북도,포항시,2016,1,1454390.076
경상북도,포항시,2016,2,1424472.81
경상북도,포항시,2016,3,1502229.198
경상북도,포항시,2016,4,1389781.132
경상북도,포항시,2016,5,1440161.856
경상북도,포항시,2016,6,1449781.938
경상북도,포항시,2016,7,1326858.672
경상북도,포항시,2016,8,1383712.167
경상북도,포항시,2016,9,1391776.409
경상북도,포항시,2016,10,1234850.311
경상북도,포항시,2016,11,1328735.182
경상북도,포항시,2016,12,1250646.248
경상북도,포항시,2017,1,1481733.698
경상북도,포항시,2017,2,1495693.912
경상북도,포항시,2017,3,1449621.251
경상북도,포항시,2017,4,1495983.926
경상북도,포항시,2017,5,1470344.062
경상북도,포항시,2017,6,1422755.419
경상북도,포항시,2017,7,1499872.749
경상북도,포항시,2017,8,1438152.52
경상북도,포항시,2017,9,1540276.957
경상북도,포항시,2017,10,1472413.706
경상북도,포항시,2017,11,1446707.93
경상북도,포항시,2017,12,1417007.871
경상북도,포항시,2018,1,1424599.921
경상북도,포항시,2018,2,1477211.603
경상북도,포항시,2018,3,1489492.171
경상북도,포항시,2018,4,1440518.675
경상북도,포항시,2018,5,1535977.094
경상북도,포항시,2018,6,1503449.82
경상북도,포항시,2018,7,1497187.813
경상북도,포항시,2018,8,1471125.419
경상북도,포항시,2018,9,1428224.582
경상북도,포항시,2018,10,1472193.883
경상북도,포항시,2018,11,1468880.293
경상북도,포항시,2018,12,1410344.725
경상북도,포항시,2019,1,1468126.405
경상북도,포항시,2019,2,1519026.689
경상북도,포항시,2019,3,1569554.392
경상북도,포항시,2019,4,1565914.563
경상북도,포항시,2019,5,1530920.617
경상북도,포항시,2019,6,1554192.594
경상북도,포항시,2019,7,1531178.558
경상북도,포항시,2019,8,1574440.933
경상북도,포항시,2019,9,1481023.436
경상북도,포항시,2019,10,1486855.76
경상북도,포항시,2019,11,1466808.041
경상북도,포항시,2019,12,1466937.012
경상북도,포항시,2020,1,1416376.5
경상북도,포항시,2020,2,1410613.014
경상북도,포항시,2020,3,1554700.146
경상북도,포항시,2020,4,1435107.827
경상북도,포항시,2020,5,1296784.181
경상북도,포항시,2020,6,1380354.717
경상북도,포항시,2020,7,1425021.727
경상북도,포항시,2020,8,1417817.371
경상북도,포항시,2020,9,1446634.797
경상북도,포항시,2020,10,1453839.154
경상북도,포항시,2020,11,1456720.896
경상북도,포항시,2020,12,1593603.671
경상북도,포항시,2021,1,1888702.425
경상북도,포항시,2021,2,1857077.64
경상북도,포항시,2021,3,1850049.91
경상북도,포항시,2021,4,1848292.978
경상북도,포항시,2021,5,1809640.463
경상북도,포항시,2021,6,1770987.948
경상북도,포항시,2021,7,1857077.64
경상북도,포항시,2021,8,1727064.636
경상북도,포항시,2021,9,1797341.936
경상북도,포항시,2021,10,1788557.273
경상북도,포항시,2021,11,1811397.396
경상북도,포항시,2021,12,2036284.754
광주광역시,광산구,2010,1,751488.8241
광주광역시,광산구,2010,2,720012.8019
광주광역시,광산구,2010,3,775189.8926
광주광역시,광산구,2010,4,817990.7233
광주광역시,광산구,2010,5,871730.5087
광주광역시,광산구,2010,6,883257.8904
광주광역시,광산구,2010,7,917222.6694
광주광역시,광산구,2010,8,928914.039
광주광역시,광산구,2010,9,957168.1821
광주광역시,광산구,2010,10,952943.0832
광주광역시,광산구,2010,11,961441.5128
광주광역시,광산구,2010,12,980415.8725
광주광역시,광산구,2011,1,944662.7429
광주광역시,광산구,2011,2,913728.5596
광주광역시,광산구,2011,3,887580.5524
광주광역시,광산구,2011,4,863764.0466
광주광역시,광산구,2011,5,835610.0686
광주광역시,광산구,2011,6,874717.7037
광주광역시,광산구,2011,7,863878.4222
광주광역시,광산구,2011,8,891583.6962
광주광역시,광산구,2011,9,876116.6045
광주광역시,광산구,2011,10,825448.2421
광주광역시,광산구,2011,11,836912.1901
광주광역시,광산구,2011,12,826715.1711
광주광역시,광산구,2012,1,891896.0808
광주광역시,광산구,2012,2,975861.0924
광주광역시,광산구,2012,3,890471.8033
광주광역시,광산구,2012,4,896217.031
광주광역시,광산구,2012,5,907053.0886
광주광역시,광산구,2012,6,870878.3633
광주광역시,광산구,2012,7,876700.579
광주광역시,광산구,2012,8,847377.7836
광주광역시,광산구,2012,9,865248.6176
광주광역시,광산구,2012,10,822722.3842
광주광역시,광산구,2012,11,909478.2099
광주광역시,광산구,2012,12,863015.9663
광주광역시,광산구,2013,1,923684.2108
광주광역시,광산구,2013,2,869468.3997
광주광역시,광산구,2013,3,920952.4064
광주광역시,광산구,2013,4,949846.4918
광주광역시,광산구,2013,5,934649.6356
광주광역시,광산구,2013,6,930752.516
광주광역시,광산구,2013,7,850393.5275
광주광역시,광산구,2013,8,961795.7482
광주광역시,광산구,2013,9,868073.8422
광주광역시,광산구,2013,10,1009583.222
광주광역시,광산구,2013,11,983430.4932
광주광역시,광산구,2013,12,994873.5061
광주광역시,광산구,2014,1,923571.8215
광주광역시,광산구,2014,2,972938.1729
광주광역시,광산구,2014,3,985230.6977
광주광역시,광산구,2014,4,958085.4489
광주광역시,광산구,2014,5,939245.2367
광주광역시,광산구,2014,6,980725.8175
광주광역시,광산구,2014,7,993972.8417
광주광역시,광산구,2014,8,962527.8853
광주광역시,광산구,2014,9,932974.0865
광주광역시,광산구,2014,10,853661.4319
광주광역시,광산구,2014,11,933045.451
광주광역시,광산구,2014,12,1036836.108
광주광역시,광산구,2015,1,962738.1533
광주광역시,광산구,2015,2,938360.6225
광주광역시,광산구,2015,3,941838.0187
광주광역시,광산구,2015,4,968378.8655
광주광역시,광산구,2015,5,976942.7359
광주광역시,광산구,2015,6,995116.3774
광주광역시,광산구,2015,7,959019.3954
광주광역시,광산구,2015,8,996412.579
광주광역시,광산구,2015,9,993158.6659
광주광역시,광산구,2015,10,995679.5546
광주광역시,광산구,2015,11,971534.4461
광주광역시,광산구,2015,12,950446.5857
광주광역시,광산구,2016,1,904455.0012
광주광역시,광산구,2016,2,950473.034
광주광역시,광산구,2016,3,1019330.19
광주광역시,광산구,2016,4,950445.4838
광주광역시,광산구,2016,5,1005922.422
광주광역시,광산구,2016,6,1003351.069
광주광역시,광산구,2016,7,1007042.797
광주광역시,광산구,2016,8,942400.8227
광주광역시,광산구,2016,9,960005.4064
광주광역시,광산구,2016,10,933391.9043
광주광역시,광산구,2016,11,993414.6267
광주광역시,광산구,2016,12,1030699.243
광주광역시,광산구,2017,1,997373.4984
광주광역시,광산구,2017,2,1073704.674
광주광역시,광산구,2017,3,1051387.746
광주광역시,광산구,2017,4,1012559.464
광주광역시,광산구,2017,5,996822.8088
광주광역시,광산구,2017,6,984744.9729
광주광역시,광산구,2017,7,1048596.963
광주광역시,광산구,2017,8,1086015.853
광주광역시,광산구,2017,9,992967.9817
광주광역시,광산구,2017,10,986462.3777
광주광역시,광산구,2017,11,956669.1381
광주광역시,광산구,2017,12,909832.5226
광주광역시,광산구,2018,1,1003158.256
광주광역시,광산구,2018,2,1016384.951
광주광역시,광산구,2018,3,1024862.809
광주광역시,광산구,2018,4,1058527.013
광주광역시,광산구,2018,5,1060576.945
광주광역시,광산구,2018,6,1031496.758
광주광역시,광산구,2018,7,1006094.088
광주광역시,광산구,2018,8,1052171.195
광주광역시,광산구,2018,9,1060041.284
광주광역시,광산구,2018,10,1081230.778
광주광역시,광산구,2018,11,1079778.314
광주광역시,광산구,2018,12,1054066.609
광주광역시,광산구,2019,1,1095042.243
광주광역시,광산구,2019,2,1036563.524
광주광역시,광산구,2019,3,1064021.585
광주광역시,광산구,2019,4,1201507.398
광주광역시,광산구,2019,5,1111063.065
광주광역시,광산구,2019,6,1126356.163
광주광역시,광산구,2019,7,1093119.744
광주광역시,광산구,2019,8,1037975.529
광주광역시,광산구,2019,9,1117753.795
광주광역시,광산구,2019,10,1038877.04
광주광역시,광산구,2019,11,1027179.124
광주광역시,광산구,2019,12,1047370.791
광주광역시,광산구,2020,1,1101126.903
광주광역시,광산구,2020,2,992441.396
광주광역시,광산구,2020,3,1082463.735
광주광역시,광산구,2020,4,1006713.23
광주광역시,광산구,2020,5,845331.7201
광주광역시,광산구,2020,6,1063800.567
광주광역시,광산구,2020,7,1225182.077
광주광역시,광산구,2020,8,1182366.575
광주광역시,광산구,2020,9,1148333.739
광주광역시,광산구,2020,10,1283367.248
광주광역시,광산구,2020,11,1141746.739
광주광역시,광산구,2020,12,1119790.071
광주광역시,광산구,2021,1,1125122.254
광주광역시,광산구,2021,2,1261198.987
광주광역시,광산구,2021,3,1189288.518
광주광역시,광산구,2021,4,1303238.953
광주광역시,광산구,2021,5,1141716.978
광주광역시,광산구,2021,6,1080869.658
광주광역시,광산구,2021,7,1083082.288
광주광역시,광산구,2021,8,1133972.773
광주광역시,광산구,2021,9,1164949.591
광주광역시,광산구,2021,10,1237966.374
광주광역시,광산구,2021,11,1256773.727
광주광역시,광산구,2021,12,1306557.898
광주광역시,남구,2010,1,174989.95
광주광역시,남구,2010,2,167660.5162
광주광역시,남구,2010,3,180508.926
광주광역시,남구,2010,4,190475.4285
광주광역시,남구,2010,5,202989.1506
광주광역시,남구,2010,6,205673.3901
광주광역시,남구,2010,7,213582.35
광주광역시,남구,2010,8,216304.7753
광주광역시,남구,2010,9,222883.9697
광주광역시,남구,2010,10,221900.123
광주광역시,남구,2010,11,223879.0476
광주광역시,남구,2010,12,228297.3731
광주광역시,남구,2011,1,223668.8109
광주광역시,남구,2011,2,216344.4911
광주광역시,남구,2011,3,210153.3995
광주광역시,남구,2011,4,204514.3398
광주광역시,남구,2011,5,197848.2922
광주광역시,남구,2011,6,207107.849
광주광역시,남구,2011,7,204541.4206
광주광역시,남구,2011,8,211101.2281
광주광역시,남구,2011,9,207439.0682
광주광역시,남구,2011,10,195442.2657
광주광역시,남구,2011,11,198156.5969
광주광역시,남구,2011,12,195742.2378
광주광역시,남구,2012,1,216386.6714
광주광역시,남구,2012,2,236757.7771
광주광역시,남구,2012,3,216041.1214
광주광역시,남구,2012,4,217434.9953
광주광역시,남구,2012,5,220063.977
광주광역시,남구,2012,6,211287.4742
광주광역시,남구,2012,7,212700.0266
광주광역시,남구,2012,8,205585.8994
광주광역시,남구,2012,9,209921.6179
광주광역시,남구,2012,10,199604.149
광주광역시,남구,2012,11,220652.3459
광주광역시,남구,2012,12,209379.9449
광주광역시,남구,2013,1,215395.162
광주광역시,남구,2013,2,202752.5041
광주광역시,남구,2013,3,214758.1288
광주광역시,남구,2013,4,221495.9794
광주광역시,남구,2013,5,217952.2041
광주광역시,남구,2013,6,217043.4295
광주광역시,남구,2013,7,198304.4091
광주광역시,남구,2013,8,224282.4426
광주광역시,남구,2013,9,202427.3054
광주광역시,남구,2013,10,235426.0678
광주광역시,남구,2013,11,229327.4778
광주광역시,남구,2013,12,231995.8894
광주광역시,남구,2014,1,230927.7519
광주광역시,남구,2014,2,243271.1997
광주광역시,남구,2014,3,246344.794
광주광역시,남구,2014,4,239557.4591
광주광역시,남구,2014,5,234846.6962
광주광역시,남구,2014,6,245218.4042
광주광역시,남구,2014,7,248530.6594
광주광역시,남구,2014,8,240668.2355
광주광역시,남구,2014,9,233278.6724
광주광역시,남구,2014,10,213447.5206
광주광역시,남구,2014,11,233296.5162
광주광역시,남구,2014,12,259248.091
광주광역시,남구,2015,1,232554.0982
광주광역시,남구,2015,2,226665.5867
광주광역시,남구,2015,3,227505.5687
광주광역시,남구,2015,4,233916.6398
광주광역시,남구,2015,5,235985.2845
광주광역시,남구,2015,6,240375.2162
광주광역시,남구,2015,7,231655.8141
광주광역시,남구,2015,8,240688.3201
광주광역시,남구,2015,9,239902.3215
광주광역시,남구,2015,10,240511.2544
광주광역시,남구,2015,11,234678.8857
광주광역시,남구,2015,12,229585.0101
광주광역시,남구,2016,1,215364.6564
광주광역시,남구,2016,2,226322.2583
광주광역시,남구,2016,3,242718.2069
광주광역시,남구,2016,4,226315.6981
광주광역시,남구,2016,5,239525.6109
광주광역시,남구,2016,6,238913.3322
광주광역시,남구,2016,7,239792.3895
광주광역시,남구,2016,8,224400.1405
광주광역시,남구,2016,9,228592.0628
광주광역시,남구,2016,10,222254.9784
광주광역시,남구,2016,11,236547.3124
광주광역시,남구,2016,12,245425.3535
광주광역시,남구,2017,1,231481.6719
광주광역시,남구,2017,2,249197.4707
광주광역시,남구,2017,3,244017.9066
광주광역시,남구,2017,4,235006.2016
광주광역시,남구,2017,5,231353.8616
광주광역시,남구,2017,6,228550.7015
광주광역시,남구,2017,7,243370.1903
광주광역시,남구,2017,8,252054.7877
광주광역시,남구,2017,9,230459.1899
광주광역시,남구,2017,10,228949.2961
광주광역시,남구,2017,11,222034.5456
광주광역시,남구,2017,12,211164.1765
광주광역시,남구,2018,1,239460.7255
광주광역시,남구,2018,2,242618.0278
광주광역시,남구,2018,3,244641.7504
광주광역시,남구,2018,4,252677.6258
광주광역시,남구,2018,5,253166.9584
광주광역시,남구,2018,6,246225.3195
광주광역시,남구,2018,7,240161.5286
광주광역시,남구,2018,8,251160.4486
광주광역시,남구,2018,9,253039.0926
광주광역시,남구,2018,10,258097.1696
광주광역시,남구,2018,11,257750.4565
광주광역시,남구,2018,12,251612.8969
광주광역시,남구,2019,1,263834.1513
광주광역시,남구,2019,2,249744.5734
광주광역시,남구,2019,3,256360.185
광주광역시,남구,2019,4,289485.3481
광주광역시,남구,2019,5,267694.1304
광주광역시,남구,2019,6,271378.7749
광주광역시,남구,2019,7,263370.9538
광주광역시,남구,2019,8,250084.7749
광주광역시,남구,2019,9,269306.1624
광주광역시,남구,2019,10,250301.9805
광주광역시,남구,2019,11,247483.5415
광주광역시,남구,2019,12,252348.4237
광주광역시,남구,2020,1,252434.6594
광주광역시,남구,2020,2,227518.377
광주광역시,남구,2020,3,248156.1059
광주광역시,남구,2020,4,230790.212
광주광역시,남구,2020,5,193793.3078
광주광역시,남구,2020,6,243877.5523
광주광역시,남구,2020,7,280874.4565
광주광역시,남구,2020,8,271058.9513
광주광역시,남구,2020,9,263256.8831
광주광역시,남구,2020,10,294213.4764
광주광역시,남구,2020,11,261746.8054
광주광역시,남구,2020,12,256713.2129
광주광역시,남구,2021,1,248231.8048
광주광역시,남구,2021,2,278253.9405
광주광역시,남구,2021,3,262388.5843
광주광역시,남구,2021,4,287529.0719
광주광역시,남구,2021,5,251893.0409
광주광역시,남구,2021,6,238468.5087
광주광역시,남구,2021,7,238956.6735
광주광역시,남구,2021,8,250184.4641
광주광역시,남구,2021,9,257018.7714
광주광역시,남구,2021,10,273128.21
광주광역시,남구,2021,11,277277.6109
광주광역시,남구,2021,12,288261.3191
광주광역시,동구,2010,1,201928.5187
광주광역시,동구,2010,2,193470.7661
광주광역시,동구,2010,3,208297.1053
광주광역시,동구,2010,4,219797.8862
광주광역시,동구,2010,5,234238.0148
광주광역시,동구,2010,6,237335.4755
광주광역시,동구,2010,7,246461.9686
광주광역시,동구,2010,8,249603.4936
광주광역시,동구,2010,9,257195.5124
광주광역시,동구,2010,10,256060.2088
광주광역시,동구,2010,11,258343.776
광주광역시,동구,2010,12,263442.2741
광주광역시,동구,2011,1,261887.4723
광주광역시,동구,2011,2,253311.6338
광주광역시,동구,2011,3,246062.66
광주광역시,동구,2011,4,239460.0449
광주광역시,동구,2011,5,231654.9587
광주광역시,동구,2011,6,242496.7113
광주광역시,동구,2011,7,239491.7531
광주광역시,동구,2011,8,247172.4457
광주광역시,동구,2011,9,242884.5265
광주광역시,동구,2011,10,228837.8104
광주광역시,동구,2011,11,232015.9439
광주광역시,동구,2011,12,229189.0393
광주광역시,동구,2012,1,254290.3947
광주광역시,동구,2012,2,278229.8383
광주광역시,동구,2012,3,253884.3159
광주광역시,동구,2012,4,255522.35
광주광역시,동구,2012,5,258611.8415
광주광역시,동구,2012,6,248297.9884
광주광역시,동구,2012,7,249957.9727
광주광역시,동구,2012,8,241597.688
광주광역시,동구,2012,9,246692.8796
광주광역시,동구,2012,10,234568.1344
광주광역시,동구,2012,11,259303.273
광주광역시,동구,2012,12,246056.3236
광주광역시,동구,2013,1,246264.9701
광주광역시,동구,2013,2,231810.4033
광주광역시,동구,2013,3,245536.6392
광주광역시,동구,2013,4,253240.1389
광주광역시,동구,2013,5,249188.4801
광주광역시,동구,2013,6,248149.4626
광주광역시,동구,2013,7,226724.8202
광주광역시,동구,2013,8,256425.9499
광주광역시,동구,2013,9,231438.5981
광주광역시,동구,2013,10,269166.6472
광주광역시,동구,2013,11,262194.0249
광주광역시,동구,2013,12,265244.8655
광주광역시,동구,2014,1,250594.9244
광주광역시,동구,2014,2,263989.6132
광주광역시,동구,2014,3,267324.973
광주광역시,동구,2014,4,259959.5884
광주광역시,동구,2014,5,254847.6292
광주광역시,동구,2014,6,266102.6531
광주광역시,동구,2014,7,269696.9995
광주광역시,동구,2014,8,261164.9652
광주광역시,동구,2014,9,253146.0632
광주광역시,동구,2014,10,231625.9732
광주광역시,동구,2014,11,253165.4267
광주광역시,동구,2014,12,281327.191
광주광역시,동구,2015,1,248172.7743
광주광역시,동구,2015,2,241888.7816
광주광역시,동구,2015,3,242785.1781
광주광역시,동구,2015,4,249626.8261
광주광역시,동구,2015,5,251834.404
광주광역시,동구,2015,6,256519.1701
광주광역시,동구,2015,7,247214.1601
광주광역시,동구,2015,8,256853.3024
광주광역시,동구,2015,9,256014.515
광주광역시,동구,2015,10,256664.3448
광주광역시,동구,2015,11,250440.2656
광주광역시,동구,2015,12,245004.2778
광주광역시,동구,2016,1,247932.0279
광주광역시,동구,2016,2,260546.6346
광주광역시,동구,2016,3,279421.9732
광주광역시,동구,2016,4,260539.0825
광주광역시,동구,2016,5,275746.5939
광주광역시,동구,2016,6,275041.7266
광주광역시,동구,2016,7,276053.7146
광주광역시,동구,2016,8,258333.8549
광주광역시,동구,2016,9,263159.6783
광주광역시,동구,2016,10,255864.302
광주광역시,동구,2016,11,272317.9181
광주광역시,동구,2016,12,282538.4935
광주광역시,동구,2017,1,278287.7764
광주광역시,동구,2017,2,299585.7488
광주광역시,동구,2017,3,293358.8655
광주광역시,동구,2017,4,282524.9739
광주광역시,동구,2017,5,278134.1227
광주광역시,동구,2017,6,274764.1574
광주광역시,동구,2017,7,292580.1795
광주광역시,동구,2017,8,303020.8216
광주광역시,동구,2017,9,277058.5464
광주광역시,동구,2017,10,275243.3487
광주광역시,동구,2017,11,266930.4204
광주광역시,동구,2017,12,253862.0387
광주광역시,동구,2018,1,283393.0167
광주광역시,동구,2018,2,287129.5686
광주광역시,동구,2018,3,289524.5703
광주광역시,동구,2018,4,299034.7351
광주광역시,동구,2018,5,299613.8425
광주광역시,동구,2018,6,291398.6664
광주광역시,동구,2018,7,284222.3915
광주광역시,동구,2018,8,297239.2114
광주광역시,동구,2018,9,299462.5179
광주광역시,동구,2018,10,305448.5672
광주광역시,동구,2018,11,305038.2449
광주광역시,동구,2018,12,297774.6674
광주광역시,동구,2019,1,290828.5553
광주광역시,동구,2019,2,275297.3908
광주광역시,동구,2019,3,282589.8841
광주광역시,동구,2019,4,319104.2749
광주광역시,동구,2019,5,295083.4713
광주광역시,동구,2019,6,299145.1131
광주광역시,동구,2019,7,290317.9654
광주광역시,동구,2019,8,275672.4003
광주광역시,동구,2019,9,296860.4396
광주광역시,동구,2019,10,275911.8295
광주광역시,동구,2019,11,272805.0197
광주광역시,동구,2019,12,278167.6561
광주광역시,동구,2020,1,282753.1034
광주광역시,동구,2020,2,254844.2726
광주광역시,동구,2020,3,277960.6779
광주광역시,동구,2020,4,258509.0686
광주광역시,동구,2020,5,217068.6835
광주광역시,동구,2020,6,273168.2524
광주광역시,동구,2020,7,314608.6374
광주광역시,동구,2020,8,303614.2496
광주광역시,동구,2020,9,294875.1207
광주광역시,동구,2020,10,329549.7286
광주광역시,동구,2020,11,293183.6765
광주광역시,동구,2020,12,287545.5288
광주광역시,동구,2021,1,274249.2672
광주광역시,동구,2021,2,307418.0576
광주광역시,동구,2021,3,289889.835
광주광역시,동구,2021,4,317665.3262
광주광역시,동구,2021,5,278294.2416
광주광역시,동구,2021,6,263462.6687
광주광역시,동구,2021,7,264001.9986
광주광역시,동구,2021,8,276406.5869
광주광역시,동구,2021,9,283957.2059
광주광역시,동구,2021,10,301755.0934
광주광역시,동구,2021,11,306339.3978
광주광역시,동구,2021,12,318474.3211
광주광역시,북구,2010,1,561588.3839
광주광역시,북구,2010,2,538066.3196
광주광역시,북구,2010,3,579300.2171
광주광역시,북구,2010,4,611285.3226
광주광역시,북구,2010,5,651445.1204
광주광역시,북구,2010,6,660059.5448
광주광역시,북구,2010,7,685441.4597
광주광역시,북구,2010,8,694178.4324
광주광역시,북구,2010,9,715292.7831
광주광역시,북구,2010,10,712135.3623
광주광역시,북구,2010,11,718486.2476
광주광역시,북구,2010,12,732665.8064
광주광역시,북구,2011,1,709815.0154
광주광역시,북구,2011,2,686571.2196
광주광역시,북구,2011,3,666923.7336
광주광역시,북구,2011,4,649028.1263
광주광역시,북구,2011,5,627873.3634
광주광역시,북구,2011,6,657258.6513
광주광역시,북구,2011,7,649114.0675
광주광역시,북구,2011,8,669931.6764
광주광역시,북구,2011,9,658309.7786
광주광역시,북구,2011,10,620237.8162
광주광역시,북구,2011,11,628851.7712
광주광역시,북구,2011,12,621189.7805
광주광역시,북구,2012,1,676724.9073
광주광역시,북구,2012,2,740433.2427
광주광역시,북구,2012,3,675644.2387
광주광역시,북구,2012,4,680003.4222
광주광역시,북구,2012,5,688225.2658
광주광역시,북구,2012,6,660777.7435
광주광역시,북구,2012,7,665195.3415
광주광역시,북구,2012,8,642946.7114
광주광역시,북구,2012,9,656506.1817
광주광역시,북구,2012,10,624239.4615
광주광역시,북구,2012,11,690065.3232
광주광역시,북구,2012,12,654812.1606
광주광역시,북구,2013,1,704491.1181
광주광역시,북구,2013,2,663140.8851
광주광역시,북구,2013,3,702407.5793
광주광역시,북구,2013,4,724445.0097
광주광역시,북구,2013,5,712854.414
광주광역시,북구,2013,6,709882.0928
광주광역시,북구,2013,7,648592.5385
광주광역시,북구,2013,8,733558.671
광주광역시,북구,2013,9,662077.2603
광주광역시,북구,2013,10,770006.0311
광주광역시,북구,2013,11,750059.4246
광주광역시,북구,2013,12,758786.9756
광주광역시,북구,2014,1,706459.7934
광주광역시,북구,2014,2,744221.169
광주광역시,북구,2014,3,753623.9835
광주광역시,북구,2014,4,732860.0034
광주광역시,북구,2014,5,718448.7231
광주광역시,북구,2014,6,750178.1045
광주광역시,북구,2014,7,760311.0359
광주광역시,북구,2014,8,736258.1178
광주광역시,북구,2014,9,713651.7865
광주광역시,북구,2014,10,652983.8447
광주광역시,북구,2014,11,713706.3747
광주광역시,북구,2014,12,793098.0633
광주광역시,북구,2015,1,716417.1187
광주광역시,북구,2015,2,698276.6924
광주광역시,북구,2015,3,700864.3807
광주광역시,북구,2015,4,720614.6284
광주광역시,북구,2015,5,726987.3927
광주광역시,북구,2015,6,740511.2235
광주광역시,북구,2015,7,713649.8223
광주광역시,북구,2015,8,741475.7859
광주광역시,북구,2015,9,739054.4015
광주광역시,북구,2015,10,740930.3092
광주광역시,북구,2015,11,722962.839
광주광역시,북구,2015,12,707270.4058
광주광역시,북구,2016,1,693172.1266
광주광역시,북구,2016,2,728440.2357
광주광역시,북구,2016,3,781212.1937
광주광역시,북구,2016,4,728419.1213
광주광역시,북구,2016,5,770936.5124
광주광역시,북구,2016,6,768965.8338
광주광역시,북구,2016,7,771795.1652
광주광역시,북구,2016,8,722253.7124
광주광역시,북구,2016,9,735745.8228
광주광역시,북구,2016,10,715349.2992
광주광역시,북구,2016,11,761350.5685
광주광역시,북구,2016,12,789925.4085
광주광역시,북구,2017,1,750663.854
광주광역시,북구,2017,2,808113.8011
광주광역시,북구,2017,3,791317.1731
광주광역시,북구,2017,4,762093.4289
광주광역시,북구,2017,5,750249.3826
광주광역시,북구,2017,6,741159.1122
광주광역시,북구,2017,7,789216.7165
광주광역시,북구,2017,8,817379.695
광주광역시,북구,2017,9,747348.083
광주광역시,북구,2017,10,742451.7009
광주광역시,북구,2017,11,720028.0971
광주광역시,북구,2017,12,684776.9557
광주광역시,북구,2018,1,754534.9479
광주광역시,북구,2018,2,764483.5311
광주광역시,북구,2018,3,770860.2319
광주광역시,북구,2018,4,796181.0806
광주광역시,북구,2018,5,797722.9561
광주광역시,북구,2018,6,775850.0197
광주광역시,북구,2018,7,756743.1614
광주광역시,북구,2018,8,791400.492
광주광역시,북구,2018,9,797320.0539
광주광역시,북구,2018,10,813257.9321
광주광역시,북구,2018,11,812165.4475
광주광역시,북구,2018,12,792826.1457
광주광역시,북구,2019,1,845608.7128
광주광역시,북구,2019,2,800450.5336
광주광역시,북구,2019,3,821654.0769
광주광역시,북구,2019,4,927822.7678
광주광역시,북구,2019,5,857980.2422
광주광역시,북구,2019,6,869789.8106
광주광역시,북구,2019,7,844124.1292
광주광역시,북구,2019,8,801540.9057
광주광역시,북구,2019,9,863146.9283
광주광역시,북구,2019,10,802237.0663
광주광역시,북구,2019,11,793203.753
광주광역시,북구,2019,12,808796.0737
광주광역시,북구,2020,1,849852.5752
광주광역시,북구,2020,2,765968.8215
광주광역시,북구,2020,3,835448.2942
광주광역시,북구,2020,4,776983.8599
광주광역시,북구,2020,5,652429.1953
광주광역시,북구,2020,6,821044.0133
광주광역시,북구,2020,7,945598.6779
광주광역시,북구,2020,8,912553.5628
광주광역시,북구,2020,9,886286.9328
광주광역시,북구,2020,10,990506.142
광주광역시,북구,2020,11,881203.069
광주광역시,북구,2020,12,864256.8561
광주광역시,북구,2021,1,825016.5969
광주광역시,북구,2021,2,924797.3652
광주광역시,북구,2021,3,872067.6909
광주광역시,북구,2021,4,955623.9441
광주광역시,북구,2021,5,837184.9833
광주광역시,북구,2021,6,792567.5665
광주광역시,북구,2021,7,794190.018
광주광역시,북구,2021,8,831506.403
광주광역시,북구,2021,9,854220.7242
광주광역시,북구,2021,10,907761.6243
광주광역시,북구,2021,11,921552.4622
광주광역시,북구,2021,12,958057.6214
광주광역시,서구,2010,1,485720.4061
광주광역시,서구,2010,2,465376.0632
광주광역시,서구,2010,3,501039.4531
광주광역시,서구,2010,4,528703.5196
광주광역시,서구,2010,5,563437.9156
광주광역시,서구,2010,6,570888.5713
광주광역시,서구,2010,7,592841.5076
광주광역시,서구,2010,8,600398.156
광주광역시,서구,2010,9,618660.0561
광주광역시,서구,2010,10,615929.1882
광주광역시,서구,2010,11,621422.0984
광주광역시,서구,2010,12,633686.0648
광주광역시,서구,2011,1,665610.5537
광주광역시,서구,2011,2,643814.2893
광주광역시,서구,2011,3,625390.3707
광주광역시,서구,2011,4,608609.2308
광주광역시,서구,2011,5,588771.9025
광주광역시,서구,2011,6,616327.1913
광주광역시,서구,2011,7,608689.8199
광주광역시,서구,2011,8,628210.9908
광주광역시,서구,2011,9,617312.8586
광주광역시,서구,2011,10,581611.8669
광주광역시,서구,2011,11,589689.379
광주광역시,서구,2011,12,582504.5466
광주광역시,서구,2012,1,618956.4599
광주광역시,서구,2012,2,677226.3496
광주광역시,서구,2012,3,617968.0422
광주광역시,서구,2012,4,621955.1052
광주광역시,서구,2012,5,629475.0932
광주광역시,서구,2012,6,604370.6215
광주광역시,서구,2012,7,608411.1125
광주광역시,서구,2012,8,588061.7309
광주광역시,서구,2012,9,600463.7006
광주광역시,서구,2012,10,570951.4206
광주광역시,서구,2012,11,631158.0746
광주광역시,서구,2012,12,598914.2892
광주광역시,서구,2013,1,620237.7023
광주광역시,서구,2013,2,583832.7387
광주광역시,서구,2013,3,618403.3437
광주광역시,서구,2013,4,637805.2138
광주광역시,서구,2013,5,627600.7922
광주광역시,서구,2013,6,624983.9449
광주광역시,서구,2013,7,571024.2974
광주광역시,서구,2013,8,645828.9294
광주광역시,서구,2013,9,582896.3178
광주광역시,서구,2013,10,677917.3778
광주광역시,서구,2013,11,660356.2801
광주광역시,서구,2013,12,668040.062
광주광역시,서구,2014,1,638757.0957
광주광역시,서구,2014,2,672899.6567
광주광역시,서구,2014,3,681401.3641
광주광역시,서구,2014,4,662627.2743
광주광역시,서구,2014,5,649597.0812
광주광역시,서구,2014,6,678285.7166
광주광역시,서구,2014,7,687447.5712
광주광역시,서구,2014,8,665699.7346
광주광역시,서구,2014,9,645259.8531
광주광역시,서구,2014,10,590405.9481
광주광역시,서구,2014,11,645309.2099
광주광역시,서구,2014,12,717092.4945
광주광역시,서구,2015,1,719796.3141
광주광역시,서구,2015,2,701570.3231
광주광역시,서구,2015,3,704170.217
광주광역시,서구,2015,4,724013.6226
광주광역시,서구,2015,5,730416.446
광주광역시,서구,2015,6,744004.0659
광주광역시,서구,2015,7,717015.9649
광주광역시,서구,2015,8,744973.178
광주광역시,서구,2015,9,742540.3725
광주광역시,서구,2015,10,744425.1284
광주광역시,서구,2015,11,726372.9093
광주광역시,서구,2015,12,710606.458
광주광역시,서구,2016,1,716649.7536
광주광역시,서구,2016,2,753112.3878
광주광역시,서구,2016,3,807671.7235
광주광역시,서구,2016,4,753090.5583
광주광역시,서구,2016,5,797048.0065
광주광역시,서구,2016,6,795010.5813
광주광역시,서구,2016,7,797935.7418
광주광역시,서구,2016,8,746716.3281
광주광역시,서구,2016,9,760665.414
광주광역시,서구,2016,10,739578.0634
광주광역시,서구,2016,11,787137.3883
광주광역시,서구,2016,12,816680.0534
광주광역시,서구,2017,1,742214.8439
광주광역시,서구,2017,2,799018.1697
광주광역시,서구,2017,3,782410.5943
광주광역시,서구,2017,4,753515.7745
광주광역시,서구,2017,5,741805.0375
광주광역시,서구,2017,6,732817.0816
광주광역시,서구,2017,7,780333.7791
광주광역시,서구,2017,8,808179.7724
광주광역시,서구,2017,9,738936.3932
광주광역시,서구,2017,10,734095.1217
광주광역시,서구,2017,11,711923.9042
광주광역시,서구,2017,12,677069.528
광주광역시,서구,2018,1,779710.6519
광주광역시,서구,2018,2,789991.178
광주광역시,서구,2018,3,796580.643
광주광역시,서구,2018,4,822746.3434
광주광역시,서구,2018,5,824339.6649
광주광역시,서구,2018,6,801736.9193
광주광역시,서구,2018,7,781992.5443
광주광역시,서구,2018,8,817806.2464
광주광역시,서구,2018,9,823923.3196
광주광역시,서구,2018,10,840392.9787
광주광역시,서구,2018,11,839264.0424
광주광역시,서구,2018,12,819279.4682
광주광역시,서구,2019,1,843335.3561
광주광역시,서구,2019,2,798298.5814
광주광역시,서구,2019,3,819445.1205
광주광역시,서구,2019,4,925328.3848
광주광역시,서구,2019,5,855673.6256
광주광역시,서구,2019,6,867451.4448
광주광역시,서구,2019,7,841854.7638
광주광역시,서구,2019,8,799386.0221
광주광역시,서구,2019,9,860826.4215
광주광역시,서구,2019,10,800080.3111
광주광역시,서구,2019,11,791071.2832
광주광역시,서구,2019,12,806621.6852
광주광역시,서구,2020,1,813900.6549
광주광역시,서구,2020,2,733565.4955
광주광역시,서구,2020,3,800105.7286
광주광역시,서구,2020,4,744114.5569
광주광역시,서구,2020,5,624829.0172
광주광역시,서구,2020,6,786310.8022
광주광역시,서구,2020,7,905596.3418
광주광역시,서구,2020,8,873949.1579
광주광역시,서구,2020,9,848793.7039
광주광역시,서구,2020,10,948604.0534
광주광역시,서구,2020,11,843924.9064
광주광역시,서구,2020,12,827695.5813
광주광역시,서구,2021,1,777811.7133
광주광역시,서구,2021,2,871883.3364
광주광역시,서구,2021,3,822170.6901
광주광역시,서구,2021,4,900946.1143
광주광역시,서구,2021,5,789283.8625
광주광역시,서구,2021,6,747219.3155
광주광역시,서구,2021,7,748748.9354
광주광역시,서구,2021,8,783930.1928
광주광역시,서구,2021,9,805344.8713
광주광역시,서구,2021,10,855822.3276
광주광역시,서구,2021,11,868824.0967
광주광역시,서구,2021,12,903240.5441
광주광역시,소계,2010,1,2176193.865
광주광역시,소계,2010,2,2085044.237
광주광역시,소계,2010,3,2244828.445
광주광역시,소계,2010,4,2368772.943
광주광역시,소계,2010,5,2524394.94
광주광역시,소계,2010,6,2557776.431
광주광역시,소계,2010,7,2656133.108
광주광역시,소계,2010,8,2689989.482
광주광역시,소계,2010,9,2771809.053
광주광역시,소계,2010,10,2759573.828
광주광역시,소계,2010,11,2784183.948
광주광역시,소계,2010,12,2839130.72
광주광역시,소계,2011,1,2805906.622
광주광역시,소계,2011,2,2714023.639
광주광역시,소계,2011,3,2636356.909
광주광역시,소계,2011,4,2565615.376
광주광역시,소계,2011,5,2481990.363
광주광역시,소계,2011,6,2598150.732
광주광역시,소계,2011,7,2565955.102
광주광역시,소계,2011,8,2648247.341
광주광역시,소계,2011,9,2602305.85
광주광역시,소계,2011,10,2451806.96
광주광역시,소계,2011,11,2485858.02
광주광역시,소계,2011,12,2455570.086
광주광역시,소계,2012,1,2658837.943
광주광역시,소계,2012,2,2909146.654
광주광역시,소계,2012,3,2654592.019
광주광역시,소계,2012,4,2671719.159
광주광역시,소계,2012,5,2704022.61
광주광역시,소계,2012,6,2596181.871
광주광역시,소계,2012,7,2613538.521
광주광역시,소계,2012,8,2526124.121
광주광역시,소계,2012,9,2579398.995
광주광역시,소계,2012,10,2452623.729
광주광역시,소계,2012,11,2711252.157
광주광역시,소계,2012,12,2572743.222
광주광역시,소계,2013,1,2710576.848
광주광역시,소계,2013,2,2551479.052
광주광역시,소계,2013,3,2702560.293
광주광역시,소계,2013,4,2787350.785
광주광역시,소계,2013,5,2742755.191
광주광역시,소계,2013,6,2731318.985
광주광역시,소계,2013,7,2495503.312
광주광역시,소계,2013,8,2822416.208
광주광역시,소계,2013,9,2547386.685
광주광역시,소계,2013,10,2962649.872
광주광역시,소계,2013,11,2885903.965
광주광역시,소계,2013,12,2919483.803
광주광역시,소계,2014,1,2750680.725
광주광역시,소계,2014,2,2897708.891
광주광역시,소계,2014,3,2934319.808
광주광역시,소계,2014,4,2853472.914
광주광역시,소계,2014,5,2797360.972
광주광역시,소계,2014,6,2920902.89
광주광역시,소계,2014,7,2960356.599
광주광역시,소계,2014,8,2866703.855
광주광역시,소계,2014,9,2778683.56
광주광역시,소계,2014,10,2542466.099
광주광역시,소계,2014,11,2778896.105
광주광역시,소계,2014,12,3088016.581
광주광역시,소계,2015,1,2879678.541
광주광역시,소계,2015,2,2806762.087
광주광역시,소계,2015,3,2817163.444
광주광역시,소계,2015,4,2896550.665
광주광역시,소계,2015,5,2922166.347
광주광역시,소계,2015,6,2976526.138
광주광역시,소계,2015,7,2868555.239
광주광역시,소계,2015,8,2980403.251
광주광역시,소계,2015,9,2970670.362
광주광역시,소계,2015,10,2978210.677
광주광역시,소계,2015,11,2905989.429
광주광역시,소계,2015,12,2842912.819
광주광역시,소계,2016,1,2777573.566
광주광역시,소계,2016,2,2918894.55
광주광역시,소계,2016,3,3130354.288
광주광역시,소계,2016,4,2918809.944
광주광역시,소계,2016,5,3089179.145
광주광역시,소계,2016,6,3081282.543
광주광역시,소계,2016,7,3092619.808
광주광역시,소계,2016,8,2894104.859
광주광역시,소계,2016,9,2948168.384
광주광역시,소계,2016,10,2866438.547
광주광역시,소계,2016,11,3050767.814
광주광역시,소계,2016,12,3165268.552
광주광역시,소계,2017,1,2999804.726
광주광역시,소계,2017,2,3229386.345
광주광역시,소계,2017,3,3162263.619
광주광역시,소계,2017,4,3045479.622
광주광역시,소계,2017,5,2998148.415
광주광역시,소계,2017,6,2961821.854
광주광역시,소계,2017,7,3153869.77
광주광역시,소계,2017,8,3266414.733
광주광역시,소계,2017,9,2986554.234
광주광역시,소계,2017,10,2966987.3
광주광역시,소계,2017,11,2877378.04
광주광역시,소계,2017,12,2736507.343
광주광역시,소계,2018,1,3059992.244
광주광역시,소계,2018,2,3100338.403
광주광역시,소계,2018,3,3126198.909
광주광역시,소계,2018,4,3228886.797
광주광역시,소계,2018,5,3235139.823
광주광역시,소계,2018,6,3146434.833
광주광역시,소계,2018,7,3068947.583
광주광역시,소계,2018,8,3209499.273
광주광역시,소계,2018,9,3233505.867
광주광역시,소계,2018,10,3298141.42
광주광역시,소계,2018,11,3293710.883
광주광역시,소계,2018,12,3215280.966
광주광역시,소계,2019,1,3338505.533
광주광역시,소계,2019,2,3160218.78
광주광역시,소계,2019,3,3243931.431
광주광역시,소계,2019,4,3663090.738
광주광역시,소계,2019,5,3387348.95
광주광역시,소계,2019,6,3433973.717
광주광역시,소계,2019,7,3332644.322
광주광역시,소계,2019,8,3164523.624
광주광역시,소계,2019,9,3407747.286
광주광역시,소계,2019,10,3167272.101
광주광역시,소계,2019,11,3131608.128
광주광역시,소계,2019,12,3193167.391
광주광역시,소계,2020,1,3299428.637
광주광역시,소계,2020,2,2973762.201
광주광역시,소계,2020,3,3243506.117
광주광역시,소계,2020,4,3016526.48
광주광역시,소계,2020,5,2532961.167
광주광역시,소계,2020,6,3187583.598
광주광역시,소계,2020,7,3671148.912
광주광역시,소계,2020,8,3542856.073
광주광역시,소계,2020,9,3440879.715
광주광역시,소계,2020,10,3845495.589
광주광역시,소계,2020,11,3421142.355
광주광역시,소계,2020,12,3355351.156
광주광역시,소계,2021,1,3249574.685
광주광역시,소계,2021,2,3642591.092
광주광역시,소계,2021,3,3434899.495
광주광역시,소계,2021,4,3764010.795
광주광역시,소계,2021,5,3297503.515
광주광역시,소계,2021,6,3121764.471
광주광역시,소계,2021,7,3128154.982
광주광역시,소계,2021,8,3275136.727
광주광역시,소계,2021,9,3364603.877
광주광역시,소계,2021,10,3575490.73
광주광역시,소계,2021,11,3629810.071
광주광역시,소계,2021,12,3773596.561
대구광역시,남구,2010,1,0
대구광역시,남구,2010,2,0
대구광역시,남구,2010,3,0
대구광역시,남구,2010,4,0
대구광역시,남구,2010,5,0
대구광역시,남구,2010,6,0
대구광역시,남구,2010,7,0
대구광역시,남구,2010,8,0
대구광역시,남구,2010,9,0
대구광역시,남구,2010,10,0
대구광역시,남구,2010,11,0
대구광역시,남구,2010,12,0
대구광역시,남구,2011,1,0
대구광역시,남구,2011,2,0
대구광역시,남구,2011,3,0
대구광역시,남구,2011,4,0
대구광역시,남구,2011,5,0
대구광역시,남구,2011,6,0
대구광역시,남구,2011,7,0
대구광역시,남구,2011,8,0
대구광역시,남구,2011,9,0
대구광역시,남구,2011,10,0
대구광역시,남구,2011,11,0
대구광역시,남구,2011,12,0
대구광역시,남구,2012,1,0
대구광역시,남구,2012,2,0
대구광역시,남구,2012,3,0
대구광역시,남구,2012,4,0
대구광역시,남구,2012,5,0
대구광역시,남구,2012,6,0
대구광역시,남구,2012,7,0
대구광역시,남구,2012,8,0
대구광역시,남구,2012,9,0
대구광역시,남구,2012,10,0
대구광역시,남구,2012,11,0
대구광역시,남구,2012,12,0
대구광역시,남구,2013,1,0
대구광역시,남구,2013,2,0
대구광역시,남구,2013,3,0
대구광역시,남구,2013,4,0
대구광역시,남구,2013,5,0
대구광역시,남구,2013,6,0
대구광역시,남구,2013,7,0
대구광역시,남구,2013,8,0
대구광역시,남구,2013,9,0
대구광역시,남구,2013,10,0
대구광역시,남구,2013,11,0
대구광역시,남구,2013,12,0
대구광역시,남구,2014,1,0
대구광역시,남구,2014,2,0
대구광역시,남구,2014,3,0
대구광역시,남구,2014,4,0
대구광역시,남구,2014,5,0
대구광역시,남구,2014,6,0
대구광역시,남구,2014,7,0
대구광역시,남구,2014,8,0
대구광역시,남구,2014,9,0
대구광역시,남구,2014,10,0
대구광역시,남구,2014,11,0
대구광역시,남구,2014,12,0
대구광역시,남구,2015,1,191079.6813
대구광역시,남구,2015,2,193602.6655
대구광역시,남구,2015,3,195453.2087
대구광역시,남구,2015,4,193590.2457
대구광역시,남구,2015,5,191397.2721
대구광역시,남구,2015,6,194030.2598
대구광역시,남구,2015,7,196869.0606
대구광역시,남구,2015,8,199179.1348
대구광역시,남구,2015,9,198909.4487
대구광역시,남구,2015,10,195219.0077
대구광역시,남구,2015,11,194140.2634
대구광역시,남구,2015,12,193279.7519
대구광역시,남구,2016,1,187204.5537
대구광역시,남구,2016,2,191328.7433
대구광역시,남구,2016,3,195961.2265
대구광역시,남구,2016,4,191511.0279
대구광역시,남구,2016,5,198527.2331
대구광역시,남구,2016,6,197547.4533
대구광역시,남구,2016,7,194592.3391
대구광역시,남구,2016,8,197517.6567
대구광역시,남구,2016,9,195812.2439
대구광역시,남구,2016,10,196399.4107
대구광역시,남구,2016,11,200565.6659
대구광역시,남구,2016,12,191458.4458
대구광역시,남구,2017,1,218848.471
대구광역시,남구,2017,2,220030.8926
대구광역시,남구,2017,3,218355.7953
대구광역시,남구,2017,4,221188.1974
대구광역시,남구,2017,5,223585.8858
대구광역시,남구,2017,6,219242.6115
대구광역시,남구,2017,7,217992.5677
대구광역시,남구,2017,8,216466.2391
대구광역시,남구,2017,9,222496.2031
대구광역시,남구,2017,10,217208.1507
대구광역시,남구,2017,11,222838.178
대구광역시,남구,2017,12,206183.8078
대구광역시,남구,2018,1,221958.9734
대구광역시,남구,2018,2,228402.3794
대구광역시,남구,2018,3,221926.0464
대구광역시,남구,2018,4,229670.0696
대구광역시,남구,2018,5,237770.1161
대구광역시,남구,2018,6,240223.179
대구광역시,남구,2018,7,231299.957
대구광역시,남구,2018,8,243320.3767
대구광역시,남구,2018,9,235963.246
대구광역시,남구,2018,10,235872.6967
대구광역시,남구,2018,11,234286.026
대구광역시,남구,2018,12,227249.9337
대구광역시,남구,2019,1,255832.7397
대구광역시,남구,2019,2,240131.0467
대구광역시,남구,2019,3,251289.6897
대구광역시,남구,2019,4,255754.4883
대구광역시,남구,2019,5,253706.5386
대구광역시,남구,2019,6,248000.8971
대구광역시,남구,2019,7,259620.1052
대구광역시,남구,2019,8,253737.8392
대구광역시,남구,2019,9,253585.808
대구광역시,남구,2019,10,251714.4827
대구광역시,남구,2019,11,239520.6861
대구광역시,남구,2019,12,246936.6787
대구광역시,남구,2020,1,255993.0809
대구광역시,남구,2020,2,246128.6859
대구광역시,남구,2020,3,240835.5958
대구광역시,남구,2020,4,227121.6808
대구광역시,남구,2020,5,190551.2407
대구광역시,남구,2020,6,214851.3358
대구광역시,남구,2020,7,239873.2158
대구광역시,남구,2020,8,231933.5808
대구광역시,남구,2020,9,249978.2059
대구광역시,남구,2020,10,246128.6859
대구광역시,남구,2020,11,247572.2559
대구광역시,남구,2020,12,258158.4359
대구광역시,남구,2021,1,210799.4076
대구광역시,남구,2021,2,219790.8515
대구광역시,남구,2021,3,217592.943
대구광역시,남구,2021,4,227583.4362
대구광역시,남구,2021,5,218392.1824
대구광역시,남구,2021,6,220190.4712
대구광역시,남구,2021,7,223387.4291
대구광역시,남구,2021,8,221589.1403
대구광역시,남구,2021,9,212997.3161
대구광역시,남구,2021,10,216593.8937
대구광역시,남구,2021,11,224386.4784
대구광역시,남구,2021,12,235975.4506
대구광역시,달서구,2010,1,0
대구광역시,달서구,2010,2,0
대구광역시,달서구,2010,3,0
대구광역시,달서구,2010,4,0
대구광역시,달서구,2010,5,0
대구광역시,달서구,2010,6,0
대구광역시,달서구,2010,7,0
대구광역시,달서구,2010,8,0
대구광역시,달서구,2010,9,0
대구광역시,달서구,2010,10,0
대구광역시,달서구,2010,11,0
대구광역시,달서구,2010,12,0
대구광역시,달서구,2011,1,0
대구광역시,달서구,2011,2,0
대구광역시,달서구,2011,3,0
대구광역시,달서구,2011,4,0
대구광역시,달서구,2011,5,0
대구광역시,달서구,2011,6,0
대구광역시,달서구,2011,7,0
대구광역시,달서구,2011,8,0
대구광역시,달서구,2011,9,0
대구광역시,달서구,2011,10,0
대구광역시,달서구,2011,11,0
대구광역시,달서구,2011,12,0
대구광역시,달서구,2012,1,0
대구광역시,달서구,2012,2,0
대구광역시,달서구,2012,3,0
대구광역시,달서구,2012,4,0
대구광역시,달서구,2012,5,0
대구광역시,달서구,2012,6,0
대구광역시,달서구,2012,7,0
대구광역시,달서구,2012,8,0
대구광역시,달서구,2012,9,0
대구광역시,달서구,2012,10,0
대구광역시,달서구,2012,11,0
대구광역시,달서구,2012,12,0
대구광역시,달서구,2013,1,0
대구광역시,달서구,2013,2,0
대구광역시,달서구,2013,3,0
대구광역시,달서구,2013,4,0
대구광역시,달서구,2013,5,0
대구광역시,달서구,2013,6,0
대구광역시,달서구,2013,7,0
대구광역시,달서구,2013,8,0
대구광역시,달서구,2013,9,0
대구광역시,달서구,2013,10,0
대구광역시,달서구,2013,11,0
대구광역시,달서구,2013,12,0
대구광역시,달서구,2014,1,0
대구광역시,달서구,2014,2,0
대구광역시,달서구,2014,3,0
대구광역시,달서구,2014,4,0
대구광역시,달서구,2014,5,0
대구광역시,달서구,2014,6,0
대구광역시,달서구,2014,7,0
대구광역시,달서구,2014,8,0
대구광역시,달서구,2014,9,0
대구광역시,달서구,2014,10,0
대구광역시,달서구,2014,11,0
대구광역시,달서구,2014,12,0
대구광역시,달서구,2015,1,900648.4251
대구광역시,달서구,2015,2,912540.4365
대구광역시,달서구,2015,3,921262.9175
대구광역시,달서구,2015,4,912481.8964
대구광역시,달서구,2015,5,902145.3802
대구광역시,달서구,2015,6,914555.8899
대구광역시,달서구,2015,7,927936.4935
대구광역시,달서구,2015,8,938824.9596
대구광역시,달서구,2015,9,937553.8023
대구광역시,달서구,2015,10,920159.0177
대구광역시,달서구,2015,11,915074.3883
대구광역시,달서구,2015,12,911018.3929
대구광역시,달서구,2016,1,877657.3704
대구광역시,달서구,2016,2,896992.5056
대구광역시,달서구,2016,3,918710.6368
대구광역시,달서구,2016,4,897847.0973
대구광역시,달서구,2016,5,930740.6572
대구광역시,달서구,2016,6,926147.2273
대구광역시,달서구,2016,7,912292.9824
대구광역시,달서구,2016,8,926007.5344
대구광역시,달서구,2016,9,918012.1725
대구광역시,달서구,2016,10,920764.9435
대구광역시,달서구,2016,11,940297.2922
대구광역시,달서구,2016,12,897600.5805
대구광역시,달서구,2017,1,916881.2785
대구광역시,달서구,2017,2,921835.1183
대구광역시,달서구,2017,3,914817.1786
대구광역시,달서구,2017,4,926683.7295
대구광역시,달서구,2017,5,936729.0158
대구광역시,달서구,2017,6,918532.5584
대구광역시,달서구,2017,7,913295.4108
대구광역시,달서구,2017,8,906900.7483
대구광역시,달서구,2017,9,932163.7124
대구광역시,달서구,2017,10,910009.04
대구광역시,달서구,2017,11,933596.4406
대구광역시,달서구,2017,12,863821.7688
대구광역시,달서구,2018,1,888417.6325
대구광역시,달서구,2018,2,914208.1439
대구광역시,달서구,2018,3,888285.8381
대구광역시,달서구,2018,4,919282.2272
대구광역시,달서구,2018,5,951703.643
대구광역시,달서구,2018,6,961522.3238
대구광역시,달서구,2018,7,925806.0487
대구광역시,달서구,2018,8,973919.2321
대구광역시,달서구,2018,9,944471.4268
대구광역시,달서구,2018,10,944108.9923
대구광역시,달서구,2018,11,937758.1509
대구광역시,달서구,2018,12,909595.3408
대구광역시,달서구,2019,1,977355.8291
대구광역시,달서구,2019,2,917370.7731
대구광역시,달서구,2019,3,960000.0504
대구광역시,달서구,2019,4,977056.8861
대구광역시,달서구,2019,5,969233.1197
대구광역시,달서구,2019,6,947435.9016
대구광역시,달서구,2019,7,991824.6722
대구광역시,달서구,2019,8,969352.6969
대구광역시,달서구,2019,9,968771.8933
대구광역시,달서구,2019,10,961622.884
대구광역시,달서구,2019,11,915039.0174
대구광역시,달서구,2019,12,943370.2762
대구광역시,달서구,2020,1,987937.4775
대구광역시,달서구,2020,2,949868.4581
대구광역시,달서구,2020,3,929441.1794
대구광역시,달서구,2020,4,876515.9574
대구광역시,달서구,2020,5,735382.0321
대구광역시,달서구,2020,6,829161.8114
대구광역시,달서구,2020,7,925727.1288
대구광역시,달서구,2020,8,895086.2108
대구광역시,달서구,2020,9,964724.6608
대구광역시,달서구,2020,10,949868.4581
대구광역시,달서구,2020,11,955439.5341
대구광역시,달서구,2020,12,996294.0915
대구광역시,달서구,2021,1,946139.8978
대구광역시,달서구,2021,2,986496.5759
대구광역시,달서구,2021,3,976631.6102
대구광역시,달서구,2021,4,1021472.364
대구광역시,달서구,2021,5,980218.8704
대구광역시,달서구,2021,6,988290.206
대구광역시,달서구,2021,7,1002639.247
대구광역시,달서구,2021,8,994567.9115
대구광역시,달서구,2021,9,956004.8636
대구광역시,달서구,2021,10,972147.5348
대구광역시,달서구,2021,11,1007123.322
대구광역시,달서구,2021,12,1059138.597
대구광역시,달성군,2010,1,0
대구광역시,달성군,2010,2,0
대구광역시,달성군,2010,3,0
대구광역시,달성군,2010,4,0
대구광역시,달성군,2010,5,0
대구광역시,달성군,2010,6,0
대구광역시,달성군,2010,7,0
대구광역시,달성군,2010,8,0
대구광역시,달성군,2010,9,0
대구광역시,달성군,2010,10,0
대구광역시,달성군,2010,11,0
대구광역시,달성군,2010,12,0
대구광역시,달성군,2011,1,0
대구광역시,달성군,2011,2,0
대구광역시,달성군,2011,3,0
대구광역시,달성군,2011,4,0
대구광역시,달성군,2011,5,0
대구광역시,달성군,2011,6,0
대구광역시,달성군,2011,7,0
대구광역시,달성군,2011,8,0
대구광역시,달성군,2011,9,0
대구광역시,달성군,2011,10,0
대구광역시,달성군,2011,11,0
대구광역시,달성군,2011,12,0
대구광역시,달성군,2012,1,0
대구광역시,달성군,2012,2,0
대구광역시,달성군,2012,3,0
대구광역시,달성군,2012,4,0
대구광역시,달성군,2012,5,0
대구광역시,달성군,2012,6,0
대구광역시,달성군,2012,7,0
대구광역시,달성군,2012,8,0
대구광역시,달성군,2012,9,0
대구광역시,달성군,2012,10,0
대구광역시,달성군,2012,11,0
대구광역시,달성군,2012,12,0
대구광역시,달성군,2013,1,0
대구광역시,달성군,2013,2,0
대구광역시,달성군,2013,3,0
대구광역시,달성군,2013,4,0
대구광역시,달성군,2013,5,0
대구광역시,달성군,2013,6,0
대구광역시,달성군,2013,7,0
대구광역시,달성군,2013,8,0
대구광역시,달성군,2013,9,0
대구광역시,달성군,2013,10,0
대구광역시,달성군,2013,11,0
대구광역시,달성군,2013,12,0
대구광역시,달성군,2014,1,0
대구광역시,달성군,2014,2,0
대구광역시,달성군,2014,3,0
대구광역시,달성군,2014,4,0
대구광역시,달성군,2014,5,0
대구광역시,달성군,2014,6,0
대구광역시,달성군,2014,7,0
대구광역시,달성군,2014,8,0
대구광역시,달성군,2014,9,0
대구광역시,달성군,2014,10,0
대구광역시,달성군,2014,11,0
대구광역시,달성군,2014,12,0
대구광역시,달성군,2015,1,581953.8472
대구광역시,달성군,2015,2,589637.8687
대구광역시,달성군,2015,3,595273.8984
대구광역시,달성군,2015,4,589600.043
대구광역시,달성군,2015,5,582921.1045
대구광역시,달성군,2015,6,590940.1536
대구광역시,달성군,2015,7,599586.0286
대구광역시,달성군,2015,8,606621.6094
대구광역시,달성군,2015,9,605800.2513
대구광역시,달성군,2015,10,594560.6137
대구광역시,달성군,2015,11,591275.1812
대구광역시,달성군,2015,12,588654.4004
대구광역시,달성군,2016,1,574664.357
대구광역시,달성군,2016,2,587324.4376
대구광역시,달성군,2016,3,601544.8341
대구광역시,달성군,2016,4,587883.9992
대구광역시,달성군,2016,5,609421.7394
대구광역시,달성군,2016,6,606414.0959
대구광역시,달성군,2016,7,597342.7419
대구광역시,달성군,2016,8,606322.6291
대구광역시,달성군,2016,9,601087.5002
대구광역시,달성군,2016,10,602889.9341
대구광역시,달성군,2016,11,615679.1443
대구광역시,달성군,2016,12,587722.5872
대구광역시,달성군,2017,1,589335.3465
대구광역시,달성군,2017,2,592519.4806
대구광역시,달성군,2017,3,588008.624
대구광역시,달성군,2017,4,595635.9778
대구광역시,달성군,2017,5,602092.6941
대구광역시,달성군,2017,6,590396.7246
대구광역시,달성군,2017,7,587030.4913
대구광역시,달성군,2017,8,582920.2529
대구광역시,달성군,2017,9,599158.296
대구광역시,달성군,2017,10,584918.141
대구광역시,달성군,2017,11,600079.1975
대구광역시,달성군,2017,12,555230.7735
대구광역시,달성군,2018,1,578642.3146
대구광역시,달성군,2018,2,595440.1366
대구광역시,달성군,2018,3,578556.4746
대구광역시,달성군,2018,4,598744.978
대구광역시,달성군,2018,5,619861.6267
대구광역시,달성군,2018,6,626256.7094
대구광역시,달성군,2018,7,602994.0597
대구광역시,달성군,2018,8,634331.0377
대구광역시,달성군,2018,9,615151.1548
대구광역시,달성군,2018,10,614915.0947
대구광역시,달성군,2018,11,610778.6779
대구광역시,달성군,2018,12,592435.7354
대구광역시,달성군,2019,1,596023.2847
대구광역시,달성군,2019,2,559442.452
대구광역시,달성군,2019,3,585439.1679
대구광역시,달성군,2019,4,595840.9795
대구광역시,달성군,2019,5,591069.793
대구광역시,달성군,2019,6,577777.1425
대구광역시,달성군,2019,7,604846.8545
대구광역시,달성군,2019,8,591142.7151
대구광역시,달성군,2019,9,590788.5222
대구광역시,달성군,2019,10,586428.8245
대구광역시,달성군,2019,11,558020.4717
대구광역시,달성군,2019,12,575297.7923
대구광역시,달성군,2020,1,608924.4506
대구광역시,달성군,2020,2,585460.2565
대구광역시,달성군,2020,3,572869.7134
대구광역시,달성군,2020,4,540248.7607
대구광역시,달성군,2020,5,453259.5535
대구광역시,달성군,2020,6,511061.5925
대구광역시,달성군,2020,7,570580.5237
대구광역시,달성군,2020,8,551694.709
대구광역시,달성군,2020,9,594617.0152
대구광역시,달성군,2020,10,585460.2565
대구광역시,달성군,2020,11,588894.041
대구광역시,달성군,2020,12,614075.1273
대구광역시,달성군,2021,1,642705.6976
대구광역시,달성군,2021,2,670119.6847
대구광역시,달성군,2021,3,663418.4879
대구광역시,달성군,2021,4,693878.4736
대구광역시,달성군,2021,5,665855.2867
대구광역시,달성군,2021,6,671338.0842
대구광역시,달성군,2021,7,681085.2796
대구광역시,달성군,2021,8,675602.4822
대구광역시,달성군,2021,9,649406.8945
대구광역시,달성군,2021,10,660372.4893
대구광역시,달성군,2021,11,684131.2782
대구광역시,달성군,2021,12,719464.8615
대구광역시,동구,2010,1,0
대구광역시,동구,2010,2,0
대구광역시,동구,2010,3,0
대구광역시,동구,2010,4,0
대구광역시,동구,2010,5,0
대구광역시,동구,2010,6,0
대구광역시,동구,2010,7,0
대구광역시,동구,2010,8,0
대구광역시,동구,2010,9,0
대구광역시,동구,2010,10,0
대구광역시,동구,2010,11,0
대구광역시,동구,2010,12,0
대구광역시,동구,2011,1,0
대구광역시,동구,2011,2,0
대구광역시,동구,2011,3,0
대구광역시,동구,2011,4,0
대구광역시,동구,2011,5,0
대구광역시,동구,2011,6,0
대구광역시,동구,2011,7,0
대구광역시,동구,2011,8,0
대구광역시,동구,2011,9,0
대구광역시,동구,2011,10,0
대구광역시,동구,2011,11,0
대구광역시,동구,2011,12,0
대구광역시,동구,2012,1,0
대구광역시,동구,2012,2,0
대구광역시,동구,2012,3,0
대구광역시,동구,2012,4,0
대구광역시,동구,2012,5,0
대구광역시,동구,2012,6,0
대구광역시,동구,2012,7,0
대구광역시,동구,2012,8,0
대구광역시,동구,2012,9,0
대구광역시,동구,2012,10,0
대구광역시,동구,2012,11,0
대구광역시,동구,2012,12,0
대구광역시,동구,2013,1,0
대구광역시,동구,2013,2,0
대구광역시,동구,2013,3,0
대구광역시,동구,2013,4,0
대구광역시,동구,2013,5,0
대구광역시,동구,2013,6,0
대구광역시,동구,2013,7,0
대구광역시,동구,2013,8,0
대구광역시,동구,2013,9,0
대구광역시,동구,2013,10,0
대구광역시,동구,2013,11,0
대구광역시,동구,2013,12,0
대구광역시,동구,2014,1,0
대구광역시,동구,2014,2,0
대구광역시,동구,2014,3,0
대구광역시,동구,2014,4,0
대구광역시,동구,2014,5,0
대구광역시,동구,2014,6,0
대구광역시,동구,2014,7,0
대구광역시,동구,2014,8,0
대구광역시,동구,2014,9,0
대구광역시,동구,2014,10,0
대구광역시,동구,2014,11,0
대구광역시,동구,2014,12,0
대구광역시,동구,2015,1,521401.0295
대구광역시,동구,2015,2,528285.5216
대구광역시,동구,2015,3,533335.1174
대구광역시,동구,2015,4,528251.6317
대구광역시,동구,2015,5,522267.6428
대구광역시,동구,2015,6,529452.3026
대구광역시,동구,2015,7,537198.5666
대구광역시,동구,2015,8,543502.0889
대구광역시,동구,2015,9,542766.1938
대구광역시,동구,2015,10,532696.0507
대구광역시,동구,2015,11,529752.4703
대구광역시,동구,2015,12,527404.3841
대구광역시,동구,2016,1,489977.4137
대구광역시,동구,2016,2,500771.8078
대구광역시,동구,2016,3,512896.5778
대구광역시,동구,2016,4,501248.9081
대구광역시,동구,2016,5,519612.6819
대구광역시,동구,2016,6,517048.2679
대구광역시,동구,2016,7,509313.7381
대구광역시,동구,2016,8,516970.2803
대구광역시,동구,2016,9,512506.6401
대구광역시,동구,2016,10,514043.4535
대구광역시,동구,2016,11,524947.9477
대구광역시,동구,2016,12,501111.2831
대구광역시,동구,2017,1,568598.8206
대구광역시,동구,2017,2,571670.9168
대구광역시,동구,2017,3,567318.7806
대구광역시,동구,2017,4,574677.7561
대구광역시,동구,2017,5,580907.2844
대구광역시,동구,2017,6,569622.8527
대구광역시,동구,2017,7,566375.0648
대구광역시,동구,2017,8,562409.4504
대구광역시,동구,2017,9,578076.137
대구광역시,동구,2017,10,564337.0402
대구광역시,동구,2017,11,578964.6354
대구광역시,동구,2017,12,535694.2611
대구광역시,동구,2018,1,535270.0235
대구광역시,동구,2018,2,550808.7602
대구광역시,동구,2018,3,535190.6176
대구광역시,동구,2018,4,553865.8863
대구광역시,동구,2018,5,573399.7309
대구광역시,동구,2018,6,579315.4684
대구광역시,동구,2018,7,557796.477
대구광역시,동구,2018,8,586784.5833
대구광역시,동구,2018,9,569042.3337
대구광역시,동구,2018,10,568823.9675
대구광역시,동구,2018,11,564997.597
대구광역시,동구,2018,12,548029.5546
대구광역시,동구,2019,1,623751.0759
대구광역시,동구,2019,2,585468.4545
대구광역시,동구,2019,3,612674.572
대구광역시,동구,2019,4,623560.2897
대구광역시,동구,2019,5,618567.1413
대구광역시,동구,2019,6,604656.099
대구광역시,동구,2019,7,632985.1298
대구광역시,동구,2019,8,618643.4558
대구광역시,동구,2019,9,618272.7854
대구광역시,동구,2019,10,613710.2687
대구광역시,동구,2019,11,583980.3218
대구광역시,동구,2019,12,602061.4062
대구광역시,동구,2020,1,641332.6938
대구광역시,동구,2020,2,616619.6859
대구광역시,동구,2020,3,603359.0475
대구광역시,동구,2020,4,569001.9389
대구광역시,동구,2020,5,477382.9826
대구광역시,동구,2020,6,538261.368
대구광역시,동구,2020,7,600948.0223
대구광역시,동구,2020,8,581057.0647
대구광역시,동구,2020,9,626263.7865
대구광역시,동구,2020,10,616619.6859
대구광역시,동구,2020,11,620236.2236
대구광역시,동구,2020,12,646757.5004
대구광역시,동구,2021,1,588705.675
대구광역시,동구,2021,2,613816.3436
대구광역시,동구,2021,3,607678.1802
대구광역시,동구,2021,4,635578.9231
대구광역시,동구,2021,5,609910.2396
대구광역시,동구,2021,6,614932.3733
대구광역시,동구,2021,7,623860.6111
대구광역시,동구,2021,8,618838.4773
대구광역시,동구,2021,9,594843.8384
대구광역시,동구,2021,10,604888.1059
대구광역시,동구,2021,11,626650.6853
대구광역시,동구,2021,12,659015.5471
대구광역시,북구,2010,1,0
대구광역시,북구,2010,2,0
대구광역시,북구,2010,3,0
대구광역시,북구,2010,4,0
대구광역시,북구,2010,5,0
대구광역시,북구,2010,6,0
대구광역시,북구,2010,7,0
대구광역시,북구,2010,8,0
대구광역시,북구,2010,9,0
대구광역시,북구,2010,10,0
대구광역시,북구,2010,11,0
대구광역시,북구,2010,12,0
대구광역시,북구,2011,1,0
대구광역시,북구,2011,2,0
대구광역시,북구,2011,3,0
대구광역시,북구,2011,4,0
대구광역시,북구,2011,5,0
대구광역시,북구,2011,6,0
대구광역시,북구,2011,7,0
대구광역시,북구,2011,8,0
대구광역시,북구,2011,9,0
대구광역시,북구,2011,10,0
대구광역시,북구,2011,11,0
대구광역시,북구,2011,12,0
대구광역시,북구,2012,1,0
대구광역시,북구,2012,2,0
대구광역시,북구,2012,3,0
대구광역시,북구,2012,4,0
대구광역시,북구,2012,5,0
대구광역시,북구,2012,6,0
대구광역시,북구,2012,7,0
대구광역시,북구,2012,8,0
대구광역시,북구,2012,9,0
대구광역시,북구,2012,10,0
대구광역시,북구,2012,11,0
대구광역시,북구,2012,12,0
대구광역시,북구,2013,1,0
대구광역시,북구,2013,2,0
대구광역시,북구,2013,3,0
대구광역시,북구,2013,4,0
대구광역시,북구,2013,5,0
대구광역시,북구,2013,6,0
대구광역시,북구,2013,7,0
대구광역시,북구,2013,8,0
대구광역시,북구,2013,9,0
대구광역시,북구,2013,10,0
대구광역시,북구,2013,11,0
대구광역시,북구,2013,12,0
대구광역시,북구,2014,1,0
대구광역시,북구,2014,2,0
대구광역시,북구,2014,3,0
대구광역시,북구,2014,4,0
대구광역시,북구,2014,5,0
대구광역시,북구,2014,6,0
대구광역시,북구,2014,7,0
대구광역시,북구,2014,8,0
대구광역시,북구,2014,9,0
대구광역시,북구,2014,10,0
대구광역시,북구,2014,11,0
대구광역시,북구,2014,12,0
대구광역시,북구,2015,1,800377.5276
대구광역시,북구,2015,2,810945.5789
대구광역시,북구,2015,3,818696.9695
대구광역시,북구,2015,4,810893.5561
대구광역시,북구,2015,5,801707.8238
대구광역시,북구,2015,6,812736.648
대구광역시,북구,2015,7,824627.5636
대구광역시,북구,2015,8,834303.7962
대구광역시,북구,2015,9,833174.1592
대구광역시,북구,2015,10,817715.9689
대구광역시,북구,2015,11,813197.421
대구광역시,북구,2015,12,809592.9872
대구광역시,북구,2016,1,770308.7929
대구광역시,북구,2016,2,787278.997
대구광역시,북구,2016,3,806340.7265
대구광역시,북구,2016,4,788029.0613
대구광역시,북구,2016,5,816899.3235
대구광역시,북구,2016,6,812867.7281
대구광역시,북구,2016,7,800708.0323
대구광역시,북구,2016,8,812745.1214
대구광역시,북구,2016,9,805727.6932
대구광역시,북구,2016,10,808143.7656
대구광역시,북구,2016,11,825287.0615
대구광역시,북구,2016,12,787812.6966
대구광역시,북구,2017,1,814503.2657
대구광역시,북구,2017,2,818903.9649
대구광역시,북구,2017,3,812669.641
대구광역시,북구,2017,4,823211.1852
대구광역시,북구,2017,5,832134.8252
대구광역시,북구,2017,6,815970.1654
대구광역시,북구,2017,7,811317.7923
대구광역시,북구,2017,8,805637.1512
대구광역시,북구,2017,9,828079.2789
대구광역시,북구,2017,10,808398.3742
대구광역시,북구,2017,11,829352.0301
대구광역시,북구,2017,12,767368.3259
대구광역시,북구,2018,1,817810.8643
대구광역시,북구,2018,2,841551.6813
대구광역시,북구,2018,3,817689.5443
대구광역시,북구,2018,4,846222.5032
대구광역시,북구,2018,5,876067.2351
대구광역시,북구,2018,6,885105.5787
대구광역시,북구,2018,7,852227.8456
대구광역시,북구,2018,8,896517.2458
대구광역시,북구,2018,9,869409.7974
대구광역시,북구,2018,10,869076.1673
대구광역시,북구,2018,11,863230.0575
대구광역시,북구,2018,12,837305.4796
대구광역시,북구,2019,1,840150.1269
대구광역시,북구,2019,2,788586.0487
대구광역시,북구,2019,3,825230.8322
대구광역시,북구,2019,4,839893.1508
대구광역시,북구,2019,5,833167.7207
대구광역시,북구,2019,6,814430.4962
대구광역시,북구,2019,7,852587.7673
대구광역시,북구,2019,8,833270.5112
대구광역시,북구,2019,9,832771.2434
대구광역시,북구,2019,10,826625.8449
대구광역시,북구,2019,11,786581.6356
대구광역시,북구,2019,12,810935.6221
대구광역시,북구,2020,1,861902.8049
대구광역시,북구,2020,2,828690.3848
대구광역시,북구,2020,3,810869.0862
대구광역시,북구,2020,4,764695.7217
대구광역시,북구,2020,5,641566.7495
대구광역시,북구,2020,6,723382.7113
대구광역시,북구,2020,7,807628.8501
대구광역시,북구,2020,8,780896.9022
대구광역시,북구,2020,9,841651.3293
대구광역시,북구,2020,10,828690.3848
대구광역시,북구,2020,11,833550.739
대구광역시,북구,2020,12,869193.3362
대구광역시,북구,2021,1,682699.2605
대구광역시,북구,2021,2,711819.1342
대구광역시,북구,2021,3,704700.9428
대구광역시,북구,2021,4,737056.358
대구광역시,북구,2021,5,707289.376
대구광역시,북구,2021,6,713113.3508
대구광역시,북구,2021,7,723467.0836
대구광역시,북구,2021,8,717643.1089
대구광역시,북구,2021,9,689817.4518
대구광역시,북구,2021,10,701465.4013
대구광역시,북구,2021,11,726702.6252
대구광역시,북구,2021,12,764234.9068
대구광역시,서구,2010,1,0
대구광역시,서구,2010,2,0
대구광역시,서구,2010,3,0
대구광역시,서구,2010,4,0
대구광역시,서구,2010,5,0
대구광역시,서구,2010,6,0
대구광역시,서구,2010,7,0
대구광역시,서구,2010,8,0
대구광역시,서구,2010,9,0
대구광역시,서구,2010,10,0
대구광역시,서구,2010,11,0
대구광역시,서구,2010,12,0
대구광역시,서구,2011,1,0
대구광역시,서구,2011,2,0
대구광역시,서구,2011,3,0
대구광역시,서구,2011,4,0
대구광역시,서구,2011,5,0
대구광역시,서구,2011,6,0
대구광역시,서구,2011,7,0
대구광역시,서구,2011,8,0
대구광역시,서구,2011,9,0
대구광역시,서구,2011,10,0
대구광역시,서구,2011,11,0
대구광역시,서구,2011,12,0
대구광역시,서구,2012,1,0
대구광역시,서구,2012,2,0
대구광역시,서구,2012,3,0
대구광역시,서구,2012,4,0
대구광역시,서구,2012,5,0
대구광역시,서구,2012,6,0
대구광역시,서구,2012,7,0
대구광역시,서구,2012,8,0
대구광역시,서구,2012,9,0
대구광역시,서구,2012,10,0
대구광역시,서구,2012,11,0
대구광역시,서구,2012,12,0
대구광역시,서구,2013,1,0
대구광역시,서구,2013,2,0
대구광역시,서구,2013,3,0
대구광역시,서구,2013,4,0
대구광역시,서구,2013,5,0
대구광역시,서구,2013,6,0
대구광역시,서구,2013,7,0
대구광역시,서구,2013,8,0
대구광역시,서구,2013,9,0
대구광역시,서구,2013,10,0
대구광역시,서구,2013,11,0
대구광역시,서구,2013,12,0
대구광역시,서구,2014,1,0
대구광역시,서구,2014,2,0
대구광역시,서구,2014,3,0
대구광역시,서구,2014,4,0
대구광역시,서구,2014,5,0
대구광역시,서구,2014,6,0
대구광역시,서구,2014,7,0
대구광역시,서구,2014,8,0
대구광역시,서구,2014,9,0
대구광역시,서구,2014,10,0
대구광역시,서구,2014,11,0
대구광역시,서구,2014,12,0
대구광역시,서구,2015,1,262190.5969
대구광역시,서구,2015,2,265652.5178
대구광역시,서구,2015,3,268191.7466
대구광역시,서구,2015,4,265635.476
대구광역시,서구,2015,5,262626.3802
대구광역시,서구,2015,6,266239.2427
대구광역시,서구,2015,7,270134.5123
대구광역시,서구,2015,8,273304.288
대구광역시,서구,2015,9,272934.2374
대구광역시,서구,2015,10,267870.3869
대구광역시,서구,2015,11,266390.1844
대구광역시,서구,2015,12,265209.4308
대구광역시,서구,2016,1,262142.3022
대구광역시,서구,2016,2,267917.3997
대구광역시,서구,2016,3,274404.2601
대구광역시,서구,2016,4,268172.6526
대구광역시,서구,2016,5,277997.436
대구광역시,서구,2016,6,276625.4515
대구광역시,서구,2016,7,272487.4088
대구광역시,서구,2016,8,276583.7274
대구광역시,서구,2016,9,274195.64
대구광역시,서구,2016,10,275017.8489
대구광역시,서구,2016,11,280851.8509
대구광역시,서구,2016,12,268099.022
대구광역시,서구,2017,1,281293.872
대구광역시,서구,2017,2,282813.6814
대구광역시,서구,2017,3,280660.6181
대구광역시,서구,2017,4,284301.2072
대구광역시,서구,2017,5,287383.043
대구광역시,서구,2017,6,281800.4751
대구광역시,서구,2017,7,280193.7485
대구광역시,서구,2017,8,278231.9031
대구광역시,서구,2017,9,285982.4343
대구광역시,서구,2017,10,279185.509
대구광역시,서구,2017,11,286421.987
대구광역시,서구,2017,12,265015.5214
대구광역시,서구,2018,1,269041.192
대구광역시,서구,2018,2,276851.3813
대구광역시,서구,2018,3,269001.2805
대구광역시,서구,2018,4,278387.9756
대구광역시,서구,2018,5,288206.2143
대구광역시,서구,2018,6,291179.624
대구광역시,서구,2018,7,280363.5968
대구광역시,서구,2018,8,294933.8031
대구광역시,서구,2018,9,286016.0686
대구광역시,서구,2018,10,285906.3118
대구광역시,서구,2018,11,283983.0745
대구광역시,서구,2018,12,275454.4775
대구광역시,서구,2019,1,289419.2596
대구광역시,서구,2019,2,271656.1993
대구광역시,서구,2019,3,284279.7838
대구광역시,서구,2019,4,289330.7352
대구광역시,서구,2019,5,287013.9242
대구광역시,서구,2019,6,280559.2283
대구광역시,서구,2019,7,293703.8423
대구광역시,서구,2019,8,287049.334
대구광역시,서구,2019,9,286877.3437
대구광역시,서구,2019,10,284760.345
대구광역시,서구,2019,11,270965.7087
대구광역시,서구,2019,12,279355.2959
대구광역시,서구,2020,1,323671.9088
대구광역시,서구,2020,2,311199.589
대구광역시,서구,2020,3,304507.1247
대구광역시,서구,2020,4,287167.5582
대구광역시,서구,2020,5,240928.7141
대구광역시,서구,2020,6,271653.2092
대구광역시,서구,2020,7,303290.313
대구광역시,서구,2020,8,293251.6166
대구광역시,서구,2020,9,316066.8358
대구광역시,서구,2020,10,311199.589
대구광역시,서구,2020,11,313024.8065
대구광역시,서구,2020,12,326409.7351
대구광역시,서구,2021,1,310075.7908
대구광역시,서구,2021,2,323301.7724
대구광역시,서구,2021,3,320068.7547
대구광역시,서구,2021,4,334764.2898
대구광역시,서구,2021,5,321244.3975
대구광역시,서구,2021,6,323889.5938
대구광역시,서구,2021,7,328592.165
대구광역시,서구,2021,8,325946.9687
대구광역시,서구,2021,9,313308.8085
대구광역시,서구,2021,10,318599.2011
대구광역시,서구,2021,11,330061.7185
대구광역시,서구,2021,12,347108.5393
대구광역시,소계,2010,1,0
대구광역시,소계,2010,2,0
대구광역시,소계,2010,3,0
대구광역시,소계,2010,4,0
대구광역시,소계,2010,5,0
대구광역시,소계,2010,6,0
대구광역시,소계,2010,7,0
대구광역시,소계,2010,8,0
대구광역시,소계,2010,9,0
대구광역시,소계,2010,10,0
대구광역시,소계,2010,11,0
대구광역시,소계,2010,12,0
대구광역시,소계,2011,1,0
대구광역시,소계,2011,2,0
대구광역시,소계,2011,3,0
대구광역시,소계,2011,4,0
대구광역시,소계,2011,5,0
대구광역시,소계,2011,6,0
대구광역시,소계,2011,7,0
대구광역시,소계,2011,8,0
대구광역시,소계,2011,9,0
대구광역시,소계,2011,10,0
대구광역시,소계,2011,11,0
대구광역시,소계,2011,12,0
대구광역시,소계,2012,1,0
대구광역시,소계,2012,2,0
대구광역시,소계,2012,3,0
대구광역시,소계,2012,4,0
대구광역시,소계,2012,5,0
대구광역시,소계,2012,6,0
대구광역시,소계,2012,7,0
대구광역시,소계,2012,8,0
대구광역시,소계,2012,9,0
대구광역시,소계,2012,10,0
대구광역시,소계,2012,11,0
대구광역시,소계,2012,12,0
대구광역시,소계,2013,1,0
대구광역시,소계,2013,2,0
대구광역시,소계,2013,3,0
대구광역시,소계,2013,4,0
대구광역시,소계,2013,5,0
대구광역시,소계,2013,6,0
대구광역시,소계,2013,7,0
대구광역시,소계,2013,8,0
대구광역시,소계,2013,9,0
대구광역시,소계,2013,10,0
대구광역시,소계,2013,11,0
대구광역시,소계,2013,12,0
대구광역시,소계,2014,1,0
대구광역시,소계,2014,2,0
대구광역시,소계,2014,3,0
대구광역시,소계,2014,4,0
대구광역시,소계,2014,5,0
대구광역시,소계,2014,6,0
대구광역시,소계,2014,7,0
대구광역시,소계,2014,8,0
대구광역시,소계,2014,9,0
대구광역시,소계,2014,10,0
대구광역시,소계,2014,11,0
대구광역시,소계,2014,12,0
대구광역시,소계,2015,1,4237566.589
대구광역시,소계,2015,2,4293518.71
대구광역시,소계,2015,3,4334558.136
대구광역시,소계,2015,4,4293243.278
대구광역시,소계,2015,5,4244609.788
대구광역시,소계,2015,6,4303001.454
대구광역시,소계,2015,7,4365957.427
대구광역시,소계,2015,8,4417187.851
대구광역시,소계,2015,9,4411207.034
대구광역시,소계,2015,10,4329364.268
대구광역시,소계,2015,11,4305440.998
대구광역시,소계,2015,12,4286357.468
대구광역시,소계,2016,1,4148803.702
대구광역시,소계,2016,2,4240203.471
대구광역시,소계,2016,3,4342867.98
대구광역시,소계,2016,4,4244243.24
대구광역시,소계,2016,5,4399735.494
대구광역시,소계,2016,6,4378021.737
대구광역시,소계,2016,7,4312530.87
대구광역시,소계,2016,8,4377361.39
대구광역시,소계,2016,9,4339566.246
대구광역시,소계,2016,10,4352578.962
대구광역시,소계,2016,11,4444910.986
대구광역시,소계,2016,12,4243077.922
대구광역시,소계,2017,1,4396355.131
대구광역시,소계,2017,2,4420108.303
대구광역시,소계,2017,3,4386457.976
대구광역시,소계,2017,4,4443356.915
대구광역시,소계,2017,5,4491523.07
대구광역시,소계,2017,6,4404272.855
대구광역시,소계,2017,7,4379161.25
대구광역시,소계,2017,8,4348499.475
대구광역시,소계,2017,9,4469632.892
대구광역시,소계,2017,10,4363403.426
대구광역시,소계,2017,11,4476502.682
대구광역시,소계,2017,12,4141940.025
대구광역시,소계,2018,1,4296362.589
대구광역시,소계,2018,2,4421084.774
대구광역시,소계,2018,3,4295725.235
대구광역시,소계,2018,4,4445622.898
대구광역시,소계,2018,5,4602411.949
대구광역시,소계,2018,6,4649894.812
대구광역시,소계,2018,7,4477171.914
대구광역시,소계,2018,8,4709845.91
대구광역시,소계,2018,9,4567437.156
대구광역시,소계,2018,10,4565684.432
대구광역시,소계,2018,11,4534971.943
대구광역시,소계,2018,12,4398777.388
대구광역시,소계,2019,1,4654737.467
대구광역시,소계,2019,2,4369053.707
대구광역시,소계,2019,3,4572079.144
대구광역시,소계,2019,4,4653313.726
대구광역시,소계,2019,5,4616052.395
대구광역시,소계,2019,6,4512241.352
대구광역시,소계,2019,7,4723646.521
대구광역시,소계,2019,8,4616621.892
대구광역시,소계,2019,9,4613855.767
대구광역시,소계,2019,10,4579808.023
대구광역시,소계,2019,11,4357948.529
대구광역시,소계,2019,12,4492878.478
대구광역시,소계,2020,1,4822104.875
대구광역시,소계,2020,2,4636290.683
대구광역시,소계,2020,3,4536585.507
대구광역시,소계,2020,4,4278258.46
대구광역시,소계,2020,5,3589386.335
대구광역시,소계,2020,6,4047123.734
대구광역시,소계,2020,7,4518457.293
대구광역시,소계,2020,8,4368899.529
대구광역시,소계,2020,9,4708803.539
대구광역시,소계,2020,10,4636290.683
대구광역시,소계,2020,11,4663483.004
대구광역시,소계,2020,12,4862893.356
대구광역시,소계,2021,1,4457230.742
대구광역시,소계,2021,2,4647349.589
대구광역시,소계,2021,3,4600876.093
대구광역시,소계,2021,4,4812119.256
대구광역시,소계,2021,5,4617775.546
대구광역시,소계,2021,6,4655799.315
대구광역시,소계,2021,7,4723397.128
대구광역시,소계,2021,8,4685373.358
대구광역시,소계,2021,9,4503704.238
대구광역시,소계,2021,10,4579751.777
대구광역시,소계,2021,11,4744521.444
대구광역시,소계,2021,12,4989563.513
대구광역시,수성구,2010,1,0
대구광역시,수성구,2010,2,0
대구광역시,수성구,2010,3,0
대구광역시,수성구,2010,4,0
대구광역시,수성구,2010,5,0
대구광역시,수성구,2010,6,0
대구광역시,수성구,2010,7,0
대구광역시,수성구,2010,8,0
대구광역시,수성구,2010,9,0
대구광역시,수성구,2010,10,0
대구광역시,수성구,2010,11,0
대구광역시,수성구,2010,12,0
대구광역시,수성구,2011,1,0
대구광역시,수성구,2011,2,0
대구광역시,수성구,2011,3,0
대구광역시,수성구,2011,4,0
대구광역시,수성구,2011,5,0
대구광역시,수성구,2011,6,0
대구광역시,수성구,2011,7,0
대구광역시,수성구,2011,8,0
대구광역시,수성구,2011,9,0
대구광역시,수성구,2011,10,0
대구광역시,수성구,2011,11,0
대구광역시,수성구,2011,12,0
대구광역시,수성구,2012,1,0
대구광역시,수성구,2012,2,0
대구광역시,수성구,2012,3,0
대구광역시,수성구,2012,4,0
대구광역시,수성구,2012,5,0
대구광역시,수성구,2012,6,0
대구광역시,수성구,2012,7,0
대구광역시,수성구,2012,8,0
대구광역시,수성구,2012,9,0
대구광역시,수성구,2012,10,0
대구광역시,수성구,2012,11,0
대구광역시,수성구,2012,12,0
대구광역시,수성구,2013,1,0
대구광역시,수성구,2013,2,0
대구광역시,수성구,2013,3,0
대구광역시,수성구,2013,4,0
대구광역시,수성구,2013,5,0
대구광역시,수성구,2013,6,0
대구광역시,수성구,2013,7,0
대구광역시,수성구,2013,8,0
대구광역시,수성구,2013,9,0
대구광역시,수성구,2013,10,0
대구광역시,수성구,2013,11,0
대구광역시,수성구,2013,12,0
대구광역시,수성구,2014,1,0
대구광역시,수성구,2014,2,0
대구광역시,수성구,2014,3,0
대구광역시,수성구,2014,4,0
대구광역시,수성구,2014,5,0
대구광역시,수성구,2014,6,0
대구광역시,수성구,2014,7,0
대구광역시,수성구,2014,8,0
대구광역시,수성구,2014,9,0
대구광역시,수성구,2014,10,0
대구광역시,수성구,2014,11,0
대구광역시,수성구,2014,12,0
대구광역시,수성구,2015,1,568776.8518
대구광역시,수성구,2015,2,576286.8863
대구광역시,수성구,2015,3,581795.3013
대구광역시,수성구,2015,4,576249.9171
대구광역시,수성구,2015,5,569722.2077
대구광역시,수성구,2015,6,577559.684
대구광역시,수성구,2015,7,586009.7933
대구광역시,수성구,2015,8,592886.0696
대구광역시,수성구,2015,9,592083.3093
대구광역시,수성구,2015,10,581098.1673
대구광역시,수성구,2015,11,577887.1258
대구광역시,수성구,2015,12,575325.6864
대구광역시,수성구,2016,1,582667.2146
대구광역시,수성구,2016,2,595503.6013
대구광역시,수성구,2016,3,609922.0332
대구광역시,수성구,2016,4,596070.9554
대구광역시,수성구,2016,5,617908.6333
대구광역시,수성구,2016,6,614859.105
대구광역시,수성구,2016,7,605661.422
대구광역시,수성구,2016,8,614766.3644
대구광역시,수성구,2016,9,609458.3303
대구광역시,수성구,2016,10,611285.8652
대구광역시,수성구,2016,11,624253.1797
대구광역시,수성구,2016,12,595907.2956
대구광역시,수성구,2017,1,586641.0566
대구광역시,수성구,2017,2,589810.6337
대구광역시,수성구,2017,3,585320.3996
대구광역시,수성구,2017,4,592912.883
대구광역시,수성구,2017,5,599340.0809
대구광역시,수성구,2017,6,587697.5823
대구광역시,수성구,2017,7,584346.7387
대구광역시,수성구,2017,8,580255.2912
대구광역시,수성구,2017,9,596419.0981
대구광역시,수성구,2017,10,582244.0454
대구광역시,수성구,2017,11,597335.7895
대구광역시,수성구,2017,12,552692.401
대구광역시,수성구,2018,1,575523.6795
대구광역시,수성구,2018,2,592230.9684
대구광역시,수성구,2018,3,575438.3021
대구광역시,수성구,2018,4,595517.9981
대구광역시,수성구,2018,5,616520.8371
대구광역시,수성구,2018,6,622881.453
대구광역시,수성구,2018,7,599744.1791
대구광역시,수성구,2018,8,630912.2641
대구광역시,수성구,2018,9,611835.7526
대구광역시,수성구,2018,10,611600.9648
대구광역시,수성구,2018,11,607486.8416
대구광역시,수성구,2018,12,589242.7596
대구광역시,수성구,2019,1,641241.413
대구광역시,수성구,2019,2,601885.3249
대구광역시,수성구,2019,3,629854.3176
대구광역시,수성구,2019,4,641045.277
대구광역시,수성구,2019,5,635912.1178
대구광역시,수성구,2019,6,621611.002
대구광역시,수성구,2019,7,650734.395
대구광역시,수성구,2019,8,635990.5722
대구광역시,수성구,2019,9,635609.508
대구광역시,수성구,2019,10,630919.0558
대구광역시,수성구,2019,11,600355.4642
대구광역시,수성구,2019,12,618943.5525
대구광역시,수성구,2020,1,688651.6724
대구광역시,수성구,2020,2,662115.2827
대구광역시,수성구,2020,3,647876.2444
대구광역시,수성구,2020,4,610984.1905
대구광역시,수성구,2020,5,512605.3802
대구광역시,수성구,2020,6,577975.5107
대구광역시,수성구,2020,7,645287.3283
대구광역시,수성구,2020,8,623928.7708
대구광역시,수성구,2020,9,672470.947
대구광역시,수성구,2020,10,662115.2827
대구광역시,수성구,2020,11,665998.6568
대구광역시,수성구,2020,12,694476.7335
대구광역시,수성구,2021,1,635651.0664
대구광역시,수성구,2021,2,662764.1451
대구광역시,수성구,2021,3,656136.5037
대구광역시,수성구,2021,4,686262.1466
대구광역시,수성구,2021,5,658546.5551
대구광역시,수성구,2021,6,663969.1708
대구광역시,수성구,2021,7,673609.3766
대구광역시,수성구,2021,8,668186.7608
대구광역시,수성구,2021,9,642278.7079
대구광역시,수성구,2021,10,653123.9394
대구광역시,수성구,2021,11,676621.9409
대구광역시,수성구,2021,12,711567.6867
대구광역시,중구,2010,1,0
대구광역시,중구,2010,2,0
대구광역시,중구,2010,3,0
대구광역시,중구,2010,4,0
대구광역시,중구,2010,5,0
대구광역시,중구,2010,6,0
대구광역시,중구,2010,7,0
대구광역시,중구,2010,8,0
대구광역시,중구,2010,9,0
대구광역시,중구,2010,10,0
대구광역시,중구,2010,11,0
대구광역시,중구,2010,12,0
대구광역시,중구,2011,1,0
대구광역시,중구,2011,2,0
대구광역시,중구,2011,3,0
대구광역시,중구,2011,4,0
대구광역시,중구,2011,5,0
대구광역시,중구,2011,6,0
대구광역시,중구,2011,7,0
대구광역시,중구,2011,8,0
대구광역시,중구,2011,9,0
대구광역시,중구,2011,10,0
대구광역시,중구,2011,11,0
대구광역시,중구,2011,12,0
대구광역시,중구,2012,1,0
대구광역시,중구,2012,2,0
대구광역시,중구,2012,3,0
대구광역시,중구,2012,4,0
대구광역시,중구,2012,5,0
대구광역시,중구,2012,6,0
대구광역시,중구,2012,7,0
대구광역시,중구,2012,8,0
대구광역시,중구,2012,9,0
대구광역시,중구,2012,10,0
대구광역시,중구,2012,11,0
대구광역시,중구,2012,12,0
대구광역시,중구,2013,1,0
대구광역시,중구,2013,2,0
대구광역시,중구,2013,3,0
대구광역시,중구,2013,4,0
대구광역시,중구,2013,5,0
대구광역시,중구,2013,6,0
대구광역시,중구,2013,7,0
대구광역시,중구,2013,8,0
대구광역시,중구,2013,9,0
대구광역시,중구,2013,10,0
대구광역시,중구,2013,11,0
대구광역시,중구,2013,12,0
대구광역시,중구,2014,1,0
대구광역시,중구,2014,2,0
대구광역시,중구,2014,3,0
대구광역시,중구,2014,4,0
대구광역시,중구,2014,5,0
대구광역시,중구,2014,6,0
대구광역시,중구,2014,7,0
대구광역시,중구,2014,8,0
대구광역시,중구,2014,9,0
대구광역시,중구,2014,10,0
대구광역시,중구,2014,11,0
대구광역시,중구,2014,12,0
대구광역시,중구,2015,1,411138.5474
대구광역시,중구,2015,2,416567.1522
대구광역시,중구,2015,3,420548.8925
대구광역시,중구,2015,4,416540.4291
대구광역시,중구,2015,5,411821.895
대구광역시,중구,2015,6,417487.19
대구광역시,중구,2015,7,423595.3247
대구광역시,중구,2015,8,428565.8193
대구광역시,중구,2015,9,427985.5465
대구광역시,중구,2015,10,420044.9714
대구광역시,중구,2015,11,417723.8802
대구광역시,중구,2015,12,415872.3518
대구광역시,중구,2016,1,404181.6977
대구광역시,중구,2016,2,413085.9786
대구광역시,중구,2016,3,423087.6848
대구광역시,중구,2016,4,413479.538
대구광역시,중구,2016,5,428627.7899
대구광역시,중구,2016,6,426512.4082
대구광역시,중구,2016,7,420132.2052
대구광역시,중구,2016,8,426448.0764
대구광역시,중구,2016,9,422766.0257
대구광역시,중구,2016,10,424033.741
대구광역시,중구,2016,11,433028.8433
대구광역시,중구,2016,12,413366.0113
대구광역시,중구,2017,1,420437.8095
대구광역시,중구,2017,2,422709.403
대구광역시,중구,2017,3,419491.3122
대구광역시,중구,2017,4,424932.7437
대구광역시,중구,2017,5,429539.0305
대구광역시,중구,2017,6,421195.0073
대구광역시,중구,2017,7,418793.5024
대구광역시,중구,2017,8,415861.2167
대구광역시,중구,2017,9,427445.6012
대구광역시,중구,2017,10,417286.5303
대구광역시,중구,2017,11,428102.5817
대구광역시,중구,2017,12,396107.2614
대구광역시,중구,2018,1,409670.3624
대구광역시,중구,2018,2,421562.9766
대구광역시,중구,2018,3,409609.5889
대구광역시,중구,2018,4,423902.7563
대구광역시,중구,2018,5,438853.0372
대구광역시,중구,2018,6,443380.6629
대구광역시,중구,2018,7,426911.0445
대구광역시,중구,2018,8,449097.1702
대구광역시,중구,2018,9,435518.0914
대구광역시,중구,2018,10,435350.9643
대구광역시,중구,2018,11,432422.4413
대구광역시,중구,2018,12,419435.9041
대구광역시,중구,2019,1,430996.3773
대구광역시,중구,2019,2,404544.0444
대구광역시,중구,2019,3,423342.7905
대구광역시,중구,2019,4,430864.5488
대구광역시,중구,2019,5,427414.4083
대구광역시,중구,2019,6,417802.2264
대구광역시,중구,2019,7,437376.8774
대구광역시,중구,2019,8,427467.1397
대구광역시,중구,2019,9,427211.0157
대구광역시,중구,2019,10,424058.431
대구광역시,중구,2019,11,403515.782
대구광역시,중구,2019,12,416009.3586
대구광역시,중구,2020,1,453319.3474
대구광역시,중구,2020,2,435851.2147
대구광역시,중구,2020,3,426478.0703
대구광역시,중구,2020,4,402193.1052
대구광역시,중구,2020,5,337433.1984
대구광역시,중구,2020,6,380464.4523
대구광역시,중구,2020,7,424773.8622
대구광역시,중구,2020,8,410714.1456
대구광역시,중구,2020,9,442668.047
대구광역시,중구,2020,10,435851.2147
대구광역시,중구,2020,11,438407.5268
대구광역시,중구,2020,12,457153.8156
대구광역시,중구,2021,1,443332.4994
대구광역시,중구,2021,2,462242.4165
대구광역시,중구,2021,3,457619.9923
대구광역시,중구,2021,4,478631.0112
대구광역시,중구,2021,5,459300.8738
대구광역시,중구,2021,6,463082.8572
대구광역시,중구,2021,7,469806.3833
대구광역시,중구,2021,8,466024.3999
대구광역시,중구,2021,9,447954.9236
대구광역시,중구,2021,10,455518.8904
대구광역시,중구,2021,11,471907.4852
대구광역시,중구,2021,12,496280.2671
대전광역시,대덕구,2010,1,0
대전광역시,대덕구,2010,2,0
대전광역시,대덕구,2010,3,0
대전광역시,대덕구,2010,4,0
대전광역시,대덕구,2010,5,0
대전광역시,대덕구,2010,6,0
대전광역시,대덕구,2010,7,0
대전광역시,대덕구,2010,8,0
대전광역시,대덕구,2010,9,0
대전광역시,대덕구,2010,10,0
대전광역시,대덕구,2010,11,0
대전광역시,대덕구,2010,12,0
대전광역시,대덕구,2011,1,0
대전광역시,대덕구,2011,2,0
대전광역시,대덕구,2011,3,0
대전광역시,대덕구,2011,4,0
대전광역시,대덕구,2011,5,0
대전광역시,대덕구,2011,6,0
대전광역시,대덕구,2011,7,0
대전광역시,대덕구,2011,8,0
대전광역시,대덕구,2011,9,0
대전광역시,대덕구,2011,10,0
대전광역시,대덕구,2011,11,0
대전광역시,대덕구,2011,12,0
대전광역시,대덕구,2012,1,0
대전광역시,대덕구,2012,2,0
대전광역시,대덕구,2012,3,0
대전광역시,대덕구,2012,4,0
대전광역시,대덕구,2012,5,0
대전광역시,대덕구,2012,6,0
대전광역시,대덕구,2012,7,0
대전광역시,대덕구,2012,8,0
대전광역시,대덕구,2012,9,0
대전광역시,대덕구,2012,10,0
대전광역시,대덕구,2012,11,0
대전광역시,대덕구,2012,12,0
대전광역시,대덕구,2013,1,0
대전광역시,대덕구,2013,2,0
대전광역시,대덕구,2013,3,0
대전광역시,대덕구,2013,4,0
대전광역시,대덕구,2013,5,0
대전광역시,대덕구,2013,6,0
대전광역시,대덕구,2013,7,0
대전광역시,대덕구,2013,8,0
대전광역시,대덕구,2013,9,0
대전광역시,대덕구,2013,10,0
대전광역시,대덕구,2013,11,0
대전광역시,대덕구,2013,12,0
대전광역시,대덕구,2014,1,0
대전광역시,대덕구,2014,2,0
대전광역시,대덕구,2014,3,0
대전광역시,대덕구,2014,4,0
대전광역시,대덕구,2014,5,0
대전광역시,대덕구,2014,6,0
대전광역시,대덕구,2014,7,0
대전광역시,대덕구,2014,8,0
대전광역시,대덕구,2014,9,0
대전광역시,대덕구,2014,10,0
대전광역시,대덕구,2014,11,0
대전광역시,대덕구,2014,12,0
대전광역시,대덕구,2015,1,575115.5999
대전광역시,대덕구,2015,2,608760.1064
대전광역시,대덕구,2015,3,599013.4727
대전광역시,대덕구,2015,4,619643.2054
대전광역시,대덕구,2015,5,620362.3246
대전광역시,대덕구,2015,6,657217.1849
대전광역시,대덕구,2015,7,680819.7052
대전광역시,대덕구,2015,8,672671.8275
대전광역시,대덕구,2015,9,695497.4422
대전광역시,대덕구,2015,10,652838.2625
대전광역시,대덕구,2015,11,639155.7351
대전광역시,대덕구,2015,12,638597.1336
대전광역시,대덕구,2016,1,598032.8441
대전광역시,대덕구,2016,2,630642.0159
대전광역시,대덕구,2016,3,661082.7877
대전광역시,대덕구,2016,4,643901.9305
대전광역시,대덕구,2016,5,655231.078
대전광역시,대덕구,2016,6,672025.7818
대전광역시,대덕구,2016,7,632121.2806
대전광역시,대덕구,2016,8,664059.1395
대전광역시,대덕구,2016,9,647656.53
대전광역시,대덕구,2016,10,633850.0597
대전광역시,대덕구,2016,11,701866.5305
대전광역시,대덕구,2016,12,608857.0217
대전광역시,대덕구,2017,1,634505.0737
대전광역시,대덕구,2017,2,628055.8206
대전광역시,대덕구,2017,3,627646.6186
대전광역시,대덕구,2017,4,632528.2249
대전광역시,대덕구,2017,5,589815.6109
대전광역시,대덕구,2017,6,633479.1872
대전광역시,대덕구,2017,7,635294.6606
대전광역시,대덕구,2017,8,631023.9755
대전광역시,대덕구,2017,9,641674.7528
대전광역시,대덕구,2017,10,632170.8936
대전광역시,대덕구,2017,11,644037.75
대전광역시,대덕구,2017,12,568675.4317
대전광역시,대덕구,2018,1,608932.2379
대전광역시,대덕구,2018,2,617562.491
대전광역시,대덕구,2018,3,610995.6041
대전광역시,대덕구,2018,4,561104.0092
대전광역시,대덕구,2018,5,565308.4915
대전광역시,대덕구,2018,6,539262.2321
대전광역시,대덕구,2018,7,554656.7377
대전광역시,대덕구,2018,8,574776.0526
대전광역시,대덕구,2018,9,601683.543
대전광역시,대덕구,2018,10,589512.6733
대전광역시,대덕구,2018,11,601635.6969
대전광역시,대덕구,2018,12,588717.2307
대전광역시,대덕구,2019,1,561152.3802
대전광역시,대덕구,2019,2,553316.22
대전광역시,대덕구,2019,3,603401.2176
대전광역시,대덕구,2019,4,632353.3523
대전광역시,대덕구,2019,5,629448.5688
대전광역시,대덕구,2019,6,577162.4659
대전광역시,대덕구,2019,7,630124.0998
대전광역시,대덕구,2019,8,612881.1699
대전광역시,대덕구,2019,9,605258.928
대전광역시,대덕구,2019,10,648982.6748
대전광역시,대덕구,2019,11,596645.9071
대전광역시,대덕구,2019,12,585494.0155
대전광역시,대덕구,2020,1,643327.0858
대전광역시,대덕구,2020,2,552454.8782
대전광역시,대덕구,2020,3,600599.0942
대전광역시,대덕구,2020,4,581341.4078
대전광역시,대덕구,2020,5,530188.1783
대전광역시,대덕구,2020,6,599997.2915
대전광역시,대덕구,2020,7,609626.1346
대전광역시,대덕구,2020,8,622263.9913
대전광역시,대덕구,2020,9,592775.6591
대전광역시,대덕구,2020,10,628282.0183
대전광역시,대덕구,2020,11,640919.875
대전광역시,대덕구,2020,12,621060.3859
대전광역시,대덕구,2021,1,595759.9004
대전광역시,대덕구,2021,2,641778.9323
대전광역시,대덕구,2021,3,667897.8424
대전광역시,대덕구,2021,4,639291.4171
대전광역시,대덕구,2021,5,594516.1428
대전광역시,대덕구,2021,6,644266.4476
대전광역시,대덕구,2021,7,592650.5063
대전광역시,대덕구,2021,8,587675.4758
대전광역시,대덕구,2021,9,669141.6
대전광역시,대덕구,2021,10,610684.9918
대전광역시,대덕구,2021,11,621256.9316
대전광역시,대덕구,2021,12,662922.8119
대전광역시,동구,2010,1,0
대전광역시,동구,2010,2,0
대전광역시,동구,2010,3,0
대전광역시,동구,2010,4,0
대전광역시,동구,2010,5,0
대전광역시,동구,2010,6,0
대전광역시,동구,2010,7,0
대전광역시,동구,2010,8,0
대전광역시,동구,2010,9,0
대전광역시,동구,2010,10,0
대전광역시,동구,2010,11,0
대전광역시,동구,2010,12,0
대전광역시,동구,2011,1,0
대전광역시,동구,2011,2,0
대전광역시,동구,2011,3,0
대전광역시,동구,2011,4,0
대전광역시,동구,2011,5,0
대전광역시,동구,2011,6,0
대전광역시,동구,2011,7,0
대전광역시,동구,2011,8,0
대전광역시,동구,2011,9,0
대전광역시,동구,2011,10,0
대전광역시,동구,2011,11,0
대전광역시,동구,2011,12,0
대전광역시,동구,2012,1,0
대전광역시,동구,2012,2,0
대전광역시,동구,2012,3,0
대전광역시,동구,2012,4,0
대전광역시,동구,2012,5,0
대전광역시,동구,2012,6,0
대전광역시,동구,2012,7,0
대전광역시,동구,2012,8,0
대전광역시,동구,2012,9,0
대전광역시,동구,2012,10,0
대전광역시,동구,2012,11,0
대전광역시,동구,2012,12,0
대전광역시,동구,2013,1,0
대전광역시,동구,2013,2,0
대전광역시,동구,2013,3,0
대전광역시,동구,2013,4,0
대전광역시,동구,2013,5,0
대전광역시,동구,2013,6,0
대전광역시,동구,2013,7,0
대전광역시,동구,2013,8,0
대전광역시,동구,2013,9,0
대전광역시,동구,2013,10,0
대전광역시,동구,2013,11,0
대전광역시,동구,2013,12,0
대전광역시,동구,2014,1,0
대전광역시,동구,2014,2,0
대전광역시,동구,2014,3,0
대전광역시,동구,2014,4,0
대전광역시,동구,2014,5,0
대전광역시,동구,2014,6,0
대전광역시,동구,2014,7,0
대전광역시,동구,2014,8,0
대전광역시,동구,2014,9,0
대전광역시,동구,2014,10,0
대전광역시,동구,2014,11,0
대전광역시,동구,2014,12,0
대전광역시,동구,2015,1,229913.2823
대전광역시,동구,2015,2,243363.3068
대전광역시,동구,2015,3,239466.9066
대전광역시,동구,2015,4,247714.0304
대전광역시,동구,2015,5,248001.5119
대전광역시,동구,2015,6,262734.9357
대전광역시,동구,2015,7,272170.4873
대전광역시,동구,2015,8,268913.2199
대전광역시,동구,2015,9,278038.1888
대전광역시,동구,2015,10,260984.3791
대전광역시,동구,2015,11,255514.5313
대전광역시,동구,2015,12,255291.2198
대전광역시,동구,2016,1,249937.0833
대전광역시,동구,2016,2,263565.5008
대전광역시,동구,2016,3,276287.6745
대전광역시,동구,2016,4,269107.2439
대전광역시,동구,2016,5,273842.0576
대전광역시,동구,2016,6,280861.1023
대전광역시,동구,2016,7,264183.7329
대전광역시,동구,2016,8,277531.5873
대전광역시,동구,2016,9,270676.4113
대전광역시,동구,2016,10,264906.2451
대전광역시,동구,2016,11,293332.5071
대전광역시,동구,2016,12,254460.8539
대전광역시,동구,2017,1,273993.0426
대전광역시,동구,2017,2,271208.1153
대전광역시,동구,2017,3,271031.4131
대전광역시,동구,2017,4,273139.3964
대전광역시,동구,2017,5,254695.164
대전광역시,동구,2017,6,273550.0426
대전광역시,동구,2017,7,274334.0033
대전광역시,동구,2017,8,272489.829
대전광역시,동구,2017,9,277089.0654
대전광역시,동구,2017,10,272985.0931
대전광역시,동구,2017,11,278109.4588
대전광역시,동구,2017,12,245566.3764
대전광역시,동구,2018,1,289273.5607
대전광역시,동구,2018,2,293373.3667
대전광역시,동구,2018,3,290253.7638
대전광역시,동구,2018,4,266552.737
대전광역시,동구,2018,5,268550.0784
대전광역시,동구,2018,6,256176.79
대전광역시,동구,2018,7,263489.9574
대전광역시,동구,2018,8,273047.6479
대전광역시,동구,2018,9,285830.0646
대전광역시,동구,2018,10,280048.2869
대전광역시,동구,2018,11,285807.3352
대전광역시,동구,2018,12,279670.4115
대전광역시,동구,2019,1,268406.4338
대전광역시,동구,2019,2,264658.2972
대전광역시,동구,2019,3,288614.5986
대전광역시,동구,2019,4,302462.7787
대전광역시,동구,2019,5,301073.3833
대전광역시,동구,2019,6,276064.2647
대전광역시,동구,2019,7,301396.4985
대전광역시,동구,2019,8,293148.9823
대전광역시,동구,2019,9,289503.1655
대전광역시,동구,2019,10,310416.7986
대전광역시,동구,2019,11,285383.4464
대전광역시,동구,2019,12,280049.3525
대전광역시,동구,2020,1,303876.8329
대전광역시,동구,2020,2,260953.1643
대전광역시,동구,2020,3,283694.1808
대전광역시,동구,2020,4,274597.7742
대전광역시,동구,2020,5,250435.4442
대전광역시,동구,2020,6,283409.9181
대전광역시,동구,2020,7,287958.1214
대전광역시,동구,2020,8,293927.6382
대전광역시,동구,2020,9,279998.7656
대전광역시,동구,2020,10,296770.2653
대전광역시,동구,2020,11,302739.7821
대전광역시,동구,2020,12,293359.1128
대전광역시,동구,2021,1,264704.3033
대전광역시,동구,2021,2,285151.1911
대전광역시,동구,2021,3,296756.1814
대전광역시,동구,2021,4,284045.9539
대전광역시,동구,2021,5,264151.6848
대전광역시,동구,2021,6,286256.4283
대전광역시,동구,2021,7,263322.7569
대전광역시,동구,2021,8,261112.2825
대전광역시,동구,2021,9,297308.8
대전광역시,동구,2021,10,271335.7264
대전광역시,동구,2021,11,276032.9844
대전광역시,동구,2021,12,294545.7071
대전광역시,서구,2010,1,0
대전광역시,서구,2010,2,0
대전광역시,서구,2010,3,0
대전광역시,서구,2010,4,0
대전광역시,서구,2010,5,0
대전광역시,서구,2010,6,0
대전광역시,서구,2010,7,0
대전광역시,서구,2010,8,0
대전광역시,서구,2010,9,0
대전광역시,서구,2010,10,0
대전광역시,서구,2010,11,0
대전광역시,서구,2010,12,0
대전광역시,서구,2011,1,0
대전광역시,서구,2011,2,0
대전광역시,서구,2011,3,0
대전광역시,서구,2011,4,0
대전광역시,서구,2011,5,0
대전광역시,서구,2011,6,0
대전광역시,서구,2011,7,0
대전광역시,서구,2011,8,0
대전광역시,서구,2011,9,0
대전광역시,서구,2011,10,0
대전광역시,서구,2011,11,0
대전광역시,서구,2011,12,0
대전광역시,서구,2012,1,0
대전광역시,서구,2012,2,0
대전광역시,서구,2012,3,0
대전광역시,서구,2012,4,0
대전광역시,서구,2012,5,0
대전광역시,서구,2012,6,0
대전광역시,서구,2012,7,0
대전광역시,서구,2012,8,0
대전광역시,서구,2012,9,0
대전광역시,서구,2012,10,0
대전광역시,서구,2012,11,0
대전광역시,서구,2012,12,0
대전광역시,서구,2013,1,0
대전광역시,서구,2013,2,0
대전광역시,서구,2013,3,0
대전광역시,서구,2013,4,0
대전광역시,서구,2013,5,0
대전광역시,서구,2013,6,0
대전광역시,서구,2013,7,0
대전광역시,서구,2013,8,0
대전광역시,서구,2013,9,0
대전광역시,서구,2013,10,0
대전광역시,서구,2013,11,0
대전광역시,서구,2013,12,0
대전광역시,서구,2014,1,0
대전광역시,서구,2014,2,0
대전광역시,서구,2014,3,0
대전광역시,서구,2014,4,0
대전광역시,서구,2014,5,0
대전광역시,서구,2014,6,0
대전광역시,서구,2014,7,0
대전광역시,서구,2014,8,0
대전광역시,서구,2014,9,0
대전광역시,서구,2014,10,0
대전광역시,서구,2014,11,0
대전광역시,서구,2014,12,0
대전광역시,서구,2015,1,801714.3261
대전광역시,서구,2015,2,848614.9543
대전광역시,서구,2015,3,835028.093
대전광역시,서구,2015,4,863786.0545
대전광역시,서구,2015,5,864788.5107
대전광역시,서구,2015,6,916164.3896
대전광역시,서구,2015,7,949066.4334
대전광역시,서구,2015,8,937708.2469
대전광역시,서구,2015,9,969527.28
대전광역시,서구,2015,10,910060.1476
대전광역시,서구,2015,11,890986.6287
대전광역시,서구,2015,12,890207.9351
대전광역시,서구,2016,1,841657.3933
대전광역시,서구,2016,2,887550.7766
대전광역시,서구,2016,3,930392.4046
대전광역시,서구,2016,4,906212.4694
대전광역시,서구,2016,5,922156.8458
대전광역시,서구,2016,6,945793.3177
대전광역시,서구,2016,7,889632.659
대전광역시,서구,2016,8,934581.2523
대전광역시,서구,2016,9,911496.6046
대전광역시,서구,2016,10,892065.7023
대전광역시,서구,2016,11,987790.4874
대전광역시,서구,2016,12,856891.0869
대전광역시,서구,2017,1,953378.8802
대전광역시,서구,2017,2,943688.5215
대전광역시,서구,2017,3,943073.673
대전광역시,서구,2017,4,950408.5558
대전광역시,서구,2017,5,886230.4967
대전광역시,서구,2017,6,951837.429
대전광역시,서구,2017,7,954565.278
대전광역시,서구,2017,8,948148.3381
대전광역시,서구,2017,9,964151.7186
대전광역시,서구,2017,10,949871.6458
대전광역시,서구,2017,11,967702.2522
대전광역시,서구,2017,12,854466.2111
대전광역시,서구,2018,1,987960.0432
대전광역시,서구,2018,2,1001962.168
대전광역시,서구,2018,3,991307.7446
대전광역시,서구,2018,4,910361.2958
대전광역시,서구,2018,5,917182.8439
대전광역시,서구,2018,6,874924.1787
대전광역시,서구,2018,7,899900.942
대전광역시,서구,2018,8,932543.4562
대전광역시,서구,2018,9,976199.4228
대전광역시,서구,2018,10,956452.8364
대전광역시,서구,2018,11,976121.7949
대전광역시,서구,2018,12,955162.2733
대전광역시,서구,2019,1,926134.2526
대전광역시,서구,2019,2,913201.3372
대전광역시,서구,2019,3,995862.3637
대전광역시,서구,2019,4,1043645.398
대전광역시,서구,2019,5,1038851.3
대전광역시,서구,2019,6,952557.5368
대전광역시,서구,2019,7,1039966.207
대전광역시,서구,2019,8,1011508.218
대전광역시,서구,2019,9,998928.3566
대전광역시,서구,2019,10,1071090.68
대전광역시,서구,2019,11,984713.2986
대전광역시,서구,2019,12,966308.0504
대전광역시,서구,2020,1,1051683.126
대전광역시,서구,2020,2,903129.1955
대전광역시,서구,2020,3,981833.2648
대전광역시,서구,2020,4,950351.6371
대전광역시,서구,2020,5,866728.5634
대전광역시,서구,2020,6,980849.4639
대전광역시,서구,2020,7,996590.2778
대전광역시,서구,2020,8,1017250.096
대전광역시,서구,2020,9,969043.8535
대전광역시,서구,2020,10,1027088.105
대전광역시,서구,2020,11,1047747.923
대전광역시,서구,2020,12,1015282.494
대전광역시,서구,2021,1,949457.6948
대전광역시,서구,2021,2,1022797.851
대전광역시,서구,2021,3,1064423.345
대전광역시,서구,2021,4,1018833.518
대전광역시,서구,2021,5,947475.5285
대전광역시,서구,2021,6,1026762.184
대전광역시,서구,2021,7,944502.2789
대전광역시,서구,2021,8,936573.6134
대전광역시,서구,2021,9,1066405.511
대전광역시,서구,2021,10,973243.6914
대전광역시,서구,2021,11,990092.1056
대전광역시,서구,2021,12,1056494.679
대전광역시,소계,2010,1,0
대전광역시,소계,2010,2,0
대전광역시,소계,2010,3,0
대전광역시,소계,2010,4,0
대전광역시,소계,2010,5,0
대전광역시,소계,2010,6,0
대전광역시,소계,2010,7,0
대전광역시,소계,2010,8,0
대전광역시,소계,2010,9,0
대전광역시,소계,2010,10,0
대전광역시,소계,2010,11,0
대전광역시,소계,2010,12,0
대전광역시,소계,2011,1,0
대전광역시,소계,2011,2,0
대전광역시,소계,2011,3,0
대전광역시,소계,2011,4,0
대전광역시,소계,2011,5,0
대전광역시,소계,2011,6,0
대전광역시,소계,2011,7,0
대전광역시,소계,2011,8,0
대전광역시,소계,2011,9,0
대전광역시,소계,2011,10,0
대전광역시,소계,2011,11,0
대전광역시,소계,2011,12,0
대전광역시,소계,2012,1,0
대전광역시,소계,2012,2,0
대전광역시,소계,2012,3,0
대전광역시,소계,2012,4,0
대전광역시,소계,2012,5,0
대전광역시,소계,2012,6,0
대전광역시,소계,2012,7,0
대전광역시,소계,2012,8,0
대전광역시,소계,2012,9,0
대전광역시,소계,2012,10,0
대전광역시,소계,2012,11,0
대전광역시,소계,2012,12,0
대전광역시,소계,2013,1,0
대전광역시,소계,2013,2,0
대전광역시,소계,2013,3,0
대전광역시,소계,2013,4,0
대전광역시,소계,2013,5,0
대전광역시,소계,2013,6,0
대전광역시,소계,2013,7,0
대전광역시,소계,2013,8,0
대전광역시,소계,2013,9,0
대전광역시,소계,2013,10,0
대전광역시,소계,2013,11,0
대전광역시,소계,2013,12,0
대전광역시,소계,2014,1,0
대전광역시,소계,2014,2,0
대전광역시,소계,2014,3,0
대전광역시,소계,2014,4,0
대전광역시,소계,2014,5,0
대전광역시,소계,2014,6,0
대전광역시,소계,2014,7,0
대전광역시,소계,2014,8,0
대전광역시,소계,2014,9,0
대전광역시,소계,2014,10,0
대전광역시,소계,2014,11,0
대전광역시,소계,2014,12,0
대전광역시,소계,2015,1,2790294.837
대전광역시,소계,2015,2,2953528.269
대전광역시,소계,2015,3,2906240.416
대전광역시,소계,2015,4,3006329.923
대전광역시,소계,2015,5,3009818.882
대전광역시,소계,2015,6,3188628.023
대전광역시,소계,2015,7,3303140.636
대전광역시,소계,2015,8,3263609.487
대전광역시,소계,2015,9,3374352.778
대전광역시,소계,2015,10,3167382.755
대전광역시,소계,2015,11,3100999.083
대전광역시,소계,2015,12,3098288.91
대전광역시,소계,2016,1,2967778.254
대전광역시,소계,2016,2,3129603.465
대전광역시,소계,2016,3,3280667.845
대전광역시,소계,2016,4,3195406.684
대전광역시,소계,2016,5,3251628.341
대전광역시,소계,2016,6,3334973.189
대전광역시,소계,2016,7,3136944.416
대전광역시,소계,2016,8,3295438.191
대전광역시,소계,2016,9,3214039.137
대전광역시,소계,2016,10,3145523.599
대전광역시,소계,2016,11,3483059.914
대전광역시,소계,2016,12,3021493.965
대전광역시,소계,2017,1,3280656.124
대전광역시,소계,2017,2,3247310.793
대전광역시,소계,2017,3,3245195.048
대전광역시,소계,2017,4,3270434.99
대전광역시,소계,2017,5,3049592.944
대전광역시,소계,2017,6,3275351.862
대전광역시,소계,2017,7,3284738.618
대전광역시,소계,2017,8,3262657.393
대전광역시,소계,2017,9,3317726.358
대전광역시,소계,2017,10,3268587.438
대전광역시,소계,2017,11,3329944.04
대전광역시,소계,2017,12,2940289.392
대전광역시,소계,2018,1,3397563.103
대전광역시,소계,2018,2,3445715.964
대전광역시,소계,2018,3,3409075.741
대전광역시,소계,2018,4,3130703.483
대전광역시,소계,2018,5,3154162.57
대전광역시,소계,2018,6,3008836.367
대전광역시,소계,2018,7,3094730.66
대전광역시,소계,2018,8,3206987.226
대전광역시,소계,2018,9,3357118.704
대전광역시,소계,2018,10,3289210.823
대전광역시,소계,2018,11,3356851.744
대전광역시,소계,2018,12,3284772.617
대전광역시,소계,2019,1,3154958.239
대전광역시,소계,2019,2,3110901.118
대전광역시,소계,2019,3,3392493.216
대전광역시,소계,2019,4,3555270.349
대전광역시,소계,2019,5,3538938.83
대전광역시,소계,2019,6,3244971.493
대전광역시,소계,2019,7,3542736.858
대전광역시,소계,2019,8,3445792.203
대전광역시,소계,2019,9,3402937.792
대전광역시,소계,2019,10,3648765.129
대전광역시,소계,2019,11,3354512.94
대전광역시,소계,2019,12,3291813.834
대전광역시,소계,2020,1,3670356.456
대전광역시,소계,2020,2,3151905.731
대전광역시,소계,2020,3,3426581.612
대전광역시,소계,2020,4,3316711.259
대전광역시,소계,2020,5,3024868.136
대전광역시,소계,2020,6,3423148.163
대전광역시,소계,2020,7,3478083.339
대전광역시,소계,2020,8,3550185.758
대전광역시,소계,2020,9,3381946.781
대전광역시,소계,2020,10,3584520.243
대전광역시,소계,2020,11,3656622.662
대전광역시,소계,2020,12,3543318.861
대전광역시,소계,2021,1,3363493.681
대전광역시,소계,2021,2,3623304.258
대전광역시,소계,2021,3,3770764.315
대전광역시,소계,2021,4,3609260.443
대전광역시,소계,2021,5,3356471.774
대전광역시,소계,2021,6,3637348.073
대전광역시,소계,2021,7,3345938.912
대전광역시,소계,2021,8,3317851.283
대전광역시,소계,2021,9,3777786.222
대전광역시,소계,2021,10,3447756.571
대전광역시,소계,2021,11,3507442.784
대전광역시,소계,2021,12,3742676.685
대전광역시,유성구,2010,1,0
대전광역시,유성구,2010,2,0
대전광역시,유성구,2010,3,0
대전광역시,유성구,2010,4,0
대전광역시,유성구,2010,5,0
대전광역시,유성구,2010,6,0
대전광역시,유성구,2010,7,0
대전광역시,유성구,2010,8,0
대전광역시,유성구,2010,9,0
대전광역시,유성구,2010,10,0
대전광역시,유성구,2010,11,0
대전광역시,유성구,2010,12,0
대전광역시,유성구,2011,1,0
대전광역시,유성구,2011,2,0
대전광역시,유성구,2011,3,0
대전광역시,유성구,2011,4,0
대전광역시,유성구,2011,5,0
대전광역시,유성구,2011,6,0
대전광역시,유성구,2011,7,0
대전광역시,유성구,2011,8,0
대전광역시,유성구,2011,9,0
대전광역시,유성구,2011,10,0
대전광역시,유성구,2011,11,0
대전광역시,유성구,2011,12,0
대전광역시,유성구,2012,1,0
대전광역시,유성구,2012,2,0
대전광역시,유성구,2012,3,0
대전광역시,유성구,2012,4,0
대전광역시,유성구,2012,5,0
대전광역시,유성구,2012,6,0
대전광역시,유성구,2012,7,0
대전광역시,유성구,2012,8,0
대전광역시,유성구,2012,9,0
대전광역시,유성구,2012,10,0
대전광역시,유성구,2012,11,0
대전광역시,유성구,2012,12,0
대전광역시,유성구,2013,1,0
대전광역시,유성구,2013,2,0
대전광역시,유성구,2013,3,0
대전광역시,유성구,2013,4,0
대전광역시,유성구,2013,5,0
대전광역시,유성구,2013,6,0
대전광역시,유성구,2013,7,0
대전광역시,유성구,2013,8,0
대전광역시,유성구,2013,9,0
대전광역시,유성구,2013,10,0
대전광역시,유성구,2013,11,0
대전광역시,유성구,2013,12,0
대전광역시,유성구,2014,1,0
대전광역시,유성구,2014,2,0
대전광역시,유성구,2014,3,0
대전광역시,유성구,2014,4,0
대전광역시,유성구,2014,5,0
대전광역시,유성구,2014,6,0
대전광역시,유성구,2014,7,0
대전광역시,유성구,2014,8,0
대전광역시,유성구,2014,9,0
대전광역시,유성구,2014,10,0
대전광역시,유성구,2014,11,0
대전광역시,유성구,2014,12,0
대전광역시,유성구,2015,1,860282.9701
대전광역시,유성구,2015,2,910609.8888
대전광역시,유성구,2015,3,896030.4494
대전광역시,유성구,2015,4,926889.3024
대전광역시,유성구,2015,5,927964.9923
대전광역시,유성구,2015,6,983094.0979
대전광역시,유성구,2015,7,1018399.776
대전광역시,유성구,2015,8,1006211.826
대전광역시,유성구,2015,9,1040355.374
대전광역시,유성구,2015,10,976543.9149
대전광역시,유성구,2015,11,956076.9944
대전광역시,유성구,2015,12,955241.4139
대전광역시,유성구,2016,1,927864.0217
대전광역시,유성구,2016,2,978458.0277
대전광역시,유성구,2016,3,1025687.703
대전광역시,유성구,2016,4,999031.1415
대전광역시,유성구,2016,5,1016608.618
대전광역시,유성구,2016,6,1042666.052
대전광역시,유성구,2016,7,980753.1466
대전광역시,유성구,2016,8,1030305.593
대전광역시,유성구,2016,9,1004856.503
대전광역시,유성구,2016,10,983435.3939
대전광역시,유성구,2016,11,1088964.775
대전광역시,유성구,2016,12,944658.0241
대전광역시,유성구,2017,1,1029216.747
대전광역시,유성구,2017,2,1018755.555
대전광역시,유성구,2017,3,1018091.798
대전광역시,유성구,2017,4,1026010.144
대전광역시,유성구,2017,5,956726.9508
대전광역시,유성구,2017,6,1027552.679
대전광역시,유성구,2017,7,1030497.519
대전광역시,유성구,2017,8,1023570.134
대전광역시,유성구,2017,9,1040846.526
대전광역시,유성구,2017,10,1025430.525
대전광역시,유성구,2017,11,1044679.492
대전광역시,유성구,2017,12,922435.9303
대전광역시,유성구,2018,1,1094943.914
대전광역시,유성구,2018,2,1110462.296
대전광역시,유성구,2018,3,1098654.13
대전광역시,유성구,2018,4,1008942.18
대전광역시,유성구,2018,5,1016502.418
대전광역시,유성구,2018,6,969667.6611
대전광역시,유성구,2018,7,997349.0993
대전광역시,유성구,2018,8,1033526.395
대전광역시,유성구,2018,9,1081909.763
대전광역시,유성구,2018,10,1060024.865
대전광역시,유성구,2018,11,1081823.729
대전광역시,유성구,2018,12,1058594.55
대전광역시,유성구,2019,1,1013041.585
대전광역시,유성구,2019,2,998895.0606
대전광역시,유성구,2019,3,1089312.899
대전광역시,유성구,2019,4,1141579.837
대전광역시,유성구,2019,5,1136335.866
대전광역시,유성구,2019,6,1041944.399
대전광역시,유성구,2019,7,1137555.394
대전광역시,유성구,2019,8,1106426.942
대전광역시,유성구,2019,9,1092666.601
대전광역시,유성구,2019,10,1171600.551
대전광역시,유성구,2019,11,1077117.619
대전광역시,유성구,2019,12,1056985.244
대전광역시,유성구,2020,1,1249402.523
대전광역시,유성구,2020,2,1072920.034
대전광역시,유성구,2020,3,1166420.691
대전광역시,유성구,2020,4,1129020.428
대전광역시,유성구,2020,5,1029675.98
대전광역시,유성구,2020,6,1165251.932
대전광역시,유성구,2020,7,1183952.064
대전광역시,유성구,2020,8,1208495.986
대전광역시,유성구,2020,9,1151226.834
대전광역시,유성구,2020,10,1220183.568
대전광역시,유성구,2020,11,1244727.49
대전광역시,유성구,2020,12,1206158.47
대전광역시,유성구,2021,1,1153544.222
대전광역시,유성구,2021,2,1242648.89
대전광역시,유성구,2021,3,1293221.81
대전광역시,유성구,2021,4,1237832.422
대전광역시,유성구,2021,5,1151135.987
대전광역시,유성구,2021,6,1247465.359
대전광역시,유성구,2021,7,1147523.636
대전광역시,유성구,2021,8,1137890.699
대전광역시,유성구,2021,9,1295630.044
대전광역시,유성구,2021,10,1182443.033
대전광역시,유성구,2021,11,1202913.025
대전광역시,유성구,2021,12,1283588.873
대전광역시,중구,2010,1,0
대전광역시,중구,2010,2,0
대전광역시,중구,2010,3,0
대전광역시,중구,2010,4,0
대전광역시,중구,2010,5,0
대전광역시,중구,2010,6,0
대전광역시,중구,2010,7,0
대전광역시,중구,2010,8,0
대전광역시,중구,2010,9,0
대전광역시,중구,2010,10,0
대전광역시,중구,2010,11,0
대전광역시,중구,2010,12,0
대전광역시,중구,2011,1,0
대전광역시,중구,2011,2,0
대전광역시,중구,2011,3,0
대전광역시,중구,2011,4,0
대전광역시,중구,2011,5,0
대전광역시,중구,2011,6,0
대전광역시,중구,2011,7,0
대전광역시,중구,2011,8,0
대전광역시,중구,2011,9,0
대전광역시,중구,2011,10,0
대전광역시,중구,2011,11,0
대전광역시,중구,2011,12,0
대전광역시,중구,2012,1,0
대전광역시,중구,2012,2,0
대전광역시,중구,2012,3,0
대전광역시,중구,2012,4,0
대전광역시,중구,2012,5,0
대전광역시,중구,2012,6,0
대전광역시,중구,2012,7,0
대전광역시,중구,2012,8,0
대전광역시,중구,2012,9,0
대전광역시,중구,2012,10,0
대전광역시,중구,2012,11,0
대전광역시,중구,2012,12,0
대전광역시,중구,2013,1,0
대전광역시,중구,2013,2,0
대전광역시,중구,2013,3,0
대전광역시,중구,2013,4,0
대전광역시,중구,2013,5,0
대전광역시,중구,2013,6,0
대전광역시,중구,2013,7,0
대전광역시,중구,2013,8,0
대전광역시,중구,2013,9,0
대전광역시,중구,2013,10,0
대전광역시,중구,2013,11,0
대전광역시,중구,2013,12,0
대전광역시,중구,2014,1,0
대전광역시,중구,2014,2,0
대전광역시,중구,2014,3,0
대전광역시,중구,2014,4,0
대전광역시,중구,2014,5,0
대전광역시,중구,2014,6,0
대전광역시,중구,2014,7,0
대전광역시,중구,2014,8,0
대전광역시,중구,2014,9,0
대전광역시,중구,2014,10,0
대전광역시,중구,2014,11,0
대전광역시,중구,2014,12,0
대전광역시,중구,2015,1,323268.659
대전광역시,중구,2015,2,342180.0126
대전광역시,중구,2015,3,336701.4945
대전광역시,중구,2015,4,348297.3303
대전광역시,중구,2015,5,348701.5424
대전광역시,중구,2015,6,369417.4146
대전광역시,중구,2015,7,382684.2345
대전광역시,중구,2015,8,378104.3666
대전광역시,중구,2015,9,390934.493
대전광역시,중구,2015,10,366956.0514
대전광역시,중구,2015,11,359265.1936
대전광역시,중구,2015,12,358951.2074
대전광역시,중구,2016,1,350286.9119
대전광역시,중구,2016,2,369387.144
대전광역시,중구,2016,3,387217.2749
대전광역시,중구,2016,4,377153.8989
대전광역시,중구,2016,5,383789.742
대전광역시,중구,2016,6,393626.9356
대전광역시,중구,2016,7,370253.5965
대전광역시,중구,2016,8,388960.6191
대전광역시,중구,2016,9,379353.0876
대전광역시,중구,2016,10,371266.1976
대전광역시,중구,2016,11,411105.614
대전광역시,중구,2016,12,356626.978
대전광역시,중구,2017,1,389917.9241
대전광역시,중구,2017,2,385954.7101
대전광역시,중구,2017,3,385703.2461
대전광역시,중구,2017,4,388703.1052
대전광역시,중구,2017,5,362455.224
대전광역시,중구,2017,6,389287.4933
대전광역시,중구,2017,7,390403.1433
대전광역시,중구,2017,8,387778.7094
대전광역시,중구,2017,9,394323.8564
대전광역시,중구,2017,10,388483.5169
대전광역시,중구,2017,11,395775.9723
대전광역시,중구,2017,12,349464.0989
대전광역시,중구,2018,1,415559.4145
대전광역시,중구,2018,2,421449.0401
대전광역시,중구,2018,3,416967.537
대전광역시,중구,2018,4,382919.5418
대전광역시,중구,2018,5,385788.8466
대전광역시,중구,2018,6,368013.8503
대전광역시,중구,2018,7,378519.669
대전광역시,중구,2018,8,392249.8843
대전광역시,중구,2018,9,410612.6187
대전광역시,중구,2018,10,402306.7364
대전광역시,중구,2018,11,410579.9666
대전광역시,중구,2018,12,401763.8949
대전광역시,중구,2019,1,385355.2848
대전광역시,중구,2019,2,379974.0269
대전광역시,중구,2019,3,414368.4609
대전광역시,중구,2019,4,434250.5081
대전광역시,중구,2019,5,432255.7314
대전광역시,중구,2019,6,396349.7516
대전광역시,중구,2019,7,432719.633
대전광역시,중구,2019,8,420878.5459
대전광역시,중구,2019,9,415644.1901
대전광역시,중구,2019,10,445670.2179
대전광역시,중구,2019,11,409729.4454
대전광역시,중구,2019,12,402071.204
대전광역시,중구,2020,1,419217.6755
대전광역시,중구,2020,2,360001.7082
대전광역시,중구,2020,3,391374.4061
대전광역시,중구,2020,4,378825.3269
대전광역시,중구,2020,5,345491.8354
대전광역시,중구,2020,6,390982.2474
대전광역시,중구,2020,7,397256.787
대전광역시,중구,2020,8,405492.1201
대전광역시,중구,2020,9,386276.3427
대전광역시,중구,2020,10,409413.7074
대전광역시,중구,2020,11,417649.0406
대전광역시,중구,2020,12,404707.8027
대전광역시,중구,2021,1,397774.3417
대전광역시,중구,2021,2,428500.1259
대전광역시,중구,2021,3,445939.0845
대전광역시,중구,2021,4,426839.2727
대전광역시,중구,2021,5,396943.9151
대전광역시,중구,2021,6,430160.9791
대전광역시,중구,2021,7,395698.2752
대전광역시,중구,2021,8,392376.5688
대전광역시,중구,2021,9,446769.5111
대전광역시,중구,2021,10,407739.4609
대전광역시,중구,2021,11,414798.087
대전광역시,중구,2021,12,442617.3781
부산광역시,강서구,2010,1,788351.2028
부산광역시,강서구,2010,2,771547.9659
부산광역시,강서구,2010,3,774698.0781
부산광역시,강서구,2010,4,799906.8908
부산광역시,강서구,2010,5,844879.0961
부산광역시,강서구,2010,6,817952.7599
부산광역시,강서구,2010,7,809198.9304
부산광역시,강서구,2010,8,809586.7583
부산광역시,강서구,2010,9,801466.1172
부산광역시,강서구,2010,10,816227.3215
부산광역시,강서구,2010,11,797477.0304
부산광역시,강서구,2010,12,825938.8484
부산광역시,강서구,2011,1,797393.9576
부산광역시,강서구,2011,2,783757.8295
부산광역시,강서구,2011,3,800366.0329
부산광역시,강서구,2011,4,795854.0222
부산광역시,강서구,2011,5,791488.3053
부산광역시,강서구,2011,6,803214.9134
부산광역시,강서구,2011,7,822487.2052
부산광역시,강서구,2011,8,790117.7627
부산광역시,강서구,2011,9,793382.4258
부산광역시,강서구,2011,10,799888.6529
부산광역시,강서구,2011,11,808058.0103
부산광역시,강서구,2011,12,758656.8822
부산광역시,강서구,2012,1,895326.6436
부산광역시,강서구,2012,2,904639.3554
부산광역시,강서구,2012,3,860755.8346
부산광역시,강서구,2012,4,893244.9786
부산광역시,강서구,2012,5,878015.9557
부산광역시,강서구,2012,6,898933.7392
부산광역시,강서구,2012,7,852842.1365
부산광역시,강서구,2012,8,867826.7533
부산광역시,강서구,2012,9,871282.1487
부산광역시,강서구,2012,10,850836.3216
부산광역시,강서구,2012,11,835725.2879
부산광역시,강서구,2012,12,854451.845
부산광역시,강서구,2013,1,875374.3871
부산광역시,강서구,2013,2,891611.1361
부산광역시,강서구,2013,3,889120.3191
부산광역시,강서구,2013,4,871144.2201
부산광역시,강서구,2013,5,848389.1299
부산광역시,강서구,2013,6,842149.4224
부산광역시,강서구,2013,7,856477.9523
부산광역시,강서구,2013,8,864093.9417
부산광역시,강서구,2013,9,898847.1703
부산광역시,강서구,2013,10,874209.1914
부산광역시,강서구,2013,11,875298.3961
부산광역시,강서구,2013,12,868678.7335
부산광역시,강서구,2014,1,976360.9145
부산광역시,강서구,2014,2,1000188.416
부산광역시,강서구,2014,3,989818.778
부산광역시,강서구,2014,4,977513.0965
부산광역시,강서구,2014,5,979486.9165
부산광역시,강서구,2014,6,992793.6742
부산광역시,강서구,2014,7,1030126.26
부산광역시,강서구,2014,8,1017820.578
부산광역시,강서구,2014,9,1009301.987
부산광역시,강서구,2014,10,1030031.819
부산광역시,강서구,2014,11,1001992.242
부산광역시,강서구,2014,12,1037974.319
부산광역시,강서구,2015,1,1048027.457
부산광역시,강서구,2015,2,1080835.947
부산광역시,강서구,2015,3,1076485.441
부산광역시,강서구,2015,4,1075274.865
부산광역시,강서구,2015,5,1054591.046
부산광역시,강서구,2015,6,1060606.094
부산광역시,강서구,2015,7,1101680.546
부산광역시,강서구,2015,8,1107355.119
부산광역시,강서구,2015,9,1079256.524
부산광역시,강서구,2015,10,1066100.972
부산광역시,강서구,2015,11,1093055.195
부산광역시,강서구,2015,12,1110551.795
부산광역시,강서구,2016,1,1091047.174
부산광역시,강서구,2016,2,1091002.094
부산광역시,강서구,2016,3,1096384.616
부산광역시,강서구,2016,4,1097159.988
부산광역시,강서구,2016,5,1098900.067
부산광역시,강서구,2016,6,1060077.385
부산광역시,강서구,2016,7,1061934.671
부산광역시,강서구,2016,8,1085980.21
부산광역시,강서구,2016,9,1045399.418
부산광역시,강서구,2016,10,1016268.884
부산광역시,강서구,2016,11,1045255.163
부산광역시,강서구,2016,12,1044218.329
부산광역시,강서구,2017,1,1079474.891
부산광역시,강서구,2017,2,1053303.507
부산광역시,강서구,2017,3,1054291.978
부산광역시,강서구,2017,4,1036527.216
부산광역시,강서구,2017,5,1036905.976
부산광역시,강서구,2017,6,1050218
부산광역시,강서구,2017,7,1050716.854
부산광역시,강서구,2017,8,1037312.45
부산광역시,강서구,2017,9,1041451.095
부산광역시,강서구,2017,10,999510.3665
부산광역시,강서구,2017,11,1037543.401
부산광역시,강서구,2017,12,991861.2646
부산광역시,강서구,2018,1,1086264.787
부산광역시,강서구,2018,2,1080841.799
부산광역시,강서구,2018,3,1040269.81
부산광역시,강서구,2018,4,1080771.501
부산광역시,강서구,2018,5,1161353.094
부산광역시,강서구,2018,6,1117185.865
부산광역시,강서구,2018,7,1104060.224
부산광역시,강서구,2018,8,1099531.024
부산광역시,강서구,2018,9,1093836.886
부산광역시,강서구,2018,10,1104251.033
부산광역시,강서구,2018,11,1101971.369
부산광역시,강서구,2018,12,1056970.606
부산광역시,강서구,2019,1,1195975.575
부산광역시,강서구,2019,2,1161330.176
부산광역시,강서구,2019,3,1160920.105
부산광역시,강서구,2019,4,1177300.751
부산광역시,강서구,2019,5,1180536.982
부산광역시,강서구,2019,6,1178663.958
부산광역시,강서구,2019,7,1162970.457
부산광역시,강서구,2019,8,1171327.025
부산광역시,강서구,2019,9,1187186.771
부산광역시,강서구,2019,10,1172745.646
부산광역시,강서구,2019,11,1168101.877
부산광역시,강서구,2019,12,1218961.677
부산광역시,강서구,2020,1,1114482.451
부산광역시,강서구,2020,2,1096369.447
부산광역시,강서구,2020,3,1128333.571
부산광역시,강서구,2020,4,1054816.086
부산광역시,강서구,2020,5,955727.3023
부산광역시,강서구,2020,6,1070798.148
부산광역시,강서구,2020,7,1094238.506
부산광역시,강서구,2020,8,1054816.086
부산광역시,강서구,2020,9,966382.0102
부산광역시,강서구,2020,10,1059077.969
부산광역시,강서구,2020,11,1105958.684
부산광역시,강서구,2020,12,1085714.739
부산광역시,강서구,2021,1,998871.1852
부산광역시,강서구,2021,2,1062052.796
부산광역시,강서구,2021,3,1030963.432
부산광역시,강서구,2021,4,1056035.5
부산광역시,강서구,2021,5,1074087.389
부산광역시,강서구,2021,6,1084116.216
부산광역시,강서구,2021,7,1113199.815
부산광역시,강서구,2021,8,1035977.846
부산광역시,강서구,2021,9,1049015.321
부산광역시,강서구,2021,10,1073084.506
부산광역시,강서구,2021,11,1067067.21
부산광역시,강서구,2021,12,1190421.784
부산광역시,금정구,2010,1,322642.6248
부산광역시,금정구,2010,2,315765.6892
부산광역시,금정구,2010,3,317054.9121
부산광역시,금정구,2010,4,327371.9351
부산광역시,금정구,2010,5,345777.3746
부산광역시,금정구,2010,6,334757.4336
부산광역시,금정구,2010,7,331174.819
부산광역시,금정구,2010,8,331333.5424
부산광역시,금정구,2010,9,328010.0681
부산광역시,금정구,2010,10,334051.2763
부산광역시,금정구,2010,11,326377.4843
부산광역시,금정구,2010,12,338025.8405
부산광역시,금정구,2011,1,319026.5565
부산광역시,금정구,2011,2,313570.9257
부산광역시,금정구,2011,3,320215.6437
부산광역시,금정구,2011,4,318410.4491
부산광역시,금정구,2011,5,316663.7847
부산광역시,금정구,2011,6,321355.4423
부산광역시,금정구,2011,7,329066.026
부산광역시,금정구,2011,8,316115.4492
부산광역시,금정구,2011,9,317421.5968
부산광역시,금정구,2011,10,320024.6504
부산광역시,금정구,2011,11,323293.1
부산광역시,금정구,2011,12,303528.3756
부산광역시,금정구,2012,1,340026.9194
부산광역시,금정구,2012,2,343563.6987
부산광역시,금정구,2012,3,326897.6266
부산광역시,금정구,2012,4,339236.3452
부산광역시,금정구,2012,5,333452.6709
부산광역시,금정구,2012,6,341396.8213
부산광역시,금정구,2012,7,323892.1644
부산광역시,금정구,2012,8,329583.0183
부산광역시,금정구,2012,9,330895.3074
부산광역시,금정구,2012,10,323130.3966
부산광역시,금정구,2012,11,317391.5321
부산광역시,금정구,2012,12,324503.4991
부산광역시,금정구,2013,1,343815.2637
부산광역시,금정구,2013,2,350192.4689
부산광역시,금정구,2013,3,349214.1665
부산광역시,금정구,2013,4,342153.8077
부산광역시,금정구,2013,5,333216.4348
부산광역시,금정구,2013,6,330765.7044
부산광역시,금정구,2013,7,336393.4305
부산광역시,금정구,2013,8,339384.7145
부산광역시,금정구,2013,9,353034.5204
부산광역시,금정구,2013,10,343357.6172
부산광역시,금정구,2013,11,343785.4172
부산광역시,금정구,2013,12,341185.4542
부산광역시,금정구,2014,1,368777.4696
부산광역시,금정구,2014,2,377777.2622
부산광역시,금정구,2014,3,373860.5867
부산광역시,금정구,2014,4,369212.6558
부산광역시,금정구,2014,5,369958.1796
부산광역시,금정구,2014,6,374984.2231
부산광역시,금정구,2014,7,389084.9683
부산광역시,금정구,2014,8,384437.0374
부산광역시,금정구,2014,9,381219.5134
부산광역시,금정구,2014,10,389049.2973
부산광역시,금정구,2014,11,378458.5783
부산광역시,금정구,2014,12,392049.2282
부산광역시,금정구,2015,1,350504.4146
부산광역시,금정구,2015,2,361476.9522
부산광역시,금정구,2015,3,360021.9602
부산광역시,금정구,2015,4,359617.0929
부산광역시,금정구,2015,5,352699.5547
부산광역시,금정구,2015,6,354711.2393
부산광역시,금정구,2015,7,368448.2618
부산광역시,금정구,2015,8,370346.0775
부산광역시,금정구,2015,9,360948.7269
부산광역시,금정구,2015,10,356548.9575
부산광역시,금정구,2015,11,365563.582
부산광역시,금정구,2015,12,371415.1803
부산광역시,금정구,2016,1,360339.2728
부산광역시,금정구,2016,2,360324.3844
부산광역시,금정구,2016,3,362102.0657
부산광역시,금정구,2016,4,362358.1471
부산광역시,금정구,2016,5,362932.8414
부산광역시,금정구,2016,6,350110.9056
부산광역시,금정구,2016,7,350724.3099
부산광역시,금정구,2016,8,358665.8107
부산광역시,금정구,2016,9,345263.2253
부산광역시,금정구,2016,10,335642.307
부산광역시,금정구,2016,11,345215.5823
부산광역시,금정구,2016,12,344873.1479
부산광역시,금정구,2017,1,383657.3075
부산광역시,금정구,2017,2,374355.7084
부산광역시,금정구,2017,3,374707.0219
부산광역시,금정구,2017,4,368393.2291
부산광역시,금정구,2017,5,368527.8445
부산광역시,금정구,2017,6,373259.085
부산광역시,금정구,2017,7,373436.3834
부산광역시,금정구,2017,8,368672.3099
부산광역시,금정구,2017,9,370143.2299
부산광역시,금정구,2017,10,355237.0316
부산광역시,금정구,2017,11,368754.3925
부산광역시,금정구,2017,12,352518.4563
부산광역시,금정구,2018,1,351709.9205
부산광역시,금정구,2018,2,349954.0697
부산광역시,금정구,2018,3,336817.7045
부산광역시,금정구,2018,4,349931.3087
부산광역시,금정구,2018,5,376021.9509
부산광역시,금정구,2018,6,361721.5216
부산광역시,금정구,2018,7,357471.7124
부산광역시,금정구,2018,8,356005.2518
부산광역시,금정구,2018,9,354161.6085
부산광역시,금정구,2018,10,357533.4923
부산광역시,금정구,2018,11,356795.3846
부산광역시,금정구,2018,12,342225.0746
부산광역시,금정구,2019,1,365104.7591
부산광역시,금정구,2019,2,354528.2889
부산광역시,금정구,2019,3,354403.1036
부산광역시,금정구,2019,4,359403.7507
부산광역시,금정구,2019,5,360391.7
부산광역시,금정구,2019,6,359819.9074
부산광역시,금정구,2019,7,355029.0303
부산광역시,금정구,2019,8,357580.1047
부산광역시,금정구,2019,9,362421.7326
부산광역시,금정구,2019,10,358013.1783
부산광역시,금정구,2019,11,356595.5389
부산광역시,금정구,2019,12,372121.9054
부산광역시,금정구,2020,1,348603.1856
부산광역시,금정구,2020,2,342937.5506
부산광역시,금정구,2020,3,352935.7299
부산광역시,금정구,2020,4,329939.9175
부산광역시,금정구,2020,5,298945.5616
부산광역시,금정구,2020,6,334939.0072
부산광역시,금정구,2020,7,342271.0053
부산광역시,금정구,2020,8,329939.9175
부산광역시,금정구,2020,9,302278.2881
부산광역시,금정구,2020,10,331273.0081
부산광역시,금정구,2020,11,345937.0044
부산광역시,금정구,2020,12,339604.8242
부산광역시,금정구,2021,1,327764.782
부산광역시,금정구,2021,2,348496.8917
부산광역시,금정구,2021,3,338295.3774
부산광역시,금정구,2021,4,346522.4051
부산광역시,금정구,2021,5,352445.865
부산광역시,금정구,2021,6,355736.676
부산광역시,금정구,2021,7,365280.0281
부산광역시,금정구,2021,8,339940.7829
부산광역시,금정구,2021,9,344218.8373
부산광역시,금정구,2021,10,352116.7839
부산광역시,금정구,2021,11,350142.2972
부산광역시,금정구,2021,12,390619.2733
부산광역시,기장군,2010,1,302534.2315
부산광역시,기장군,2010,2,296085.8944
부산광역시,기장군,2010,3,297294.7678
부산광역시,기장군,2010,4,306968.7922
부산광역시,기장군,2010,5,324227.1302
부산광역시,기장군,2010,6,313893.9965
부산광역시,기장군,2010,7,310534.6649
부산광역시,기장군,2010,8,310683.4961
부산광역시,기장군,2010,9,307567.1541
부산광역시,기장군,2010,10,313231.8497
부산광역시,기장군,2010,11,306036.3195
부산광역시,기장군,2010,12,316958.7031
부산광역시,기장군,2011,1,307692.2219
부산광역시,기장군,2011,2,302430.4181
부산광역시,기장군,2011,3,308839.0633
부산광역시,기장군,2011,4,307098.0035
부산광역시,기장군,2011,5,305413.3943
부산광역시,기장군,2011,6,309938.3673
부산광역시,기장군,2011,7,317375.0104
부산광역시,기장군,2011,8,304884.54
부산광역시,기장군,2011,9,306144.283
부산광역시,기장군,2011,10,308654.8556
부산광역시,기장군,2011,11,311807.1842
부산광역시,기장군,2011,12,292744.6584
부산광역시,기장군,2012,1,336866.7158
부산광역시,기장군,2012,2,340370.6244
부산광역시,기장군,2012,3,323859.4464
부산광역시,기장군,2012,4,336083.4892
부산광역시,기장군,2012,5,330353.5683
부산광역시,기장군,2012,6,338223.8858
부산광역시,기장군,2012,7,320881.9169
부산광역시,기장군,2012,8,326519.8801
부산광역시,기장군,2012,9,327819.9729
부산광역시,기장군,2012,10,320127.2289
부산광역시,기장군,2012,11,314441.7014
부산광역시,기장군,2012,12,321487.5699
부산광역시,기장군,2013,1,353646.6328
부산광역시,기장군,2013,2,360206.1937
부산광역시,기장군,2013,3,359199.9168
부산광역시,기장군,2013,4,351937.6676
부산광역시,기장군,2013,5,342744.7313
부산광역시,기장군,2013,6,340223.9224
부산광역시,기장군,2013,7,346012.5729
부산광역시,기장군,2013,8,349089.3924
부산광역시,기장군,2013,9,363129.5133
부산광역시,기장군,2013,10,353175.8999
부산광역시,기장군,2013,11,353615.9328
부산광역시,기장군,2013,12,350941.6241
부산광역시,기장군,2014,1,416355.7542
부산광역시,기장군,2014,2,426516.6662
부산광역시,기장군,2014,3,422094.676
부산광역시,기장군,2014,4,416847.0865
부산광역시,기장군,2014,5,417688.795
부산광역시,기장군,2014,6,423363.2798
부산광역시,기장군,2014,7,439283.2501
부산광역시,기장군,2014,8,434035.6606
부산광역시,기장군,2014,9,430403.0238
부산광역시,기장군,2014,10,439242.977
부산광역시,기장군,2014,11,427285.8831
부산광역시,기장군,2014,12,442629.9477
부산광역시,기장군,2015,1,425400.9025
부산광역시,기장군,2015,2,438718.074
부산광역시,기장군,2015,3,436952.1764
부산광역시,기장군,2015,4,436460.7962
부산광역시,기장군,2015,5,428065.1046
부산광역시,기장군,2015,6,430506.65
부산광역시,기장군,2015,7,447179.0271
부산광역시,기장군,2015,8,449482.3718
부산광역시,기장군,2015,9,438076.9764
부산광역시,기장군,2015,10,432737.0555
부산광역시,기장군,2015,11,443677.943
부산광역시,기장군,2015,12,450779.9227
부산광역시,기장군,2016,1,451299.5725
부산광역시,기장군,2016,2,451280.9258
부산광역시,기장군,2016,3,453507.3465
부산광역시,기장군,2016,4,453828.0704
부산광역시,기장군,2016,5,454547.8345
부산광역시,기장군,2016,6,438489.2626
부산광역시,기장군,2016,7,439257.5083
부산광역시,기장군,2016,8,449203.679
부산광역시,기장군,2016,9,432417.8843
부산광역시,기장군,2016,10,420368.3614
부산광역시,기장군,2016,11,432358.2148
부산광역시,기장군,2016,12,431929.3398
부산광역시,기장군,2017,1,445693.937
부산광역시,기장군,2017,2,434888.2877
부산광역시,기장군,2017,3,435296.4079
부산광역시,기장군,2017,4,427961.6873
부산광역시,기장군,2017,5,428118.0698
부산광역시,기장군,2017,6,433614.3425
부산광역시,기장군,2017,7,433820.3097
부산광역시,기장군,2017,8,428285.8949
부산광역시,기장군,2017,9,429994.6597
부산광역시,기장군,2017,10,412678.1586
부산광역시,기장군,2017,11,428381.2501
부산광역시,기장군,2017,12,409519.995
부산광역시,기장군,2018,1,457651.4758
부산광역시,기장군,2018,2,455366.7302
부산광역시,기장군,2018,3,438273.448
부산광역시,기장군,2018,4,455337.1131
부산광역시,기장군,2018,5,489286.7409
부산광역시,기장군,2018,6,470678.757
부산광역시,기장군,2018,7,465148.8264
부산광역시,기장군,2018,8,463240.6406
부산광역시,기장군,2018,9,460841.6577
부산광역시,기장군,2018,10,465229.2156
부산광역시,기장군,2018,11,464268.7762
부산광역시,기장군,2018,12,445309.6184
부산광역시,기장군,2019,1,478896.4713
부산광역시,기장군,2019,2,465023.6467
부산광역시,기장군,2019,3,464859.445
부산광역시,기장군,2019,4,471418.6372
부산광역시,기장군,2019,5,472714.4992
부산광역시,기장군,2019,6,471964.4969
부산광역시,기장군,2019,7,465680.4535
부산광역시,기장군,2019,8,469026.6179
부산광역시,기장군,2019,9,475377.2295
부산광역시,기장군,2019,10,469594.667
부산광역시,기장군,2019,11,467735.1937
부산광역시,기장군,2019,12,488100.6421
부산광역시,기장군,2020,1,540977.3242
부산광역시,기장군,2020,2,532185.1497
부산광역시,기장군,2020,3,547700.7518
부산광역시,기장군,2020,4,512014.8671
부산광역시,기장군,2020,5,463916.5008
부산광역시,기장군,2020,6,519772.6681
부산광역시,기장군,2020,7,531150.7763
부산광역시,기장군,2020,8,512014.8671
부산광역시,기장군,2020,9,469088.3681
부산광역시,기장군,2020,10,514083.614
부산광역시,기장군,2020,11,536839.8303
부산광역시,기장군,2020,12,527013.2824
부산광역시,기장군,2021,1,516387.7103
부산광역시,기장군,2021,2,549050.7883
부산광역시,기장군,2021,3,532978.4801
부산광역시,기장군,2021,4,545940.019
부산광역시,기장군,2021,5,555272.327
부산광역시,기장군,2021,6,560456.9426
부산광역시,기장군,2021,7,575492.3277
부산광역시,기장군,2021,8,535570.7879
부산광역시,기장군,2021,9,542310.7881
부산광역시,기장군,2021,10,554753.8654
부산광역시,기장군,2021,11,551643.0961
부산광역시,기장군,2021,12,615413.8676
부산광역시,남구,2010,1,340633.0432
부산광역시,남구,2010,2,333372.6525
부산광역시,남구,2010,3,334733.762
부산광역시,남구,2010,4,345626.0579
부산광역시,남구,2010,5,365057.7771
부산광역시,남구,2010,6,353423.3687
부산광역시,남구,2010,7,349640.989
부산광역시,남구,2010,8,349808.5628
부산광역시,남구,2010,9,346299.7729
부산광역시,남구,2010,10,352677.8363
부산광역시,남구,2010,11,344576.1569
부산광역시,남구,2010,12,356874.0207
부산광역시,남구,2011,1,350900.6236
부산광역시,남구,2011,2,344899.9186
부산광역시,남구,2011,3,352208.5129
부산광역시,남구,2011,4,350222.9607
부산광역시,남구,2011,5,348301.7864
부산광역시,남구,2011,6,353462.1893
부산광역시,남구,2011,7,361943.1404
부산광역시,남구,2011,8,347698.6664
부산광역시,남구,2011,9,349135.3117
부산광역시,남구,2011,10,351998.4375
부산광역시,남구,2011,11,355593.4391
부산광역시,남구,2011,12,333854.0134
부산광역시,남구,2012,1,377230.2865
부산광역시,남구,2012,2,381154.0354
부산광역시,남구,2012,3,362664.4783
부산광역시,남구,2012,4,376353.2132
부산광역시,남구,2012,5,369936.7297
부산광역시,남구,2012,6,378750.0734
부산광역시,남구,2012,7,359330.1794
부산광역시,남구,2012,8,365643.6868
부산광역시,남구,2012,9,367099.5574
부산광역시,남구,2012,10,358485.0643
부산광역시,남구,2012,11,352118.2934
부산광역시,남구,2012,12,360008.4021
부산광역시,남구,2013,1,364437.8215
부산광역시,남구,2013,2,371197.5411
부산광역시,남구,2013,3,370160.5586
부산광역시,남구,2013,4,362676.7089
부산광역시,남구,2013,5,353203.2589
부산광역시,남구,2013,6,350605.5299
부산광역시,남구,2013,7,356570.8155
부산광역시,남구,2013,8,359741.5212
부산광역시,남구,2013,9,374210.063
부산광역시,남구,2013,10,363952.7246
부산광역시,남구,2013,11,364406.1847
부산광역시,남구,2013,12,361650.272
부산광역시,남구,2014,1,381103.2123
부산광역시,남구,2014,2,390403.8073
부산광역시,남구,2014,3,386356.2237
부산광역시,남구,2014,4,381552.9439
부산광역시,남구,2014,5,382323.3855
부산광역시,남구,2014,6,387517.4157
부산광역시,남구,2014,7,402089.4537
부산광역시,남구,2014,8,397286.1738
부산광역시,남구,2014,9,393961.1097
부산광역시,남구,2014,10,402052.5904
부산광역시,남구,2014,11,391107.8951
부산광역시,남구,2014,12,405152.7888
부산광역시,남구,2015,1,429929.8773
부산광역시,남구,2015,2,443388.8283
부산광역시,남구,2015,3,441604.1303
부산광역시,남구,2015,4,441107.5187
부산광역시,남구,2015,5,432622.4434
부산광역시,남구,2015,6,435089.9825
부산광역시,남구,2015,7,451939.8598
부산광역시,남구,2015,8,454267.7268
부산광역시,남구,2015,9,442740.9054
부산광역시,남구,2015,10,437344.1337
부산광역시,남구,2015,11,448401.502
부산광역시,남구,2015,12,455579.0919
부산광역시,남구,2016,1,463617.184
부산광역시,남구,2016,2,463598.0283
부산광역시,남구,2016,3,465885.2161
부산광역시,남구,2016,4,466214.6938
부산광역시,남구,2016,5,466954.1029
부산광역시,남구,2016,6,450457.234
부산광역시,남구,2016,7,451246.4479
부산광역시,남구,2016,8,461464.0859
부산광역시,남구,2016,9,444220.1456
부산광역시,남구,2016,10,431841.7473
부산광역시,남구,2016,11,444158.8475
부산광역시,남구,2016,12,443718.2669
부산광역시,남구,2017,1,509954.2518
부산광역시,남구,2017,2,497590.64
부산광역시,남구,2017,3,498057.6031
부산광역시,남구,2017,4,489665.3598
부산광역시,남구,2017,5,489844.2896
부산광역시,남구,2017,6,496133.0169
부산광역시,남구,2017,7,496368.6805
부산광역시,남구,2017,8,490036.3118
부산광역시,남구,2017,9,491991.447
부산광역시,남구,2017,10,472178.2464
부산광역시,남구,2017,11,490145.4153
부산광역시,남구,2017,12,468564.7376
부산광역시,남구,2018,1,485843.5521
부산광역시,남구,2018,2,483418.0624
부산광역시,남구,2018,3,465271.8062
부산광역시,남구,2018,4,483386.6209
부산광역시,남구,2018,5,519427.601
부산광역시,남구,2018,6,499673.335
부산광역시,남구,2018,7,493802.7516
부산광역시,남구,2018,8,491777.0185
부산광역시,남구,2018,9,489230.2544
부산광역시,남구,2018,10,493888.0929
부산광역시,남구,2018,11,492868.4889
부산광역시,남구,2018,12,472741.4161
부산광역시,남구,2019,1,496258.7349
부산광역시,남구,2019,2,481882.9548
부산광역시,남구,2019,3,481712.8
부산광역시,남구,2019,4,488509.794
부산광역시,남구,2019,5,489852.6371
부산광역시,남구,2019,6,489075.4437
부산광역시,남구,2019,7,482563.574
부산광역시,남구,2019,8,486031.0526
부산광역시,남구,2019,9,492611.904
부산광역시,남구,2019,10,486619.6962
부산광역시,남구,2019,11,484692.8082
부산광역시,남구,2019,12,505796.6005
부산광역시,남구,2020,1,557027.3797
부산광역시,남구,2020,2,547974.3535
부산광역시,남구,2020,3,563950.2821
부산광역시,남구,2020,4,527205.6462
부산광역시,남구,2020,5,477680.2673
부산광역시,남구,2020,6,535193.6105
부산광역시,남구,2020,7,546909.2916
부산광역시,남구,2020,8,527205.6462
부산광역시,남구,2020,9,483005.5769
부산광역시,남구,2020,10,529335.77
부산광역시,남구,2020,11,552767.1321
부산광역시,남구,2020,12,542649.0439
부산광역시,남구,2021,1,517550.9555
부산광역시,남구,2021,2,550287.6123
부산광역시,남구,2021,3,534179.0986
부산광역시,남구,2021,4,547169.8354
부산광역시,남구,2021,5,556523.166
부산광역시,남구,2021,6,561719.4607
부산광역시,남구,2021,7,576788.7154
부산광역시,남구,2021,8,536777.246
부산광역시,남구,2021,9,543532.4291
부산광역시,남구,2021,10,556003.5365
부산광역시,남구,2021,11,552885.7596
부산광역시,남구,2021,12,616800.1849
부산광역시,동구,2010,1,304003.3852
부산광역시,동구,2010,2,297523.7339
부산광역시,동구,2010,3,298738.4778
부산광역시,동구,2010,4,308459.4808
부산광역시,동구,2010,5,325801.628
부산광역시,동구,2010,6,315418.315
부산광역시,동구,2010,7,312042.67
부산광역시,동구,2010,8,312192.2239
부산광역시,동구,2010,9,309060.7485
부산광역시,동구,2010,10,314752.9527
부산광역시,동구,2010,11,307522.4799
부산광역시,동구,2010,12,318497.9043
부산광역시,동구,2011,1,298600.3595
부산광역시,동구,2011,2,293494.0344
부산광역시,동구,2011,3,299713.3135
부산광역시,동구,2011,4,298023.6994
부산광역시,동구,2011,5,296388.8681
부산광역시,동구,2011,6,300780.1346
부산광역시,동구,2011,7,307997.0356
부산광역시,동구,2011,8,295875.6406
부산광역시,동구,2011,9,297098.16
부산광역시,동구,2011,10,299534.5488
부산광역시,동구,2011,11,302593.7306
부산광역시,동구,2011,12,284094.475
부산광역시,동구,2012,1,331080.8241
부산광역시,동구,2012,2,334524.5508
부산광역시,동구,2012,3,318296.9624
부산광역시,동구,2012,4,330311.0499
부산광역시,동구,2012,5,324679.5438
부산광역시,동구,2012,6,332414.6838
부산광역시,동구,2012,7,315370.5738
부산광역시,동구,2012,8,320911.7016
부산광역시,동구,2012,9,322189.4644
부산광역시,동구,2012,10,314628.8481
부산광역시,동구,2012,11,309040.9729
부산광역시,동구,2012,12,315965.8243
부산광역시,동구,2013,1,381231.399
부산광역시,동구,2013,2,388302.6118
부산광역시,동구,2013,3,387217.8443
부산광역시,동구,2013,4,379389.133
부산광역시,동구,2013,5,369479.1391
부산광역시,동구,2013,6,366761.7047
부산광역시,동구,2013,7,373001.8753
부산광역시,동구,2013,8,376318.6896
부산광역시,동구,2013,9,391453.9531
부산광역시,동구,2013,10,380723.9485
부산광역시,동구,2013,11,381198.3044
부산광역시,동구,2013,12,378315.3971
부산광역시,동구,2014,1,249861.6731
부산광역시,동구,2014,2,255959.3971
부산광역시,동구,2014,3,253305.6908
부산광역시,동구,2014,4,250156.5293
부산광역시,동구,2014,5,250661.6519
부산광역시,동구,2014,6,254067
부산광역시,동구,2014,7,263620.826
부산광역시,동구,2014,8,260471.6645
부산광역시,동구,2014,9,258291.6617
부산광역시,동구,2014,10,263596.6574
부산광역시,동구,2014,11,256421.0163
부산광역시,동구,2014,12,265629.2321
부산광역시,동구,2015,1,340064.4476
부산광역시,동구,2015,2,350710.1622
부산광역시,동구,2015,3,349298.5079
부산광역시,동구,2015,4,348905.6998
부산광역시,동구,2015,5,342194.2043
부산광역시,동구,2015,6,344145.9698
부산광역시,동구,2015,7,357473.8275
부산광역시,동구,2015,8,359315.1157
부산광역시,동구,2015,9,350197.6703
부산광역시,동구,2015,10,345928.9505
부산광역시,동구,2015,11,354675.0695
부산광역시,동구,2015,12,360352.3747
부산광역시,동구,2016,1,349095.9073
부산광역시,동구,2016,2,349081.4834
부산광역시,동구,2016,3,350803.6972
부산광역시,동구,2016,4,351051.7883
부산광역시,동구,2016,5,351608.5509
부산광역시,동구,2016,6,339186.6873
부산광역시,동구,2016,7,339780.952
부산광역시,동구,2016,8,347474.6608
부산광역시,동구,2016,9,334490.2651
부산광역시,동구,2016,10,325169.5403
부산광역시,동구,2016,11,334444.1086
부산광역시,동구,2016,12,334112.3589
부산광역시,동구,2017,1,382938.7609
부산광역시,동구,2017,2,373654.5827
부산광역시,동구,2017,3,374005.2382
부산광역시,동구,2017,4,367703.2704
부산광역시,동구,2017,5,367837.6337
부산광역시,동구,2017,6,372560.0131
부산광역시,동구,2017,7,372736.9794
부산광역시,동구,2017,8,367981.8285
부산광역시,동구,2017,9,369449.9936
부산광역시,동구,2017,10,354571.713
부산광역시,동구,2017,11,368063.7574
부산광역시,동구,2017,12,351858.2292
부산광역시,동구,2018,1,348324.1009
부산광역시,동구,2018,2,346585.1532
부산광역시,동구,2018,3,333575.2484
부산광역시,동구,2018,4,346562.6113
부산광역시,동구,2018,5,372402.0857
부산광역시,동구,2018,6,358239.323
부산광역시,동구,2018,7,354030.4255
부산광역시,동구,2018,8,352578.0822
부산광역시,동구,2018,9,350752.1871
부산광역시,동구,2018,10,354091.6107
부산광역시,동구,2018,11,353360.6086
부산광역시,동구,2018,12,338930.5632
부산광역시,동구,2019,1,360762.6703
부산광역시,동구,2019,2,350311.9831
부산광역시,동구,2019,3,350188.2866
부산광역시,동구,2019,4,355129.4624
부산광역시,동구,2019,5,356105.6623
부산광역시,동구,2019,6,355540.6699
부산광역시,동구,2019,7,350806.7693
부산광역시,동구,2019,8,353327.5045
부산광역시,동구,2019,9,358111.5523
부산광역시,동구,2019,10,353755.4277
부산광역시,동구,2019,11,352354.6478
부산광역시,동구,2019,12,367696.3636
부산광역시,동구,2020,1,308162.5298
부산광역시,동구,2020,2,303154.1522
부산광역시,동구,2020,3,311992.4656
부산광역시,동구,2020,4,291664.3446
부산광역시,동구,2020,5,264265.5729
부산광역시,동구,2020,6,296083.5014
부산광역시,동구,2020,7,302564.9313
부산광역시,동구,2020,8,291664.3446
부산광역시,동구,2020,9,267211.6774
부산광역시,동구,2020,10,292842.7864
부산광역시,동구,2020,11,305805.6462
부산광역시,동구,2020,12,300208.0477
부산광역시,동구,2021,1,270955.4262
부산광역시,동구,2021,2,288094.173
부산광역시,동구,2021,3,279660.8214
부산광역시,동구,2021,4,286461.9114
부산광역시,동구,2021,5,291358.6962
부산광역시,동구,2021,6,294079.1322
부산광역시,동구,2021,7,301968.3966
부산광역시,동구,2021,8,281021.0394
부산광역시,동구,2021,9,284557.6062
부산광역시,동구,2021,10,291086.6526
부산광역시,동구,2021,11,289454.391
부산광역시,동구,2021,12,322915.7539
부산광역시,동래구,2010,1,257507.2055
부산광역시,동래구,2010,2,252018.5927
부산광역시,동래구,2010,3,253047.546
부산광역시,동래구,2010,4,261281.758
부산광역시,동래구,2010,5,275971.4887
부산광역시,동래구,2010,6,267176.2645
부산광역시,동래구,2010,7,264316.9118
부산광역시,동래구,2010,8,264443.5919
부산광역시,동래구,2010,9,261791.064
부산광역시,동래구,2010,10,266612.6669
부산광역시,동래구,2010,11,260488.0678
부산광역시,동래구,2010,12,269784.8422
부산광역시,동래구,2011,1,274123.7273
부산광역시,동래구,2011,2,269435.9739
부산광역시,동래구,2011,3,275145.4511
부산광역시,동래구,2011,4,273594.3367
부산광역시,동래구,2011,5,272093.5145
부산광역시,동래구,2011,6,276124.8236
부산광역시,동래구,2011,7,282750.1465
부산광역시,동래구,2011,8,271622.3569
부산광역시,동래구,2011,9,272744.6649
부산광역시,동래구,2011,10,274981.34
부산광역시,동래구,2011,11,277789.7569
부산광역시,동래구,2011,12,260806.9077
부산광역시,동래구,2012,1,293742.0955
부산광역시,동래구,2012,2,296797.4446
부산광역시,동래구,2012,3,282399.9759
부산광역시,동래구,2012,4,293059.1351
부산광역시,동래구,2012,5,288062.7406
부산광역시,동래구,2012,6,294925.5248
부산광역시,동래구,2012,7,279803.6204
부산광역시,동래구,2012,8,284719.8292
부산광역시,동래구,2012,9,285853.4882
부산광역시,동래구,2012,10,279145.5452
부산광역시,동래구,2012,11,274187.861
부산광역시,동래구,2012,12,280331.7395
부산광역시,동래구,2013,1,299854.3711
부산광역시,동래구,2013,2,305416.1744
부산광역시,동래구,2013,3,304562.9597
부산광역시,동래구,2013,4,298405.3522
부산광역시,동래구,2013,5,290610.7293
부산광역시,동래구,2013,6,288473.354
부산광역시,동래구,2013,7,293381.508
부산광역시,동래구,2013,8,295990.3206
부산광역시,동래구,2013,9,307894.8356
부산광역시,동래구,2013,10,299455.2402
부산광역시,동래구,2013,11,299828.3408
부산광역시,동래구,2013,12,297560.8142
부산광역시,동래구,2014,1,276499.6202
부산광역시,동래구,2014,2,283247.4273
부산광역시,동래구,2014,3,280310.8074
부산광역시,동래구,2014,4,276825.9114
부산광역시,동래구,2014,5,277384.8855
부산광역시,동래구,2014,6,281153.2803
부산광역시,동래구,2014,7,291725.6471
부산광역시,동래구,2014,8,288240.7511
부산광역시,동래구,2014,9,285828.3365
부산광역시,동래구,2014,10,291698.902
부산광역시,동래구,2014,11,283758.2602
부산광역시,동래구,2014,12,293948.171
부산광역시,동래구,2015,1,295365.4671
부산광역시,동래구,2015,2,304611.8804
부산광역시,동래구,2015,3,303385.7778
부산광역시,동래구,2015,4,303044.6014
부산광역시,동래구,2015,5,297215.2828
부산광역시,동래구,2015,6,298910.503
부산광역시,동래구,2015,7,310486.5115
부산광역시,동래구,2015,8,312085.7758
부산광역시,동래구,2015,9,304166.7519
부산광역시,동래구,2015,10,300459.124
부산광역시,동래구,2015,11,308055.6297
부산광역시,동래구,2015,12,312986.6947
부산광역시,동래구,2016,1,315063.4984
부산광역시,동래구,2016,2,315050.4806
부산광역시,동래구,2016,3,316604.8005
부산광역시,동래구,2016,4,316828.7058
부산광역시,동래구,2016,5,317331.1911
부산광역시,동래구,2016,6,306120.3012
부산광역시,동래구,2016,7,306656.6327
부산광역시,동래구,2016,8,313600.3028
부산광역시,동래구,2016,9,301881.7204
부산광역시,동래구,2016,10,293469.6476
부산광역시,동래구,2016,11,301840.0636
부산광역시,동래구,2016,12,301540.6553
부산광역시,동래구,2017,1,326130.034
부산광역시,동래구,2017,2,318223.1578
부산광역시,동래구,2017,3,318521.7938
부산광역시,동래구,2017,4,313154.719
부산광역시,동래구,2017,5,313269.1497
부산광역시,동래구,2017,6,317290.967
부산광역시,동래구,2017,7,317441.6805
부산광역시,동래구,2017,8,313391.9532
부산광역시,동래구,2017,9,314642.317
부산광역시,동래구,2017,10,301971.22
부산광역시,동래구,2017,11,313461.728
부산광역시,동래구,2017,12,299660.2799
부산광역시,동래구,2018,1,318963.6161
부산광역시,동래구,2018,2,317371.2456
부산광역시,동래구,2018,3,305457.9548
부산광역시,동래구,2018,4,317350.6038
부산광역시,동래구,2018,5,341012.0506
부산광역시,동래구,2018,6,328043.0771
부산광역시,동래구,2018,7,324188.9506
부산광역시,동래구,2018,8,322859.0263
부산광역시,동래구,2018,9,321187.0372
부산광역시,동래구,2018,10,324244.9785
부산광역시,동래구,2018,11,323575.5931
부산광역시,동래구,2018,12,310361.8663
부산광역시,동래구,2019,1,324697.918
부산광역시,동래구,2019,2,315291.966
부산광역시,동래구,2019,3,315180.6351
부산광역시,동래구,2019,4,319627.8511
부산광역시,동래구,2019,5,320506.4621
부산광역시,동래구,2019,6,319997.9509
부산광역시,동래구,2019,7,315737.2894
부산광역시,동래구,2019,8,318006.0315
부산광역시,동래구,2019,9,322311.8272
부산광역시,동래구,2019,10,318391.176
부산광역시,동래구,2019,11,317130.4294
부산광역시,동래구,2019,12,330938.4633
부산광역시,동래구,2020,1,321392.9786
부산광역시,동래구,2020,2,316169.5745
부산광역시,동래구,2020,3,325387.3464
부산광역시,동래구,2020,4,304186.4711
부산광역시,동래구,2020,5,275611.3784
부산광역시,동래구,2020,6,308795.3571
부산광역시,동래구,2020,7,315555.0564
부산광역시,동래구,2020,8,304186.4711
부산광역시,동래구,2020,9,278683.969
부산광역시,동래구,2020,10,305415.5074
부산광역시,동래구,2020,11,318934.9061
부산광역시,동래구,2020,12,313096.9839
부산광역시,동래구,2021,1,305353.0699
부산광역시,동래구,2021,2,324667.5713
부산광역시,동래구,2021,3,315163.6103
부산광역시,동래구,2021,4,322828.0949
부산광역시,동래구,2021,5,328346.5239
부산광역시,동래구,2021,6,331412.3178
부산광역시,동래구,2021,7,340303.12
부산광역시,동래구,2021,8,316696.5072
부산광역시,동래구,2021,9,320682.0392
부산광역시,동래구,2021,10,328039.9445
부산광역시,동래구,2021,11,326200.4682
부산광역시,동래구,2021,12,363909.7328
부산광역시,부산진구,2010,1,497077.4624
부산광역시,부산진구,2010,2,486482.5521
부산광역시,부산진구,2010,3,488468.7858
부산광역시,부산진구,2010,4,504363.6467
부산광역시,부산진구,2010,5,532719.8788
부산광역시,부산진구,2010,6,515742.0714
부산광역시,부산진구,2010,7,510222.5373
부산광역시,부산진구,2010,8,510467.0736
부산광역시,부산진구,2010,9,505346.7825
부산광역시,부산진구,2010,10,514654.1343
부산광역시,부산진구,2010,11,502831.5518
부산광역시,부산진구,2010,12,520777.5234
부산광역시,부산진구,2011,1,555532.4401
부산광역시,부산진구,2011,2,546032.3536
부산광역시,부산진구,2011,3,557603.0405
부산광역시,부산진구,2011,4,554459.5901
부산광역시,부산진구,2011,5,551418.0604
부산광역시,부산진구,2011,6,559587.8129
부산광역시,부산진구,2011,7,573014.5302
부산광역시,부산진구,2011,8,550463.224
부산광역시,부산진구,2011,9,552737.6659
부산광역시,부산진구,2011,10,557270.457
부산광역시,부산진구,2011,11,562961.9261
부산광역시,부산진구,2011,12,528544.8992
부산광역시,부산진구,2012,1,544094.9226
부산광역시,부산진구,2012,2,549754.3088
부산광역시,부산진구,2012,3,523086.052
부산광역시,부산진구,2012,4,542829.8833
부산광역시,부산진구,2012,5,533575.1224
부산광역시,부산진구,2012,6,546286.9744
부산광역시,부산진구,2012,7,518276.8541
부산광역시,부산진구,2012,8,527383.0881
부산광역시,부산진구,2012,9,529482.9509
부산광역시,부산진구,2012,10,517057.9094
부산광역시,부산진구,2012,11,507874.8511
부산광역시,부산진구,2012,12,519255.0829
부산광역시,부산진구,2013,1,567413.1239
부산광역시,부산진구,2013,2,577937.7001
부산광역시,부산진구,2013,3,576323.1655
부산광역시,부산진구,2013,4,564671.1516
부산광역시,부산진구,2013,5,549921.4205
부산광역시,부산진구,2013,6,545876.8746
부산광역시,부산진구,2013,7,555164.5531
부산광역시,부산진구,2013,8,560101.1978
부산광역시,부산진구,2013,9,582628.0598
부산광역시,부산진구,2013,10,566657.8501
부산광역시,부산진구,2013,11,567363.8669
부산광역시,부산진구,2013,12,563073.036
부산광역시,부산진구,2014,1,580751.0915
부산광역시,부산진구,2014,2,594923.9729
부산광역시,부산진구,2014,3,588755.9888
부산광역시,부산진구,2014,4,581436.423
부산광역시,부산진구,2014,5,582610.4747
부산광역시,부산진구,2014,6,590525.4925
부산광역시,부산진구,2014,7,612731.3587
부산광역시,부산진구,2014,8,605411.7929
부산광역시,부산진구,2014,9,600344.8333
부산광역시,부산진구,2014,10,612675.184
부산광역시,부산진구,2014,11,595996.9101
부산광역시,부산진구,2014,12,617399.4778
부산광역시,부산진구,2015,1,581325.1744
부산광역시,부산진구,2015,2,599523.5539
부산광역시,부산진구,2015,3,597110.3932
부산광역시,부산진구,2015,4,596438.905
부산광역시,부산진구,2015,5,584965.8995
부산광역시,부산진구,2015,6,588302.3565
부산광역시,부산진구,2015,7,611085.7414
부산광역시,부산진구,2015,8,614233.3424
부산광역시,부산진구,2015,9,598647.4716
부산광역시,부산진구,2015,10,591350.2834
부산광역시,부산진구,2015,11,606301.388
부산광역시,부산진구,2015,12,616006.4909
부산광역시,부산진구,2016,1,648430.4939
부산광역시,부산진구,2016,2,648403.7022
부산광역시,부산진구,2016,3,651602.6395
부산광역시,부산진구,2016,4,652063.458
부산광역시,부산진구,2016,5,653097.6203
부산광역시,부산진구,2016,6,630024.5479
부산광역시,부산진구,2016,7,631128.3688
부산광역시,부산진구,2016,8,645419.099
부산광역시,부산진구,2016,9,621301.1476
부산광역시,부산진구,2016,10,603988.3058
부산광역시,부산진구,2016,11,621215.4139
부산광역시,부산진구,2016,12,620599.2032
부산광역시,부산진구,2017,1,681913.1875
부산광역시,부산진구,2017,2,665380.5086
부산광역시,부산진구,2017,3,666004.9339
부산광역시,부산진구,2017,4,654782.7872
부산광역시,부산진구,2017,5,655022.0529
부산광역시,부산진구,2017,6,663431.3682
부산광역시,부산진구,2017,7,663746.4987
부산광역시,부산진구,2017,8,655278.8259
부산광역시,부산진구,2017,9,657893.2418
부산광역시,부산진구,2017,10,631398.9382
부산광역시,부산진구,2017,11,655424.7197
부산광역시,부산진구,2017,12,626566.9374
부산광역시,부산진구,2018,1,681585.9925
부산광역시,부산진구,2018,2,678183.2926
부산광역시,부산진구,2018,3,652726.0564
부산광역시,부산진구,2018,4,678139.1835
부산광역시,부산진구,2018,5,728700.7833
부산광역시,부산진구,2018,6,700987.6831
부산광역시,부산진구,2018,7,692751.8891
부산광역시,부산진구,2018,8,689910.0046
부산광역시,부산진구,2018,9,686337.1697
부산광역시,부산진구,2018,10,692871.6138
부산광역시,부산진구,2018,11,691441.2196
부산광역시,부산진구,2018,12,663205.1118
부산광역시,부산진구,2019,1,720228.3487
부산광역시,부산진구,2019,2,699364.546
부산광역시,부산진구,2019,3,699117.5976
부산광역시,부산진구,2019,4,708982.1851
부산광역시,부산진구,2019,5,710931.0751
부산광역시,부산진구,2019,6,709803.1216
부산광역시,부산진구,2019,7,700352.3396
부산광역시,부산진구,2019,8,705384.7475
부산광역시,부산진구,2019,9,714935.6438
부산광역시,부산진구,2019,10,706239.0555
부산광역시,부산진구,2019,11,703442.5317
부산광역시,부산진구,2019,12,734070.8077
부산광역시,부산진구,2020,1,711334.3875
부산광역시,부산진구,2020,2,699773.5035
부산광역시,부산진구,2020,3,720175.0634
부산광역시,부산진구,2020,4,673251.4757
부산광역시,부산진구,2020,5,610006.6401
부산광역시,부산진구,2020,6,683452.2556
부산광역시,부산진구,2020,7,698413.3996
부산광역시,부산진구,2020,8,673251.4757
부산광역시,부산진구,2020,9,616807.1601
부산광역시,부산진구,2020,10,675971.6837
부산광역시,부산진구,2020,11,705893.9715
부산광역시,부산진구,2020,12,692972.9836
부산광역시,부산진구,2021,1,650939.7768
부산광역시,부산진구,2021,2,692113.6784
부산광역시,부산진구,2021,3,671853.5046
부산광역시,부산진구,2021,4,688192.3544
부산광역시,부산진구,2021,5,699956.3263
부산광역시,부산진구,2021,6,706491.8662
부산광역시,부산진구,2021,7,725444.932
부산광역시,부산진구,2021,8,675121.2746
부산광역시,부산진구,2021,9,683617.4765
부산광역시,부산진구,2021,10,699302.7723
부산광역시,부산진구,2021,11,695381.4484
부산광역시,부산진구,2021,12,775768.5895
부산광역시,북구,2010,1,236554.0714
부산광역시,북구,2010,2,231512.0621
부산광역시,북구,2010,3,232457.2904
부산광역시,북구,2010,4,240021.4918
부산광역시,북구,2010,5,253515.9321
부산광역시,북구,2010,6,245436.3676
부산광역시,북구,2010,7,242809.6778
부산광역시,북구,2010,8,242926.0502
부산광역시,북구,2010,9,240489.3561
부산광역시,북구,2010,10,244918.6294
부산광역시,북구,2010,11,239292.3835
부산광역시,북구,2010,12,247832.6876
부산광역시,북구,2011,1,273241.9266
부산광역시,북구,2011,2,268569.2527
부산광역시,북구,2011,3,274260.3637
부산광역시,북구,2011,4,272714.239
부산광역시,북구,2011,5,271218.2446
부산광역시,북구,2011,6,275236.5858
부산광역시,북구,2011,7,281840.5964
부산광역시,북구,2011,8,270748.6026
부산광역시,북구,2011,9,271867.3003
부산광역시,북구,2011,10,274096.7805
부산광역시,북구,2011,11,276896.1634
부산광역시,북구,2011,12,259967.9445
부산광역시,북구,2012,1,278892.1162
부산광역시,북구,2012,2,281793.0038
부산광역시,북구,2012,3,268123.3916
부산광역시,북구,2012,4,278243.6826
부산광역시,북구,2012,5,273499.8782
부산광역시,북구,2012,6,280015.7179
부산광역시,북구,2012,7,265658.2935
부산광역시,북구,2012,8,270325.966
부산광역시,북구,2012,9,271402.3134
부산광역시,북구,2012,10,265033.487
부산광역시,북구,2012,11,260326.4359
부산광역시,북구,2012,12,266159.7139
부산광역시,북구,2013,1,257969.7666
부산광역시,북구,2013,2,262754.6796
부산광역시,북구,2013,3,262020.6446
부산광역시,북구,2013,4,256723.1512
부산광역시,북구,2013,5,250017.3058
부산광역시,북구,2013,6,248178.4858
부산광역시,북구,2013,7,252401.0534
부산광역시,북구,2013,8,254645.4588
부산광역시,북구,2013,9,264887.1136
부산광역시,북구,2013,10,257626.3875
부산광역시,북구,2013,11,257947.3723
부산광역시,북구,2013,12,255996.5809
부산광역시,북구,2014,1,294205.3399
부산광역시,북구,2014,2,301385.2445
부산광역시,북구,2014,3,298260.5773
부산광역시,북구,2014,4,294552.5252
부산광역시,북구,2014,5,295147.2933
부산광역시,북구,2014,6,299156.9982
부산광역시,북구,2014,7,310406.3691
부산광역시,북구,2014,8,306698.3169
부산광역시,북구,2014,9,304131.4228
부산광역시,북구,2014,10,310377.9113
부산광역시,북구,2014,11,301928.7886
부산광역시,북구,2014,12,312771.2128
부산광역시,북구,2015,1,231086.856
부산광역시,북구,2015,2,238321.028
부산광역시,북구,2015,3,237361.7547
부산광역시,북구,2015,4,237094.8264
부산광역시,북구,2015,5,232534.1074
부산광역시,북구,2015,6,233860.4071
부산광역시,북구,2015,7,242917.1984
부산광역시,북구,2015,8,244168.4244
부산광역시,북구,2015,9,237972.7701
부산광역시,북구,2015,10,235072.011
부산광역시,북구,2015,11,241015.3348
부산광역시,북구,2015,12,244873.2818
부산광역시,북구,2016,1,247095.4272
부산광역시,북구,2016,2,247085.2178
부산광역시,북구,2016,3,248304.227
부산광역시,북구,2016,4,248479.8297
부산광역시,북구,2016,5,248873.9148
부산광역시,북구,2016,6,240081.5296
부산광역시,북구,2016,7,240502.1593
부산광역시,북구,2016,8,245947.8841
부산광역시,북구,2016,9,236757.3301
부산광역시,북구,2016,10,230159.9783
부산광역시,북구,2016,11,236724.6598
부산광역시,북구,2016,12,236489.8423
부산광역시,북구,2017,1,249885.1411
부산광역시,북구,2017,2,243826.7881
부산광역시,북구,2017,3,244055.607
부산광역시,북구,2017,4,239943.2833
부산광역시,북구,2017,5,240030.9616
부산광역시,북구,2017,6,243112.5312
부산광역시,북구,2017,7,243228.0098
부산광역시,북구,2017,8,240125.0553
부산광역시,북구,2017,9,241083.1005
부산광역시,북구,2017,10,231374.3386
부산광역시,북구,2017,11,240178.5177
부산광역시,북구,2017,12,229603.6657
부산광역시,북구,2018,1,243718.8508
부산광역시,북구,2018,2,242502.1267
부산광역시,북구,2018,3,233399.2278
부산광역시,북구,2018,4,242486.3543
부산광역시,북구,2018,5,260565.9732
부산광역시,북구,2018,6,250656.4314
부산광역시,북구,2018,7,247711.5084
부산광역시,북구,2018,8,246695.3185
부산광역시,북구,2018,9,245417.7581
부산광역시,북구,2018,10,247754.3191
부산광역시,북구,2018,11,247242.8443
부산광역시,북구,2018,12,237146.2874
부산광역시,북구,2019,1,245427.597
부산광역시,북구,2019,2,238317.9727
부산광역시,북구,2019,3,238233.8217
부산광역시,북구,2019,4,241595.3139
부산광역시,북구,2019,5,242259.4247
부산광역시,북구,2019,6,241875.0592
부산광역시,북구,2019,7,238654.5768
부산광역시,북구,2019,8,240369.4382
부산광역시,북구,2019,9,243624.0359
부산광역시,북구,2019,10,240660.5552
부산광역시,북구,2019,11,239707.6018
부산광역시,북구,2019,12,250144.603
부산광역시,북구,2020,1,243048.0057
부산광역시,북구,2020,2,239097.8947
부산광역시,북구,2020,3,246068.6788
부산광역시,북구,2020,4,230035.8753
부산광역시,북구,2020,5,208426.4446
부산광역시,북구,2020,6,233521.2674
부산광역시,북구,2020,7,238633.1757
부산광역시,북구,2020,8,230035.8753
부산광역시,북구,2020,9,210750.0393
부산광역시,북구,2020,10,230965.3132
부산광역시,북구,2020,11,241189.1299
부산광역시,북구,2020,12,236774.3
부산광역시,북구,2021,1,234918.3282
부산광역시,북구,2021,2,249777.62
부산광역시,북구,2021,3,242465.905
부산광역시,북구,2021,4,248362.4494
부산광역시,북구,2021,5,252607.9613
부산광역시,북구,2021,6,254966.5791
부산광역시,북구,2021,7,261806.5706
부산광역시,북구,2021,8,243645.2139
부산광역시,북구,2021,9,246711.4169
부산광역시,북구,2021,10,252372.0995
부산광역시,북구,2021,11,250956.9289
부산광역시,북구,2021,12,279967.9273
부산광역시,사상구,2010,1,577132.5835
부산광역시,사상구,2010,2,564831.3459
부산광역시,사상구,2010,3,567137.4658
부산광역시,사상구,2010,4,585592.2194
부산광역시,사상구,2010,5,618515.2681
부산광역시,사상구,2010,6,598803.1576
부산광역시,사상구,2010,7,592394.6938
부산광역시,사상구,2010,8,592678.613
부산광역시,사상구,2010,9,586733.6908
부산광역시,사상구,2010,10,597540.0065
부산광역시,사상구,2010,11,583813.3782
부산광역시,사상구,2010,12,604649.5772
부산광역시,사상구,2011,1,669965.6935
부산광역시,사상구,2011,2,658508.6992
부산광역시,사상구,2011,3,672462.8137
부산광역시,사상구,2011,4,668671.8489
부산광역시,사상구,2011,5,665003.7993
부산광역시,사상구,2011,6,674856.4263
부산광역시,사상구,2011,7,691048.892
부산광역시,사상구,2011,8,663852.2776
부산광역시,사상구,2011,9,666595.2283
부산광역시,사상구,2011,10,672061.7219
부산광역시,사상구,2011,11,678925.5677
부산광역시,사상구,2011,12,637419.0316
부산광역시,사상구,2012,1,591758.6029
부산광역시,사상구,2012,2,597913.7613
부산광역시,사상구,2012,3,568909.3179
부산광역시,사상구,2012,4,590382.744
부산광역시,사상구,2012,5,580317.2496
부산광역시,사상구,2012,6,594142.6824
부산광역시,사상구,2012,7,563678.8258
부산광역시,사상구,2012,8,573582.7821
부산광역시,사상구,2012,9,575866.5966
부산광역시,사상구,2012,10,562353.0994
부산광역시,사상구,2012,11,552365.5889
부산광역시,사상구,2012,12,564742.7491
부산광역시,사상구,2013,1,595167.0977
부산광역시,사상구,2013,2,606206.4642
부산광역시,사상구,2013,3,604512.9577
부산광역시,사상구,2013,4,592291.0068
부산광역시,사상구,2013,5,576819.8197
부산광역시,사상구,2013,6,572577.4422
부산광역시,사상구,2013,7,582319.4105
부산광역시,사상구,2013,8,587497.5221
부산광역시,사상구,2013,9,611126.2443
부산광역시,사상구,2013,10,594374.881
부산광역시,사상구,2013,11,595115.4314
부산광역시,사상구,2013,12,590614.7224
부산광역시,사상구,2014,1,554311.1176
부산광역시,사상구,2014,2,567838.7474
부산광역시,사상구,2014,3,561951.5744
부산광역시,사상구,2014,4,554965.2479
부산광역시,사상구,2014,5,556085.8482
부산광역시,사상구,2014,6,563640.5174
부산광역시,사상구,2014,7,584835.4126
부산광역시,사상구,2014,8,577849.0862
부산광역시,사상구,2014,9,573012.8111
부산광역시,사상구,2014,10,584781.7954
부산광역시,사상구,2014,11,568862.8367
부산광역시,사상구,2014,12,589291.0053
부산광역시,사상구,2015,1,573643.4169
부산광역시,사상구,2015,2,591601.3191
부산광역시,사상구,2015,3,589220.0464
부산광역시,사상구,2015,4,588557.4314
부산광역시,사상구,2015,5,577236.0327
부산광역시,사상구,2015,6,580528.401
부산광역시,사상구,2015,7,603010.7213
부산광역시,사상구,2015,8,606116.7292
부산광역시,사상구,2015,9,590736.8136
부산광역시,사상구,2015,10,583536.052
부산광역시,사상구,2015,11,598289.5894
부산광역시,사상구,2015,12,607866.447
부산광역시,사상구,2016,1,580249.716
부산광역시,사상구,2016,2,580225.7413
부산광역시,사상구,2016,3,583088.3187
부산광역시,사상구,2016,4,583500.6833
부산광역시,사상구,2016,5,584426.1061
부산광역시,사상구,2016,6,563779.1073
부산광역시,사상구,2016,7,564766.8643
부산광역시,사상구,2016,8,577554.9614
부산광역시,사상구,2016,9,555972.9497
부산광역시,사상구,2016,10,540480.5082
부산광역시,사상구,2016,11,555896.2308
부산광역시,사상구,2016,12,555344.813
부산광역시,사상구,2017,1,567213.239
부산광역시,사상구,2017,2,553461.4088
부산광역시,사상구,2017,3,553980.8038
부산광역시,사상구,2017,4,544646.2576
부산광역시,사상구,2017,5,544845.278
부산광역시,사상구,2017,6,551840.12
부산광역시,사상구,2017,7,552102.2445
부산광역시,사상구,2017,8,545058.861
부산광역시,사상구,2017,9,547233.5239
부산광역시,사상구,2017,10,525195.6457
부산광역시,사상구,2017,11,545180.215
부산광역시,사상구,2017,12,521176.4027
부산광역시,사상구,2018,1,533520.5785
부산광역시,사상구,2018,2,530857.0695
부산광역시,사상구,2018,3,510930.0764
부산광역시,사상구,2018,4,530822.5425
부산광역시,사상구,2018,5,570400.313
부산광역시,사상구,2018,6,548707.5121
부산광역시,사상구,2018,7,542260.8339
부산광역시,사상구,2018,8,540036.3106
부산광역시,사상구,2018,9,537239.6262
부산광역시,사상구,2018,10,542354.5499
부산광역시,사상구,2018,11,541234.8897
부산광역시,사상구,2018,12,519132.6976
부산광역시,사상구,2019,1,528686.6643
부산광역시,사상구,2019,2,513371.5016
부산광역시,사상구,2019,3,513190.2281
부산광역시,사상구,2019,4,520431.3703
부산광역시,사상구,2019,5,521861.9613
부산광역시,사상구,2019,6,521033.9822
부산광역시,사상구,2019,7,514096.5957
부산광역시,사상구,2019,8,517790.6561
부산광역시,사상구,2019,9,524801.5318
부산광역시,사상구,2019,10,518417.7644
부산광역시,사상구,2019,11,516364.9643
부산광역시,사상구,2019,12,538847.7798
부산광역시,사상구,2020,1,511998.2171
부산광역시,사상구,2020,2,503677.0224
부산광역시,사상구,2020,3,518361.4837
부산광역시,사상구,2020,4,484587.2227
부산광역시,사상구,2020,5,439065.3927
부산광역시,사상구,2020,6,491929.4534
부산광역시,사상구,2020,7,502698.0583
부산광역시,사상구,2020,8,484587.2227
부산광역시,사상구,2020,9,443960.2131
부산광역시,사상구,2020,10,486545.1509
부산광역시,사상구,2020,11,508082.3608
부산광역시,사상구,2020,12,498782.202
부산광역시,사상구,2021,1,466705.3812
부산광역시,사상구,2021,2,496225.9023
부산광역시,사상구,2021,3,481699.9316
부산광역시,사상구,2021,4,493414.4241
부산광역시,사상구,2021,5,501848.8586
부산광역시,사상구,2021,6,506534.6556
부산광역시,사상구,2021,7,520123.4669
부산광역시,사상구,2021,8,484042.8301
부산광역시,사상구,2021,9,490134.3662
부산광역시,사상구,2021,10,501380.2789
부산광역시,사상구,2021,11,498568.8008
부산광역시,사상구,2021,12,556204.1038
부산광역시,사하구,2010,1,568386.3966
부산광역시,사하구,2010,2,556271.5787
부산광역시,사하구,2010,3,558542.7504
부산광역시,사하구,2010,4,576717.8305
부산광역시,사하구,2010,5,609141.945
부산광역시,사하구,2010,6,589728.5628
부산광역시,사하구,2010,7,583417.2163
부산광역시,사하구,2010,8,583696.8329
부산광역시,사하구,2010,9,577842.0034
부산광역시,사하구,2010,10,588484.5542
부산광역시,사하구,2010,11,574965.9468
부산광역시,사하구,2010,12,595486.3825
부산광역시,사하구,2011,1,600028.3293
부산광역시,사하구,2011,2,589767.3246
부산광역시,사하구,2011,3,602264.7764
부산광역시,사하구,2011,4,598869.5484
부산광역시,사하구,2011,5,595584.4046
부산광역시,사하구,2011,6,604408.521
부산광역시,사하구,2011,7,618910.6638
부산광역시,사하구,2011,8,594553.0896
부산광역시,사하구,2011,9,597009.7051
부산광역시,사하구,2011,10,601905.5543
부산광역시,사하구,2011,11,608052.8869
부산광역시,사하구,2011,12,570879.1962
부산광역시,사하구,2012,1,573874.4552
부산광역시,사하구,2012,2,579843.5922
부산광역시,사하구,2012,3,551715.722
부산광역시,사하구,2012,4,572540.1775
부산광역시,사하구,2012,5,562778.8828
부산광역시,사하구,2012,6,576186.4829
부산광역시,사하구,2012,7,546643.306
부산광역시,사하구,2012,8,556247.9446
부산광역시,사하구,2012,9,558462.7375
부산광역시,사하구,2012,10,545357.6457
부산광역시,사하구,2012,11,535671.9781
부산광역시,사하구,2012,12,547675.0754
부산광역시,사하구,2013,1,563872.5751
부산광역시,사하구,2013,2,574331.48
부산광역시,사하구,2013,3,572727.0198
부산광역시,사하구,2013,4,561147.7122
부산광역시,사하구,2013,5,546490.0167
부산광역시,사하구,2013,6,542470.7079
부산광역시,사하구,2013,7,551700.4331
부산광역시,사하구,2013,8,556606.2741
부산광역시,사하구,2013,9,578992.5728
부산광역시,사하구,2013,10,563122.0141
부산광역시,사하구,2013,11,563823.6255
부산광역시,사하구,2013,12,559559.5686
부산광역시,사하구,2014,1,524876.98
부산광역시,사하구,2014,2,537686.2874
부산광역시,사하구,2014,3,532111.7255
부산광역시,사하구,2014,4,525496.3758
부산광역시,사하구,2014,5,526557.4718
부산광역시,사하구,2014,6,533710.9851
부산광역시,사하구,2014,7,553780.423
부산광역시,사하구,2014,8,547165.0732
부산광역시,사하구,2014,9,542585.6063
부산광역시,사하구,2014,10,553729.6529
부산광역시,사하구,2014,11,538655.9971
부산광역시,사하구,2014,12,557999.422
부산광역시,사하구,2015,1,528973.7239
부산광역시,사하구,2015,2,545533.2417
부산광역시,사하구,2015,3,543337.3991
부산광역시,사하구,2015,4,542726.382
부산광역시,사하구,2015,5,532286.5822
부산광역시,사하구,2015,6,535322.5733
부산광역시,사하구,2015,7,556054.1922
부산광역시,사하구,2015,8,558918.3348
부산광역시,사하구,2015,9,544736.0554
부산광역시,사하구,2015,10,538096.0181
부산광역시,사하구,2015,11,551700.6955
부산광역시,사하구,2015,12,560531.8018
부산광역시,사하구,2016,1,573660.8208
부산광역시,사하구,2016,2,573637.1184
부산광역시,사하구,2016,3,576467.1905
부산광역시,사하구,2016,4,576874.8725
부산광역시,사하구,2016,5,577789.7869
부산광역시,사하구,2016,6,557377.2404
부산광역시,사하구,2016,7,558353.7812
부산광역시,사하구,2016,8,570996.6659
부산광역시,사하구,2016,9,549659.724
부산광역시,사하구,2016,10,534343.2033
부산광역시,사하구,2016,11,549583.8761
부산광역시,사하구,2016,12,549038.7199
부산광역시,사하구,2017,1,597786.1847
부산광역시,사하구,2017,2,583293.1272
부산광역시,사하구,2017,3,583840.5177
부산광역시,사하구,2017,4,574002.8369
부산광역시,사하구,2017,5,574212.5847
부산광역시,사하구,2017,6,581584.4505
부산광역시,사하구,2017,7,581860.7036
부산광역시,사하구,2017,8,574437.6798
부산광역시,사하구,2017,9,576729.5576
부산광역시,사하구,2017,10,553503.8319
부산광역시,사하구,2017,11,574565.5748
부산광역시,사하구,2017,12,549267.9506
부산광역시,사하구,2018,1,550524.812
부산광역시,사하구,2018,2,547776.4123
부산광역시,사하구,2018,3,527214.3111
부산광역시,사하구,2018,4,547740.7849
부산광역시,사하구,2018,5,588579.9681
부산광역시,사하구,2018,6,566195.7797
부산광역시,사하구,2018,7,559543.6346
부산광역시,사하구,2018,8,557248.2119
부산광역시,사하구,2018,9,554362.3922
부산광역시,사하구,2018,10,559640.3375
부산광역시,사하구,2018,11,558484.9917
부산광역시,사하구,2018,12,535678.3641
부산광역시,사하구,2019,1,582714.4591
부산광역시,사하구,2019,2,565834.2022
부산광역시,사하구,2019,3,565634.4039
부산광역시,사하구,2019,4,573615.5362
부산광역시,사하구,2019,5,575192.3229
부산광역시,사하구,2019,6,574279.7306
부산광역시,사하구,2019,7,566633.3954
부산광역시,사하구,2019,8,570704.9609
부산광역시,사하구,2019,9,578432.2954
부산광역시,사하구,2019,10,571396.155
부산광역시,사하구,2019,11,569133.5742
부산광역시,사하구,2019,12,593913.9641
부산광역시,사하구,2020,1,578076.9858
부산광역시,사하구,2020,2,568681.8531
부산광역시,사하구,2020,3,585261.499
부산광역시,사하구,2020,4,547128.3135
부산광역시,사하구,2020,5,495731.4113
부산광역시,사하구,2020,6,555418.1364
부산광역시,사하구,2020,7,567576.5434
부산광역시,사하구,2020,8,547128.3135
부산광역시,사하구,2020,9,501257.9599
부산광역시,사하구,2020,10,549338.9329
부산광역시,사하구,2020,11,573655.7469
부산광역시,사하구,2020,12,563155.3045
부산광역시,사하구,2021,1,518140.2438
부산광역시,사하구,2021,2,550914.1749
부산광역시,사하구,2021,3,534787.3199
부산광역시,사하구,2021,4,547792.8481
부산광역시,사하구,2021,5,557156.8284
부산광역시,사하구,2021,6,562359.0397
부산광역시,사하구,2021,7,577445.4524
부산광역시,사하구,2021,8,537388.4255
부산광역시,사하구,2021,9,544151.3002
부산광역시,사하구,2021,10,556636.6073
부산광역시,사하구,2021,11,553515.2805
부산광역시,사하구,2021,12,617502.4793
부산광역시,서구,2010,1,324731.0483
부산광역시,서구,2010,2,317809.5992
부산광역시,서구,2010,3,319107.1672
부산광역시,서구,2010,4,329490.9709
부산광역시,서구,2010,5,348015.5464
부산광역시,서구,2010,6,336924.2747
부산광역시,서구,2010,7,333318.4703
부산광역시,서구,2010,8,333478.2212
부산광역시,서구,2010,9,330133.2345
부산광역시,서구,2010,10,336213.5465
부산광역시,서구,2010,11,328490.0831
부산광역시,서구,2010,12,340213.8377
부산광역시,서구,2011,1,311274.5633
부산광역시,서구,2011,2,305951.4984
부산광역시,서구,2011,3,312434.757
부산광역시,서구,2011,4,310673.4267
부산광역시,서구,2011,5,308969.2043
부산광역시,서구,2011,6,313546.8598
부산광역시,서구,2011,7,321070.0849
부산광역시,서구,2011,8,308434.1927
부산광역시,서구,2011,9,309708.6024
부산광역시,서구,2011,10,312248.4047
부산광역시,서구,2011,11,315437.4346
부산광역시,서구,2011,12,296152.9712
부산광역시,서구,2012,1,292316.5214
부산광역시,서구,2012,2,295357.0425
부산광역시,서구,2012,3,281029.4468
부산광역시,서구,2012,4,291636.8755
부산광역시,서구,2012,5,286664.7293
부산광역시,서구,2012,6,293494.2074
부산광역시,서구,2012,7,278445.6918
부산광역시,서구,2012,8,283338.0416
부산광역시,서구,2012,9,284466.1987
부산광역시,서구,2012,10,277790.8104
부산광역시,서구,2012,11,272857.1866
부산광역시,서구,2012,12,278971.2479
부산광역시,서구,2013,1,260367.6411
부산광역시,서구,2013,2,265197.0307
부산광역시,서구,2013,3,264456.1727
부산광역시,서구,2013,4,259109.4381
부산광역시,서구,2013,5,252341.2607
부산광역시,서구,2013,6,250485.3486
부산광역시,서구,2013,7,254747.1657
부산광역시,서구,2013,8,257012.4333
부산광역시,서구,2013,9,267349.286
부산광역시,서구,2013,10,260021.0702
부산광역시,서구,2013,11,260345.0386
부산광역시,서구,2013,12,258376.1143
부산광역시,서구,2014,1,241825.0274
부산광역시,서구,2014,2,247726.6219
부산광역시,서구,2014,3,245158.2705
부산광역시,서구,2014,4,242110.3998
부산광역시,서구,2014,5,242599.2755
부산광역시,서구,2014,6,245895.0926
부산광역시,서구,2014,7,255141.6257
부산광역시,서구,2014,8,252093.7551
부산광역시,서구,2014,9,249983.8707
부산광역시,서구,2014,10,255118.2345
부산광역시,서구,2014,11,248173.3935
부산광역시,서구,2014,12,257085.4327
부산광역시,서구,2015,1,245887.3537
부산광역시,서구,2015,2,253584.8552
부산광역시,서구,2015,3,252564.143
부산광역시,서구,2015,4,252280.1187
부산광역시,서구,2015,5,247427.2978
부산광역시,서구,2015,6,248838.5434
부산광역시,서구,2015,7,258475.3981
부산광역시,서구,2015,8,259806.7618
부산광역시,서구,2015,9,253214.2923
부산광역시,서구,2015,10,250127.7473
부산광역시,서구,2015,11,256451.7252
부산광역시,서구,2015,12,260556.7634
부산광역시,서구,2016,1,266611.0642
부산광역시,서구,2016,2,266600.0484
부산광역시,서구,2016,3,267915.3352
부산광역시,서구,2016,4,268104.807
부산광역시,서구,2016,5,268530.017
부산광역시,서구,2016,6,259043.2078
부산광역시,서구,2016,7,259497.0589
부산광역시,서구,2016,8,265372.888
부산광역시,서구,2016,9,255456.4625
부산광역시,서구,2016,10,248338.0508
부산광역시,서구,2016,11,255421.2119
부산광역시,서구,2016,12,255167.8484
부산광역시,서구,2017,1,270296.4528
부산광역시,서구,2017,2,263743.2367
부산광역시,서구,2017,3,263990.7461
부산광역시,서구,2017,4,259542.5165
부산광역시,서구,2017,5,259637.3565
부산광역시,서구,2017,6,262970.6373
부산광역시,서구,2017,7,263095.5486
부산광역시,서구,2017,8,259739.1361
부산광역시,서구,2017,9,260775.4371
부산광역시,서구,2017,10,250273.6366
부산광역시,서구,2017,11,259796.9654
부산광역시,서구,2017,12,248358.3302
부산광역시,서구,2018,1,241831.9372
부산광역시,서구,2018,2,240624.6332
부산광역시,서구,2018,3,231592.2105
부산광역시,서구,2018,4,240608.9829
부산광역시,서구,2018,5,258548.6263
부산광역시,서구,2018,6,248715.8058
부산광역시,서구,2018,7,245793.683
부산광역시,서구,2018,8,244785.3605
부산광역시,서구,2018,9,243517.6913
부산광역시,서구,2018,10,245836.1622
부산광역시,서구,2018,11,245328.6473
부산광역시,서구,2018,12,235310.2598
부산광역시,서구,2019,1,225456.3744
부산광역시,서구,2019,2,218925.2828
부산광역시,서구,2019,3,218847.9794
부산광역시,서구,2019,4,221935.9363
부산광역시,서구,2019,5,222546.0063
부산광역시,서구,2019,6,222192.9179
부산광역시,서구,2019,7,219234.4963
부산광역시,서구,2019,8,220809.814
부산광역시,서구,2019,9,223799.5748
부산광역시,서구,2019,10,221077.2419
부산광역시,서구,2019,11,220201.8333
부산광역시,서구,2019,12,229789.5426
부산광역시,서구,2020,1,264206.4738
부산광역시,서구,2020,2,259912.4871
부산광역시,서구,2020,3,267490.1107
부산광역시,서구,2020,4,250061.5765
부산광역시,서구,2020,5,226570.9436
부산광역시,서구,2020,6,253850.3883
부산광역시,서구,2020,7,259407.3122
부산광역시,서구,2020,8,250061.5765
부산광역시,서구,2020,9,229096.8181
부산광역시,서구,2020,10,251071.9263
부산광역시,서구,2020,11,262185.7742
부산광역시,서구,2020,12,257386.6126
부산광역시,서구,2021,1,237728.3432
부산광역시,서구,2021,2,252765.3769
부산광역시,서구,2021,3,245366.2016
부산광역시,서구,2021,4,251333.2785
부산광역시,서구,2021,5,255629.5738
부산광역시,서구,2021,6,258016.4046
부산광역시,서구,2021,7,264938.2138
부산광역시,서구,2021,8,246559.617
부산광역시,서구,2021,9,249662.497
부산광역시,서구,2021,10,255390.8908
부산광역시,서구,2021,11,253958.7923
부산광역시,서구,2021,12,283316.8106
부산광역시,소계,2010,1,5875050.192
부산광역시,소계,2010,2,5749826.993
부산광역시,소계,2010,3,5773302.656
부산광역시,소계,2010,4,5961166.948
부산광역시,소계,2010,5,6296314.484
부산광역시,소계,2010,6,6095650.647
부산광역시,소계,2010,7,6030414.256
부산광역시,소계,2010,8,6033304.476
부산광역시,소계,2010,9,5972786.811
부산광역시,소계,2010,10,6082792.118
부산광역시,소계,2010,11,5943058.835
부산광역시,소계,2010,12,6155165.583
부산광역시,소계,2011,1,6164911.266
부산광역시,소계,2011,2,6059485.937
부산광역시,소계,2011,3,6187889.344
부산광역시,소계,2011,4,6153005.526
부산광역시,소계,2011,5,6119252.753
부산광역시,소계,2011,6,6209914.963
부산광역시,소계,2011,7,6358915.3
부산광역시,소계,2011,8,6108656.644
부산광역시,소계,2011,9,6133896.813
부산광역시,소계,2011,10,6184198.565
부산광역시,소계,2011,11,6247358.516
부산광역시,소계,2011,12,5865422.374
부산광역시,소계,2012,1,6480827.504
부산광역시,소계,2012,2,6548237.626
부산광역시,소계,2012,3,6230586.487
부산광역시,소계,2012,4,6465759.359
부산광역시,소계,2012,5,6355523.981
부산광역시,소계,2012,6,6506937.488
부산광역시,소계,2012,7,6173303.134
부산광역시,소계,2012,8,6281769.376
부산광역시,소계,2012,9,6306781.277
부산광역시,소계,2012,10,6158784.03
부산광역시,소계,2012,11,6049402.718
부산광역시,소계,2012,12,6184955.019
부산광역시,소계,2013,1,6446823.852
부산광역시,소계,2013,2,6566401.785
부산광역시,소계,2013,3,6548057.796
부산광역시,소계,2013,4,6415670.162
부산광역시,소계,2013,5,6248086.943
부산광역시,소계,2013,6,6202133.696
부산광역시,소계,2013,7,6307658.269
부산광역시,소계,2013,8,6363747.347
부산광역시,소계,2013,9,6619692.627
부산광역시,소계,2013,10,6438242.596
부산광역시,소계,2013,11,6446264.205
부산광역시,소계,2013,12,6397512.722
부산광역시,소계,2014,1,6506573.911
부산광역시,소계,2014,2,6665362.938
부산광역시,소계,2014,3,6596258.558
부산광역시,소계,2014,4,6514252.176
부산광역시,소계,2014,5,6527405.924
부산광역시,소계,2014,6,6616083.585
부산광역시,소계,2014,7,6864871.942
부산광역시,소계,2014,8,6782865.56
부산광역시,소계,2014,9,6726096.752
부산광역시,소계,2014,10,6864242.576
부산광역시,소계,2014,11,6677383.828
부산광역시,소계,2014,12,6917172.251
부산광역시,소계,2015,1,6690955.476
부산광역시,소계,2015,2,6900415.779
부산광역시,소계,2015,3,6872640.703
부산광역시,소계,2015,4,6864911.986
부산광역시,소계,2015,5,6732859.613
부산광역시,소계,2015,6,6771261.675
부산광역시,소계,2015,7,7033494.622
부산광역시,소계,2015,8,7069722.983
부산광역시,소계,2015,9,6890332.219
부산광역시,소계,2015,10,6806342.804
부산광역시,소계,2015,11,6978427.515
부산광역시,소계,2015,12,7090131.626
부산광역시,소계,2016,1,7150972.449
부산광역시,소계,2016,2,7150676.986
부산광역시,소계,2016,3,7185955.266
부산광역시,소계,2016,4,7191037.23
부산광역시,소계,2016,5,7202442.101
부산광역시,소계,2016,6,6947989.378
부산광역시,소계,2016,7,6960162.453
부산광역시,소계,2016,8,7117762.409
부산광역시,소계,2016,9,6851786.63
부산광역시,소계,2016,10,6660858.449
부산광역시,소계,2016,11,6850841.148
부산광역시,소계,2016,12,6844045.5
부산광역시,소계,2017,1,7396872.255
부산광역시,소계,2017,2,7217538.41
부산광역시,소계,2017,3,7224311.697
부산광역시,소계,2017,4,7102582.44
부산광역시,소계,2017,5,7105177.812
부산광역시,소계,2017,6,7196395.627
부산광역시,소계,2017,7,7199813.921
부산광역시,소계,2017,8,7107963.089
부산광역시,소계,2017,9,7136322.271
부산광역시,소계,2017,10,6848932.346
부산광역시,소계,2017,11,7109545.632
부산광역시,소계,2017,12,6796518.501
부산광역시,소계,2018,1,7190005.11
부산광역시,소계,2018,2,7154110.256
부산광역시,소계,2018,3,6885563.572
부산광역시,소계,2018,4,7153644.952
부산광역시,소계,2018,5,7687015.891
부산광역시,소계,2018,6,7394672.248
부산광역시,소계,2018,7,7307793.408
부산광역시,소계,2018,8,7277814.558
부산광역시,소계,2018,9,7240124.961
부산광역시,소계,2018,10,7309056.375
부산광역시,소계,2018,11,7293967.242
부산광역시,소계,2018,12,6996106.427
부산광역시,소계,2019,1,7538744.352
부산광역시,소계,2019,2,7320359.62
부산광역시,소계,2019,3,7317774.772
부산광역시,소계,2019,4,7421028.974
부산광역시,소계,2019,5,7441428.315
부산광역시,소계,2019,6,7429621.847
부산광역시,소계,2019,7,7330699.012
부산광역시,소계,2019,8,7383374.025
부산광역시,소계,2019,9,7483344.771
부산광역시,소계,2019,10,7392316.202
부산광역시,소계,2019,11,7363044.544
부산광역시,소계,2019,12,7683635.566
부산광역시,소계,2020,1,7492458.43
부산광역시,소계,2020,2,7370688.073
부산광역시,소계,2020,3,7585576.938
부산광역시,소계,2020,4,7091332.548
부산광역시,소계,2020,5,6425177.066
부산광역시,소계,2020,6,7198776.981
부산광역시,소계,2020,7,7356362.148
부산광역시,소계,2020,8,7091332.548
부산광역시,소계,2020,9,6496806.688
부산광역시,소계,2020,10,7119984.397
부산광역시,소계,2020,11,7435154.732
부산광역시,소계,2020,12,7299058.451
부산광역시,소계,2021,1,6819722.433
부산광역시,소계,2021,2,7251090.418
부산광역시,소계,2021,3,7038829.981
부산광역시,소계,2021,4,7210007.753
부산광역시,소계,2021,5,7333255.749
부산광역시,소계,2021,6,7401726.858
부산광역시,소계,2021,7,7600293.073
부산광역시,소계,2021,8,7073065.536
부산광역시,소계,2021,9,7162077.977
부산광역시,소계,2021,10,7326408.638
부산광역시,소계,2021,11,7285325.973
부산광역시,소계,2021,12,8127520.611
부산광역시,수영구,2010,1,181802.4839
부산광역시,수영구,2010,2,177927.4721
부산광역시,수영구,2010,3,178653.9227
부산광역시,수영구,2010,4,184467.353
부산광역시,수영구,2010,5,194838.4396
부산광역시,수영구,2010,6,188628.9295
부산광역시,수영구,2010,7,186610.1998
부산광역시,수영구,2010,8,186699.6372
부산광역시,수영구,2010,9,184826.9278
부산광역시,수영구,2010,10,188231.0244
부산광역시,수영구,2010,11,183907.0004
부산광역시,수영구,2010,12,190470.6096
부산광역시,수영구,2011,1,187368.6566
부산광역시,수영구,2011,2,184164.4901
부산광역시,수영구,2011,3,188067.0238
부산광역시,수영구,2011,4,187006.8083
부산광역시,수영구,2011,5,185980.9685
부산광역시,수영구,2011,6,188736.4431
부산광역시,수영구,2011,7,193264.9743
부산광역시,수영구,2011,8,185658.9235
부산광역시,수영구,2011,9,186426.0418
부산광역시,수영구,2011,10,187954.8508
부산광역시,수영구,2011,11,189874.4559
부산광역시,수영구,2011,12,178266.3632
부산광역시,수영구,2012,1,204927.3177
부산광역시,수영구,2012,2,207058.8628
부산광역시,수영구,2012,3,197014.5596
부산광역시,수영구,2012,4,204450.8547
부산광역시,수영구,2012,5,200965.1517
부산광역시,수영구,2012,6,205752.9297
부산광역시,수영구,2012,7,195203.2286
부산광역시,수영구,2012,8,198632.9907
부산광역시,수영구,2012,9,199423.8807
부산광역시,수영구,2012,10,194744.1266
부산광역시,수영구,2012,11,191285.4296
부산광역시,수영구,2012,12,195571.6676
부산광역시,수영구,2013,1,191821.8371
부산광역시,수영구,2013,2,195379.8153
부산광역시,수영구,2013,3,194833.9996
부산광역시,수영구,2013,4,190894.8755
부산광역시,수영구,2013,5,185908.5254
부산광역시,수영구,2013,6,184541.2108
부산광역시,수영구,2013,7,187681.0387
부산광역시,수영구,2013,8,189349.9396
부산광역시,수영구,2013,9,196965.4561
부산광역시,수영구,2013,10,191566.5063
부산광역시,수영구,2013,11,191805.1851
부산광역시,수영구,2013,12,190354.6105
부산광역시,수영구,2014,1,185449.6593
부산광역시,수영구,2014,2,189975.4468
부산광역시,수영구,2014,3,188005.8413
부산광역시,수영구,2014,4,185668.5043
부산광역시,수영구,2014,5,186043.411
부산광역시,수영구,2014,6,188570.892
부산광역시,수영구,2014,7,195661.8306
부산광역시,수영구,2014,8,193324.4937
부산광역시,수영구,2014,9,191706.4753
부산광역시,수영구,2014,10,195643.8925
부산광역시,수영구,2014,11,190318.0649
부산광역시,수영구,2014,12,197152.4883
부산광역시,수영구,2015,1,191038.0457
부산광역시,수영구,2015,2,197018.4901
부산광역시,수영구,2015,3,196225.4649
부산광역시,수영구,2015,4,196004.797
부산광역시,수영구,2015,5,192234.4794
부산광역시,수영구,2015,6,193330.9229
부산광역시,수영구,2015,7,200818.1151
부산광역시,수영구,2015,8,201852.4958
부산광역시,수영구,2015,9,196730.5874
부산광역시,수영구,2015,10,194332.5482
부산광역시,수영구,2015,11,199245.8565
부산광역시,수영구,2015,12,202435.197
부산광역시,수영구,2016,1,203595.9501
부산광역시,수영구,2016,2,203587.5379
부산광역시,수영구,2016,3,204591.9489
부산광역시,수영구,2016,4,204736.6379
부산광역시,수영구,2016,5,205061.347
부산광역시,수영구,2016,6,197816.8017
부산광역시,수영구,2016,7,198163.3823
부산광역시,수영구,2016,8,202650.4242
부산광역시,수영구,2016,9,195077.805
부산광역시,수영구,2016,10,189641.8723
부산광역시,수영구,2016,11,195050.8861
부산광역시,수영구,2016,12,194857.4066
부산광역시,수영구,2017,1,213053.8277
부산광역시,수영구,2017,2,207888.4333
부산광역시,수영구,2017,3,208083.5259
부산광역시,수영구,2017,4,204577.3299
부산광역시,수영구,2017,5,204652.0849
부산광역시,수영구,2017,6,207279.4528
부산광역시,수영구,2017,7,207377.9108
부산광역시,수영구,2017,8,204732.3099
부산광역시,수영구,2017,9,205549.146
부산광역시,수영구,2017,10,197271.3873
부산광역시,수영구,2017,11,204777.8923
부산광역시,수영구,2017,12,195761.6992
부산광역시,수영구,2018,1,200472.509
부산광역시,수영구,2018,2,199471.6848
부산광역시,수영구,2018,3,191984.0367
부산광역시,수영구,2018,4,199458.7111
부산광역시,수영구,2018,5,214330.218
부산광역시,수영구,2018,6,206179.0606
부산광역시,수영구,2018,7,203756.6952
부산광역시,수영구,2018,8,202920.8216
부산광역시,수영구,2018,9,201869.9562
부산광역시,수영구,2018,10,203791.9094
부산광역시,수영구,2018,11,203371.1926
부산광역시,수영구,2018,12,195066.2047
부산광역시,수영구,2019,1,220236.1721
부산광역시,수영구,2019,2,213856.301
부산광역시,수영구,2019,3,213780.7875
부산광역시,수영구,2019,4,216797.246
부산광역시,수영구,2019,5,217393.1905
부산광역시,수영구,2019,6,217048.2774
부산광역시,수영구,2019,7,214158.355
부산광역시,수영구,2019,8,215697.1979
부산광역시,수영구,2019,9,218617.7339
부산광역시,수영구,2019,10,215958.4338
부산광역시,수영구,2019,11,215103.2943
부산광역시,수영구,2019,12,224469.0105
부산광역시,수영구,2020,1,223098.9614
부산광역시,수영구,2020,2,219473.0701
부산광역시,수영구,2020,3,225871.7019
부산광역시,수영구,2020,4,211154.8488
부산광역시,수영구,2020,5,191319.0902
부산광역시,수영구,2020,6,214354.1647
부산광역시,수영구,2020,7,219046.4946
부산광역시,수영구,2020,8,211154.8488
부산광역시,수영구,2020,9,193451.9675
부산광역시,수영구,2020,10,212007.9997
부산광역시,수영구,2020,11,221392.6596
부산광역시,수영구,2020,12,217340.1928
부산광역시,수영구,2021,1,209167.0042
부산광역시,수영구,2021,2,222397.4473
부산광역시,수영구,2021,3,215887.2293
부산광역시,수영구,2021,4,221137.4051
부산광역시,수영구,2021,5,224917.5316
부산광역시,수영구,2021,6,227017.602
부산광역시,수영구,2021,7,233107.8059
부산광역시,수영구,2021,8,216937.2644
부산광역시,수영구,2021,9,219667.3558
부산광역시,수영구,2021,10,224707.5246
부산광역시,수영구,2021,11,223447.4824
부산광역시,수영구,2021,12,249278.3474
부산광역시,연제구,2010,1,284242.0966
부산광역시,연제구,2010,2,278183.6454
부산광역시,연제구,2010,3,279319.4267
부산광역시,연제구,2010,4,288408.5303
부산광역시,연제구,2010,5,304623.377
부산광역시,연제구,2010,6,294915.0158
부산광역시,연제구,2010,7,291758.7996
부산광역시,연제구,2010,8,291898.6319
부산광역시,연제구,2010,9,288970.7135
부산광역시,연제구,2010,10,294292.9045
부산광역시,연제구,2010,11,287532.4377
부산광역시,연제구,2010,12,297794.421
부산광역시,연제구,2011,1,304774.9695
부산광역시,연제구,2011,2,299563.0532
부산광역시,연제구,2011,3,305910.9377
부산광역시,연제구,2011,4,304186.3849
부산광역시,연제구,2011,5,302517.7477
부산광역시,연제구,2011,6,306999.8191
부산광역시,연제구,2011,7,314365.9548
부산광역시,연제구,2011,8,301993.9074
부산광역시,연제구,2011,9,303241.7067
부산광역시,연제구,2011,10,305728.4765
부산광역시,연제구,2011,11,308850.9175
부산광역시,연제구,2011,12,289969.1249
부산광역시,연제구,2012,1,352165.9036
부산광역시,연제구,2012,2,355828.9462
부산광역시,연제구,2012,3,338567.8942
부산광역시,연제구,2012,4,351347.1059
부산광역시,연제구,2012,5,345356.954
부산광역시,연제구,2012,6,353584.7111
부산광역시,연제구,2012,7,335455.1368
부산광역시,연제구,2012,8,341349.1545
부산광역시,연제구,2012,9,342708.2925
부산광역시,연제구,2012,10,334666.1737
부산광역시,연제구,2012,11,328722.4314
부산광역시,연제구,2012,12,336088.2961
부산광역시,연제구,2013,1,431363.5531
부산광역시,연제구,2013,2,439364.6345
부산광역시,연제구,2013,3,438137.2195
부산광역시,연제구,2013,4,429279.028
부산광역시,연제구,2013,5,418065.8641
부산광역시,연제구,2013,6,414991.0855
부산광역시,연제구,2013,7,422051.8422
부산광역시,연제구,2013,8,425804.8195
부산광역시,연제구,2013,9,442930.3791
부산광역시,연제구,2013,10,430789.3726
부산광역시,연제구,2013,11,431326.1066
부산광역시,연제구,2013,12,428064.0952
부산광역시,연제구,2014,1,507653.8709
부산광역시,연제구,2014,2,520042.8586
부산광역시,연제구,2014,3,514651.2183
부산광역시,연제구,2014,4,508252.9421
부산광역시,연제구,2014,5,509279.2197
부산광역시,연제구,2014,6,516198.0004
부산광역시,연제구,2014,7,535608.8876
부산광역시,연제구,2014,8,529210.6113
부산광역시,연제구,2014,9,524781.4132
부산광역시,연제구,2014,10,535559.7834
부산광역시,연제구,2014,11,520980.7487
부산광역시,연제구,2014,12,539689.4459
부산광역시,연제구,2015,1,453491.6464
부산광역시,연제구,2015,2,467688.1985
부산광역시,연제구,2015,3,465805.6923
부산광역시,연제구,2015,4,465281.8645
부산광역시,연제구,2015,5,456331.7753
부산광역시,연제구,2015,6,458934.5447
부산광역시,연제구,2015,7,476707.8585
부산광역시,연제구,2015,8,479163.3014
부산광역시,연제구,2015,9,467004.7669
부산광역시,연제구,2015,10,461312.2319
부산광역시,연제구,2015,11,472975.5854
부산광역시,연제구,2015,12,480546.5342
부산광역시,연제구,2016,1,507180.5922
부산광역시,연제구,2016,2,507159.6365
부산광역시,연제구,2016,3,509661.7381
부산광역시,연제구,2016,4,510022.1748
부산광역시,연제구,2016,5,510831.0619
부산광역시,연제구,2016,6,492784.0783
부산광역시,연제구,2016,7,493647.45
부산광역시,연제구,2016,8,504825.18
부산광역시,연제구,2016,9,485960.927
부산광역시,연제구,2016,10,472419.4026
부산광역시,연제구,2016,11,485893.869
부산광역시,연제구,2016,12,485411.8897
부산광역시,연제구,2017,1,529888.4658
부산광역시,연제구,2017,2,517041.558
부산광역시,연제구,2017,3,517526.7748
부산광역시,연제구,2017,4,508806.477
부산광역시,연제구,2017,5,508992.4012
부산광역시,연제구,2017,6,515526.9561
부산광역시,연제구,2017,7,515771.8319
부산광역시,연제구,2017,8,509191.9296
부산광역시,연제구,2017,9,511223.4914
부산광역시,연제구,2017,10,490635.7888
부산광역시,연제구,2017,11,509305.298
부산광역시,연제구,2017,12,486881.0272
부산광역시,연제구,2018,1,535947.0122
부산광역시,연제구,2018,2,533271.3896
부산광역시,연제구,2018,3,513253.7692
부산광역시,연제구,2018,4,533236.7057
부산광역시,연제구,2018,5,572994.4745
부산광역시,연제구,2018,6,551203.0155
부산광역시,연제구,2018,7,544727.018
부산광역시,연제구,2018,8,542492.3777
부산광역시,연제구,2018,9,539682.974
부산광역시,연제구,2018,10,544821.1602
부산광역시,연제구,2018,11,543696.4078
부산광역시,연제구,2018,12,521493.6957
부산광역시,연제구,2019,1,551681.0711
부산광역시,연제구,2019,2,535699.7992
부산광역시,연제구,2019,3,535510.6415
부산광역시,연제구,2019,4,543066.7259
부산광역시,연제구,2019,5,544559.5382
부산광역시,연제구,2019,6,543695.5475
부산광역시,연제구,2019,7,536456.4301
부산광역시,연제구,2019,8,540311.1579
부산광역시,연제구,2019,9,547626.9608
부산광역시,연제구,2019,10,540965.5414
부산광역시,연제구,2019,11,538823.4579
부산광역시,연제구,2019,12,562284.1286
부산광역시,연제구,2020,1,512063.2381
부산광역시,연제구,2020,2,503740.9866
부산광역시,연제구,2020,3,518427.3127
부산광역시,연제구,2020,4,484648.7626
부산광역시,연제구,2020,5,439121.1516
부산광역시,연제구,2020,6,491991.9257
부산광역시,연제구,2020,7,502761.8982
부산광역시,연제구,2020,8,484648.7626
부산광역시,연제구,2020,9,444016.5936
부산광역시,연제구,2020,10,486606.9394
부산광역시,연제구,2020,11,508146.8844
부산광역시,연제구,2020,12,498845.5445
부산광역시,연제구,2021,1,456463.1111
부산광역시,연제구,2021,2,485335.7778
부산광역시,연제구,2021,3,471128.5926
부산광역시,연제구,2021,4,482586
부산광역시,연제구,2021,5,490835.3333
부산광역시,연제구,2021,6,495418.2963
부산광역시,연제구,2021,7,508708.8889
부산광역시,연제구,2021,8,473420.0741
부산광역시,연제구,2021,9,479377.9259
부산광역시,연제구,2021,10,490377.037
부산광역시,연제구,2021,11,487627.2593
부산광역시,연제구,2021,12,543997.7037
부산광역시,영도구,2010,1,185522.1848
부산광역시,영도구,2010,2,181567.8898
부산광역시,영도구,2010,3,182309.2037
부산광역시,영도구,2010,4,188241.5775
부산광역시,영도구,2010,5,198824.8578
부산광역시,영도구,2010,6,192488.3003
부산광역시,영도구,2010,7,190428.2672
부산광역시,영도구,2010,8,190519.5345
부산광역시,영도구,2010,9,188608.5092
부산광역시,영도구,2010,10,192082.254
부산광역시,영도구,2010,11,187669.76
부산광역시,영도구,2010,12,194367.6614
부산광역시,영도구,2011,1,163817.1842
부산광역시,영도구,2011,2,161015.7683
부산광역시,영도구,2011,3,164427.7694
부산광역시,영도구,2011,4,163500.8187
부산광역시,영도구,2011,5,162603.9227
부산광역시,영도구,2011,6,165013.0455
부산광역시,영도구,2011,7,168972.3589
부산광역시,영도구,2011,8,162322.3575
부산광역시,영도구,2011,9,162993.0522
부산광역시,영도구,2011,10,164329.6962
부산광역시,영도구,2011,11,166008.0148
부산광역시,영도구,2011,12,155859.0117
부산광역시,영도구,2012,1,169935.2546
부산광역시,영도구,2012,2,171702.8308
부산광역시,영도구,2012,3,163373.6279
부산광역시,영도구,2012,4,169540.1494
부산광역시,영도구,2012,5,166649.6424
부산광역시,영도구,2012,6,170619.8905
부산광역시,영도구,2012,7,161871.5881
부산광역시,영도구,2012,8,164715.7061
부산광역시,영도구,2012,9,165371.5489
부산광역시,영도구,2012,10,161490.8794
부산광역시,영도구,2012,11,158622.767
부산광역시,영도구,2012,12,162177.1148
부산광역시,영도구,2013,1,159772.6204
부산광역시,영도구,2013,2,162736.1386
부산광역시,영도구,2013,3,162281.5167
부산광역시,영도구,2013,4,159000.5338
부산광역시,영도구,2013,5,154847.2932
부산광역시,영도구,2013,6,153708.4269
부산광역시,영도구,2013,7,156323.6585
부산광역시,영도구,2013,8,157713.7227
부산광역시,영도구,2013,9,164056.8537
부산광역시,영도구,2013,10,159559.9498
부산광역시,영도구,2013,11,159758.7506
부산광역시,영도구,2013,12,158550.5352
부산광역시,영도구,2014,1,158169.9608
부산광역시,영도구,2014,2,162030.0037
부산광역시,영도구,2014,3,160350.1277
부산광역시,영도구,2014,4,158356.6137
부산광역시,영도구,2014,5,158676.3715
부산광역시,영도구,2014,6,160832.0593
부산광역시,영도구,2014,7,166879.9188
부산광역시,영도구,2014,8,164886.4048
부산광역시,영도구,2014,9,163506.3974
부산광역시,영도구,2014,10,166864.6194
부산광역시,영도구,2014,11,162322.2225
부산광역시,영도구,2014,12,168151.3003
부산광역시,영도구,2015,1,171828.9596
부산광역시,영도구,2015,2,177208.0637
부산광역시,영도구,2015,3,176494.7781
부산광역시,영도구,2015,4,176296.2986
부산광역시,영도구,2015,5,172905.0905
부산광역시,영도구,2015,6,173891.2855
부산광역시,영도구,2015,7,180625.6323
부산광역시,영도구,2015,8,181556.0048
부산광역시,영도구,2015,9,176949.11
부산광역시,영도구,2015,10,174792.1962
부산광역시,영도구,2015,11,179211.466
부산광역시,영도구,2015,12,182080.1147
부산광역시,영도구,2016,1,199423.2581
부산광역시,영도구,2016,2,199415.0183
부산광역시,영도구,2016,3,200398.8439
부산광역시,영도구,2016,4,200540.5675
부산광역시,영도구,2016,5,200858.6217
부산광역시,영도구,2016,6,193762.5531
부산광역시,영도구,2016,7,194102.0306
부산광역시,영도구,2016,8,198497.1107
부산광역시,영도구,2016,9,191079.692
부산광역시,영도구,2016,10,185755.1687
부산광역시,영도구,2016,11,191053.3248
부산광역시,영도구,2016,12,190863.8107
부산광역시,영도구,2017,1,210804.6037
부산광역시,영도구,2017,2,205693.7407
부산광역시,영도구,2017,3,205886.7737
부산광역시,영도구,2017,4,202417.5928
부산광역시,영도구,2017,5,202491.5587
부산광역시,영도구,2017,6,205091.1893
부산광역시,영도구,2017,7,205188.6078
부산광역시,영도구,2017,8,202570.9368
부산광역시,영도구,2017,9,203379.1495
부산광역시,영도구,2017,10,195188.7797
부산광역시,영도구,2017,11,202616.0379
부산광역시,영도구,2017,12,193695.0294
부산광역시,영도구,2018,1,209432.2662
부산광역시,영도구,2018,2,208386.7119
부산광역시,영도구,2018,3,200564.417
부산광역시,영도구,2018,4,208373.1585
부산광역시,영도구,2018,5,223909.3205
부산광역시,영도구,2018,6,215393.8618
부산광역시,영도구,2018,7,212863.2332
부산광역시,영도구,2018,8,211990.0018
부산광역시,영도구,2018,9,210892.1698
부산광역시,영도구,2018,10,212900.0212
부산광역시,영도구,2018,11,212460.5012
부산광역시,영도구,2018,12,203784.3369
부산광역시,영도구,2019,1,220479.2418
부산광역시,영도구,2019,2,214092.3293
부산광역시,영도구,2019,3,214016.7325
부산광역시,영도구,2019,4,217036.5202
부산광역시,영도구,2019,5,217633.1224
부산광역시,영도구,2019,6,217287.8287
부산광역시,영도구,2019,7,214394.7167
부산광역시,영도구,2019,8,215935.258
부산광역시,영도구,2019,9,218859.0173
부산광역시,영도구,2019,10,216196.7822
부산광역시,영도구,2019,11,215340.699
부산광역시,영도구,2019,12,224716.7518
부산광역시,영도구,2020,1,223906.4933
부산광역시,영도구,2020,2,220267.4776
부산광역시,영도구,2020,3,226689.27
부산광역시,영도구,2020,4,211919.1476
부산광역시,영도구,2020,5,192011.5913
부산광역시,영도구,2020,6,215130.0437
부산광역시,영도구,2020,7,219839.3581
부산광역시,영도구,2020,8,211919.1476
부산광역시,영도구,2020,9,194152.1887
부산광역시,영도구,2020,10,212775.3866
부산광역시,영도구,2020,11,222194.0153
부산광역시,영도구,2020,12,218126.8802
부산광역시,영도구,2021,1,198956.331
부산광역시,영도구,2021,2,211540.9182
부산광역시,영도구,2021,3,205348.5023
부산광역시,영도구,2021,4,210342.3861
부산광역시,영도구,2021,5,213937.9824
부산광역시,영도구,2021,6,215935.5359
부산광역시,영도구,2021,7,221728.4412
부산광역시,영도구,2021,8,206347.279
부산광역시,영도구,2021,9,208944.0986
부산광역시,영도구,2021,10,213738.2271
부산광역시,영도구,2021,11,212539.695
부산광역시,영도구,2021,12,237109.6033
부산광역시,중구,2010,1,257482.8788
부산광역시,중구,2010,2,251994.7845
부산광역시,중구,2010,3,253023.6406
부산광역시,중구,2010,4,261257.0747
부산광역시,중구,2010,5,275945.4177
부산광역시,중구,2010,6,267151.0243
부산광역시,중구,2010,7,264291.9417
부산광역시,중구,2010,8,264418.61
부산광역시,중구,2010,9,261766.3326
부산광역시,중구,2010,10,266587.48
부산광역시,중구,2010,11,260463.4595
부산광역시,중구,2010,12,269759.3556
부산광역시,중구,2011,1,247009.8802
부산광역시,중구,2011,2,242785.7971
부산광역시,중구,2011,3,247930.5443
부산광역시,중구,2011,4,246532.8522
부산광역시,중구,2011,5,245180.4778
부산광역시,중구,2011,6,248813.0462
부산광역시,중구,2011,7,254783.0519
부산광역시,중구,2011,8,244755.9228
부산광역시,중구,2011,9,245767.2222
부산광역시,중구,2011,10,247782.6656
부산광역시,중구,2011,11,250313.2993
부산광역시,중구,2011,12,235010.2403
부산광역시,중구,2012,1,268803.3199
부산광역시,중구,2012,2,271599.2691
부산광역시,중구,2012,3,258424.149
부산광역시,중구,2012,4,268178.343
부산광역시,중구,2012,5,263606.1436
부산광역시,중구,2012,6,269886.2758
부산광역시,중구,2012,7,256048.2247
부산광역시,중구,2012,8,260547.0462
부산광역시,중구,2012,9,261584.4573
부산광역시,중구,2012,10,255446.0203
부산광역시,중구,2012,11,250909.2447
부산광역시,중구,2012,12,256531.5064
부산광역시,중구,2013,1,238008.55
부산광역시,중구,2013,2,242423.2154
부산광역시,중구,2013,3,241745.9786
부산광역시,중구,2013,4,236858.3953
부산광역시,중구,2013,5,230671.4356
부산광역시,중구,2013,6,228974.9001
부산광역시,중구,2013,7,232870.7334
부산광역시,중구,2013,8,234941.4709
부산광역시,중구,2013,9,244390.6456
부산광역시,중구,2013,10,237691.7409
부산광역시,중구,2013,11,237987.8885
부산광역시,중구,2013,12,236188.0457
부산광역시,중구,2014,1,243970.8731
부산광역시,중구,2014,2,249924.8357
부산광역시,중구,2014,3,247333.6938
부산광역시,중구,2014,4,244258.7778
부산광역시,중구,2014,5,244751.9915
부산광역시,중구,2014,6,248077.0542
부산광역시,중구,2014,7,257405.6369
부산광역시,중구,2014,8,254330.7208
부산광역시,중구,2014,9,252202.1143
부산광역시,중구,2014,10,257382.0381
부산광역시,중구,2014,11,250375.5717
부산광역시,중구,2014,12,259366.6923
부산광역시,중구,2015,1,251313.5638
부산광역시,중구,2015,2,259180.9327
부산광역시,중구,2015,3,258137.6955
부산광역시,중구,2015,4,257847.4035
부산광역시,중구,2015,5,252887.4911
부산광역시,중구,2015,6,254329.8799
부산광역시,중구,2015,7,264179.3994
부산광역시,중구,2015,8,265540.1436
부산광역시,중구,2015,9,258802.1923
부산광역시,중구,2015,10,255647.5338
부산광역시,중구,2015,11,262111.0684
부산광역시,중구,2015,12,266306.6961
부산광역시,중구,2016,1,278014.8525
부산광역시,중구,2016,2,278003.3655
부산광역시,중구,2016,3,279374.9113
부산광역시,중구,2016,4,279572.4874
부산광역시,중구,2016,5,280015.8849
부산광역시,중구,2016,6,270123.2952
부산광역시,중구,2016,7,270596.5589
부산광역시,중구,2016,8,276723.7156
부산광역시,중구,2016,9,266383.1336
부산광역시,중구,2016,10,258960.2452
부산광역시,중구,2016,11,266346.3752
부산광역시,중구,2016,12,266082.1746
부산광역시,중구,2017,1,270263.5555
부산광역시,중구,2017,2,263711.137
부산광역시,중구,2017,3,263958.6163
부산광역시,중구,2017,4,259510.928
부산광역시,중구,2017,5,259605.7565
부산광역시,중구,2017,6,262938.6316
부산광역시,중구,2017,7,263063.5277
부산광역시,중구,2017,8,259707.5237
부산광역시,중구,2017,9,260743.6986
부산광역시,중구,2017,10,250243.1762
부산광역시,중구,2017,11,259765.346
부산광역시,중구,2017,12,248328.103
부산광역시,중구,2018,1,261629.6766
부산광역시,중구,2018,2,260323.5358
부산광역시,중구,2018,3,250551.6676
부산광역시,중구,2018,4,260306.6043
부산광역시,중구,2018,5,279714.8891
부산광역시,중구,2018,6,269077.0979
부산광역시,중구,2018,7,265915.7534
부산광역시,중구,2018,8,264824.884
부산광역시,중구,2018,9,263453.4362
부산광역시,중구,2018,10,265961.7102
부산광역시,중구,2018,11,265412.6473
부산광역시,중구,2018,12,254574.0975
부산광역시,중구,2019,1,283667.1163
부산광역시,중구,2019,2,275449.7575
부산광역시,중구,2019,3,275352.4951
부산광역시,중구,2019,4,279237.7339
부산광역시,중구,2019,5,280005.3182
부산광역시,중구,2019,6,279561.0656
부산광역시,중구,2019,7,275838.8071
부산광역시,중구,2019,8,277820.8572
부산광역시,중구,2019,9,281582.5464
부산광역시,중구,2019,10,278157.3326
부산광역시,중구,2019,11,277055.9016
부산광역시,중구,2019,12,289119.0684
부산광역시,중구,2020,1,328659.0222
부산광역시,중구,2020,2,323317.5276
부산광역시,중구,2020,3,332743.6946
부산광역시,중구,2020,4,311063.5105
부산광역시,중구,2020,5,281842.3929
부산광역시,중구,2020,6,315776.594
부산광역시,중구,2020,7,322689.1165
부산광역시,중구,2020,8,311063.5105
부산광역시,중구,2020,9,284984.4485
부산광역시,중구,2020,10,312320.3328
부산광역시,중구,2020,11,326145.3777
부산광역시,중구,2020,12,320175.472
부산광역시,중구,2021,1,292763.6859
부산광역시,중구,2021,2,311281.8708
부산광역시,중구,2021,3,302169.7481
부산광역시,중구,2021,4,309518.2342
부산광역시,중구,2021,5,314809.1442
부산광역시,중구,2021,6,317748.5386
부산광역시,중구,2021,7,326272.7825
부산광역시,중구,2021,8,303639.4453
부산광역시,중구,2021,9,307460.6581
부산광역시,중구,2021,10,314515.2047
부산광역시,중구,2021,11,312751.5681
부산광역시,중구,2021,12,348906.1196
부산광역시,해운대구,2010,1,471382.7423
부산광역시,해운대구,2010,2,461335.4996
부산광역시,해운대구,2010,3,463219.0618
부산광역시,해운대구,2010,4,478292.2922
부산광역시,해운대구,2010,5,505182.7458
부산광역시,해운대구,2010,6,489082.5481
부산광역시,해운대구,2010,7,483848.3274
부산광역시,해운대구,2010,8,484080.2233
부산광역시,해운대구,2010,9,479224.6081
부산광역시,해운대구,2010,10,488050.8482
부산광역시,해운대구,2010,11,476839.3937
부산광역시,해운대구,2010,12,493857.7096
부산광역시,해운대구,2011,1,525615.4609
부산광역시,해운대구,2011,2,516626.9808
부산광역시,해운대구,2011,3,527574.5537
부산광역시,해운대구,2011,4,524600.3869
부산광역시,해운대구,2011,5,521722.6522
부산광역시,해운대구,2011,6,529452.4406
부산광역시,해운대구,2011,7,542156.0915
부산광역시,해운대구,2011,8,520819.2363
부산광역시,해운대구,2011,9,522971.1932
부산광역시,해운대구,2011,10,527259.8808
부산광역시,해운대구,2011,11,532644.8483
부산광역시,해운대구,2011,12,500081.2748
부산광역시,해운대구,2012,1,637436.6103
부산광역시,해운대구,2012,2,644066.887
부산광역시,해운대구,2012,3,612823.5828
부산광역시,해운대구,2012,4,635954.5484
부산광역시,해운대구,2012,5,625112.0958
부산광역시,해운대구,2012,6,640004.7175
부산광역시,해운대구,2012,7,607189.3476
부산광역시,해운대구,2012,8,617857.7929
부산광역시,해운대구,2012,9,620317.8956
부산광역시,해운대구,2012,10,605761.2879
부산광역시,해운대구,2012,11,595002.8388
부산광역시,해운대구,2012,12,608335.3954
부산광역시,해운대구,2013,1,563687.2924
부산광역시,해운대구,2013,2,574142.7606
부산광역시,해운대구,2013,3,572538.8276
부산광역시,해운대구,2013,4,560963.3249
부산광역시,해운대구,2013,5,546310.4457
부산광역시,해운대구,2013,6,542292.4577
부산광역시,해운대구,2013,7,551519.1501
부산광역시,해운대구,2013,8,556423.379
부산광역시,해운대구,2013,9,578802.3218
부산광역시,해운대구,2013,10,562936.978
부산광역시,해운대구,2013,11,563638.3589
부산광역시,해운대구,2013,12,559375.7031
부산광역시,해운대구,2014,1,545873.7422
부산광역시,해운대구,2014,2,559195.4629
부산광역시,해운대구,2014,3,553397.9008
부산광역시,해운대구,2014,4,546517.9158
부산광역시,해운대구,2014,5,547621.4591
부산광역시,해운대구,2014,6,555061.1358
부산광역시,해운대구,2014,7,575933.4156
부산광역시,해운대구,2014,8,569053.4307
부산광역시,해운대구,2014,9,564290.7703
부산광역시,해운대구,2014,10,575880.6145
부산광역시,해운대구,2014,11,560203.9642
부산광역시,해운대구,2014,12,580321.1881
부산광역시,해운대구,2015,1,573074.1701
부산광역시,해운대구,2015,2,591014.252
부산광역시,해운대구,2015,3,588635.3423
부산광역시,해운대구,2015,4,587973.3849
부산광역시,해운대구,2015,5,576663.2208
부산광역시,해운대구,2015,6,579952.322
부산광역시,해운대구,2015,7,602412.3323
부산광역시,해운대구,2015,8,605515.258
부산광역시,해운대구,2015,9,590150.6044
부산광역시,해운대구,2015,10,582956.9884
부산광역시,해운대구,2015,11,597695.8853
부산광역시,해운대구,2015,12,607263.2394
부산광역시,해운대구,2016,1,616247.665
부산광역시,해운대구,2016,2,616222.203
부산광역시,해운대구,2016,3,619262.371
부산광역시,해운대구,2016,4,619700.3182
부산광역시,해운대구,2016,5,620683.1531
부산광역시,해운대구,2016,6,598755.2408
부산광역시,해운대구,2016,7,599804.2771
부산광역시,해운대구,2016,8,613385.7313
부산광역시,해운대구,2016,9,590464.7993
부산광역시,해운대구,2016,10,574011.2265
부산광역시,해운대구,2016,11,590383.3208
부산광역시,해운대구,2016,12,589797.6938
부산광역시,해운대구,2017,1,678879.3626
부산광역시,해운대구,2017,2,662420.2374
부산광역시,해운대구,2017,3,663041.8846
부산광역시,해운대구,2017,4,651869.6651
부산광역시,해운대구,2017,5,652107.8664
부산광역시,해운대구,2017,6,660479.7687
부산광역시,해운대구,2017,7,660793.4972
부산광역시,해운대구,2017,8,652363.497
부산광역시,해운대구,2017,9,654966.2813
부산광역시,해운대구,2017,10,628589.8506
부산광역시,해운대구,2017,11,652508.7416
부산광역시,해운대구,2017,12,623779.3474
부산광역시,해운대구,2018,1,683404.1421
부산광역시,해운대구,2018,2,679992.3654
부산광역시,해운대구,2018,3,654467.2213
부산광역시,해운대구,2018,4,679948.1387
부산광역시,해운대구,2018,5,730644.6129
부산광역시,해운대구,2018,6,702857.5873
부산광역시,해운대구,2018,7,694599.8241
부산광역시,해운대구,2018,8,691750.3587
부산광역시,해운대구,2018,9,688167.9932
부산광역시,해운대구,2018,10,694719.8681
부산광역시,해운대구,2018,11,693285.6583
부산광역시,해운대구,2018,12,664974.2299
부산광역시,해운대구,2019,1,742739.239
부산광역시,해운대구,2019,2,721223.3336
부산광역시,해운대구,2019,3,720968.6668
부산광역시,해운대구,2019,4,731141.5741
부산광역시,해운대구,2019,5,733151.3771
부산광역시,해운대구,2019,6,731988.1692
부산광역시,해운대구,2019,7,722242.0009
부산광역시,해운대구,2019,8,727431.6979
부산광역시,해운대구,2019,9,737281.1094
부산광역시,해운대구,2019,10,728312.7074
부산광역시,해운대구,2019,11,725428.7777
부산광역시,해운대구,2019,12,757014.347
부산광역시,해운대구,2020,1,723544.2868
부산광역시,해운대구,2020,2,711784.9628
부산광역시,해운대구,2020,3,732536.711
부산광역시,해운대구,2020,4,684807.6902
부산광역시,해운대구,2020,5,620477.2708
부산광역시,해운대구,2020,6,695183.5643
부산광역시,해운대구,2020,7,710401.513
부산광역시,해운대구,2020,8,684807.6902
부산광역시,해운대구,2020,9,627394.5202
부산광역시,해운대구,2020,10,687574.59
부산광역시,해운대구,2020,11,718010.4873
부산광역시,해운대구,2020,12,704867.7134
부산광역시,해운대구,2021,1,635526.992
부산광역시,해운대구,2021,2,675725.9885
부산광역시,해운대구,2021,3,655945.5299
부산광역시,해운대구,2021,4,671897.5127
부산광역시,해운대구,2021,5,683382.9402
부산광역시,해운대구,2021,6,689763.7333
부산광역시,해운대구,2021,7,708268.0333
부산광역시,해운대구,2021,8,659135.9265
부산광역시,해운대구,2021,9,667430.9575
부산광역시,해운대구,2021,10,682744.8609
부산광역시,해운대구,2021,11,678916.3851
부산광역시,해운대구,2021,12,757400.1401
서울특별시,강남구,2010,1,3920337.337
서울특별시,강남구,2010,2,3830354.295
서울특별시,강남구,2010,3,3976880.489
서울특별시,강남구,2010,4,4168488.876
서울특별시,강남구,2010,5,4369527.167
서울특별시,강남구,2010,6,4577420.272
서울특별시,강남구,2010,7,4280849.804
서울특별시,강남구,2010,8,4135810.633
서울특별시,강남구,2010,9,4222892.166
서울특별시,강남구,2010,10,4155831.044
서울특별시,강남구,2010,11,4243710.492
서울특별시,강남구,2010,12,4242622.426
서울특별시,강남구,2011,1,4582361.934
서울특별시,강남구,2011,2,4258337.241
서울특별시,강남구,2011,3,4458065.657
서울특별시,강남구,2011,4,4336354.983
서울특별시,강남구,2011,5,4253690.651
서울특별시,강남구,2011,6,4323426.971
서울특별시,강남구,2011,7,4405304.38
서울특별시,강남구,2011,8,4587608.084
서울특별시,강남구,2011,9,4507341.993
서울특별시,강남구,2011,10,4534359.664
서울특별시,강남구,2011,11,4327698.836
서울특별시,강남구,2011,12,4353217.607
서울특별시,강남구,2012,1,4360899.397
서울특별시,강남구,2012,2,4551086.315
서울특별시,강남구,2012,3,4492527.4
서울특별시,강남구,2012,4,4474648.793
서울특별시,강남구,2012,5,4458954.116
서울특별시,강남구,2012,6,4440335.194
서울특별시,강남구,2012,7,4571222.882
서울특별시,강남구,2012,8,4486271.738
서울특별시,강남구,2012,9,4245854.45
서울특별시,강남구,2012,10,4415682.705
서울특별시,강남구,2012,11,4464062.289
서울특별시,강남구,2012,12,4349905.72
서울특별시,강남구,2013,1,4700791.577
서울특별시,강남구,2013,2,4741011.861
서울특별시,강남구,2013,3,4756569.148
서울특별시,강남구,2013,4,4649219.782
서울특별시,강남구,2013,5,4633744.16
서울특별시,강남구,2013,6,4628109.237
서울특별시,강남구,2013,7,4394259.934
서울특별시,강남구,2013,8,4616349.398
서울특별시,강남구,2013,9,4720105.48
서울특별시,강남구,2013,10,4852811.999
서울특별시,강남구,2013,11,4559877.67
서울특별시,강남구,2013,12,4627006.752
서울특별시,강남구,2014,1,4694922.241
서울특별시,강남구,2014,2,5050483.833
서울특별시,강남구,2014,3,4877977.228
서울특별시,강남구,2014,4,5032429.872
서울특별시,강남구,2014,5,4802028.882
서울특별시,강남구,2014,6,5135925.721
서울특별시,강남구,2014,7,5024478.016
서울특별시,강남구,2014,8,4913436.017
서울특별시,강남구,2014,9,4931246.553
서울특별시,강남구,2014,10,4884346.827
서울특별시,강남구,2014,11,4780850.978
서울특별시,강남구,2014,12,5010886.832
서울특별시,강남구,2015,1,5030070.509
서울특별시,강남구,2015,2,5080924.26
서울특별시,강남구,2015,3,4964013.514
서울특별시,강남구,2015,4,4928539.277
서울특별시,강남구,2015,5,4997240.315
서울특별시,강남구,2015,6,5128472.957
서울특별시,강남구,2015,7,5102296.936
서울특별시,강남구,2015,8,5227404.214
서울특별시,강남구,2015,9,5415880.376
서울특별시,강남구,2015,10,5437120.851
서울특별시,강남구,2015,11,5517676.012
서울특별시,강남구,2015,12,5465852.779
서울특별시,강남구,2016,1,5354846.919
서울특별시,강남구,2016,2,5404359.071
서울특별시,강남구,2016,3,5433119.174
서울특별시,강남구,2016,4,5296680.903
서울특별시,강남구,2016,5,5143494.609
서울특별시,강남구,2016,6,5072627.65
서울특별시,강남구,2016,7,5101947.455
서울특별시,강남구,2016,8,5141514.123
서울특별시,강남구,2016,9,5022082.2
서울특별시,강남구,2016,10,5080894.027
서울특별시,강남구,2016,11,5207042.38
서울특별시,강남구,2016,12,5341758.489
서울특별시,강남구,2017,1,5473682.943
서울특별시,강남구,2017,2,5499128.246
서울특별시,강남구,2017,3,5440881.004
서울특별시,강남구,2017,4,5100182.235
서울특별시,강남구,2017,5,5155616.647
서울특별시,강남구,2017,6,5078934.541
서울특별시,강남구,2017,7,5232601.673
서울특별시,강남구,2017,8,5032328.092
서울특별시,강남구,2017,9,5288165.907
서울특별시,강남구,2017,10,5045699.859
서울특별시,강남구,2017,11,5194779.912
서울특별시,강남구,2017,12,5409636.94
서울특별시,강남구,2018,1,5717789.189
서울특별시,강남구,2018,2,5968225.22
서울특별시,강남구,2018,3,5400298.474
서울특별시,강남구,2018,4,5510040.609
서울특별시,강남구,2018,5,5439895.228
서울특별시,강남구,2018,6,5299828.429
서울특별시,강남구,2018,7,5401194.328
서울특별시,강남구,2018,8,5385068.953
서울특별시,강남구,2018,9,5265785.971
서울특별시,강남구,2018,10,5417722.837
서울특별시,강남구,2018,11,5519984.59
서울특별시,강남구,2018,12,5364061.173
서울특별시,강남구,2019,1,6066055.206
서울특별시,강남구,2019,2,5875090.425
서울특별시,강남구,2019,3,5605498.844
서울특별시,강남구,2019,4,5553782.274
서울특별시,강남구,2019,5,5647380.948
서울특별시,강남구,2019,6,5634121.544
서울특별시,강남구,2019,7,5788341.628
서울특별시,강남구,2019,8,5721506.401
서울특별시,강남구,2019,9,5597474.703
서울특별시,강남구,2019,10,5526382.767
서울특별시,강남구,2019,11,5277927.949
서울특별시,강남구,2019,12,5496243.309
서울특별시,강남구,2020,1,6176901.783
서울특별시,강남구,2020,2,5353698.656
서울특별시,강남구,2020,3,5359455.321
서울특별시,강남구,2020,4,5940878.508
서울특별시,강남구,2020,5,5670315.243
서울특별시,강남구,2020,6,5773935.217
서울특별시,강남구,2020,7,5526398.613
서울특별시,강남구,2020,8,5733638.56
서울특별시,강남구,2020,9,5929365.178
서울특별시,강남구,2020,10,5509128.617
서울특별시,강남구,2020,11,6125091.796
서울특별시,강남구,2020,12,5940878.508
서울특별시,강남구,2021,1,5634653.125
서울특별시,강남구,2021,2,6081235.222
서울특별시,강남구,2021,3,5915834.445
서울특별시,강남구,2021,4,5838647.416
서울특별시,강남구,2021,5,5761460.387
서울특별시,강남구,2021,6,5893781.008
서울특별시,강남구,2021,7,5970968.037
서울특별시,강남구,2021,8,5860700.853
서울특별시,강남구,2021,9,5893781.008
서울특별시,강남구,2021,10,5899294.367
서울특별시,강남구,2021,11,5507845.863
서울특별시,강남구,2021,12,6020588.27
서울특별시,강동구,2010,1,539731.3858
서울특별시,강동구,2010,2,527342.9949
서울특별시,강동구,2010,3,547515.9491
서울특별시,강동구,2010,4,573895.5821
서울특별시,강동구,2010,5,601573.4746
서울특별시,강동구,2010,6,630195.1018
서울특별시,강동구,2010,7,589364.8426
서울특별시,강동구,2010,8,569396.6139
서울특별시,강동구,2010,9,581385.5404
서울특별시,강동구,2010,10,572152.9185
서울특별시,강동구,2010,11,584251.6978
서울특별시,강동구,2010,12,584101.8986
서울특별시,강동구,2011,1,641331.324
서울특별시,강동구,2011,2,595981.963
서울특별시,강동구,2011,3,623935.2525
서울특별시,강동구,2011,4,606901.0528
서울특별시,강동구,2011,5,595331.6426
서울특별시,강동구,2011,6,605091.6936
서울특별시,강동구,2011,7,616550.9689
서울특별시,강동구,2011,8,642065.5568
서울특별시,강동구,2011,9,630831.7958
서울특별시,강동구,2011,10,634613.0944
서울특별시,강동구,2011,11,605689.5688
서울특별시,강동구,2011,12,609261.0867
서울특별시,강동구,2012,1,662963.74
서울특별시,강동구,2012,2,691876.8193
서울특별시,강동구,2012,3,682974.427
서울특별시,강동구,2012,4,680256.44
서울특별시,강동구,2012,5,677870.4638
서울특별시,강동구,2012,6,675039.9307
서울특별시,강동구,2012,7,694938.0717
서울특별시,강동구,2012,8,682023.4129
서울특별시,강동구,2012,9,645474.0844
서울특별시,강동구,2012,10,671292.1474
서울특별시,강동구,2012,11,678647.0315
서울특별시,강동구,2012,12,661292.4312
서울특별시,강동구,2013,1,641702.0063
서울특별시,강동구,2013,2,647192.4511
서울특별시,강동구,2013,3,649316.1663
서울특별시,강동구,2013,4,634661.974
서울특별시,강동구,2013,5,632549.407
서울특별시,강동구,2013,6,631780.1873
서울특별시,강동구,2013,7,599857.5707
서울특별시,강동구,2013,8,630174.8593
서울특별시,강동구,2013,9,644338.5346
서울특별시,강동구,2013,10,662454.2154
서울특별시,강동구,2013,11,622465.9403
서울특별시,강동구,2013,12,631629.6878
서울특별시,강동구,2014,1,600165.3241
서울특별시,강동구,2014,2,645617.7783
서울특별시,강동구,2014,3,623565.766
서울특별시,강동구,2014,4,643309.8889
서울특별시,강동구,2014,5,613857.072
서울특별시,강동구,2014,6,656540.059
서울특별시,강동구,2014,7,642293.3804
서울특별시,강동구,2014,8,628098.5644
서울특별시,강동구,2014,9,630375.3361
서울특별시,강동구,2014,10,624380.0101
서울특별시,강동구,2014,11,611149.8401
서울특별시,강동구,2014,12,640555.9805
서울특별시,강동구,2015,1,607130.408
서울특별시,강동구,2015,2,613268.4647
서울특별시,강동구,2015,3,599157.3169
서울특별시,강동구,2015,4,594875.5702
서울특별시,강동구,2015,5,603167.7976
서울특별시,강동구,2015,6,619007.601
서울특별시,강동구,2015,7,615848.1506
서울특별시,강동구,2015,8,630948.6213
서울특별시,강동구,2015,9,653697.7278
서울특별시,강동구,2015,10,656261.4569
서울특별시,강동구,2015,11,665984.4792
서울특별시,강동구,2015,12,659729.4058
서울특별시,강동구,2016,1,659775.6315
서울특별시,강동구,2016,2,665876.0695
서울특별시,강동구,2016,3,669419.6283
서울특별시,강동구,2016,4,652608.9431
서울특별시,강동구,2016,5,633734.7184
서울특별시,강동구,2016,6,625003.1349
서울특별시,강동구,2016,7,628615.6552
서울특별시,강동구,2016,8,633490.7008
서울특별시,강동구,2016,9,618775.3834
서울특별시,강동구,2016,10,626021.6428
서울특별시,강동구,2016,11,641564.4979
서울특별시,강동구,2016,12,658162.994
서울특별시,강동구,2017,1,687362.4359
서울특별시,강동구,2017,2,690557.7518
서울특별시,강동구,2017,3,683243.3043
서울특별시,강동구,2017,4,640459.7639
서울특별시,강동구,2017,5,647420.9877
서울특별시,강동구,2017,6,637791.5664
서울특별시,강동구,2017,7,657088.4484
서울특별시,강동구,2017,8,631938.9216
서울특별시,강동구,2017,9,664065.9749
서울특별시,강동구,2017,10,633618.0927
서울특별시,강동구,2017,11,652338.9483
서울특별시,강동구,2017,12,679319.8042
서울특별시,강동구,2018,1,726554.3404
서울특별시,강동구,2018,2,758377.0221
서울특별시,강동구,2018,3,686211.0802
서울특별시,강동구,2018,4,700155.9148
서울특별시,강동구,2018,5,691242.6042
서울특별시,강동구,2018,6,673444.4419
서울특별시,강동구,2018,7,686324.9156
서울특별시,강동구,2018,8,684275.8787
서울특별시,강동구,2018,9,669118.6973
서울특별시,강동구,2018,10,688425.1784
서울특별시,강동구,2018,11,701419.4876
서울특별시,강동구,2018,12,681606.4389
서울특별시,강동구,2019,1,780311.2444
서울특별시,강동구,2019,2,755746.3566
서울특별시,강동구,2019,3,721067.2555
서울특별시,강동구,2019,4,714414.6584
서울특별시,강동구,2019,5,726454.7892
서울특별시,강동구,2019,6,724749.1564
서울특별시,강동구,2019,7,744587.3645
서울특별시,강동구,2019,8,735989.9685
서울특별시,강동구,2019,9,720035.0645
서울특별시,강동구,2019,10,710890.1037
서울특별시,강동구,2019,11,678929.9448
서울특별시,강동구,2019,12,707013.0935
서울특별시,강동구,2020,1,765193.8501
서울특별시,강동구,2020,2,663215.5457
서울특별시,강동구,2020,3,663928.6807
서울특별시,강동구,2020,4,735955.3153
서울특별시,강동구,2020,5,702437.9705
서울특별시,강동구,2020,6,715274.4004
서울특별시,강동구,2020,7,684609.5956
서울특별시,강동구,2020,8,710282.4554
서울특별시,강동구,2020,9,734529.0453
서울특별시,강동구,2020,10,682470.1906
서울특별시,강동구,2020,11,758775.6351
서울특별시,강동구,2020,12,735955.3153
서울특별시,강동구,2021,1,678762.9797
서울특별시,강동구,2021,2,732559.2628
서울특별시,강동구,2021,3,712634.7135
서울특별시,강동구,2021,4,703336.5905
서울특별시,강동구,2021,5,694038.4675
서울특별시,강동구,2021,6,709978.1069
서울특별시,강동구,2021,7,719276.2299
서울특별시,강동구,2021,8,705993.1971
서울특별시,강동구,2021,9,709978.1069
서울특별시,강동구,2021,10,710642.2586
서울특별시,강동구,2021,11,663487.4919
서울특별시,강동구,2021,12,725253.5947
서울특별시,강북구,2010,1,304814.8024
서울특별시,강북구,2010,2,297818.4241
서울특별시,강북구,2010,3,309211.1561
서울특별시,강북구,2010,4,324109.1273
서울특별시,강북구,2010,5,339740.2941
서울특별시,강북구,2010,6,355904.4377
서울특별시,강북구,2010,7,332845.4352
서울특별시,강북구,2010,8,321568.3225
서울특별시,강북구,2010,9,328339.1021
서울특별시,강북구,2010,10,323124.9532
서울특별시,강북구,2010,11,329957.7724
서울특별시,강북구,2010,12,329873.1729
서울특별시,강북구,2011,1,295722.5103
서울특별시,강북구,2011,2,274811.5921
서울특별시,강북구,2011,3,287701.056
서울특별시,강북구,2011,4,279846.4633
서울특별시,강북구,2011,5,274511.7246
서울특별시,강북구,2011,6,279012.1547
서울특별시,강북구,2011,7,284296.1094
서울특별시,강북구,2011,8,296061.0703
서울특별시,강북구,2011,9,290881.1019
서울특별시,강북구,2011,10,292624.6861
서울특별시,강북구,2011,11,279287.8393
서울특별시,강북구,2011,12,280934.692
서울특별시,강북구,2012,1,267412.4635
서울특별시,강북구,2012,2,279074.8174
서울특별시,강북구,2012,3,275483.9564
서울특별시,강북구,2012,4,274387.6316
서울특별시,강북구,2012,5,273425.2264
서울특별시,강북구,2012,6,272283.5051
서울특별시,강북구,2012,7,280309.6015
서울특별시,강북구,2012,8,275100.3562
서울특별시,강북구,2012,9,260357.8516
서울특별시,강북구,2012,10,270771.8025
서울특별시,강북구,2012,11,273738.462
서울특별시,강북구,2012,12,266738.3259
서울특별시,강북구,2013,1,249554.6265
서울특별시,강북구,2013,2,251689.8324
서울특별시,강북구,2013,3,252515.7344
서울특별시,강북구,2013,4,246816.794
서울특별시,강북구,2013,5,245995.2275
서울특별시,강북구,2013,6,245696.0819
서울특별시,강북구,2013,7,233281.5396
서울특별시,강북구,2013,8,245071.778
서울특별시,강북구,2013,9,250579.9589
서울특별시,강북구,2013,10,257625.0545
서울특별시,강북구,2013,11,242073.8189
서울특별시,강북구,2013,12,245637.5534
서울특별시,강북구,2014,1,227464.9195
서울특별시,강북구,2014,2,244691.5709
서울특별시,강북구,2014,3,236333.7752
서울특별시,강북구,2014,4,243816.8722
서울특별시,강북구,2014,5,232654.1436
서울특별시,강북구,2014,6,248831.1565
서울특별시,강북구,2014,7,243431.6116
서울특별시,강북구,2014,8,238051.7229
서울특별시,강북구,2014,9,238914.6279
서울특별시,강북구,2014,10,236642.3768
서울특별시,강북구,2014,11,231628.0925
서울특별시,강북구,2014,12,242773.1305
서울특별시,강북구,2015,1,222787.6897
서울특별시,강북구,2015,2,225040.0617
서울특별시,강북구,2015,3,219861.9484
서울특별시,강북구,2015,4,218290.7531
서울특별시,강북구,2015,5,221333.6021
서울특별시,강북구,2015,6,227146.0489
서울특별시,강북구,2015,7,225986.6825
서울특별시,강북구,2015,8,231527.8297
서울특별시,강북구,2015,9,239875.6588
서울특별시,강북구,2015,10,240816.4242
서울특별시,강북구,2015,11,244384.3062
서울특별시,강북구,2015,12,242088.9948
서울특별시,강북구,2016,1,246530.0611
서울특별시,강북구,2016,2,248809.5351
서울특별시,강북구,2016,3,250133.6121
서울특별시,강북구,2016,4,243852.1748
서울특별시,강북구,2016,5,236799.6807
서울특별시,강북구,2016,6,233537.0597
서울특별시,강북구,2016,7,234886.9047
서울특별시,강북구,2016,8,236708.5017
서울특별시,강북구,2016,9,231210.0142
서울특별시,강북구,2016,10,233917.6328
서울특별시,강북구,2016,11,239725.3359
서울특별시,강북구,2016,12,245927.4872
서울특별시,강북구,2017,1,255694.5976
서울특별시,강북구,2017,2,256883.2354
서울특별시,강북구,2017,3,254162.3059
서울특별시,강북구,2017,4,238247.0921
서울특별시,강북구,2017,5,240836.6246
서울특별시,강북구,2017,6,237254.5391
서울특별시,강북구,2017,7,244432.8605
서울특별시,강북구,2017,8,235077.3912
서울특별시,강북구,2017,9,247028.4574
서울특별시,강북구,2017,10,235702.0325
서울특별시,강북구,2017,11,242666.0757
서울특별시,강북구,2017,12,252702.788
서울특별시,강북구,2018,1,265552.0846
서울특별시,강북구,2018,2,277183.1203
서울특별시,강북구,2018,3,250806.8189
서울특별시,강북구,2018,4,255903.5882
서울특별시,강북구,2018,5,252645.8165
서울특별시,강북구,2018,6,246140.6745
서울특별시,강북구,2018,7,250848.4252
서울특별시,강북구,2018,8,250099.5121
서울특별시,강북구,2018,9,244559.6359
서울특별시,강북구,2018,10,251616.061
서울특별시,강북구,2018,11,256365.4179
서울특별시,강북구,2018,12,249123.8448
서울특별시,강북구,2019,1,276347.591
서울특별시,강북구,2019,2,267647.9245
서울특별시,강북구,2019,3,255366.3047
서울특별시,강북구,2019,4,253010.2844
서울특별시,강북구,2019,5,257274.3023
서울특별시,강북구,2019,6,256670.2517
서울특별시,강북구,2019,7,263695.9623
서울특별시,강북구,2019,8,260651.1905
서울특별시,강북구,2019,9,255000.7538
서울특별시,강북구,2019,10,251762.0617
서울특별시,강북구,2019,11,240443.3565
서울특별시,강북구,2019,12,250389.0167
서울특별시,강북구,2020,1,277875.8648
서울특별시,강북구,2020,2,240843.0143
서울특별시,강북구,2020,3,241101.9852
서울특별시,강북구,2020,4,267258.0545
서울특별시,강북구,2020,5,255086.4183
서울특별시,강북구,2020,6,259747.896
서울특별시,강북구,2020,7,248612.1438
서울특별시,강북구,2020,8,257935.0991
서울특별시,강북구,2020,9,266740.1126
서울특별시,강북구,2020,10,247835.2308
서울특별시,강북구,2020,11,275545.126
서울특별시,강북구,2020,12,267258.0545
서울특별시,강북구,2021,1,254488.5832
서울특별시,강북구,2021,2,274658.422
서울특별시,강북구,2021,3,267188.1113
서울특별시,강북구,2021,4,263701.9663
서울특별시,강북구,2021,5,260215.8214
서울특별시,강북구,2021,6,266192.0699
서울특별시,강북구,2021,7,269678.2149
서울특별시,강북구,2021,8,264698.0078
서울특별시,강북구,2021,9,266192.0699
서울특별시,강북구,2021,10,266441.0803
서울특별시,강북구,2021,11,248761.345
서울특별시,강북구,2021,12,271919.3081
서울특별시,강서구,2010,1,645980.3451
서울특별시,강서구,2010,2,631153.2343
서울특별시,강서구,2010,3,655297.3406
서울특별시,강서구,2010,4,686869.943
서울특별시,강서구,2010,5,719996.374
서울특별시,강서구,2010,6,754252.3188
서울특별시,강서구,2010,7,705384.4086
서울특별시,강서구,2010,8,681485.3292
서울특별시,강서구,2010,9,695834.3389
서울특별시,강서구,2010,10,684784.2268
서울특별시,강서구,2010,11,699264.7144
서울특별시,강서구,2010,12,699085.4264
서울특별시,강서구,2011,1,757347.1107
서울특별시,강서구,2011,2,703794.1245
서울특별시,강서구,2011,3,736804.1183
서울특별시,강서구,2011,4,716688.4598
서울특별시,강서구,2011,5,703026.1622
서울특별시,강서구,2011,6,714551.7904
서울특별시,강서구,2011,7,728084.0299
서울특별시,강서구,2011,8,758214.1649
서울특별시,강서구,2011,9,744948.235
서울특별시,강서구,2011,10,749413.5643
서울특별시,강서구,2011,11,715257.8203
서울특별시,강서구,2011,12,719475.4199
서울특별시,강서구,2012,1,721080.0796
서울특별시,강서구,2012,2,752527.7203
서울특별시,강서구,2012,3,742844.9317
서울특별시,강서구,2012,4,739888.6821
서울특별시,강서구,2012,5,737293.5479
서울특별시,강서구,2012,6,734214.8863
서울특별시,강서구,2012,7,755857.3265
서울특별시,강서구,2012,8,741810.5504
서울특별시,강서구,2012,9,702057.256
서울특별시,강서구,2012,10,730138.567
서울특별시,강서구,2012,11,738138.1906
서울특별시,강서구,2012,12,719262.2615
서울특별시,강서구,2013,1,806073.7475
서울특별시,강서구,2013,2,812970.5678
서울특별시,강서구,2013,3,815638.2719
서울특별시,강서구,2013,4,797230.4135
서울특별시,강서구,2013,5,794576.7131
서울특별시,강서구,2013,6,793610.4581
서울특별시,강서구,2013,7,753510.8746
서울특별시,강서구,2013,8,791593.9259
서울특별시,강서구,2013,9,809385.6216
서울특별시,강서구,2013,10,832141.6276
서울특별시,강서구,2013,11,781910.3701
서울특별시,강서구,2013,12,793421.4082
서울특별시,강서구,2014,1,757454.1951
서울특별시,강서구,2014,2,814818.6424
서울특별시,강서구,2014,3,786987.3291
서울특별시,강서구,2014,4,811905.9109
서울특별시,강서구,2014,5,774734.2203
서울특별시,강서구,2014,6,828603.3898
서울특별시,강서구,2014,7,810622.9999
서울특별시,강서구,2014,8,792708.0647
서울특별시,강서구,2014,9,795581.5234
서울특별시,강서구,2014,10,788014.9669
서울특별시,강서구,2014,11,771317.4881
서울특별시,강서구,2014,12,808430.2694
서울특별시,강서구,2015,1,819492.3405
서울특별시,강서구,2015,2,827777.3653
서울특별시,강서구,2015,3,808730.4235
서울특별시,강서구,2015,4,802951.0084
서울특별시,강서구,2015,5,814143.6893
서울특별시,강서구,2015,6,835523.9354
서울특별시,강서구,2015,7,831259.3732
서울특별시,강서구,2015,8,851641.683
서울특별시,강서구,2015,9,882347.9666
서울특별시,강서구,2015,10,885808.4362
서울특별시,강서구,2015,11,898932.3751
서울특별시,강서구,2015,12,890489.4035
서울특별시,강서구,2016,1,952414.4181
서울특별시,강서구,2016,2,961220.662
서울특별시,강서구,2016,3,966335.941
서울특별시,강서구,2016,4,942068.996
서울특별시,강서구,2016,5,914823.2432
서울특별시,강서구,2016,6,902218.8281
서울특별시,강서구,2016,7,907433.656
서울특별시,강서구,2016,8,914470.9935
서울특별시,강서구,2016,9,893228.8017
서울특별시,강서구,2016,10,903689.0879
서울특별시,강서구,2016,11,926125.8658
서울특별시,강서구,2016,12,950086.5067
서울특별시,강서구,2017,1,1397346.463
서울특별시,강서구,2017,2,1403842.255
서울특별시,강서구,2017,3,1388972.636
서울특별시,강서구,2017,4,1301997.518
서울특별시,강서구,2017,5,1316149.064
서울특별시,강서구,2017,6,1296573.311
서울특별시,강서구,2017,7,1335802.149
서울특별시,강서구,2017,8,1284675.406
서울특별시,강서구,2017,9,1349986.837
서울특별시,강서구,2017,10,1288089.011
서울특별시,강서구,2017,11,1326146.839
서울특별시,강서구,2017,12,1380996.51
서울특별시,강서구,2018,1,1457355.815
서울특별시,강서구,2018,2,1521187.201
서울특별시,강서구,2018,3,1376433.465
서울특별시,강서구,2018,4,1404404.65
서울특별시,강서구,2018,5,1386525.925
서울특별시,강서구,2018,6,1350825.56
서울특별시,강서구,2018,7,1376661.801
서울특별시,강서구,2018,8,1372551.749
서울특별시,강서구,2018,9,1342148.784
서울특별시,강서구,2018,10,1380874.604
서울특별시,강서구,2018,11,1406939.182
서울특별시,강서구,2018,12,1367197.265
서울특별시,강서구,2019,1,1473875.772
서울특별시,강서구,2019,2,1427476.86
서울특별시,강서구,2019,3,1361973.912
서울특별시,강서구,2019,4,1349408.283
서울특별시,강서구,2019,5,1372150.05
서울특별시,강서구,2019,6,1368928.399
서울특별시,강서구,2019,7,1406399.414
서울특별시,강서구,2019,8,1390160.389
서울특별시,강서구,2019,9,1360024.278
서울특별시,강서구,2019,10,1342750.996
서울특별시,강서구,2019,11,1282383.669
서울특별시,강서구,2019,12,1335427.98
서울특별시,강서구,2020,1,1388943.342
서울특별시,강서구,2020,2,1203837.193
서울특별시,강서구,2020,3,1205131.642
서울특별시,강서구,2020,4,1335870.95
서울특별시,강서구,2020,5,1275031.866
서울특별시,강서구,2020,6,1298331.941
서울특별시,강서구,2020,7,1242670.651
서울특별시,강서구,2020,8,1289270.801
서울특별시,강서구,2020,9,1333282.053
서울특별시,강서구,2020,10,1238787.305
서울특별시,강서구,2020,11,1377293.305
서울특별시,강서구,2020,12,1335870.95
서울특별시,강서구,2021,1,1324608.451
서울특별시,강서구,2021,2,1429592.096
서울특별시,강서구,2021,3,1390709.265
서울특별시,강서구,2021,4,1372563.943
서울특별시,강서구,2021,5,1354418.622
서울특별시,강서구,2021,6,1385524.887
서울특별시,강서구,2021,7,1403670.208
서울특별시,강서구,2021,8,1377748.321
서울특별시,강서구,2021,9,1385524.887
서울특별시,강서구,2021,10,1386820.981
서울특별시,강서구,2021,11,1294798.281
서울특별시,강서구,2021,12,1415335.058
서울특별시,관악구,2010,1,419628.7974
서울특별시,관악구,2010,2,409997.107
서울특별시,관악구,2010,3,425681.1172
서울특별시,관악구,2010,4,446190.678
서울특별시,관악구,2010,5,467709.6057
서울특별시,관악구,2010,6,489962.2657
서울특별시,관악구,2010,7,458217.6739
서울특별시,관악구,2010,8,442692.8331
서울특별시,관악구,2010,9,452013.9491
서울특별시,관악구,2010,10,444835.7969
서울특별시,관악구,2010,11,454242.3208
서울특별시,관악구,2010,12,454125.8554
서울특별시,관악구,2011,1,480076.7224
서울특별시,관악구,2011,2,446129.8812
서울특별시,관악구,2011,3,467054.6717
서울특별시,관악구,2011,4,454303.5048
서울특별시,관악구,2011,5,445643.0756
서울특별시,관악구,2011,6,452949.0859
서울특별시,관악구,2011,7,461527.0723
서울특별시,관악구,2011,8,480626.3417
서울특별시,관악구,2011,9,472217.1669
서울특별시,관악구,2011,10,475047.7061
서울특별시,관악구,2011,11,453396.6331
서울특별시,관악구,2011,12,456070.1382
서울특별시,관악구,2012,1,452979.4291
서울특별시,관악구,2012,2,472734.7028
서울특별시,관악구,2012,3,466652.0163
서울특별시,관악구,2012,4,464794.913
서울특별시,관악구,2012,5,463164.6607
서울특별시,관악구,2012,6,461230.6586
서울특별시,관악구,2012,7,474826.3472
서울특별시,관악구,2012,8,466002.2224
서울특별시,관악구,2012,9,441029.3725
서울특별시,관악구,2012,10,458669.9322
서울특별시,관악구,2012,11,463695.2617
서울특별시,관악구,2012,12,451837.4835
서울특별시,관악구,2013,1,472428.407
서울특별시,관악구,2013,2,476470.5357
서울특별시,관악구,2013,3,478034.0393
서울특별시,관악구,2013,4,467245.4542
서울특별시,관악구,2013,5,465690.158
서울특별시,관악구,2013,6,465123.8496
서울특별시,관악구,2013,7,441622.0516
서울특별시,관악구,2013,8,463941.9886
서울특별시,관악구,2013,9,474369.4495
서울특별시,관악구,2013,10,487706.4224
서울특별시,관악구,2013,11,458266.5937
서울특별시,관악구,2013,12,465013.0501
서울특별시,관악구,2014,1,450871.45
서울특별시,관악구,2014,2,485017.398
서울특별시,관악구,2014,3,468450.9248
서울특별시,관악구,2014,4,483283.6067
서울특별시,관악구,2014,5,461157.3129
서울특별시,관악구,2014,6,493222.7113
서울특별시,관악구,2014,7,482519.9593
서울특별시,관악구,2014,8,471856.1688
서울특별시,관악구,2014,9,473566.5832
서울특별시,관악구,2014,10,469062.622
서울특별시,관악구,2014,11,459123.5173
서울특별시,관악구,2014,12,481214.7456
서울특별시,관악구,2015,1,451975.9009
서울특별시,관악구,2015,2,456545.3537
서울특별시,관악구,2015,3,446040.3638
서울특별시,관악구,2015,4,442852.8339
서울특별시,관악구,2015,5,449025.9508
서울특별시,관악구,2015,6,460817.8316
서울특별시,관악구,2015,7,458465.7909
서울특별시,관악구,2015,8,469707.2784
서울특별시,관악구,2015,9,486642.7633
서울특별시,관악구,2015,10,488551.3216
서울특별시,관악구,2015,11,495789.5882
서울특별시,관악구,2015,12,491133.0228
서울특별시,관악구,2016,1,471061.0688
서울특별시,관악구,2016,2,475416.6083
서울특별시,관악구,2016,3,477946.6087
서울특별시,관악구,2016,4,465944.2567
서울특별시,관악구,2016,5,452468.5962
서울특별시,관악구,2016,6,446234.4935
서울특별시,관악구,2016,7,448813.7304
서울특별시,관악구,2016,8,452294.3746
서울특별시,관악구,2016,9,441788.0557
서울특별시,관악구,2016,10,446961.6792
서울특별시,관악구,2016,11,458058.8365
서울특별시,관악구,2016,12,469909.6914
서울특별시,관악구,2017,1,482920.0023
서울특별시,관악구,2017,2,485164.9343
서울특별시,관악구,2017,3,480026.0253
서울특별시,관악구,2017,4,449967.6073
서울특별시,관악구,2017,5,454858.3521
서울특별시,관악구,2017,6,448093.0127
서울특별시,관악구,2017,7,461650.4168
서울특별시,관악구,2017,8,443981.1219
서울특별시,관악구,2017,9,466552.6153
서울특별시,관악구,2017,10,445160.8566
서울특별시,관악구,2017,11,458313.5621
서울특별시,관악구,2017,12,477269.4932
서울특별시,관악구,2018,1,485584.2624
서울특별시,관악구,2018,2,506852.5868
서울특별시,관악구,2018,3,458621.307
서울특별시,관악구,2018,4,467941.1773
서울특별시,관악구,2018,5,461984.0684
서울특별시,관악구,2018,6,450088.8707
서울특별시,관악구,2018,7,458697.3876
서울특별시,관악구,2018,8,457327.9373
서울특별시,관악구,2018,9,447197.8089
서울특별시,관악구,2018,10,460101.0742
서울특별시,관악구,2018,11,468785.6717
서울특별시,관악구,2018,12,455543.8478
서울특별시,관악구,2019,1,505533.7273
서울특별시,관악구,2019,2,489619.0786
서울특별시,관악구,2019,3,467151.8191
서울특별시,관악구,2019,4,462841.8566
서울특별시,관악구,2019,5,470642.1955
서울특별시,관악구,2019,6,469537.1815
서울특별시,관악구,2019,7,482389.5957
서울특별시,관악구,2019,8,476819.6725
서울특별시,관악구,2019,9,466483.1021
서울특별시,관악구,2019,10,460558.4328
서울특별시,관악구,2019,11,439852.6716
서울특별시,관악구,2019,12,458046.6666
서울특별시,관악구,2020,1,514242.3851
서울특별시,관악구,2020,2,445708.6842
서울특별시,관악구,2020,3,446187.9409
서울특별시,관악구,2020,4,494592.8625
서울특별시,관악구,2020,5,472067.8
서울특별시,관악구,2020,6,480694.4197
서울특별시,관악구,2020,7,460086.3837
서울특별시,관악구,2020,8,477339.6231
서울특별시,관악구,2020,9,493634.3492
서울특별시,관악구,2020,10,458648.6138
서울특별시,관악구,2020,11,509929.0753
서울특별시,관악구,2020,12,494592.8625
서울특별시,관악구,2021,1,474005.2356
서울특별시,관악구,2021,2,511573.1652
서울특별시,관악구,2021,3,497659.1172
서울특별시,관악구,2021,4,491165.8948
서울특별시,관악구,2021,5,484672.6724
서울특별시,관악구,2021,6,495803.9108
서울특별시,관악구,2021,7,502297.1332
서울특별시,관악구,2021,8,493021.1012
서울특별시,관악구,2021,9,495803.9108
서울특별시,관악구,2021,10,496267.7124
서울특별시,관악구,2021,11,463337.7988
서울특별시,관악구,2021,12,506471.3476
서울특별시,광진구,2010,1,472863.2426
서울특별시,광진구,2010,2,462009.6683
서울특별시,광진구,2010,3,479683.3645
서울특별시,광진구,2010,4,502794.7846
서울특별시,광진구,2010,5,527043.6208
서울특별시,광진구,2010,6,552119.271
서울특별시,광진구,2010,7,516347.5348
서울특별시,광진구,2010,8,498853.2004
서울특별시,광진구,2010,9,509356.8005
서울특별시,광진구,2010,10,501268.0222
서울특별시,광진구,2010,11,511867.8653
서울특별시,광진구,2010,12,511736.625
서울특별시,광진구,2011,1,509212.4402
서울특별시,광진구,2011,2,473205.3751
서울특별시,광진구,2011,3,495400.0851
서울특별시,광진구,2011,4,481875.0535
서울특별시,광진구,2011,5,472689.0254
서울특별시,광진구,2011,6,480438.4354
서울특별시,광진구,2011,7,489537.0172
서울특별시,광진구,2011,8,509795.4157
서울특별시,광진구,2011,9,500875.8906
서울특별시,광진구,2011,10,503878.2144
서울특별시,광진구,2011,11,480913.144
서울특별시,광진구,2011,12,483748.9034
서울특별시,광진구,2012,1,480663.4744
서울특별시,광진구,2012,2,501626.1007
서울특별시,광진구,2012,3,495171.6681
서울특별시,광진구,2012,4,493201.067
서울특별시,광진구,2012,5,491471.1811
서울특별시,광진구,2012,6,489418.9816
서울특별시,광진구,2012,7,503845.5769
서울특별시,광진구,2012,8,494482.1617
서울특별시,광진구,2012,9,467983.0847
서울특별시,광진구,2012,10,486701.7553
서울특별시,광진구,2012,11,492034.21
서울특별시,광진구,2012,12,479451.7383
서울특별시,광진구,2013,1,494698.4221
서울특별시,광진구,2013,2,498931.0945
서울특별시,광진구,2013,3,500568.3008
서울특별시,광진구,2013,4,489271.1477
서울특별시,광진구,2013,5,487642.5357
서울특별시,광진구,2013,6,487049.5318
서울특별시,광진구,2013,7,462439.872
서울특별시,광진구,2013,8,485811.9586
서울특별시,광진구,2013,9,496730.9642
서울특별시,광진구,2013,10,510696.6346
서울특별시,광진구,2013,11,479869.0287
서울특별시,광진구,2013,12,486933.5093
서울특별시,광진구,2014,1,454888.4779
서울특별시,광진구,2014,2,489338.6483
서울특별시,광진구,2014,3,472624.5766
서울특별시,광진구,2014,4,487589.4099
서울특별시,광진구,2014,5,465265.9825
서울특별시,광진구,2014,6,497617.0667
서울특별시,광진구,2014,7,486818.9588
서울특별시,광진구,2014,8,476060.1596
서울특별시,광진구,2014,9,477785.8128
서울특별시,광진구,2014,10,473241.7237
서울특별시,광진구,2014,11,463214.0668
서울특별시,광진구,2014,12,485502.1164
서울특별시,광진구,2015,1,459964.6023
서울특별시,광진구,2015,2,464614.8205
서울특별시,광진구,2015,3,453924.1543
서울특별시,광진구,2015,4,450680.2846
서울특별시,광진구,2015,5,456962.5117
서울특별시,광진구,2015,6,468962.8147
서울특별시,광진구,2015,7,466569.2016
서울특별시,광진구,2015,8,478009.383
서울특별시,광진구,2015,9,495244.2036
서울특별시,광진구,2015,10,497186.4958
서울특별시,광진구,2015,11,504552.6992
서울특별시,광진구,2015,12,499813.8287
서울특별시,광진구,2016,1,509369.5559
서울특별시,광진구,2016,2,514079.3046
서울특별시,광진구,2016,3,516815.0543
서울특별시,광진구,2016,4,503836.6251
서울특별시,광진구,2016,5,489265.0723
서울특별시,광진구,2016,6,482523.9886
서울특별시,광진구,2016,7,485312.9789
서울특별시,광진구,2016,8,489076.6824
서울특별시,광진구,2016,9,477715.9495
서울특별시,광진구,2016,10,483310.3119
서울특별시,광진구,2016,11,495309.9323
서울특별시,광진구,2016,12,508124.5441
서울특별시,광진구,2017,1,512986.7386
서울특별시,광진구,2017,2,515371.4407
서울특별시,광진구,2017,3,509912.5818
서울특별시,광진구,2017,4,477982.7181
서울특별시,광진구,2017,5,483177.9621
서울특별시,광진구,2017,6,475991.4108
서울특별시,광진구,2017,7,490392.9027
서울특별시,광진구,2017,8,471623.5125
서울특별시,광진구,2017,9,495600.3134
서울특별시,광진구,2017,10,472876.6978
서울특별시,광진구,2017,11,486848.2944
서울특별시,광진구,2017,12,506984.4271
서울특별시,광진구,2018,1,523880.2808
서울특별시,광진구,2018,2,546825.9498
서울특별시,광진구,2018,3,494790.8689
서울특별시,광진구,2018,4,504845.7587
서울특별시,광진구,2018,5,498418.8373
서울특별시,광진구,2018,6,485585.5146
서울특별시,광진구,2018,7,494872.9496
서울특별시,광진구,2018,8,493395.4964
서울특별시,광진구,2018,9,482466.4468
서울특별시,광진구,2018,10,496387.3391
서울특별시,광진구,2018,11,505756.8548
서울특별시,광진구,2018,12,491470.7032
서울특별시,광진구,2019,1,553718.7814
서울특별시,광진구,2019,2,536287.2247
서울특별시,광진구,2019,3,511678.4936
서울특별시,광진구,2019,4,506957.7261
서울특별시,광진구,2019,5,515501.556
서울특별시,광진구,2019,6,514291.2173
서울특별시,광진구,2019,7,528368.662
서울특별시,광진구,2019,8,522267.8405
서울특별시,광진구,2019,9,510946.0377
서울특별시,광진구,2019,10,504456.6572
서울특별시,광진구,2019,11,481777.3221
서울특별시,광진구,2019,12,501705.4815
서울특별시,광진구,2020,1,535342.8993
서울특별시,광진구,2020,2,463997.1075
서울특별시,광진구,2020,3,464496.0291
서울특별시,광진구,2020,4,514887.1128
서울특별시,광진구,2020,5,491437.7966
서울특별시,광진구,2020,6,500418.3858
서울특별시,광진구,2020,7,478964.7561
서울특별시,광진구,2020,8,496925.9345
서울특별시,광진구,2020,9,513889.2696
서울특별시,광진구,2020,10,477467.9912
서울특별시,광진구,2020,11,530852.6047
서울특별시,광진구,2020,12,514887.1128
서울특별시,광진구,2021,1,481491.2433
서울특별시,광진구,2021,2,519652.4866
서울특별시,광진구,2021,3,505518.6928
서울특별시,광진구,2021,4,498922.9223
서울특별시,광진구,2021,5,492327.1519
서울특별시,광진구,2021,6,503634.1869
서울특별시,광진구,2021,7,510229.9574
서울특별시,광진구,2021,8,500807.4282
서울특별시,광진구,2021,9,503634.1869
서울특별시,광진구,2021,10,504105.3134
서울특별시,광진구,2021,11,470655.3347
서울특별시,광진구,2021,12,514470.0956
서울특별시,구로구,2010,1,929282.7991
서울특별시,구로구,2010,2,907953.0804
서울특별시,구로구,2010,3,942685.8751
서울특별시,구로구,2010,4,988105.0222
서울특별시,구로구,2010,5,1035759.448
서울특별시,구로구,2010,6,1085038.75
서울특별시,구로구,2010,7,1014739.23
서울특별시,구로구,2010,8,980358.9212
서울특별시,구로구,2010,9,1001000.862
서울특별시,구로구,2010,10,985104.5901
서울특별시,구로구,2010,11,1005935.67
서울특별시,구로구,2010,12,1005677.753
서울특별시,구로구,2011,1,1030775.01
서울특별시,구로구,2011,2,957887.5857
서울특별시,구로구,2011,3,1002815.303
서울특별시,구로구,2011,4,975437.2118
서울특별시,구로구,2011,5,956842.363
서울특별시,구로구,2011,6,972529.1325
서울특별시,구로구,2011,7,990946.9677
서울특별시,구로구,2011,8,1031955.1
서울특별시,구로구,2011,9,1013899.721
서울특별시,구로구,2011,10,1019977.185
서울특별시,구로구,2011,11,973490.0631
서울특별시,구로구,2011,12,979230.3586
서울특별시,구로구,2012,1,994822.7508
서울특별시,구로구,2012,2,1038208.818
서울특별시,구로구,2012,3,1024850.165
서울특별시,구로구,2012,4,1020771.638
서울특별시,구로구,2012,5,1017191.317
서울특별시,구로구,2012,6,1012943.907
서울특별시,구로구,2012,7,1042802.438
서울특별시,구로구,2012,8,1023423.103
서울특별시,구로구,2012,9,968578.3181
서울특별시,구로구,2012,10,1007320.1
서울특별시,구로구,2012,11,1018356.61
서울특별시,구로구,2012,12,992314.8369
서울특별시,구로구,2013,1,1018657.328
서울특별시,구로구,2013,2,1027373.027
서울특별시,구로구,2013,3,1030744.277
서울특별시,구로구,2013,4,1007481.766
서울특별시,구로구,2013,5,1004128.212
서울특별시,구로구,2013,6,1002907.13
서울특별시,구로구,2013,7,952232.1949
서울특별시,구로구,2013,8,1000358.783
서울특별시,구로구,2013,9,1022842.633
서울특별시,구로구,2013,10,1051600.017
서울특별시,구로구,2013,11,988121.4101
서울특별시,구로구,2013,12,1002668.222
서울특별시,구로구,2014,1,945282.3223
서울특별시,구로구,2014,2,1016871.599
서울특별시,구로구,2014,3,982138.8737
서울특별시,구로구,2014,4,1013236.589
서울특별시,구로구,2014,5,966847.3258
서울특별시,구로구,2014,6,1034074.59
서울특별시,구로구,2014,7,1011635.551
서울특별시,구로구,2014,8,989278.1968
서울특별시,구로구,2014,9,992864.1955
서울특별시,구로구,2014,10,983421.3379
서울특별시,구로구,2014,11,962583.3365
서울특별시,구로구,2014,12,1008899.083
서울특별시,구로구,2015,1,970331.8168
서울특별시,구로구,2015,2,980141.8209
서울특별시,구로구,2015,3,957589.0125
서울특별시,구로구,2015,4,950745.8121
서울특별시,구로구,2015,5,963998.6685
서울특별시,구로구,2015,6,989314.2597
서울특별시,구로구,2015,7,984264.7428
서울특별시,구로구,2015,8,1008398.713
서울특별시,구로구,2015,9,1044756.934
서울특별시,구로구,2015,10,1048854.354
서울특별시,구로구,2015,11,1064393.944
서울특별시,구로구,2015,12,1054396.921
서울특별시,구로구,2016,1,1043863.804
서울특별시,구로구,2016,2,1053515.61
서울특별시,구로구,2016,3,1059122.05
서울특별시,구로구,2016,4,1032525.03
서울특별시,구로구,2016,5,1002663.181
서울특별시,구로구,2016,6,988848.5094
서울특별시,구로구,2016,7,994564.0571
서울특별시,구로구,2016,8,1002277.109
서울특별시,구로구,2016,9,978995.2743
서울특별시,구로구,2016,10,990459.9413
서울특별시,구로구,2016,11,1015051.064
서울특별시,구로구,2016,12,1041312.37
서울특별시,구로구,2017,1,1103981.907
서울특별시,구로구,2017,2,1109113.946
서울특별시,구로구,2017,3,1097366.115
서울특별시,구로구,2017,4,1028650.905
서울특별시,구로구,2017,5,1039831.418
서울특별시,구로구,2017,6,1024365.477
서울특별시,구로구,2017,7,1055358.455
서울특별시,구로구,2017,8,1014965.467
서울특별시,구로구,2017,9,1066565.153
서울특별시,구로구,2017,10,1017662.406
서울특별시,구로구,2017,11,1047730.22
서울특별시,구로구,2017,12,1091064.53
서울특별시,구로구,2018,1,1136870.216
서울특별시,구로구,2018,2,1186664.508
서울특별시,구로구,2018,3,1073743.415
서울특별시,구로구,2018,4,1095563.486
서울특별시,구로구,2018,5,1081616.453
서울특별시,구로구,2018,6,1053766.918
서울특별시,구로구,2018,7,1073921.538
서울특별시,구로구,2018,8,1070715.324
서울특별시,구로구,2018,9,1046998.243
서울특별시,구로구,2018,10,1077207.908
서울특별시,구로구,2018,11,1097540.652
서울특별시,구로구,2018,12,1066538.339
서울특별시,구로구,2019,1,1190341.688
서울특별시,구로구,2019,2,1152868.679
서울특별시,구로구,2019,3,1099966.738
서울특별시,구로구,2019,4,1089818.398
서울특별시,구로구,2019,5,1108185.261
서울특별시,구로구,2019,6,1105583.369
서울특별시,구로구,2019,7,1135845.968
서울특별시,구로구,2019,8,1122730.895
서울특별시,구로구,2019,9,1098392.161
서울특별시,구로구,2019,10,1084441.794
서울특별시,구로구,2019,11,1035687.519
서울특별시,구로구,2019,12,1078527.53
서울특별시,구로구,2020,1,1154113.181
서울특별시,구로구,2020,2,1000303.13
서울특별시,구로구,2020,3,1001378.725
서울특별시,구로구,2020,4,1110013.796
서울특별시,구로구,2020,5,1059460.842
서울특별시,구로구,2020,6,1078821.548
서울특별시,구로구,2020,7,1032570.973
서울특별시,구로구,2020,8,1071292.385
서울특별시,구로구,2020,9,1107862.607
서울특별시,구로구,2020,10,1029344.189
서울특별시,구로구,2020,11,1144432.828
서울특별시,구로구,2020,12,1110013.796
서울특별시,구로구,2021,1,1054985.577
서울특별시,구로구,2021,2,1138599.894
서울특별시,구로구,2021,3,1107631.628
서울특별시,구로구,2021,4,1093179.771
서울특별시,구로구,2021,5,1078727.914
서울특별시,구로구,2021,6,1103502.526
서울특별시,구로구,2021,7,1117954.384
서울특별시,구로구,2021,8,1097308.873
서울특별시,구로구,2021,9,1103502.526
서울특별시,구로구,2021,10,1104534.802
서울특별시,구로구,2021,11,1031243.24
서울특별시,구로구,2021,12,1127244.863
서울특별시,금천구,2010,1,1050358.419
서울특별시,금천구,2010,2,1026249.666
서울특별시,금천구,2010,3,1065507.772
서울특별시,금천구,2010,4,1116844.549
서울특별시,금천구,2010,5,1170707.837
서울특별시,금천구,2010,6,1226407.706
서울특별시,금천구,2010,7,1146948.909
서울특별시,금천구,2010,8,1108089.214
서울특별시,금천구,2010,9,1131420.579
서울특별시,금천구,2010,10,1113453.193
서울특별시,금천구,2010,11,1136998.339
서울특별시,금천구,2010,12,1136706.819
서울특별시,금천구,2011,1,1262556.114
서울특별시,금천구,2011,2,1173279.151
서울특별시,금천구,2011,3,1228309.359
서울특별시,금천구,2011,4,1194775.003
서울특별시,금천구,2011,5,1171998.898
서울특별시,금천구,2011,6,1191213.01
서울특별시,금천구,2011,7,1213772.298
서울특별시,금천구,2011,8,1264001.56
서울특별시,금천구,2011,9,1241886.23
서울특별시,금천구,2011,10,1249330.279
서울특별시,금천구,2011,11,1192390.017
서울특별시,금천구,2011,12,1199421.081
서울특별시,금천구,2012,1,1252092.371
서울특별시,금천구,2012,2,1306698.443
서울특별시,금천구,2012,3,1289885.129
서울특별시,금천구,2012,4,1284751.861
서울특별시,금천구,2012,5,1280245.638
서울특별시,금천구,2012,6,1274899.811
서울특별시,금천구,2012,7,1312480.012
서울특별시,금천구,2012,8,1288089.017
서울특별시,금천구,2012,9,1219060.904
서울특별시,금천구,2012,10,1267821.64
서울특별시,금천구,2012,11,1281712.286
서울특별시,금천구,2012,12,1248935.889
서울특별시,금천구,2013,1,1277120.431
서울특별시,금천구,2013,2,1288047.558
서울특별시,금천구,2013,3,1292274.193
서울특별시,금천구,2013,4,1263109.303
서울특별시,금천구,2013,5,1258904.855
서울특별시,금천구,2013,6,1257373.948
서울특별시,금천구,2013,7,1193841.303
서울특별시,금천구,2013,8,1254179.012
서울특별시,금천구,2013,9,1282367.671
서울특별시,금천구,2013,10,1318421.643
서울특별시,금천구,2013,11,1238836.66
서울특별시,금천구,2013,12,1257074.423
서울특별시,금천구,2014,1,1169409.536
서울특별시,금천구,2014,2,1257972.689
서울특별시,금천구,2014,3,1215004.806
서울특별시,금천구,2014,4,1253475.815
서울특별시,금천구,2014,5,1196087.62
서울특별시,금천구,2014,6,1279254.524
서울특별시,금천구,2014,7,1251495.17
서울특별시,금천구,2014,8,1223836.869
서울특별시,금천구,2014,9,1228273.111
서울특별시,금천구,2014,10,1216591.344
서울특별시,금천구,2014,11,1190812.635
서울특별시,금천구,2014,12,1248109.882
서울특별시,금천구,2015,1,1207465.288
서울특별시,금천구,2015,2,1219672.699
서울특별시,금천구,2015,3,1191608.348
서울특별시,금천구,2015,4,1183092.779
서울특별시,금천구,2015,5,1199584.421
서울특별시,금천구,2015,6,1231086.735
서울특별시,금천구,2015,7,1224803.197
서울특별시,금천구,2015,8,1254835.121
서울특별시,금천구,2015,9,1300078.706
서울특별시,금천구,2015,10,1305177.469
서울특별시,금천구,2015,11,1324514.685
서울특별시,금천구,2015,12,1312074.551
서울특별시,금천구,2016,1,1319742.189
서울특별시,금천구,2016,2,1331944.83
서울특별시,금천구,2016,3,1339032.973
서울특별시,금천구,2016,4,1305406.738
서울특별시,금천구,2016,5,1267652.827
서울특별시,금천구,2016,6,1250187.133
서울특별시,금천구,2016,7,1257413.219
서울특별시,금천구,2016,8,1267164.721
서울특별시,금천구,2016,9,1237729.828
서울특별시,금천구,2016,10,1252224.444
서울특별시,금천구,2016,11,1283314.652
서울특별시,금천구,2016,12,1316516.447
서울특별시,금천구,2017,1,1365181.608
서울특별시,금천구,2017,2,1371527.877
서울특별시,금천구,2017,3,1357000.535
서울특별시,금천구,2017,4,1272027.456
서울특별시,금천구,2017,5,1285853.254
서울특별시,금천구,2017,6,1266728.106
서울특별시,금천구,2017,7,1305053.954
서울특별시,금천구,2017,8,1255104.074
서울특별시,금천구,2017,9,1318912.132
서울특별시,금천구,2017,10,1258439.102
서울특별시,금천구,2017,11,1295620.895
서울특별시,금천구,2017,12,1349208.008
서울특별시,금천구,2018,1,1417734.754
서울특별시,금천구,2018,2,1479830.759
서울특별시,금천구,2018,3,1339012.436
서울특별시,금천구,2018,4,1366223.169
서울특별시,금천구,2018,5,1348830.513
서울특별시,금천구,2018,6,1314100.732
서울특별시,금천구,2018,7,1339234.564
서울특별시,금천구,2018,8,1335236.252
서울특별시,금천구,2018,9,1305659.851
서울특별시,금천구,2018,10,1343332.834
서울특별시,금천구,2018,11,1368688.795
서울특별시,금천구,2018,12,1330027.341
서울특별시,금천구,2019,1,1498467.303
서울특별시,금천구,2019,2,1451294.227
서울특별시,금천구,2019,3,1384698.366
서울특별시,금천구,2019,4,1371923.081
서울특별시,금천구,2019,5,1395044.293
서울특별시,금천구,2019,6,1391768.889
서울특별시,금천구,2019,7,1429865.105
서울특별시,금천구,2019,8,1413355.133
서울특별시,금천구,2019,9,1382716.203
서울특별시,금천구,2019,10,1365154.717
서울특별시,금천구,2019,11,1303780.165
서울특별시,금천구,2019,12,1357709.517
서울특별시,금천구,2020,1,1435769.195
서울특별시,금천구,2020,2,1244422.508
서울특별시,금천구,2020,3,1245760.597
서울특별시,금천구,2020,4,1380907.557
서울특별시,금천구,2020,5,1318017.388
서울특별시,금천구,2020,6,1342102.985
서울특별시,금천구,2020,7,1284565.17
서울특별시,금천구,2020,8,1332736.364
서울특별시,금천구,2020,9,1378231.38
서울특별시,금천구,2020,10,1280550.904
서울특별시,금천구,2020,11,1423726.396
서울특별시,금천구,2020,12,1380907.557
서울특별시,금천구,2021,1,1300774.613
서울특별시,금천구,2021,2,1403869.274
서울특별시,금천구,2021,3,1365686.066
서울특별시,금천구,2021,4,1347867.236
서울특별시,금천구,2021,5,1330048.406
서울특별시,금천구,2021,6,1360594.972
서울특별시,금천구,2021,7,1378413.802
서울특별시,금천구,2021,8,1352958.33
서울특별시,금천구,2021,9,1360594.972
서울특별시,금천구,2021,10,1361867.745
서울특별시,금천구,2021,11,1271500.82
서울특별시,금천구,2021,12,1389868.764
서울특별시,노원구,2010,1,430546.0485
서울특별시,노원구,2010,2,420663.7757
서울특별시,노원구,2010,3,436755.8281
서울특별시,노원구,2010,4,457798.9748
서울특별시,노원구,2010,5,479877.7487
서울특별시,노원구,2010,6,502709.3438
서울특별시,노원구,2010,7,470138.8704
서울특별시,노원구,2010,8,454210.1285
서울특별시,노원구,2010,9,463773.7468
서울특별시,노원구,2010,10,456408.8446
서울특별시,노원구,2010,11,466060.0928
서울특별시,노원구,2010,12,465940.5974
서울특별시,노원구,2011,1,500639.6942
서울특별시,노원구,2011,2,465238.8189
서울특별시,노원구,2011,3,487059.8742
서울특별시,노원구,2011,4,473762.5407
서울특별시,노원구,2011,5,464731.1621
서울특별시,노원구,2011,6,472350.1084
서울특별시,노원구,2011,7,481295.5129
서울특별시,노원구,2011,8,501212.8551
서울특별시,노원구,2011,9,492443.4929
서울특별시,노원구,2011,10,495395.2717
서울특별시,노원구,2011,11,472816.8252
서울특별시,노원구,2011,12,475604.8437
서울특별시,노원구,2012,1,457803.5274
서울특별시,노원구,2012,2,477769.189
서울특별시,노원구,2012,3,471621.7237
서울특별시,노원구,2012,4,469744.8427
서울특별시,노원구,2012,5,468097.2288
서울특별시,노원구,2012,6,466142.6301
서울특별시,노원구,2012,7,479883.1088
서울특별시,노원구,2012,8,470965.0097
서울특별시,노원구,2012,9,445726.2062
서울특별시,노원구,2012,10,463554.6327
서울특별시,노원구,2012,11,468633.4805
서울특별시,노원구,2012,12,456649.4205
서울특별시,노원구,2013,1,468311.839
서울특별시,노원구,2013,2,472318.746
서울특별시,노원구,2013,3,473868.6258
서울특별시,노원구,2013,4,463174.0485
서울특별시,노원구,2013,5,461632.3045
서울특별시,노원구,2013,6,461070.9308
서울특별시,노원구,2013,7,437773.9189
서울특별시,노원구,2013,8,459899.3681
서울특별시,노원구,2013,9,470235.9679
서울특별시,노원구,2013,10,483456.7273
서울특별시,노원구,2013,11,454273.4265
서울특별시,노원구,2013,12,460961.0968
서울특별시,노원구,2014,1,443411.7657
서울특별시,노원구,2014,2,476992.7677
서울특별시,노원구,2014,3,460700.3875
서울특별시,노원구,2014,4,475287.6621
서울특별시,노원구,2014,5,453527.4486
서울특별시,노원구,2014,6,485062.3239
서울특별시,노원구,2014,7,474536.6492
서울특별시,노원구,2014,8,464049.2916
서울특별시,노원구,2014,9,465731.407
서울특별시,노원구,2014,10,461301.9641
서울특별시,노원구,2014,11,451527.3022
서울특별시,노원구,2014,12,473253.0304
서울특별시,노원구,2015,1,452672.5716
서울특별시,노원구,2015,2,457249.0677
서울특별시,노원구,2015,3,446727.8856
서울특별시,노원구,2015,4,443535.4425
서울특별시,노원구,2015,5,449718.0746
서울특별시,노원구,2015,6,461528.1313
서울특별시,노원구,2015,7,459172.4652
서울특별시,노원구,2015,8,470431.2801
서울특별시,노원구,2015,9,487392.8692
서울특별시,노원구,2015,10,489304.3693
서울특별시,노원구,2015,11,496553.7929
서울특별시,노원구,2015,12,491890.0499
서울특별시,노원구,2016,1,494541.9349
서울특별시,노원구,2016,2,499114.5839
서울특별시,노원구,2016,3,501770.6966
서울특별시,노원구,2016,4,489170.0663
서울특별시,노원구,2016,5,475022.6878
서울특별시,노원구,2016,6,468477.8353
서울특별시,노원구,2016,7,471185.6388
서울특별시,노원구,2016,8,474839.7818
서울특별시,노원구,2016,9,463809.7571
서울특별시,노원구,2016,10,469241.2689
서울특별시,노원구,2016,11,480891.5834
서울특별시,노원구,2016,12,493333.1651
서울특별시,노원구,2017,1,522462.6154
서울특별시,노원구,2017,2,524891.3677
서울특별시,노원구,2017,3,519331.6729
서울특별시,노원구,2017,4,486812.0017
서울특별시,노원구,2017,5,492103.212
서울특별시,노원구,2017,6,484783.9109
서울특별시,노원구,2017,7,499451.4268
서울특별시,노원구,2017,8,480335.3289
서울특별시,노원구,2017,9,504755.0287
서울특별시,노원구,2017,10,481611.663
서울특별시,노원구,2017,11,495841.3426
서울특별시,노원구,2017,12,516349.4294
서울특별시,노원구,2018,1,530058.8802
서울특별시,노원구,2018,2,553275.1685
서울특별시,노원구,2018,3,500626.3903
서울특별시,노원구,2018,4,510799.8666
서울특별시,노원구,2018,5,504297.1466
서울특별시,노원구,2018,6,491312.4688
서울특별시,노원구,2018,7,500709.439
서울특별시,노원구,2018,8,499214.5609
서울특별시,노원구,2018,9,488156.6149
서울특별시,노원구,2018,10,502241.6892
서울특별시,노원구,2018,11,511721.7081
서울특별시,노원구,2018,12,497267.0668
서울특별시,노원구,2019,1,558021.4067
서울특별시,노원구,2019,2,540454.3995
서울특별시,노원구,2019,3,515654.4483
서울특별시,노원구,2019,4,510896.9985
서울특별시,노원구,2019,5,519507.2175
서울특별시,노원구,2019,6,518287.474
서울특별시,노원구,2019,7,532474.3063
서울특별시,노원구,2019,8,526326.0789
서울특별시,노원구,2019,9,514916.3009
서울특별시,노원구,2019,10,508376.4953
서울특별시,노원구,2019,11,485520.9323
서울특별시,노원구,2019,12,505603.9418
서울특별시,노원구,2020,1,534478.2722
서울특별시,노원구,2020,2,463247.7103
서울특별시,노원구,2020,3,463745.8261
서울특별시,노원구,2020,4,514055.5237
서울특별시,노원구,2020,5,490644.0803
서울특별시,노원구,2020,6,499610.165
서울특별시,노원구,2020,7,478191.1849
서울특별시,노원구,2020,8,496123.3543
서울특별시,노원구,2020,9,513059.2921
서울특별시,노원구,2020,10,476696.8374
서울특별시,노원구,2020,11,529995.2299
서울특별시,노원구,2020,12,514055.5237
서울특별시,노원구,2021,1,496539.2652
서울특별시,노원구,2021,2,535893.16
서울특별시,노원구,2021,3,521317.6434
서울특별시,노원구,2021,4,514515.7357
서울특별시,노원구,2021,5,507713.828
서울특별시,노원구,2021,6,519374.2412
서울특별시,노원구,2021,7,526176.149
서울특별시,노원구,2021,8,516459.1379
서울특별시,노원구,2021,9,519374.2412
서울특별시,노원구,2021,10,519860.0918
서울특별시,노원구,2021,11,485364.7025
서울특별시,노원구,2021,12,530548.804
서울특별시,도봉구,2010,1,226256.3641
서울특별시,도봉구,2010,2,221063.1284
서울특별시,도봉구,2010,3,229519.667
서울특별시,도봉구,2010,4,240578.0564
서울특별시,도봉구,2010,5,252180.6786
서울특별시,도봉구,2010,6,264178.916
서울특별시,도봉구,2010,7,247062.7982
서울특별시,도봉구,2010,8,238692.0809
서울특별시,도봉구,2010,9,243717.8604
서울특별시,도봉구,2010,10,239847.5287
서울특별시,도봉구,2010,11,244919.3587
서울특별시,도봉구,2010,12,244856.5626
서울특별시,도봉구,2011,1,257196.9265
서울특별시,도봉구,2011,2,239010.2018
서울특별시,도봉구,2011,3,250220.4762
서울특별시,도봉구,2011,4,243389.1495
서울특별시,도봉구,2011,5,238749.3999
서울특별시,도봉구,2011,6,242663.5313
서울특별시,도봉구,2011,7,247259.1129
서울특별시,도봉구,2011,8,257491.3803
서울특별시,도봉구,2011,9,252986.2381
서울특별시,도봉구,2011,10,254502.6748
서울특별시,도봉구,2011,11,242903.3008
서울특별시,도봉구,2011,12,244335.6079
서울특별시,도봉구,2012,1,241511.8311
서울특별시,도봉구,2012,2,252044.6103
서울특별시,도봉구,2012,3,248801.5475
서울특별시,도봉구,2012,4,247811.4088
서울특별시,도봉구,2012,5,246942.2188
서울특별시,도봉구,2012,6,245911.0806
서울특별시,도봉구,2012,7,253159.7975
서울특별시,도봉구,2012,8,248455.1015
서울특별시,도봉구,2012,9,235140.5041
서울특별시,도봉구,2012,10,244545.7963
서울특별시,도봉구,2012,11,247225.1156
서울특별시,도봉구,2012,12,240902.988
서울특별시,도봉구,2013,1,248049.4104
서울특별시,도봉구,2013,2,250171.7375
서울특별시,도봉구,2013,3,250992.658
서울특별시,도봉구,2013,4,245328.0914
서울특별시,도봉구,2013,5,244511.4802
서울특별시,도봉구,2013,6,244214.139
서울특별시,도봉구,2013,7,231874.4764
서울특별시,도봉구,2013,8,243593.6007
서울특별시,도봉구,2013,9,249068.5583
서울특별시,도봉구,2013,10,256071.1606
서울특별시,도봉구,2013,11,240613.7241
서울특별시,도봉구,2013,12,244155.9635
서울특별시,도봉구,2014,1,235552.4034
서울특별시,도봉구,2014,2,253391.546
서울특별시,도봉구,2014,3,244736.59
서울특별시,도봉구,2014,4,252485.7475
서울특별시,도봉구,2014,5,240926.1296
서울특별시,도봉구,2014,6,257678.314
서울특별시,도봉구,2014,7,252086.789
서울특별시,도봉구,2014,8,246515.6191
서울특별시,도봉구,2014,9,247409.2046
서울특별시,도봉구,2014,10,245056.1639
서울특별시,도봉구,2014,11,239863.5974
서울특별시,도봉구,2014,12,251404.8957
서울특별시,도봉구,2015,1,234704.3288
서울특별시,도봉구,2015,2,237077.1774
서울특별시,도봉구,2015,3,231622.0932
서울특별시,도봉구,2015,4,229966.8566
서울특별시,도봉구,2015,5,233172.4639
서울특별시,도봉구,2015,6,239295.8113
서울특별시,도봉구,2015,7,238074.4317
서울특별시,도봉구,2015,8,243911.9681
서울특별시,도봉구,2015,9,252706.3123
서울특별시,도봉구,2015,10,253697.3981
서울특별시,도봉구,2015,11,257456.1217
서울특별시,도봉구,2015,12,255038.0369
서울특별시,도봉구,2016,1,260248.3971
서울특별시,도봉구,2016,2,262654.7139
서울특별시,도봉구,2016,3,264052.4701
서울특별시,도봉구,2016,4,257421.4979
서울특별시,도봉구,2016,5,249976.5629
서울특별시,도봉구,2016,6,246532.3911
서울특별시,도봉구,2016,7,247957.3492
서울특별시,도봉구,2016,8,249880.3102
서울특별시,도봉구,2016,9,244075.8555
서울특별시,도봉구,2016,10,246934.1414
서울특별시,도봉구,2016,11,253065.0182
서울특별시,도봉구,2016,12,259612.2925
서울특별시,도봉구,2017,1,278345.056
서울특별시,도봉구,2017,2,279638.9882
서울특별시,도봉구,2017,3,276677.0278
서울특별시,도봉구,2017,4,259351.9802
서울특별시,도봉구,2017,5,262170.9038
서울특별시,도봉구,2017,6,258271.5028
서울특별시,도봉구,2017,7,266085.7088
서울특별시,도봉구,2017,8,255901.4944
서울특별시,도봉구,2017,9,268911.2342
서울특별시,도봉구,2017,10,256581.4689
서울특별시,도봉구,2017,11,264162.4151
서울특별시,도봉구,2017,12,275088.2199
서울특별시,도봉구,2018,1,278248.0515
서울특별시,도봉구,2018,2,290435.1636
서울특별시,도봉구,2018,3,262797.8189
서울특별시,도봉구,2018,4,268138.2633
서울특별시,도봉구,2018,5,264724.7385
서울특별시,도봉구,2018,6,257908.5876
서울특별시,도봉구,2018,7,262841.4144
서울특별시,도봉구,2018,8,262056.696
서울특별시,도봉구,2018,9,256251.96
서울특별시,도봉구,2018,10,263645.7507
서울특별시,도봉구,2018,11,268622.173
서울특별시,도봉구,2018,12,261034.3824
서울특별시,도봉구,2019,1,287087.6445
서울특별시,도봉구,2019,2,278049.8717
서울특별시,도봉구,2019,3,265290.9354
서울특별시,도봉구,2019,4,262843.35
서울특별시,도봉구,2019,5,267273.0859
서울특별시,도봉구,2019,6,266645.5593
서울특별시,도봉구,2019,7,273944.3192
서울특별시,도봉구,2019,8,270781.2145
서울특별시,도봉구,2019,9,264911.1776
서울특별시,도봉구,2019,10,261546.616
서울특별시,도봉구,2019,11,249788.0173
서울특별시,도봉구,2019,12,260120.2086
서울특별시,도봉구,2020,1,289795.2638
서울특별시,도봉구,2020,2,251173.9006
서울특별시,도봉구,2020,3,251443.9801
서울특별시,도봉구,2020,4,278722.0058
서울특별시,도봉구,2020,5,266028.2711
서울특별시,도봉구,2020,6,270889.7014
서울특별시,도봉구,2020,7,259276.2845
서울특별시,도봉구,2020,8,268999.1452
서울특별시,도봉구,2020,9,278181.8469
서울특별시,도봉구,2020,10,258466.0461
서울특별시,도봉구,2020,11,287364.5487
서울특별시,도봉구,2020,12,278722.0058
서울특별시,도봉구,2021,1,257589.2993
서울특별시,도봉구,2021,2,278004.8895
서울특별시,도봉구,2021,3,270443.5598
서울특별시,도봉구,2021,4,266914.9393
서울특별시,도봉구,2021,5,263386.3187
서울특별시,도봉구,2021,6,269435.3825
서울특별시,도봉구,2021,7,272964.0031
서울특별시,도봉구,2021,8,267923.1166
서울특별시,도봉구,2021,9,269435.3825
서울특별시,도봉구,2021,10,269687.4268
서울특별시,도봉구,2021,11,251792.2798
서울특별시,도봉구,2021,12,275232.402
서울특별시,동대문구,2010,1,503208.7362
서울특별시,동대문구,2010,2,491658.6454
서울특별시,동대문구,2010,3,510466.5322
서울특별시,동대문구,2010,4,535061.103
서울특별시,동대문구,2010,5,560866.0824
서울특별시,동대문구,2010,6,587550.9356
서울특별시,동대문구,2010,7,549483.5865
서울특별시,동대문구,2010,8,530866.5718
서울특별시,동대문구,2010,9,542044.2293
서울특별시,동대문구,2010,10,533436.3623
서울특별시,동대문구,2010,11,544716.4389
서울특별시,동대문구,2010,12,544576.7764
서울특별시,동대문구,2011,1,564902.3901
서울특별시,동대문구,2011,2,524957.4171
서울특별시,동대문구,2011,3,549579.4485
서울특별시,동대문구,2011,4,534575.2537
서울특별시,동대문구,2011,5,524384.5968
서울특별시,동대문구,2011,6,532981.52
서울특별시,동대문구,2011,7,543075.167
서울특별시,동대문구,2011,8,565549.1226
서울특별시,동대문구,2011,9,555654.1148
서울특별시,동대문구,2011,10,558984.7874
서울특별시,동대문구,2011,11,533508.1451
서울특별시,동대문구,2011,12,536654.0369
서울특별시,동대문구,2012,1,552796.317
서울특별시,동대문구,2012,2,576904.7905
서울특별시,동대문구,2012,3,569481.7455
서울특별시,동대문구,2012,4,567215.4176
서울특별시,동대문구,2012,5,565225.9289
서울특별시,동대문구,2012,6,562865.7573
서울특별시,동대문구,2012,7,579457.342
서울특별시,동대문구,2012,8,568688.7653
서울특별시,동대문구,2012,9,538212.9897
서울특별시,동대문구,2012,10,559740.7586
서울특별시,동대문구,2012,11,565873.4512
서울특별시,동대문구,2012,12,551402.7365
서울특별시,동대문구,2013,1,570846.2249
서울특별시,동대문구,2013,2,575730.4229
서울특별시,동대문구,2013,3,577619.6406
서울특별시,동대문구,2013,4,564583.5425
서울특별시,동대문구,2013,5,562704.2419
서울특별시,동대문구,2013,6,562019.9583
서울특별시,동대문구,2013,7,533622.1896
서울특별시,동대문구,2013,8,560591.8883
서울특별시,동대문구,2013,9,573191.6316
서울특별시,동대문구,2013,10,589307.0059
서울특별시,동대문구,2013,11,553734.1767
서울특별시,동대문구,2013,12,561886.0768
서울특별시,동대문구,2014,1,535816.1095
서울특별시,동대문구,2014,2,576395.1903
서울특별시,동대문구,2014,3,556707.576
서울특별시,동대문구,2014,4,574334.7509
서울특별시,동대문구,2014,5,548039.8399
서울특별시,동대문구,2014,6,586146.3934
서울특별시,동대문구,2014,7,573427.2315
서울특별시,동대문구,2014,8,560754.3716
서울특별시,동대문구,2014,9,562787.0298
서울특별시,동대문구,2014,10,557434.5176
서울특별시,동대문구,2014,11,545622.8751
서울특별시,동대문구,2014,12,571876.1142
서울특별시,동대문구,2015,1,532042.8965
서울특별시,동대문구,2015,2,537421.8225
서울특별시,동대문구,2015,3,525055.8861
서울특별시,동대문구,2015,4,521303.6891
서울특별시,동대문구,2015,5,528570.3663
서울특별시,동대문구,2015,6,542451.1648
서울특별시,동대문구,2015,7,539682.4629
서울특별시,동대문구,2015,8,552915.3665
서울특별시,동대문구,2015,9,572850.9526
서울특별시,동대문구,2015,10,575097.6097
서울특별시,동대문구,2015,11,583618.1267
서울특별시,동대문구,2015,12,578136.6562
서울특별시,동대문구,2016,1,598639.8909
서울특별시,동대문구,2016,2,604175.0537
서울특별시,동대문구,2016,3,607390.2613
서울특별시,동대문구,2016,4,592137.2779
서울특별시,동대문구,2016,5,575011.9654
서울특별시,동대문구,2016,6,567089.4629
서울특별시,동대문구,2016,7,570367.2419
서울특별시,동대문구,2016,8,574790.5589
서울특별시,동대문구,2016,9,561438.7836
서울특별시,동대문구,2016,10,568013.5944
서울특별시,동대문구,2016,11,582116.2266
서울특별시,동대문구,2016,12,597176.6826
서울특별시,동대문구,2017,1,602971.5708
서울특별시,동대문구,2017,2,605774.582
서울특별시,동대문구,2017,3,599358.1652
서울특별시,동대문구,2017,4,561827.3704
서울특별시,동대문구,2017,5,567933.9305
서울특별시,동대문구,2017,6,559486.7606
서울특별시,동대문구,2017,7,576414.4696
서울특별시,동대문구,2017,8,554352.6738
서울특별시,동대문구,2017,9,582535.3308
서울특별시,동대문구,2017,10,555825.6848
서울특별시,동대문구,2017,11,572248.089
서울특별시,동대문구,2017,12,595916.3725
서울특별시,동대문구,2018,1,604089.702
서울특별시,동대문구,2018,2,630548.4996
서울특별시,동대문구,2018,3,570546.5151
서울특별시,동대문구,2018,4,582140.8728
서울특별시,동대문구,2018,5,574729.9486
서울특별시,동대문구,2018,6,559931.7622
서울특별시,동대문구,2018,7,570641.1629
서울특별시,동대문구,2018,8,568937.5021
서울특별시,동대문구,2018,9,556335.1451
서울특별시,동대문구,2018,10,572387.4151
서울특별시,동대문구,2018,11,583191.4636
서울특별시,동대문구,2018,12,566718.0108
서울특별시,동대문구,2019,1,633422.0892
서울특별시,동대문구,2019,2,613481.4018
서울특별시,동대문구,2019,3,585330.4443
서울특별시,동대문구,2019,4,579930.1608
서울특별시,동대문구,2019,5,589703.8054
서울특별시,동대문구,2019,6,588319.2483
서울특별시,동대문구,2019,7,604423.0266
서울특별시,동대문구,2019,8,597444.0415
서울특별시,동대문구,2019,9,584492.5574
서울특별시,동대문구,2019,10,577069.0835
서울특별시,동대문구,2019,11,551125.2428
서울특별시,동대문구,2019,12,573921.8984
서울특별시,동대문구,2020,1,612625.9189
서울특별시,동대문구,2020,2,530980.5261
서울특별시,동대문구,2020,3,531551.4729
서울특별시,동대문구,2020,4,589217.1
서울특별시,동대문구,2020,5,562382.6003
서울특별시,동대문구,2020,6,572659.6427
서울특별시,동대문구,2020,7,548108.9302
서울특별시,동대문구,2020,8,568663.0151
서울특별시,동대문구,2020,9,588075.2064
서울특별시,동대문구,2020,10,546396.0898
서울특별시,동대문구,2020,11,607487.3976
서울특별시,동대문구,2020,12,589217.1
서울특별시,동대문구,2021,1,566496.3558
서울특별시,동대문구,2021,2,611394.795
서울특별시,동대문구,2021,3,594765.7435
서울특별시,동대문구,2021,4,587005.5194
서울특별시,동대문구,2021,5,579245.2954
서울특별시,동대문구,2021,6,592548.5366
서울특별시,동대문구,2021,7,600308.7606
서울특별시,동대문구,2021,8,589222.7263
서울특별시,동대문구,2021,9,592548.5366
서울특별시,동대문구,2021,10,593102.8383
서울특별시,동대문구,2021,11,553747.4163
서울특별시,동대문구,2021,12,605297.4761
서울특별시,동작구,2010,1,495090.289
서울특별시,동작구,2010,2,483726.5399
서울특별시,동작구,2010,3,502230.9923
서울특별시,동작구,2010,4,526428.7701
서울특별시,동작구,2010,5,551817.4284
서울특별시,동작구,2010,6,578071.7654
서울특별시,동작구,2010,7,540618.5705
서울특별시,동작구,2010,8,522301.9108
서울특별시,동작구,2010,9,533299.2351
서울특별시,동작구,2010,10,524830.2419
서울특별시,동작구,2010,11,535928.333
서울특별시,동작구,2010,12,535790.9237
서울특별시,동작구,2011,1,548329.8689
서울특별시,동작구,2011,2,509556.7601
서울특별시,동작구,2011,3,533456.4559
서울특별시,동작구,2011,4,518892.4387
서울특별시,동작구,2011,5,509000.7447
서울특별시,동작구,2011,6,517345.4602
서울특별시,동작구,2011,7,527142.9903
서울특별시,동작구,2011,8,548957.6282
서울특별시,동작구,2011,9,539352.91
서울특별시,동작구,2011,10,542585.8707
서울특별시,동작구,2011,11,517856.6357
서울특별시,동작구,2011,12,520910.2366
서울특별시,동작구,2012,1,515120.6768
서울특별시,동작구,2012,2,537586.0457
서울특별시,동작구,2012,3,530668.9158
서울특별시,동작구,2012,4,528557.0487
서울특별시,동작구,2012,5,526703.1529
서울특별시,동작구,2012,6,524503.8379
서울특별시,동작구,2012,7,539964.6289
서울특별시,동작구,2012,8,529929.9809
서울특별시,동작구,2012,9,501531.2711
서울특별시,동작구,2012,10,521591.8224
서울특별시,동작구,2012,11,527306.5435
서울특별시,동작구,2012,12,513822.0753
서울특별시,동작구,2013,1,515743.267
서울특별시,동작구,2013,2,520156.0005
서울특별시,동작구,2013,3,521862.8548
서울특별시,동작구,2013,4,510085.1123
서울특별시,동작구,2013,5,508387.2179
서울특별시,동작구,2013,6,507768.9872
서울특별시,동작구,2013,7,482112.4139
서울특별시,동작구,2013,8,506478.7666
서울특별시,동작구,2013,9,517862.2751
서울특별시,동작구,2013,10,532422.0556
서울특별시,동작구,2013,11,500283.02
서울특별시,동작구,2013,12,507648.029
서울특별시,동작구,2014,1,458378.2908
서울특별시,동작구,2014,2,493092.756
서울특별시,동작구,2014,3,476250.4572
서울특별시,동작구,2014,4,491330.0977
서울특별시,동작구,2014,5,468835.4094
서울특별시,동작구,2014,6,501434.6847
서울특별시,동작구,2014,7,490553.7359
서울특별시,동작구,2014,8,479712.3973
서울특별시,동작구,2014,9,481451.2894
서울특별시,동작구,2014,10,476872.3389
서울특별시,동작구,2014,11,466767.7519
서울특별시,동작구,2014,12,489226.7909
서울특별시,동작구,2015,1,445809.6217
서울특별시,동작구,2015,2,450316.7337
서울특별시,동작구,2015,3,439955.0628
서울특별시,동작구,2015,4,436811.0202
서울특별시,동작구,2015,5,442899.9177
서울특별시,동작구,2015,6,454530.9226
서울특별시,동작구,2015,7,452210.9706
서울특별시,동작구,2015,8,463299.0911
서울특별시,동작구,2015,9,480003.5263
서울특별시,동작구,2015,10,481886.0462
서울특별시,동작구,2015,11,489025.5616
서울특별시,동작구,2015,12,484432.5255
서울특별시,동작구,2016,1,499789.3975
서울특별시,동작구,2016,2,504410.5658
서울특별시,동작구,2016,3,507094.8618
서울특별시,동작구,2016,4,494360.5293
서울특별시,동작구,2016,5,480063.0365
서울특별시,동작구,2016,6,473448.7382
서울특별시,동작구,2016,7,476185.2735
서울특별시,동작구,2016,8,479878.1897
서울특별시,동작구,2016,9,468731.1281
서울특별시,동작구,2016,10,474220.2724
서울특별시,동작구,2016,11,485994.2055
서울특별시,동작구,2016,12,498567.8017
서울특별시,동작구,2017,1,522218.0234
서울특별시,동작구,2017,2,524645.6386
서울특별시,동작구,2017,3,519088.5466
서울특별시,동작구,2017,4,486584.0995
서울특별시,동작구,2017,5,491872.8328
서울특별시,동작구,2017,6,484556.9582
서울특별시,동작구,2017,7,499217.6075
서울특별시,동작구,2017,8,480110.4589
서울특별시,동작구,2017,9,504518.7265
서울특별시,동작구,2017,10,481386.1954
서울특별시,동작구,2017,11,495609.2134
서울특별시,동작구,2017,12,516107.6993
서울특별시,동작구,2018,1,524387.7365
서울특별시,동작구,2018,2,547355.6318
서울특별시,동작구,2018,3,495270.1472
서울특별시,동작구,2018,4,505334.7766
서울특별시,동작구,2018,5,498901.6298
서울특별시,동작구,2018,6,486055.8762
서울특별시,동작구,2018,7,495352.3074
서울특별시,동작구,2018,8,493873.4231
서울특별시,동작구,2018,9,482933.787
서울특별시,동작구,2018,10,496868.1638
서울특별시,동작구,2018,11,506246.7553
서울특별시,동작구,2018,12,491946.7654
서울특별시,동작구,2019,1,547265.3357
서울특별시,동작구,2019,2,530036.9391
서울특별시,동작구,2019,3,505715.0162
서울특별시,동작구,2019,4,501049.2681
서울특별시,동작구,2019,5,509493.5219
서울특별시,동작구,2019,6,508297.2894
서울특별시,동작구,2019,7,522210.6652
서울특별시,동작구,2019,8,516180.9471
서울특별시,동작구,2019,9,504991.0969
서울특별시,동작구,2019,10,498577.3485
서울특별시,동작구,2019,11,476162.335
서울특별시,동작구,2019,12,495858.237
서울특별시,동작구,2020,1,549171.5637
서울특별시,동작구,2020,2,475982.8091
서울특별시,동작구,2020,3,476494.6186
서울특별시,동작구,2020,4,528187.3753
서울특별시,동작구,2020,5,504132.3301
서울특별시,동작구,2020,6,513344.9006
서울특별시,동작구,2020,7,491337.0933
서울특별시,동작구,2020,8,509762.2343
서울특별시,동작구,2020,9,527163.7564
서울특별시,동작구,2020,10,489801.6649
서울특별시,동작구,2020,11,544565.2784
서울특별시,동작구,2020,12,528187.3753
서울특별시,동작구,2021,1,485147.8177
서울특별시,동작구,2021,2,523598.8678
서울특별시,동작구,2021,3,509357.7381
서울특별시,동작구,2021,4,502711.8776
서울특별시,동작구,2021,5,496066.0171
서울특별시,동작구,2021,6,507458.9208
서울특별시,동작구,2021,7,514104.7814
서울특별시,동작구,2021,8,504610.6949
서울특별시,동작구,2021,9,507458.9208
서울특별시,동작구,2021,10,507933.6252
서울특별시,동작구,2021,11,474229.6183
서울특별시,동작구,2021,12,518377.1203
서울특별시,마포구,2010,1,1028707.401
서울특별시,마포구,2010,2,1005095.601
서울특별시,마포구,2010,3,1043544.481
서울특별시,마포구,2010,4,1093823.054
서울특별시,마포구,2010,5,1146576.06
서울특별시,마포구,2010,6,1201127.787
서울특별시,마포구,2010,7,1123306.873
서울특별시,마포구,2010,8,1085248.192
서울특별시,마포구,2010,9,1108098.628
서울특별시,마포구,2010,10,1090501.604
서울특별시,마포구,2010,11,1113561.415
서울특별시,마포구,2010,12,1113275.903
서울특별시,마포구,2011,1,1275042.516
서울특별시,마포구,2011,2,1184882.623
서울특별시,마포구,2011,3,1240457.068
서울특별시,마포구,2011,4,1206591.065
서울특별시,마포구,2011,5,1183589.709
서울특별시,마포구,2011,6,1202993.845
서울특별시,마포구,2011,7,1225776.239
서울특별시,마포구,2011,8,1276502.257
서울특별시,마포구,2011,9,1254168.212
서울특별시,마포구,2011,10,1261685.881
서울특별시,마포구,2011,11,1204182.492
서울특별시,마포구,2011,12,1211283.091
서울특별시,마포구,2012,1,1290069.036
서울특별시,마포구,2012,2,1346331.342
서울특별시,마포구,2012,3,1329008.07
서울특별시,마포구,2012,4,1323719.107
서울특별시,마포구,2012,5,1319076.208
서울특별시,마포구,2012,6,1313568.24
서울특별시,마포구,2012,7,1352288.269
서울특별시,마포구,2012,8,1327157.481
서울특별시,마포구,2012,9,1256035.707
서울특별시,마포구,2012,10,1306275.383
서울특별시,마포구,2012,11,1320587.34
서울특별시,마포구,2012,12,1286816.817
서울특별시,마포구,2013,1,1431433.143
서울특별시,마포구,2013,2,1443680.579
서울특별시,마포구,2013,3,1448417.913
서울특별시,마포구,2013,4,1415729.069
서울특별시,마포구,2013,5,1411016.604
서울특별시,마포구,2013,6,1409300.719
서울특별시,마포구,2013,7,1338091.511
서울특별시,마포구,2013,8,1405719.743
서울특별시,마포구,2013,9,1437314.399
서울특별시,마포구,2013,10,1477724.723
서울특별시,마포구,2013,11,1388523.596
서울특별시,마포구,2013,12,1408965.003
서울특별시,마포구,2014,1,1394586.973
서울특별시,마포구,2014,2,1500203.538
서울특별시,마포구,2014,3,1448961.909
서울특별시,마포구,2014,4,1494840.762
서울특별시,마포구,2014,5,1426402.095
서울특별시,마포구,2014,6,1525583.329
서울특별시,마포구,2014,7,1492478.73
서울특별시,마포구,2014,8,1459494.643
서울특별시,마포구,2014,9,1464785.112
서울특별시,마포구,2014,10,1450853.945
서울특별시,마포구,2014,11,1420111.378
서울특별시,마포구,2014,12,1488441.584
서울특별시,마포구,2015,1,1449835.418
서울특별시,마포구,2015,2,1464493.179
서울특별시,마포구,2015,3,1430795.571
서울특별시,마포구,2015,4,1420570.704
서울특별시,마포구,2015,5,1440372.652
서울특별시,마포구,2015,6,1478198.312
서울특별시,마포구,2015,7,1470653.502
서울특별시,마포구,2015,8,1506713.626
서울특별시,마포구,2015,9,1561038.792
서울특별시,마포구,2015,10,1567161.011
서울특별시,마포구,2015,11,1590379.716
서울특별시,마포구,2015,12,1575442.518
서울특별시,마포구,2016,1,1590710.482
서울특별시,마포구,2016,2,1605418.559
서울특별시,마포구,2016,3,1613962.033
서울특별시,마포구,2016,4,1573431.689
서울특별시,마포구,2016,5,1527926.178
서울특별시,마포구,2016,6,1506874.444
서울특별시,마포구,2016,7,1515584.183
서울특별시,마포구,2016,8,1527337.855
서울특별시,마포구,2016,9,1491859.416
서울특별시,마포구,2016,10,1509330.053
서울특별시,마포구,2016,11,1546803.675
서울특별시,마포구,2016,12,1586822.434
서울특별시,마포구,2017,1,1582319.873
서울특별시,마포구,2017,2,1589675.544
서울특별시,마포구,2017,3,1572837.563
서울특별시,마포구,2017,4,1474349.135
서울특별시,마포구,2017,5,1490373.989
서울특별시,마포구,2017,6,1468206.899
서울특별시,마포구,2017,7,1512628.646
서울특별시,마포구,2017,8,1454734.012
서울특별시,마포구,2017,9,1528691.029
서울특별시,마포구,2017,10,1458599.493
서울특별시,마포구,2017,11,1501695.217
서울특별시,마포구,2017,12,1563805.6
서울특별시,마포구,2018,1,1630690.928
서울특별시,마포구,2018,2,1702114.296
서울특별시,마포구,2018,3,1540143.828
서울특별시,마포구,2018,4,1571441.852
서울특별시,마포구,2018,5,1551436.666
서울특별시,마포구,2018,6,1511490.168
서울특별시,마포구,2018,7,1540399.322
서울특별시,마포구,2018,8,1535800.429
서울특별시,마포구,2018,9,1501781.393
서울특별시,마포구,2018,10,1545113.188
서울특별시,마포구,2018,11,1574277.836
서울특별시,마포구,2018,12,1529809.093
서울특별시,마포구,2019,1,1699070.416
서울특별시,마포구,2019,2,1645582.178
서울특별시,마포구,2019,3,1570070.982
서울특별시,마포구,2019,4,1555585.441
서울특별시,마포구,2019,5,1581801.941
서울특별시,마포구,2019,6,1578088.051
서울특별시,마포구,2019,7,1621284.292
서울특별시,마포구,2019,8,1602564.094
서울특별시,마포구,2019,9,1567823.462
서울특별시,마포구,2019,10,1547910.982
서울특별시,마포구,2019,11,1478320.084
서울특별시,마포구,2019,12,1539469.077
서울특별시,마포구,2020,1,1694927.638
서울특별시,마포구,2020,2,1469042.594
서울특별시,마포구,2020,3,1470622.21
서울특별시,마포구,2020,4,1630163.395
서울특별시,마포구,2020,5,1555921.457
서울특별시,마포구,2020,6,1584354.54
서울특별시,마포구,2020,7,1516431.065
서울특별시,마포구,2020,8,1573297.23
서울특별시,마포구,2020,9,1627004.163
서울특별시,마포구,2020,10,1511692.218
서울특별시,마포구,2020,11,1680711.097
서울특별시,마포구,2020,12,1630163.395
서울특별시,마포구,2021,1,1571798.398
서울특별시,마포구,2021,2,1696373.417
서울특별시,마포구,2021,3,1650234.521
서울특별시,마포구,2021,4,1628703.036
서울특별시,마포구,2021,5,1607171.551
서울특별시,마포구,2021,6,1644082.668
서울특별시,마포구,2021,7,1665614.153
서울특별시,마포구,2021,8,1634854.889
서울특별시,마포구,2021,9,1644082.668
서울특별시,마포구,2021,10,1645620.632
서울특별시,마포구,2021,11,1536425.244
서울특별시,마포구,2021,12,1679455.822
서울특별시,서대문구,2010,1,499730.1168
서울특별시,서대문구,2010,2,488259.8702
서울특별시,서대문구,2010,3,506937.7405
서울특별시,서대문구,2010,4,531362.2921
서울특별시,서대문구,2010,5,556988.8848
서울특별시,서대문구,2010,6,583489.269
서울특별시,서대문구,2010,7,545685.0748
서울특별시,서대문구,2010,8,527196.7572
서울특별시,서대문구,2010,9,538297.1449
서울특별시,서대문구,2010,10,529748.783
서울특별시,서대문구,2010,11,540950.8819
서울특별시,서대문구,2010,12,540812.1848
서울특별시,서대문구,2011,1,595880.3072
서울특별시,서대문구,2011,2,553744.8459
서울특별시,서대문구,2011,3,579717.0916
서울특별시,서대문구,2011,4,563890.1021
서울특별시,서대문구,2011,5,553140.6136
서울특별시,서대문구,2011,6,562208.9718
서울특별시,서대문구,2011,7,572856.1307
서울특별시,서대문구,2011,8,596562.505
서울특별시,서대문구,2011,9,586124.8783
서울특별시,서대문구,2011,10,589638.1971
서울특별시,서대문구,2011,11,562764.4757
서울특별시,서대문구,2011,12,566082.8809
서울특별시,서대문구,2012,1,617306.5869
서울특별시,서대문구,2012,2,644228.473
서울특별시,서대문구,2012,3,635939.1729
서울특별시,서대문구,2012,4,633408.3689
서울특별시,서대문구,2012,5,631186.7107
서울특별시,서대문구,2012,6,628551.1115
서울특별시,서대문구,2012,7,647078.9023
서울특별시,서대문구,2012,8,635053.6535
서울특별시,서대문구,2012,9,601021.4133
서울특별시,서대문구,2012,10,625061.4314
서울특별시,서대문구,2012,11,631909.7976
서울특별시,서대문구,2012,12,615750.3782
서울특별시,서대문구,2013,1,630012.5008
서울특별시,서대문구,2013,2,635402.9294
서울특별시,서대문구,2013,3,637487.9582
서울특별시,서대문구,2013,4,623100.7126
서울특별시,서대문구,2013,5,621026.6289
서울특별시,서대문구,2013,6,620271.4217
서울특별시,서대문구,2013,7,588930.3205
서울특별시,서대문구,2013,8,618695.337
서울특별시,서대문구,2013,9,632601.001
서울특별시,서대문구,2013,10,650386.6792
서울특별시,서대문구,2013,11,611126.8469
서울특별시,서대문구,2013,12,620123.6637
서울특별시,서대문구,2014,1,591278.2453
서울특별시,서대문구,2014,2,636057.6523
서울특별시,서대문구,2014,3,614332.1801
서울특별시,서대문구,2014,4,633783.9376
서울특별시,서대문구,2014,5,604767.2497
서울특별시,서대문구,2014,6,646818.199
서울특별시,서대문구,2014,7,632782.4812
서울특별시,서대문구,2014,8,618797.858
서울특별시,서대문구,2014,9,621040.916
서울특별시,서대문구,2014,10,615134.3671
서울특별시,서대문구,2014,11,602100.1056
서울특별시,서대문구,2014,12,631070.8083
서울특별시,서대문구,2015,1,606217.9856
서울특별시,서대문구,2015,2,612346.8179
서울특별시,서대문구,2015,3,598256.8769
서울특별시,서대문구,2015,4,593981.565
서울특별시,서대문구,2015,5,602261.3305
서울특별시,서대문구,2015,6,618077.3291
서울특별시,서대문구,2015,7,614922.6269
서울특별시,서대문구,2015,8,630000.404
서울특별시,서대문구,2015,9,652715.3221
서울특별시,서대문구,2015,10,655275.1983
서울특별시,서대문구,2015,11,664983.6084
서울특별시,서대문구,2015,12,658737.9354
서울특별시,서대문구,2016,1,655347.1307
서울특별시,서대문구,2016,2,661406.6217
서울특별시,서대문구,2016,3,664926.3957
서울특별시,서대문구,2016,4,648228.546
서울특별시,서대문구,2016,5,629481.0075
서울특별시,서대문구,2016,6,620808.0316
서울특별시,서대문구,2016,7,624396.3042
서울특별시,서대문구,2016,8,629238.6279
서울특별시,서대문구,2016,9,614622.0816
서울특별시,서대문구,2016,10,621819.7032
서울특별시,서대문구,2016,11,637258.2326
서울특별시,서대문구,2016,12,653745.3174
서울특별시,서대문구,2017,1,683797.1134
서울특별시,서대문구,2017,2,686975.8552
서울특별시,서대문구,2017,3,679699.3475
서울특별시,서대문구,2017,4,637137.7237
서울특별시,서대문구,2017,5,644062.8399
서울특별시,서대문구,2017,6,634483.3661
서울특별시,서대문구,2017,7,653680.1559
서울특별시,서대문구,2017,8,628661.0786
서울특별시,서대문구,2017,9,660621.4902
서울특별시,서대문구,2017,10,630331.5399
서울특별시,서대문구,2017,11,648955.2912
서울특별시,서대문구,2017,12,675796.1984
서울특별시,서대문구,2018,1,689313.5339
서울특별시,서대문구,2018,2,719505.0887
서울특별시,서대문구,2018,3,651038.1377
서울특별시,서대문구,2018,4,664268.2055
서울특별시,서대문구,2018,5,655811.7622
서울특별시,서대문구,2018,6,638925.8756
서울특별시,서대문구,2018,7,651146.1382
서울특별시,서대문구,2018,8,649202.1283
서울특별시,서대문구,2018,9,634821.8545
서울특별시,서대문구,2018,10,653138.7485
서울특별시,서대문구,2018,11,665467.0117
서울특별시,서대문구,2018,12,646669.5153
서울특별시,서대문구,2019,1,725525.634
서울특별시,서대문구,2019,2,702685.4456
서울특별시,서대문구,2019,3,670441.1623
서울특별시,서대문구,2019,4,664255.6437
서울특별시,서대문구,2019,5,675450.4376
서울특별시,서대문구,2019,6,673864.5572
서울특별시,서대문구,2019,7,692309.9258
서울특별시,서대문구,2019,8,684316.1525
서울특별시,서대문구,2019,9,669481.4414
서울특별시,서대문구,2019,10,660978.5478
서울특별시,서대문구,2019,11,631262.3099
서울특별시,서대문구,2019,12,657373.7423
서울특별시,서대문구,2020,1,710059.0249
서울특별시,서대문구,2020,2,615428.605
서울특별시,서대문구,2020,3,616090.3562
서울특별시,서대문구,2020,4,682927.2262
서울특별시,서대문구,2020,5,651824.9204
서울특별시,서대문구,2020,6,663736.4418
서울특별시,서대문구,2020,7,635281.1407
서울특별시,서대문구,2020,8,659104.1834
서울특별시,서대문구,2020,9,681603.7238
서울특별시,서대문구,2020,10,633295.8871
서울특별시,서대문구,2020,11,704103.2642
서울특별시,서대문구,2020,12,682927.2262
서울특별시,서대문구,2021,1,659226.3998
서울특별시,서대문구,2021,2,711474.2847
서울특별시,서대문구,2021,3,692123.2162
서울특별시,서대문구,2021,4,683092.7176
서울특별시,서대문구,2021,5,674062.219
서울특별시,서대문구,2021,6,689543.0737
서울특별시,서대문구,2021,7,698573.5724
서울특별시,서대문구,2021,8,685672.86
서울특별시,서대문구,2021,9,689543.0737
서울특별시,서대문구,2021,10,690188.1094
서울특별시,서대문구,2021,11,644390.5806
서울특별시,서대문구,2021,12,704378.8929
서울특별시,서초구,2010,1,2080939.771
서울특별시,서초구,2010,2,2033176.205
서울특별시,서초구,2010,3,2110953.233
서울특별시,서초구,2010,4,2212660.172
서울특별시,서초구,2010,5,2319372.564
서울특별시,서초구,2010,6,2429723.535
서울특별시,서초구,2010,7,2272302.061
서울특별시,서초구,2010,8,2195314.355
서울특별시,서초구,2010,9,2241537.781
서울특별시,서초구,2010,10,2205941.315
서울특별시,서초구,2010,11,2252588.28
서울특별시,서초구,2010,12,2252010.728
서울특별시,서초구,2011,1,2392620.194
서울특별시,서초구,2011,2,2223434.949
서울특별시,서초구,2011,3,2327720.523
서울특별시,서초구,2011,4,2264170.89
서울특별시,서초구,2011,5,2221008.793
서울특별시,서초구,2011,6,2257420.698
서울특별시,서초구,2011,7,2300171.913
서울특별시,서초구,2011,8,2395359.402
서울특별시,서초구,2011,9,2353449.515
서울특별시,서초구,2011,10,2367556.438
서울특별시,서초구,2011,11,2259651.196
서울특별시,서초구,2011,12,2272975.488
서울특별시,서초구,2012,1,2358420.145
서울특별시,서초구,2012,2,2461275.225
서울특별시,서초구,2012,3,2429605.95
서울특별시,서초구,2012,4,2419937.012
서울특별시,서초구,2012,5,2411449.165
서울특별시,서초구,2012,6,2401379.857
서울특별시,서초구,2012,7,2472165.292
서울특별시,서초구,2012,8,2426222.822
서울특별시,서초구,2012,9,2296202.631
서울특별시,서초구,2012,10,2388047.533
서울특별시,서초구,2012,11,2414211.719
서울특별시,서초구,2012,12,2352474.649
서울특별시,서초구,2013,1,2448231.853
서울특별시,서초구,2013,2,2469179.086
서울특별시,서초구,2013,3,2477281.519
서울특별시,서초구,2013,4,2421372.608
서울특별시,서초구,2013,5,2413312.708
서울특별시,서초구,2013,6,2410377.968
서울특별시,서초구,2013,7,2288586.286
서울특별시,서초구,2013,8,2404253.295
서울특별시,서초구,2013,9,2458290.778
서울특별시,서초구,2013,10,2527406.016
서울특별시,서초구,2013,11,2374842.103
서울특별시,서초구,2013,12,2409803.78
서울특별시,서초구,2014,1,2347816.739
서울특별시,서초구,2014,2,2525624.467
서울특별시,서초구,2014,3,2439358.097
서울특별시,서초구,2014,4,2516596.119
서울특별시,서초구,2014,5,2401378.172
서울특별시,서초구,2014,6,2568351.883
서울특별시,서초구,2014,7,2512619.588
서울특별시,서초구,2014,8,2457090.178
서울특별시,서초구,2014,9,2465996.795
서울특별시,서초구,2014,10,2442543.38
서울특별시,서초구,2014,11,2390787.616
서울특별시,서초구,2014,12,2505822.967
서울특별시,서초구,2015,1,2453872.196
서울특별시,서초구,2015,2,2478680.716
서울특별시,서초구,2015,3,2421646.917
서울특별시,서초구,2015,4,2404341.147
서울특별시,서초구,2015,5,2437856.297
서울특별시,서초구,2015,6,2501876.897
서울특별시,서초구,2015,7,2489107.173
서울특별시,서초구,2015,8,2550139.572
서울특별시,서초구,2015,9,2642085.881
서울특별시,서초구,2015,10,2652447.845
서울특별시,서초구,2015,11,2691745.916
서울특별시,서초구,2015,12,2666464.444
서울특별시,서초구,2016,1,2715293.168
서울특별시,서초구,2016,2,2740399.396
서울특별시,서초구,2016,3,2754982.84
서울특별시,서초구,2016,4,2685798.808
서울특별시,서초구,2016,5,2608122.321
서울특별시,서초구,2016,6,2572187.667
서울특별시,서초구,2016,7,2587054.92
서울특별시,서초구,2016,8,2607118.071
서울특별시,서초구,2016,9,2546557.483
서울특별시,서초구,2016,10,2576379.315
서울특별시,서초구,2016,11,2640345.619
서울특별시,서초구,2016,12,2708656.391
서울특별시,서초구,2017,1,2818295.145
서울특별시,서초구,2017,2,2831396.448
서울특별시,서초구,2017,3,2801406.051
서울특별시,서초구,2017,4,2625986.741
서울특별시,서초구,2017,5,2654528.864
서울특별시,서초구,2017,6,2615046.708
서울특별시,서초구,2017,7,2694166.989
서울특별시,서초구,2017,8,2591049.935
서울특별시,서초구,2017,9,2722775.955
서울특별시,서초구,2017,10,2597934.803
서울특별시,서초구,2017,11,2674693.284
서울특별시,서초구,2017,12,2785319.078
서울특별시,서초구,2018,1,2910025.455
서울특별시,서초구,2018,2,3037482.975
서울특별시,서초구,2018,3,2748440.963
서울특별시,서초구,2018,4,2804293.391
서울특별시,서초구,2018,5,2768593.431
서울특별시,서초구,2018,6,2697307.496
서울특별시,서초구,2018,7,2748896.901
서울특별시,서초구,2018,8,2740690.014
서울특별시,서초구,2018,9,2679981.845
서울특별시,서초구,2018,10,2757308.961
서울특별시,서초구,2018,11,2809354.304
서울특별시,서초구,2018,12,2729998.264
서울특별시,서초구,2019,1,2990550.151
서울특별시,서초구,2019,2,2896404.989
서울특별시,서초구,2019,3,2763497.009
서울특별시,서초구,2019,4,2738000.868
서울특별시,서초구,2019,5,2784144.782
서울특별시,서초구,2019,6,2777607.929
서울특별시,서초구,2019,7,2853638.047
서울특별시,서초구,2019,8,2820688.446
서울특별시,서초구,2019,9,2759541.127
서울특별시,서초구,2019,10,2724492.979
서울특별시,서초구,2019,11,2602005.371
서울특별시,서초구,2019,12,2709634.301
서울특별시,서초구,2020,1,2994758.657
서울특별시,서초구,2020,2,2595643.57
서울특별시,서초구,2020,3,2598434.585
서울특별시,서초구,2020,4,2880327.059
서울특별시,서초구,2020,5,2749149.373
서울특별시,서초구,2020,6,2799387.636
서울특별시,서초구,2020,7,2679374.008
서울특별시,서초구,2020,8,2779850.533
서울특별시,서초구,2020,9,2874745.03
서울특별시,서초구,2020,10,2671000.964
서울특별시,서초구,2020,11,2969639.526
서울특별시,서초구,2020,12,2880327.059
서울특별시,서초구,2021,1,2779296.569
서울특별시,서초구,2021,2,2999573.499
서울특별시,서초구,2021,3,2917989.451
서울특별시,서초구,2021,4,2879916.895
서울특별시,서초구,2021,5,2841844.339
서울특별시,서초구,2021,6,2907111.577
서울특별시,서초구,2021,7,2945184.133
서울특별시,서초구,2021,8,2890794.768
서울특별시,서초구,2021,9,2907111.577
서울특별시,서초구,2021,10,2909831.046
서울특별시,서초구,2021,11,2716748.799
서울특별시,서초구,2021,12,2969659.348
서울특별시,성동구,2010,1,642370.5647
서울특별시,성동구,2010,2,627626.3088
서울특별시,성동구,2010,3,651635.4962
서울특별시,성동구,2010,4,683031.6688
서울특별시,성동구,2010,5,715972.9872
서울특별시,성동구,2010,6,750037.5076
서울특별시,성동구,2010,7,701442.6744
서울특별시,성동구,2010,8,677677.1446
서울특별시,성동구,2010,9,691945.9711
서울특별시,성동구,2010,10,680957.6078
서울특별시,성동구,2010,11,695357.1774
서울특별시,성동구,2010,12,695178.8914
서울특별시,성동구,2011,1,753775.6959
서울특별시,성동구,2011,2,700475.2491
서울특별시,성동구,2011,3,733329.5779
서울특별시,성동구,2011,4,713308.7786
서울특별시,성동구,2011,5,699710.9082
서울특별시,성동구,2011,6,711182.1851
서울특별시,성동구,2011,7,724650.6107
서울특별시,성동구,2011,8,754638.6614
서울특별시,성동구,2011,9,741435.2894
서울특별시,성동구,2011,10,745879.5617
서울특별시,성동구,2011,11,711884.8856
서울특별시,성동구,2011,12,716082.5963
서울특별시,성동구,2012,1,750387.6998
서울특별시,성동구,2012,2,783113.5002
서울특별시,성동구,2012,3,773037.1638
서울특별시,성동구,2012,4,769960.7602
서울특별시,성동구,2012,5,767260.1492
서울특별시,성동구,2012,6,764056.3583
서울특별시,성동구,2012,7,786578.4351
서울특별시,성동구,2012,8,771960.741
서울특별시,성동구,2012,9,730591.7115
서울특별시,성동구,2012,10,759814.3609
서울특별시,성동구,2012,11,768139.1217
서울특별시,성동구,2012,12,748495.9982
서울특별시,성동구,2013,1,803487.9691
서울특별시,성동구,2013,2,810362.6653
서울특별시,성동구,2013,3,813021.8117
서울특별시,성동구,2013,4,794673.0033
서울특별시,성동구,2013,5,792027.8156
서울특별시,성동구,2013,6,791064.6602
서울특별시,성동구,2013,7,751093.7109
서울특별시,성동구,2013,8,789054.5968
서울특별시,성동구,2013,9,806789.2191
서울특별시,성동구,2013,10,829472.2268
서울특별시,성동구,2013,11,779402.1045
서울특별시,성동구,2013,12,790876.2168
서울특별시,성동구,2014,1,783997.7787
서울특별시,성동구,2014,2,843372.4571
서울특별시,성동구,2014,3,814565.8468
서울특별시,성동구,2014,4,840357.6543
서울특별시,성동구,2014,5,801883.3505
서울특별시,성동구,2014,6,857640.2655
서울특별시,성동구,2014,7,839029.7861
서울특별시,성동구,2014,8,820487.0551
서울특별시,성동구,2014,9,823461.2089
서울특별시,성동구,2014,10,815629.4964
서울특별시,성동구,2014,11,798346.8852
서울특별시,성동구,2014,12,836760.2154
서울특별시,성동구,2015,1,826175.3091
서울특별시,성동구,2015,2,834527.8984
서울특별시,성동구,2015,3,815325.6285
서울특별시,성동구,2015,4,809499.0822
서울특별시,성동구,2015,5,820783.0396
서울특별시,성동구,2015,6,842337.6418
서울특별시,성동구,2015,7,838038.302
서울특별시,성동구,2015,8,858586.8298
서울특별시,성동구,2015,9,889543.5235
서울특별시,성동구,2015,10,893032.2133
서울특별시,성동구,2015,11,906263.178
서울특별시,성동구,2015,12,897751.3539
서울특별시,성동구,2016,1,887245.5433
서울특별시,성동구,2016,2,895449.2207
서울특별시,성동구,2016,3,900214.4872
서울특별시,성동구,2016,4,877608.0058
서울특별시,성동구,2016,5,852226.5413
서울특별시,성동구,2016,6,840484.5822
서울특별시,성동구,2016,7,845342.586
서울특별시,성동구,2016,8,851898.3942
서울특별시,성동구,2016,9,832109.6977
서울특별시,성동구,2016,10,841854.2397
서울특별시,성동구,2016,11,862755.7829
서울특별시,성동구,2016,12,885076.919
서울특별시,성동구,2017,1,897284.2357
서울특별시,성동구,2017,2,901455.4072
서울특별시,성동구,2017,3,891907.1134
서울특별시,성동구,2017,4,836057.3981
서울특별시,성동구,2017,5,845144.593
서울특별시,성동구,2017,6,832574.3281
서울특별시,성동구,2017,7,857764.5147
서울특별시,성동구,2017,8,824934.2743
서울특별시,성동구,2017,9,866872.991
서울특별시,성동구,2017,10,827126.2675
서울특별시,성동구,2017,11,851564.5082
서울특별시,성동구,2017,12,886785.3689
서울특별시,성동구,2018,1,960850.7233
서울특별시,성동구,2018,2,1002935.458
서울특별시,성동구,2018,3,907497.7274
서울특별시,성동구,2018,4,925939.4373
서울특별시,성동구,2018,5,914151.7974
서울특별시,성동구,2018,6,890614.1538
서울특별시,성동구,2018,7,907648.272
서울특별시,성동구,2018,8,904938.4697
서울특별시,성동구,2018,9,884893.4601
서울특별시,성동구,2018,10,910425.8193
서울특별시,성동구,2018,11,927610.4821
서울특별시,성동구,2018,12,901408.1995
서울특별시,성동구,2019,1,1021835.964
서울특별시,성동구,2019,2,989667.6643
서울특별시,성동구,2019,3,944254.5641
서울특별시,성동구,2019,4,935542.8315
서울특별시,성동구,2019,5,951309.6664
서울특별시,성동구,2019,6,949076.1002
서울특별시,성동구,2019,7,975054.7012
서울특별시,성동구,2019,8,963796.2085
서울특별시,성동구,2019,9,942902.8856
서울특별시,성동구,2019,10,930927.344
서울특별시,성동구,2019,11,889074.7627
서울특별시,성동구,2019,12,925850.3077
서울특별시,성동구,2020,1,1028104.08
서울특별시,성동구,2020,2,891087.4135
서울특별시,성동구,2020,3,892045.572
서울특별시,성동구,2020,4,988819.5814
서울특별시,성동구,2020,5,943786.1315
서울특별시,성동구,2020,6,961032.9847
서울특별시,성동구,2020,7,919832.1688
서울특별시,성동구,2020,8,954325.8751
서울특별시,성동구,2020,9,986903.2644
서울특별시,성동구,2020,10,916957.6932
서울특별시,성동구,2020,11,1019480.654
서울특별시,성동구,2020,12,988819.5814
서울특별시,성동구,2021,1,1021918.141
서울특별시,성동구,2021,2,1102911.653
서울특별시,성동구,2021,3,1072914.056
서울특별시,성동구,2021,4,1058915.177
서울특별시,성동구,2021,5,1044916.298
서울특별시,성동구,2021,6,1068914.376
서울특별시,성동구,2021,7,1082913.255
서울특별시,성동구,2021,8,1062914.857
서울특별시,성동구,2021,9,1068914.376
서울특별시,성동구,2021,10,1069914.296
서울특별시,성동구,2021,11,998919.9828
서울특별시,성동구,2021,12,1091912.534
서울특별시,성북구,2010,1,412626.2739
서울특별시,성북구,2010,2,403155.3116
서울특별시,성북구,2010,3,418577.5961
서울특별시,성북구,2010,4,438744.9051
서울특별시,성북구,2010,5,459904.7375
서울특별시,성북구,2010,6,481786.0579
서울특별시,성북구,2010,7,450571.2015
서울특별시,성북구,2010,8,435305.4303
서울특별시,성북구,2010,9,444471.0008
서울특별시,성북구,2010,10,437412.6335
서울특별시,성북구,2010,11,446662.1868
서울특별시,성북구,2010,12,446547.6649
서울특별시,성북구,2011,1,465660.6774
서울특별시,성북구,2011,2,432733.2133
서울특별시,성북구,2011,3,453029.661
서울특별시,성북구,2011,4,440661.3942
서울특별시,성북구,2011,5,432261.0257
서울특별시,성북구,2011,6,439347.6466
서울특별시,성북구,2011,7,447668.0478
서울특별시,성북구,2011,8,466193.7923
서울특별시,성북구,2011,9,458037.1336
서울특별시,성북구,2011,10,460782.6756
서울특별시,성북구,2011,11,439781.7545
서울특별시,성북구,2011,12,442374.9779
서울특별시,성북구,2012,1,451817.6994
서울특별시,성북구,2012,2,471522.308
서울특별시,성북구,2012,3,465455.2214
서울특별시,성북구,2012,4,463602.8808
서울특별시,성북구,2012,5,461976.8096
서울특별시,성북구,2012,6,460047.7675
서울특별시,성북구,2012,7,473608.588
서울특별시,성북구,2012,8,464807.094
서울특별시,성북구,2012,9,439898.2905
서울특별시,성북구,2012,10,457493.6085
서울특별시,성북구,2012,11,462506.0498
서울특별시,성북구,2012,12,450678.6826
서울특별시,성북구,2013,1,470245.2421
서울특별시,성북구,2013,2,474268.6915
서울특별시,성북구,2013,3,475824.9699
서울특별시,성북구,2013,4,465086.2405
서울특별시,성북구,2013,5,463538.1316
서울특별시,성북구,2013,6,462974.4402
서울특별시,성북구,2013,7,439581.2477
서울특별시,성북구,2013,8,461798.0408
서울특별시,성북구,2013,9,472177.3148
서울특별시,성북구,2013,10,485452.6554
서울특별시,성북구,2013,11,456148.8728
서울특별시,성북구,2013,12,462864.1528
서울특별시,성북구,2014,1,427333.2543
서울특별시,성북구,2014,2,459696.5788
서울특별시,성북구,2014,3,443994.975
서울특별시,성북구,2014,4,458053.3018
서울특별시,성북구,2014,5,437082.1334
서울특별시,성북구,2014,6,467473.5256
서울특별시,성북구,2014,7,457329.5214
서울특별시,성북구,2014,8,447222.4448
서울특별시,성북구,2014,9,448843.5652
서울특별시,성북구,2014,10,444574.7379
서울특별시,성북구,2014,11,435154.5141
서울특별시,성북구,2014,12,456092.4477
서울특별시,성북구,2015,1,436593.4297
서울특별시,성북구,2015,2,441007.3665
서울특별시,성북구,2015,3,430859.9017
서울특별시,성북구,2015,4,427780.8556
서울특별시,성북구,2015,5,433743.8777
서울특별시,성북구,2015,6,445134.4356
서울특별시,성북구,2015,7,442862.4439
서울특별시,성북구,2015,8,453721.3405
서울특별시,성북구,2015,9,470080.446
서울특별시,성북구,2015,10,471924.0487
서울특별시,성북구,2015,11,478915.9694
서울특별시,성북구,2015,12,474417.8847
서울특별시,성북구,2016,1,481130.4316
서울특별시,성북구,2016,2,485579.0748
서울특별시,성북구,2016,3,488163.1562
서울특별시,성북구,2016,4,475904.2429
서울특별시,성북구,2016,5,462140.5278
서울특별시,성북구,2016,6,455773.1654
서울특별시,성북구,2016,7,458407.5359
서울특별시,성북구,2016,8,461962.582
서울특별시,성북구,2016,9,451231.681
서울특별시,성북구,2016,10,456515.8954
서울특별시,성북구,2016,11,467850.2646
서울특별시,성북구,2016,12,479954.4424
서울특별시,성북구,2017,1,494517.4739
서울특별시,성북구,2017,2,496816.3186
서울특별시,성북구,2017,3,491553.9971
서울특별시,성북구,2017,4,460773.717
서울특별시,성북구,2017,5,465781.9145
서울특별시,성북구,2017,6,458854.1035
서울특별시,성북구,2017,7,472737.0928
서울특별시,성북구,2017,8,454643.4644
서울특별시,성북구,2017,9,477757.019
서울특별시,성북구,2017,10,455851.5307
서울특별시,성북구,2017,11,469320.1024
서울특별시,성북구,2017,12,488731.266
서울특별시,성북구,2018,1,499816.349
서울특별시,성북구,2018,2,521708.031
서울특별시,성북구,2018,3,472063.131
서울특별시,성북구,2018,4,481656.1592
서울특별시,성북구,2018,5,475524.4522
서울특별시,성북구,2018,6,463280.6157
서울특별시,성북구,2018,7,472141.4414
서울특별시,성북구,2018,8,470731.8536
서울특별시,성북구,2018,9,460304.8192
서울특별시,성북구,2018,10,473586.2689
서울특별시,성북구,2018,11,482525.405
서울특별시,성북구,2018,12,468895.4739
서울특별시,성북구,2019,1,515576.2585
서울특별시,성북구,2019,2,499345.4621
서울특별시,성북구,2019,3,476431.8859
서울특별시,성북구,2019,4,472036.3051
서울특별시,성북구,2019,5,479991.5993
서울특별시,성북구,2019,6,478864.634
서울특별시,성북구,2019,7,491972.364
서울특별시,성북구,2019,8,486291.7932
서울특별시,성북구,2019,9,475749.8847
서울특별시,성북구,2019,10,469707.5206
서울특별시,성북구,2019,11,448590.4352
서울특별시,성북구,2019,12,467145.8576
서울특별시,성북구,2020,1,512799.3419
서울특별시,성북구,2020,2,444457.9571
서울특별시,성북구,2020,3,444935.8689
서울특별시,성북구,2020,4,493204.9589
서울특별시,성북구,2020,5,470743.1051
서울특별시,성북구,2020,6,479345.5172
서울특별시,성북구,2020,7,458795.3106
서울특별시,성북구,2020,8,476000.1347
서울특별시,성북구,2020,9,492249.1353
서울특별시,성북구,2020,10,457361.5753
서울특별시,성북구,2020,11,508498.1359
서울특별시,성북구,2020,12,493204.9589
서울특별시,성북구,2021,1,467549.2455
서울특별시,성북구,2021,2,504605.4968
서울특별시,성북구,2021,3,490880.9593
서울특별시,성북구,2021,4,484476.1751
서울특별시,성북구,2021,5,478071.3909
서울특별시,성북구,2021,6,489051.0209
서울특별시,성북구,2021,7,495455.8051
서울특별시,성북구,2021,8,486306.1134
서울특별시,성북구,2021,9,489051.0209
서울특별시,성북구,2021,10,489508.5055
서울특별시,성북구,2021,11,457027.1
서울특별시,성북구,2021,12,499573.1664
서울특별시,소계,2010,1,26063976.87
서울특별시,소계,2010,2,25465733.48
서울특별시,소계,2010,3,26439898.46
서울특별시,소계,2010,4,27713787.96
서울특별시,소계,2010,5,29050371.24
서울특별시,소계,2010,6,30432528.09
서울특별시,소계,2010,7,28460808.53
서울특별시,소계,2010,8,27496529.88
서울특별시,소계,2010,9,28075482.87
서울특별시,소계,2010,10,27629633.61
서울특별시,소계,2010,11,28213891.46
서울특별시,소계,2010,12,28206657.56
서울특별시,소계,2011,1,29761614.8
서울특별시,소계,2011,2,27657132.82
서울특별시,소계,2011,3,28954332.88
서울특별시,소계,2011,4,28163843.99
서울특별시,소계,2011,5,27626954.06
서울특별시,소계,2011,6,28079878.88
서울특별시,소계,2011,7,28611657.9
서울특별시,소계,2011,8,29795687.6
서울특별시,소계,2011,9,29274373.8
서울특별시,소계,2011,10,29449848.71
서울특별시,소계,2011,11,28107623.87
서울특별시,소계,2011,12,28273363.7
서울특별시,소계,2012,1,28513044.23
서울특별시,소계,2012,2,29756551.01
서울특별시,소계,2012,3,29373672.9
서울특별시,소계,2012,4,29256776.49
서울특별시,소계,2012,5,29154159.35
서울특별시,소계,2012,6,29032422.5
서울특별시,소계,2012,7,29888210.74
서울특별시,소계,2012,8,29332771.26
서울특별시,소계,2012,9,27760841.22
서울특별시,소계,2012,10,28871236.14
서울특별시,소계,2012,11,29187558.32
서울특별시,소계,2012,12,28441163.83
서울특별시,소계,2013,1,29806464
서울특별시,소계,2013,2,30061490.08
서울특별시,소계,2013,3,30160134.68
서울특별시,소계,2013,4,29479461.02
서울특별시,소계,2013,5,29381334.24
서울특별시,소계,2013,6,29345604.69
서울특별시,소계,2013,7,27862828.71
서울특별시,소계,2013,8,29271038.69
서울특별시,소계,2013,9,29928928.3
서울특별시,소계,2013,10,30770384.9
서울특별시,소계,2013,11,28912966.55
서울특별시,소계,2013,12,29338614.13
서울특별시,소계,2014,1,28552792.92
서울특별시,소계,2014,2,30715187.94
서울특별시,소계,2014,3,29666066.12
서울특별시,소계,2014,4,30605390.39
서울특별시,소계,2014,5,29204176.18
서울특별시,소계,2014,6,31234814.13
서울특별시,소계,2014,7,30557030.11
서울특별시,소계,2014,8,29881713.46
서울특별시,소계,2014,9,29990030.6
서울특별시,소계,2014,10,29704803.69
서울특별시,소계,2014,11,29075379.94
서울특별시,소계,2014,12,30474373.53
서울특별시,소계,2015,1,29889329.25
서울특별시,소계,2015,2,30191508.81
서울특별시,소계,2015,3,29496810.05
서울특별시,소계,2015,4,29286017.54
서울특별시,소계,2015,5,29694247.99
서울특별시,소계,2015,6,30474049.32
서울특별시,소계,2015,7,30318508.02
서울특별시,소계,2015,8,31061911.63
서울특별시,소계,2015,9,32181861.36
서울특별시,소계,2015,10,32308075
서울특별시,소계,2015,11,32786744.19
서울특별시,소계,2015,12,32478803.84
서울특별시,소계,2016,1,32563375.19
서울특별시,소계,2016,2,32864463.68
서울특별시,소계,2016,3,33039356.82
서울특별시,소계,2016,4,32209661.66
서울특별시,소계,2016,5,31278120.04
서울특별시,소계,2016,6,30847170.77
서울특별시,소계,2016,7,31025467.52
서울특별시,소계,2016,8,31266076.5
서울특별시,소계,2016,9,30539798.69
서울특별시,소계,2016,10,30897439.46
서울특별시,소계,2016,11,31664560.58
서울특별시,소계,2016,12,32483783.1
서울특별시,소계,2017,1,33874618.78
서울특별시,소계,2017,2,34032090.44
서울특별시,소계,2017,3,33671619.59
서울특별시,소계,2017,4,31563159.71
서울특별시,소계,2017,5,31906222.97
서울특별시,소계,2017,6,31431665.51
서울특별시,소계,2017,7,32382655.1
서울특별시,소계,2017,8,31143235.27
서울특별시,소계,2017,9,32726521.8
서울특별시,소계,2017,10,31225988.24
서울특별시,소계,2017,11,32148590.08
서울특별시,소계,2017,12,33478261.53
서울특별시,소계,2018,1,35130721.14
서울특별시,소계,2018,2,36669427.46
서울특별시,소계,2018,3,33180023.52
서울특별시,소계,2018,4,33854291.18
서울특별시,소계,2018,5,33423310.3
서울특별시,소계,2018,6,32562724.59
서울특별시,소계,2018,7,33185527.74
서울특별시,소계,2018,8,33086451.68
서울특별시,소계,2018,9,32353564.01
서울특별시,소계,2018,10,33287080.71
서울특별시,소계,2018,11,33915388.08
서울특별시,소계,2018,12,32957377.58
서울특별시,소계,2019,1,37054367.4
서울특별시,소계,2019,2,35887863.16
서울특별시,소계,2019,3,34241068.8
서울특별시,소계,2019,4,33925159.25
서울특별시,소계,2019,5,34496904.73
서울특별시,소계,2019,6,34415909.95
서울특별시,소계,2019,7,35357960
서울특별시,소계,2019,8,34949698.46
서울특별시,소계,2019,9,34192053.51
서울특별시,소계,2019,10,33757789.95
서울특별시,소계,2019,11,32240109.05
서울특별시,소계,2019,12,33573683.72
서울특별시,소계,2020,1,37365643.37
서울특별시,소계,2020,2,32385879.16
서울특별시,소계,2020,3,32420702.68
서울특별시,소계,2020,4,35937878.8
서울특별시,소계,2020,5,34301173.08
서울특별시,소계,2020,6,34927996.55
서울특별시,소계,2020,7,33430584.93
서울특별시,소계,2020,8,34684231.87
서울특별시,소계,2020,9,35868231.75
서울특별시,소계,2020,10,33326114.36
서울특별시,소계,2020,11,37052231.64
서울특별시,소계,2020,12,35937878.8
서울특별시,소계,2021,1,34610162.85
서울특별시,소계,2021,2,37353238.38
서울특별시,소계,2021,3,36337284.48
서울특별시,소계,2021,4,35863172.66
서울특별시,소계,2021,5,35389060.84
서울특별시,소계,2021,6,36201823.96
서울특별시,소계,2021,7,36675935.78
서울특별시,소계,2021,8,35998633.18
서울특별시,소계,2021,9,36201823.96
서울특별시,소계,2021,10,36235689.09
서울특별시,소계,2021,11,33831264.86
서울특별시,소계,2021,12,36980721.95
서울특별시,송파구,2010,1,1510002.25
서울특별시,송파구,2010,2,1475343.346
서울특별시,송파구,2010,3,1531781.062
서울특별시,송파구,2010,4,1605583.153
서울특별시,송파구,2010,5,1683017.375
서울특별시,송파구,2010,6,1763091.876
서울특별시,송파구,2010,7,1648861.382
서울특별시,송파구,2010,8,1592996.425
서울특별시,송파구,2010,9,1626537.751
서울특별시,송파구,2010,10,1600707.717
서울특별시,송파구,2010,11,1634556.377
서울특별시,송파구,2010,12,1634137.285
서울특별시,송파구,2011,1,1725083.979
서울특별시,송파구,2011,2,1603101.077
서울특별시,송파구,2011,3,1678291.185
서울특별시,송파구,2011,4,1632471.772
서울특별시,송파구,2011,5,1601351.813
서울특별시,송파구,2011,6,1627604.87
서울특별시,송파구,2011,7,1658428.582
서울특별시,송파구,2011,8,1727058.953
서울특별시,송파구,2011,9,1696841.84
서울특별시,송파구,2011,10,1707012.96
서울특별시,송파구,2011,11,1629213.064
서울특별시,송파구,2011,12,1638819.905
서울특별시,송파구,2012,1,1668639.771
서울특별시,송파구,2012,2,1741412.249
서울특별시,송파구,2012,3,1719005.464
서울특별시,송파구,2012,4,1712164.455
서울특별시,송파구,2012,5,1706159.097
서울특별시,송파구,2012,6,1699034.816
서울특별시,송파구,2012,7,1749117.237
서울특별시,송파구,2012,8,1716611.819
서울특별시,송파구,2012,9,1624619.362
서울특별시,송파구,2012,10,1689601.871
서울특별시,송파구,2012,11,1708113.671
서울특별시,송파구,2012,12,1664433.188
서울특별시,송파구,2013,1,1796859.129
서울특별시,송파구,2013,2,1812233.174
서울특별시,송파구,2013,3,1818179.887
서울특별시,송파구,2013,4,1777146.013
서울특별시,송파구,2013,5,1771230.517
서울특별시,송파구,2013,6,1769076.59
서울특별시,송파구,2013,7,1679688.612
서울특별시,송파구,2013,8,1764581.437
서울특별시,송파구,2013,9,1804241.792
서울특별시,송파구,2013,10,1854968.339
서울특별시,송파구,2013,11,1742995.341
서울특별시,송파구,2013,12,1768655.169
서울특별시,송파구,2014,1,1795700.705
서울특별시,송파구,2014,2,1931694.906
서울특별시,송파구,2014,3,1865715.063
서울특별시,송파구,2014,4,1924789.678
서울특별시,송파구,2014,5,1836666.553
서울특별시,송파구,2014,6,1964374.48
서울특별시,송파구,2014,7,1921748.274
서울특별시,송파구,2014,8,1879277.242
서울특별시,송파구,2014,9,1886089.366
서울특별시,송파구,2014,10,1868151.29
서울특별시,송파구,2014,11,1828566.487
서울특별시,송파구,2014,12,1916549.956
서울특별시,송파구,2015,1,1904540.027
서울특별시,송파구,2015,2,1923794.827
서울특별시,송파구,2015,3,1879528.809
서울특별시,송파구,2015,4,1866097.167
서울특별시,송파구,2015,5,1892109.501
서울특별시,송파구,2015,6,1941798.232
서울특별시,송파구,2015,7,1931887.183
서울특별시,송파구,2015,8,1979256.661
서울특별시,송파구,2015,9,2050619.557
서울특별시,송파구,2015,10,2058661.856
서울특별시,송파구,2015,11,2089162.528
서울특별시,송파구,2015,12,2069540.652
서울특별시,송파구,2016,1,2084790.5
서울특별시,송파구,2016,2,2104066.954
서울특별시,송파구,2016,3,2115264.06
서울특별시,송파구,2016,4,2062144.856
서울특별시,송파구,2016,5,2002505.181
서울특별시,송파구,2016,6,1974914.707
서울특별시,송파구,2016,7,1986329.721
서울특별시,송파구,2016,8,2001734.122
서울특별시,송파구,2016,9,1955235.961
서울특별시,송파구,2016,10,1978133.037
서울특별시,송파구,2016,11,2027246.091
서울특별시,송파구,2016,12,2079694.811
서울특별시,송파구,2017,1,2251406.945
서울특별시,송파구,2017,2,2261872.975
서울특별시,송파구,2017,3,2237915.021
서울특별시,송파구,2017,4,2097780.566
서울특별시,송파구,2017,5,2120581.562
서울특별시,송파구,2017,6,2089041.075
서울특별시,송파구,2017,7,2152246.644
서울특별시,송파구,2017,8,2069871.151
서울특별시,송파구,2017,9,2175101.037
서울특별시,송파구,2017,10,2075371.157
서울특별시,송파구,2017,11,2136689.993
서울특별시,송파구,2017,12,2225063.874
서울특별시,송파구,2018,1,2385213.998
서울특별시,송파구,2018,2,2489685.063
서울특별시,송파구,2018,3,2252770.623
서울특별시,송파구,2018,4,2298550.288
서울특별시,송파구,2018,5,2269288.673
서울특별시,송파구,2018,6,2210858.872
서울특별시,송파구,2018,7,2253144.334
서울특별시,송파구,2018,8,2246417.526
서울특별시,송파구,2018,9,2196657.833
서울특별시,송파구,2018,10,2260039.313
서울특별시,송파구,2018,11,2302698.486
서울특별시,송파구,2018,12,2237653.99
서울특별시,송파구,2019,1,2543824.577
서울특별시,송파구,2019,2,2463742.73
서울특별시,송파구,2019,3,2350688.42
서울특별시,송파구,2019,4,2329000.869
서울특별시,송파구,2019,5,2368251.848
서울특별시,송파구,2019,6,2362691.464
서울특별시,송파구,2019,7,2427364.274
서울특별시,송파구,2019,8,2399336.654
서울특별시,송파구,2019,9,2347323.464
서울특별시,송파구,2019,10,2317510.776
서울특별시,송파구,2019,11,2213320.251
서울특별시,송파구,2019,12,2304871.673
서울특별시,송파구,2020,1,2531236.435
서울특별시,송파구,2020,2,2193895.512
서울특별시,송파구,2020,3,2196254.54
서울특별시,송파구,2020,4,2434516.311
서울특별시,송파구,2020,5,2323642.021
서울특별시,송파구,2020,6,2366104.515
서울특별시,송파구,2020,7,2264666.335
서울특별시,송파구,2020,8,2349591.323
서울특별시,송파구,2020,9,2429798.256
서울특별시,송파구,2020,10,2257589.253
서울특별시,송파구,2020,11,2510005.188
서울특별시,송파구,2020,12,2434516.311
서울특별시,송파구,2021,1,2317865.453
서울특별시,송파구,2021,2,2501571.032
서울특별시,송파구,2021,3,2433531.929
서울특별시,송파구,2021,4,2401780.347
서울특별시,송파구,2021,5,2370028.766
서울특별시,송파구,2021,6,2424460.048
서울특별시,송파구,2021,7,2456211.63
서울특별시,송파구,2021,8,2410852.228
서울특별시,송파구,2021,9,2424460.048
서울특별시,송파구,2021,10,2426728.018
서울특별시,송파구,2021,11,2265702.141
서울특별시,송파구,2021,12,2476623.361
서울특별시,양천구,2010,1,497346.2258
서울특별시,양천구,2010,2,485930.6964
서울특별시,양천구,2010,3,504519.4665
서울특별시,양천구,2010,4,528827.5043
서울특별시,양천구,2010,5,554331.849
서울특별시,양천구,2010,6,580705.817
서울특별시,양천구,2010,7,543081.9622
서울특별시,양천구,2010,8,524681.8405
서울특별시,양천구,2010,9,535729.2754
서울특별시,양천구,2010,10,527221.6922
서울특별시,양천구,2010,11,538370.3531
서울특별시,양천구,2010,12,538232.3177
서울특별시,양천구,2011,1,562915.0866
서울특별시,양천구,2011,2,523110.6384
서울특별시,양천구,2011,3,547646.0506
서울특별시,양천구,2011,4,532694.6399
서울특별시,양천구,2011,5,522539.8333
서울특별시,양천구,2011,6,531106.5129
서울특별시,양천구,2011,7,541164.6509
서울특별시,양천구,2011,8,563559.544
서울특별시,양천구,2011,9,553699.3464
서울특별시,양천구,2011,10,557018.3018
서울특별시,양천구,2011,11,531631.2853
서울특별시,양천구,2011,12,534766.11
서울특별시,양천구,2012,1,533116.8523
서울특별시,양천구,2012,2,556367.0678
서울특별시,양천구,2012,3,549208.2821
서울특별시,양천구,2012,4,547022.6352
서울특별시,양천구,2012,5,545103.972
서울특별시,양천구,2012,6,542827.8221
서울특별시,양천구,2012,7,558828.7489
서울특별시,양천구,2012,8,548443.5319
서울특별시,양천구,2012,9,519052.6893
서울특별시,양천구,2012,10,539814.0728
서울특별시,양천구,2012,11,545728.4426
서울특별시,양천구,2012,12,531772.8831
서울특별시,양천구,2013,1,527177.8793
서울특별시,양천구,2013,2,531688.448
서울특별시,양천구,2013,3,533433.1452
서울특별시,양천구,2013,4,521394.2768
서울특별시,양천구,2013,5,519658.7382
서울특별시,양천구,2013,6,519026.8006
서울특별시,양천구,2013,7,492801.392
서울특별시,양천구,2013,8,517707.9744
서울특별시,양천구,2013,9,529343.8681
서울특별시,양천구,2013,10,544226.4555
서울특별시,양천구,2013,11,511374.8611
서울특별시,양천구,2013,12,518903.1607
서울특별시,양천구,2014,1,497772.6324
서울특별시,양천구,2014,2,535470.5581
서울특별시,양천구,2014,3,517180.784
서울특별시,양천구,2014,4,533556.4119
서울특별시,양천구,2014,5,509128.4658
서울특별시,양천구,2014,6,544529.4161
서울특별시,양천구,2014,7,532713.3273
서울특별시,양천구,2014,8,520940.2531
서울특별시,양천구,2014,9,522828.5905
서울특별시,양천구,2014,10,517856.112
서울특별시,양천구,2014,11,506883.1078
서울특별시,양천구,2014,12,531272.3409
서울특별시,양천구,2015,1,506818.6991
서울특별시,양천구,2015,2,511942.6098
서울특별시,양천구,2015,3,500162.9435
서울특별시,양천구,2015,4,496588.6384
서울특별시,양천구,2015,5,503510.8019
서울특별시,양천구,2015,6,516733.5106
서울특별시,양천구,2015,7,514096.0731
서울특별시,양천구,2015,8,526701.6036
서울특별시,양천구,2015,9,545692.0419
서울특별시,양천구,2015,10,547832.1848
서울특별시,양천구,2015,11,555948.7434
서울특별시,양천구,2015,12,550727.1499
서울특별시,양천구,2016,1,535520.2167
서울특별시,양천구,2016,2,540471.7604
서울특별시,양천구,2016,3,543347.9615
서울특별시,양천구,2016,4,529703.2293
서울특별시,양천구,2016,5,514383.5836
서울특별시,양천구,2016,6,507296.4176
서울특별시,양천구,2016,7,510228.5926
서울특별시,양천구,2016,8,514185.5218
서울특별시,양천구,2016,9,502241.5373
서울특별시,양천구,2016,10,508123.1101
서울특별시,양천구,2016,11,520738.7823
서울특별시,양천구,2016,12,534211.2869
서울특별시,양천구,2017,1,558514.4226
서울특별시,양천구,2017,2,561110.7676
서울특별시,양천구,2017,3,555167.4337
서울특별시,양천구,2017,4,520403.7878
서울특별시,양천구,2017,5,526060.1107
서울특별시,양천구,2017,6,518235.7514
서울특별시,양천구,2017,7,533915.3789
서울특별시,양천구,2017,8,513480.2012
서울특별시,양천구,2017,9,539584.9485
서울특별시,양천구,2017,10,514844.607
서울특별시,양천구,2017,11,530056.1859
서울특별시,양천구,2017,12,551979.4047
서울특별시,양천구,2018,1,576027.1412
서울특별시,양천구,2018,2,601256.8141
서울특별시,양천구,2018,3,544042.1794
서울특별시,양천구,2018,4,555097.9294
서울특별시,양천구,2018,5,548031.2745
서울특별시,양천구,2018,6,533920.5274
서울특별시,양천구,2018,7,544132.4304
서울특별시,양천구,2018,8,542507.912
서울특별시,양천구,2018,9,530490.9886
서울특별시,양천구,2018,10,545797.5617
서울특별시,양천구,2018,11,556099.7158
서울특별시,양천구,2018,12,540391.5256
서울특별시,양천구,2019,1,602207.7209
서울특별시,양천구,2019,2,583249.6894
서울특별시,양천구,2019,3,556485.9812
서울특별시,양천구,2019,4,551351.818
서울특별시,양천구,2019,5,560643.8277
서울특별시,양천구,2019,6,559327.5002
서울특별시,양천구,2019,7,574637.7013
서울특별시,양천구,2019,8,568002.6332
서울특별시,양천구,2019,9,555689.3845
서울특별시,양천구,2019,10,548631.7315
서울특별시,양천구,2019,11,523966.3757
서울특별시,양천구,2019,12,545639.6363
서울특별시,양천구,2020,1,584070.9491
서울특별시,양천구,2020,2,506231.1115
서울특별시,양천구,2020,3,506775.446
서울특별시,양천구,2020,4,561753.2334
서울특별시,양천구,2020,5,536169.5105
서울특별시,양천구,2020,6,545967.5321
서울특별시,양천구,2020,7,522561.1473
서울특별시,양천구,2020,8,542157.1904
서울특별시,양천구,2020,9,560664.5643
서울특별시,양천구,2020,10,520928.1438
서울특별시,양천구,2020,11,579171.9383
서울특별시,양천구,2020,12,561753.2334
서울특별시,양천구,2021,1,542962.5349
서울특별시,양천구,2021,2,585995.769
서울특별시,양천구,2021,3,570057.5342
서울특별시,양천구,2021,4,562619.6912
서울특별시,양천구,2021,5,555181.8483
서울특별시,양천구,2021,6,567932.4362
서울특별시,양천구,2021,7,575370.2791
서울특별시,양천구,2021,8,564744.7892
서울특별시,양천구,2021,9,567932.4362
서울특별시,양천구,2021,10,568463.7107
서울특별시,양천구,2021,11,530743.2215
서울특별시,양천구,2021,12,580151.7496
서울특별시,영등포구,2010,1,2147596.743
서울특별시,영등포구,2010,2,2098303.207
서울특별시,영등포구,2010,3,2178571.6
서울특별시,영등포구,2010,4,2283536.431
서울특별시,영등포구,2010,5,2393667.051
서울특별시,영등포구,2010,6,2507552.8
서울특별시,영등포구,2010,7,2345088.778
서울특별시,영등포구,2010,8,2265634.99
서울특별시,영등포구,2010,9,2313339.053
서울특별시,영등포구,2010,10,2276602.355
서울특별시,영등포구,2010,11,2324743.522
서울특별시,영등포구,2010,12,2324147.47
서울특별시,영등포구,2011,1,2494419.064
서울특별시,영등포구,2011,2,2318035.491
서울특별시,영등포구,2011,3,2426758.105
서울특별시,영등포구,2011,4,2360504.625
서울특별시,영등포구,2011,5,2315506.109
서울특별시,영등포구,2011,6,2353467.232
서울특별시,영등포구,2011,7,2398037.384
서울특별시,영등포구,2011,8,2497274.818
서울특별시,영등포구,2011,9,2453581.789
서울특별시,영등포구,2011,10,2468288.92
서울특별시,영등포구,2011,11,2355792.631
서울특별시,영등포구,2011,12,2369683.832
서울특별시,영등포구,2012,1,2323831.571
서울특별시,영등포구,2012,2,2425178.179
서울특별시,영등포구,2012,3,2393973.365
서울특별시,영등포구,2012,4,2384446.232
서울특별시,영등포구,2012,5,2376082.868
서울특별시,영등포구,2012,6,2366161.237
서울특별시,영등포구,2012,7,2435908.533
서울특별시,영등포구,2012,8,2390639.855
서울특별시,영등포구,2012,9,2262526.538
서울특별시,영등포구,2012,10,2353024.444
서울특별시,영등포구,2012,11,2378804.906
서울특별시,영등포구,2012,12,2317973.272
서울특별시,영등포구,2013,1,2448759.978
서울특별시,영등포구,2013,2,2469711.73
서울특별시,영등포구,2013,3,2477815.911
서울특별시,영등포구,2013,4,2421894.939
서울특별시,영등포구,2013,5,2413833.3
서울특별시,영등포구,2013,6,2410897.928
서울특별시,영등포구,2013,7,2289079.973
서울특별시,영등포구,2013,8,2404771.934
서울특별시,영등포구,2013,9,2458821.073
서울특별시,영등포구,2013,10,2527951.22
서울특별시,영등포구,2013,11,2375354.397
서울특별시,영등포구,2013,12,2410323.616
서울특별시,영등포구,2014,1,2305960.181
서울특별시,영등포구,2014,2,2480597.977
서울특별시,영등포구,2014,3,2395869.553
서울특별시,영등포구,2014,4,2471730.586
서울특별시,영등포구,2014,5,2358566.729
서울특별시,영등포구,2014,6,2522563.655
서울특별시,영등포구,2014,7,2467824.948
서울특별시,영등포구,2014,8,2413285.509
서울특별시,영등포구,2014,9,2422033.34
서울특별시,영등포구,2014,10,2398998.048
서울특별시,영등포구,2014,11,2348164.979
서울특별시,영등포구,2014,12,2461149.496
서울특별시,영등포구,2015,1,2436388.892
서울특별시,영등포구,2015,2,2461020.657
서울특별시,영등포구,2015,3,2404393.212
서울특별시,영등포구,2015,4,2387210.742
서울특별시,영등포구,2015,5,2420487.103
서울특별시,영등포구,2015,6,2484051.57
서울특별시,영등포구,2015,7,2471372.828
서울특별시,영등포구,2015,8,2531970.385
서울특별시,영등포구,2015,9,2623261.596
서울특별시,영등포구,2015,10,2633549.733
서울특별시,영등포구,2015,11,2672567.815
서울특별시,영등포구,2015,12,2647466.467
서울특별시,영등포구,2016,1,2584231.92
서울특별시,영등포구,2016,2,2608126.325
서울특별시,영등포구,2016,3,2622005.858
서울특별시,영등포구,2016,4,2556161.187
서울특별시,영등포구,2016,5,2482233.974
서울특별시,영등포구,2016,6,2448033.807
서울특별시,영등포구,2016,7,2462183.451
서울특별시,영등포구,2016,8,2481278.198
서울특별시,영등포구,2016,9,2423640.736
서울특별시,영등포구,2016,10,2452023.134
서울특별시,영등포구,2016,11,2512901.924
서울특별시,영등포구,2016,12,2577915.485
서울특별시,영등포구,2017,1,2678278.675
서울특별시,영등포구,2017,2,2690729.088
서울특별시,영등포구,2017,3,2662228.652
서울특별시,영등포구,2017,4,2495524.396
서울특별시,영등포구,2017,5,2522648.51
서울특별시,영등포구,2017,6,2485127.877
서울특별시,영등포구,2017,7,2560317.362
서울특별시,영등포구,2017,8,2462323.294
서울특별시,영등포구,2017,9,2587504.999
서울특별시,영등포구,2017,10,2468866.113
서울특별시,영등포구,2017,11,2541811.136
서울특별시,영등포구,2017,12,2646940.9
서울특별시,영등포구,2018,1,2818203.394
서울특별시,영등포구,2018,2,2941639.157
서울특별시,영등포구,2018,3,2661717.49
서울특별시,영등포구,2018,4,2715807.567
서울특별시,영등포구,2018,5,2681234.073
서울특별시,영등포구,2018,6,2612197.472
서울특별시,영등포구,2018,7,2662159.041
서울특별시,영등포구,2018,8,2654211.112
서울특별시,영등포구,2018,9,2595418.51
서울특별시,영등포구,2018,10,2670305.669
서울특별시,영등포구,2018,11,2720708.79
서울특별시,영등포구,2018,12,2643856.726
서울특별시,영등포구,2019,1,3060495.127
서울특별시,영등포구,2019,2,2964148.034
서울특별시,영등포구,2019,3,2828131.514
서울특별시,영등포구,2019,4,2802039.053
서울특별시,영등포구,2019,5,2849262.212
서울특별시,영등포구,2019,6,2842572.47
서울특별시,영등포구,2019,7,2920380.831
서울특별시,영등포구,2019,8,2886660.583
서울특별시,영등포구,2019,9,2824083.11
서울특별시,영등포구,2019,10,2788215.233
서울특별시,영등포구,2019,11,2662862.803
서울특별시,영등포구,2019,12,2773009.03
서울특별시,영등포구,2020,1,3315851.648
서울특별시,영등포구,2020,2,2873944.112
서울특별시,영등포구,2020,3,2877034.375
서울특별시,영등포구,2020,4,3189150.886
서울특별시,영등포구,2020,5,3043908.549
서울특별시,영등포구,2020,6,3099533.274
서울특별시,영등포구,2020,7,2966651.987
서울특별시,영등포구,2020,8,3077901.437
서울특별시,영등포구,2020,9,3182970.361
서울특별시,영등포구,2020,10,2957381.2
서울특별시,영등포구,2020,11,3288039.286
서울특별시,영등포구,2020,12,3189150.886
서울특별시,영등포구,2021,1,3184464.689
서울특별시,영등포구,2021,2,3436853.769
서울특별시,영등포구,2021,3,3343376.332
서울특별시,영등포구,2021,4,3299753.528
서울특별시,영등포구,2021,5,3256130.724
서울특별시,영등포구,2021,6,3330912.673
서울특별시,영등포구,2021,7,3374535.477
서울특별시,영등포구,2021,8,3312217.186
서울특별시,영등포구,2021,9,3330912.673
서울특별시,영등포구,2021,10,3334028.588
서울특별시,영등포구,2021,11,3112798.654
서울특별시,영등포구,2021,12,3402578.708
서울특별시,용산구,2010,1,817335.652
서울특별시,용산구,2010,2,798575.443
서울특별시,용산구,2010,3,829124.1107
서울특별시,용산구,2010,4,869071.7867
서울특별시,용산구,2010,5,910985.4661
서울특별시,용산구,2010,6,954328.2787
서울특별시,용산구,2010,7,892497.4729
서울특별시,용산구,2010,8,862258.8289
서울특별시,용산구,2010,9,880414.1138
서울특별시,용산구,2010,10,866432.8052
서울특별시,용산구,2010,11,884754.4443
서울특별시,용산구,2010,12,884527.5977
서울특별시,용산구,2011,1,915747.9397
서울특별시,용산구,2011,2,850994.2276
서울특별시,용산구,2011,3,890908.3349
서울특별시,용산구,2011,4,866585.4418
서울특별시,용산구,2011,5,850065.6443
서울특별시,용산구,2011,6,864001.8832
서울특별시,용산구,2011,7,880364.4206
서울특별시,용산구,2011,8,916796.3403
서울특별시,용산구,2011,9,900755.8116
서울특별시,용산구,2011,10,906155.0745
서울특별시,용산구,2011,11,864855.5808
서울특별시,용산구,2011,12,869955.3007
서울특별시,용산구,2012,1,837926.9164
서울특별시,용산구,2012,2,874470.4645
서울특별시,용산구,2012,3,863218.6363
서울특별시,용산구,2012,4,859783.3437
서울특별시,용산구,2012,5,856767.683
서울특별시,용산구,2012,6,853190.1422
서울특별시,용산구,2012,7,878339.614
서울특별시,용산구,2012,8,862016.6395
서울특별시,용산구,2012,9,815821.5548
서울특별시,용산구,2012,10,848453.279
서울특별시,용산구,2012,11,857749.1952
서울특별시,용산구,2012,12,835814.5314
서울특별시,용산구,2013,1,849913.6203
서울특별시,용산구,2013,2,857185.5374
서울특별시,용산구,2013,3,859998.3298
서울특별시,용산구,2013,4,840589.3245
서울특별시,용산구,2013,5,837791.2975
서울특별시,용산구,2013,6,836772.4909
서울특별시,용산구,2013,7,794492.0143
서울특별시,용산구,2013,8,834646.2857
서울특별시,용산구,2013,9,853405.6171
서울특별시,용산구,2013,10,877399.2523
서울특별시,용산구,2013,11,824436.0711
서울특별시,용산구,2013,12,836573.1591
서울특별시,용산구,2014,1,794748.0123
서울특별시,용산구,2014,2,854936.8405
서울특별시,용산구,2014,3,825735.2319
서울특별시,용산구,2014,4,851880.6985
서울특별시,용산구,2014,5,812878.8323
서울특별시,용산구,2014,6,869400.2901
서울특별시,용산구,2014,7,850534.6224
서울특별시,용산구,2014,8,831737.6322
서울특별시,용산구,2014,9,834752.5678
서울특별시,용산구,2014,10,826813.4663
서울특별시,용산구,2014,11,809293.8747
서울특별시,용산구,2014,12,848233.9313
서울특별시,용산구,2015,1,809348.7075
서울특별시,용산구,2015,2,817531.1808
서울특별시,용산구,2015,3,798720.0009
서울특별시,용산구,2015,4,793012.1231
서울특별시,용산구,2015,5,804066.2616
서울특별시,용산구,2015,6,825181.8641
서울특별시,용산구,2015,7,820970.0885
서울특별시,용산구,2015,8,841100.1072
서울특별시,용산구,2015,9,871426.31
서울특별시,용산구,2015,10,874843.9461
서울특별시,용산구,2015,11,887805.4375
서울특별시,용산구,2015,12,879466.9726
서울특별시,용산구,2016,1,874371.5745
서울특별시,용산구,2016,2,882456.2162
서울특별시,용산구,2016,3,887152.3385
서울특별시,용산구,2016,4,864873.8781
서울특별시,용산구,2016,5,839860.6997
서울특별시,용산구,2016,6,828289.1169
서울특별시,용산구,2016,7,833076.6308
서울특별시,용산구,2016,8,839537.314
서울특별시,용산구,2016,9,820035.7522
서울특별시,용산구,2016,10,829638.9005
서울특별시,용산구,2016,11,850237.1615
서울특별시,용산구,2016,12,872234.4171
서울특별시,용산구,2017,1,978049.6954
서울특별시,용산구,2017,2,982596.3182
서울특별시,용산구,2017,3,972188.5729
서울특별시,용산구,2017,4,911311.7683
서울특별시,용산구,2017,5,921216.9108
서울특별시,용산구,2017,6,907515.1837
서울특별시,용산구,2017,7,934972.7644
서울특별시,용산구,2017,8,899187.4409
서울특별시,용산구,2017,9,944901.1039
서울특별시,용산구,2017,10,901576.7376
서울특별시,용산구,2017,11,928214.689
서울특별시,용산구,2017,12,966605.815
서울특별시,용산구,2018,1,1015297.933
서울특별시,용산구,2018,2,1059767.426
서울특별시,용산구,2018,3,958921.6565
서울특별시,용산구,2018,4,978408.3775
서울특별시,용산구,2018,5,965952.7836
서울특별시,용산구,2018,6,941081.3646
서울특별시,용산구,2018,7,959080.7318
서울특별시,용산구,2018,8,956217.3769
서울특별시,용산구,2018,9,935036.5042
서울특별시,용산구,2018,10,962015.6706
서울특별시,용산구,2018,11,980174.1131
서울특별시,용산구,2018,12,952487.0617
서울특별시,용산구,2019,1,1073124.925
서울특별시,용산구,2019,2,1039342.004
서울특별시,용산구,2019,3,991649.486
서울특별시,용산구,2019,4,982500.4858
서울특별시,용산구,2019,5,999058.7047
서울특별시,용산구,2019,6,996713.0292
서울특별시,용산구,2019,7,1023995.573
서울특별시,용산구,2019,8,1012171.983
서울특별시,용산구,2019,9,990229.9628
서울특별시,용산구,2019,10,977653.3334
서울특별시,용산구,2019,11,933700.0476
서울특별시,용산구,2019,12,972321.4657
서울특별시,용산구,2020,1,1073180.906
서울특별시,용산구,2020,2,930156.7965
서울특별시,용산구,2020,3,931156.9651
서울특별시,용산구,2020,4,1032173.993
서울특별시,용산구,2020,5,985166.0694
서울특별시,용산구,2020,6,1003169.104
서울특별시,용산구,2020,7,960161.8544
서울특별시,용산구,2020,8,996167.924
서울특별시,용산구,2020,9,1030173.656
서울특별시,용산구,2020,10,957161.3486
서울특별시,용산구,2020,11,1064179.389
서울특별시,용산구,2020,12,1032173.993
서울특별시,용산구,2021,1,983390.737
서울특별시,용산구,2021,2,1061330.707
서울특별시,용산구,2021,3,1032464.052
서울특별시,용산구,2021,4,1018992.946
서울특별시,용산구,2021,5,1005521.84
서울특별시,용산구,2021,6,1028615.164
서울특별시,용산구,2021,7,1042086.27
서울특별시,용산구,2021,8,1022841.833
서울특별시,용산구,2021,9,1028615.164
서울특별시,용산구,2021,10,1029577.386
서울특별시,용산구,2021,11,961259.6343
서울특별시,용산구,2021,12,1050746.267
서울특별시,은평구,2010,1,307159.5094
서울특별시,은평구,2010,2,300109.3133
서울특별시,은평구,2010,3,311589.6809
서울특별시,은평구,2010,4,326602.2508
서울특별시,은평구,2010,5,342353.6562
서울특별시,은평구,2010,6,358642.1382
서울특별시,은평구,2010,7,335405.7604
서울특별시,은평구,2010,8,324041.9015
서울특별시,은평구,2010,9,330864.7635
서울특별시,은평구,2010,10,325610.5061
서울특별시,은평구,2010,11,332495.885
서울특별시,은평구,2010,12,332410.6348
서울특별시,은평구,2011,1,322895.1664
서울특별시,은평구,2011,2,300062.8348
서울특별시,은평구,2011,3,314136.6555
서울특별시,은평구,2011,4,305560.3385
서울특별시,은평구,2011,5,299735.4139
서울특별시,은평구,2011,6,304649.3689
서울특별시,은평구,2011,7,310418.8432
서울특별시,은평구,2011,8,323264.8353
서울특별시,은평구,2011,9,317608.9021
서울특별시,은평구,2011,10,319512.6966
서울특별시,은평구,2011,11,304950.3849
서울특별시,은평구,2011,12,306748.5598
서울특별시,은평구,2012,1,300921.3536
서울특별시,은평구,2012,2,314045.0924
서울특별시,은평구,2012,3,310004.2682
서울특별시,은평구,2012,4,308770.5652
서울특별시,은평구,2012,5,307687.563
서울특별시,은평구,2012,6,306402.775
서울특별시,은평구,2012,7,315434.6046
서울특별시,은평구,2012,8,309572.5998
서울특별시,은평구,2012,9,292982.7432
서울특별시,은평구,2012,10,304701.6442
서울특별시,은평구,2012,11,308040.0496
서울특별시,은평구,2012,12,300162.7412
서울특별시,은평구,2013,1,326784.6741
서울특별시,은평구,2013,2,329580.6654
서울특별시,은평구,2013,3,330662.1605
서울특별시,은평구,2013,4,323199.5604
서울특별시,은평구,2013,5,322123.7424
서울특별시,은평구,2013,6,321732.0198
서울특별시,은평구,2013,7,305475.5304
서울특별시,은평구,2013,8,320914.5117
서울특별시,은평구,2013,9,328127.3176
서울특별시,은평구,2013,10,337352.6696
서울특별시,은평구,2013,11,316988.7696
서울특별시,은평구,2013,12,321655.3784
서울특별시,은평구,2014,1,301931.8048
서울특별시,은평구,2014,2,324798.0734
서울특별시,은평구,2014,3,313704.1238
서울특별시,은평구,2014,4,323637.018
서울특별시,은평구,2014,5,308819.8638
서울특별시,은평구,2014,6,330292.8659
서울특별시,은평구,2014,7,323125.6318
서울특별시,은평구,2014,8,315984.4888
서울특별시,은평구,2014,9,317129.8895
서울특별시,은평구,2014,10,314113.7546
서울특별시,은평구,2014,11,307457.9067
서울특별시,은평구,2014,12,322251.5789
서울특별시,은평구,2015,1,312193.7718
서울특별시,은평구,2015,2,315350.0346
서울특별시,은평구,2015,3,308093.9123
서울특별시,은평구,2015,4,305892.1866
서울특별시,은평구,2015,5,310156.1499
서울특별시,은평구,2015,6,318301.1676
서울특별시,은평구,2015,7,316676.5402
서울특별시,은평구,2015,8,324441.3842
서울특별시,은평구,2015,9,336139.2488
서울특별시,은평구,2015,10,337457.5492
서울특별시,은평구,2015,11,342457.2445
서울특별시,은평구,2015,12,339240.8103
서울특별시,은평구,2016,1,359443.1897
서울특별시,은평구,2016,2,362766.6845
서울특별시,은평구,2016,3,364697.2015
서울특별시,은평구,2016,4,355538.8058
서울특별시,은평구,2016,5,345256.2018
서울특별시,은평구,2016,6,340499.2692
서울특별시,은평구,2016,7,342467.3562
서울특별시,은평구,2016,8,345123.262
서울특별시,은평구,2016,9,337106.4145
서울특별시,은평구,2016,10,341054.1484
서울특별시,은평구,2016,11,349521.8352
서울특별시,은평구,2016,12,358564.6311
서울특별시,은평구,2017,1,377376.316
서울특별시,은평구,2017,2,379130.6111
서울특별시,은평구,2017,3,375114.8268
서울특별시,은평구,2017,4,351625.7706
서울특별시,은평구,2017,5,355447.6277
서울특별시,은평구,2017,6,350160.8746
서울특별시,은평구,2017,7,360755.2653
서울특별시,은평구,2017,8,346947.6505
서울특별시,은평구,2017,9,364586.0729
서울특별시,은평구,2017,10,347869.5504
서울특별시,은평구,2017,11,358147.6907
서울특별시,은평구,2017,12,372960.7434
서울특별시,은평구,2018,1,392579.7333
서울특별시,은평구,2018,2,409774.5104
서울특별시,은평구,2018,3,370781.0248
서울특별시,은평구,2018,4,378315.8492
서울특별시,은평구,2018,5,373499.7124
서울특별시,은평구,2018,6,363882.816
서울특별시,은평구,2018,7,370842.5335
서울특별시,은평구,2018,8,369735.3756
서울특별시,은평구,2018,9,361545.4827
서울특별시,은평구,2018,10,371977.3704
서울특별시,은평구,2018,11,378998.5966
서울특별시,은평구,2018,12,368292.995
서울특별시,은평구,2019,1,411753.176
서울특별시,은평구,2019,2,398790.8221
서울특별시,은평구,2019,3,380491.4189
서울특별시,은평구,2019,4,376980.989
서울특별시,은평구,2019,5,383334.3026
서울특별시,은평구,2019,6,382434.2775
서울특별시,은평구,2019,7,392902.466
서울특별시,은평구,2019,8,388365.8082
서울특별시,은평구,2019,9,379946.7543
서울특별시,은평구,2019,10,375121.1585
서울특별시,은평구,2019,11,358256.4817
서울특별시,은평구,2019,12,373075.345
서울특별시,은평구,2020,1,417820.1877
서울특별시,은평구,2020,2,362136.789
서울특별시,은평구,2020,3,362526.1834
서울특별시,은평구,2020,4,401855.0174
서울특별시,은평구,2020,5,383553.4808
서울특별시,은평구,2020,6,390562.5799
서울특별시,은평구,2020,7,373818.6209
서울특별시,은평구,2020,8,387836.8191
서울특별시,은평구,2020,9,401076.2286
서울특별시,은평구,2020,10,372650.4377
서울특별시,은평구,2020,11,414315.6381
서울특별시,은평구,2020,12,401855.0174
서울특별시,은평구,2021,1,374079.5805
서울특별시,은평구,2021,2,403727.7664
서울특별시,은평구,2021,3,392746.9568
서울특별시,은평구,2021,4,387622.579
서울특별시,은평구,2021,5,382498.2011
서울특별시,은평구,2021,6,391282.8488
서울특별시,은평구,2021,7,396407.2266
서울특별시,은평구,2021,8,389086.6869
서울특별시,은평구,2021,9,391282.8488
서울특별시,은평구,2021,10,391648.8758
서울특별시,은평구,2021,11,365660.9598
서울특별시,은평구,2021,12,399701.4695
서울특별시,종로구,2010,1,2026288.756
서울특별시,종로구,2010,2,1979779.589
서울특별시,종로구,2010,3,2055513.985
서울특별시,종로구,2010,4,2154549.829
서울특별시,종로구,2010,5,2258459.67
서울특별시,종로구,2010,6,2365912.531
서울특별시,종로구,2010,7,2212625.364
서울특별시,종로구,2010,8,2137659.56
서울특별시,종로구,2010,9,2182669.036
서울특별시,종로구,2010,10,2148007.427
서울특별시,종로구,2010,11,2193429.319
서울특별시,종로구,2010,12,2192866.935
서울특별시,종로구,2011,1,2309590.06
서울특별시,종로구,2011,2,2146275.983
서울특별시,종로구,2011,3,2246942.576
서울특별시,종로구,2011,4,2185598.281
서울특별시,종로구,2011,5,2143934.021
서울특별시,종로구,2011,6,2179082.338
서울특별시,종로구,2011,7,2220349.975
서울특별시,종로구,2011,8,2312234.211
서울특별시,종로구,2011,9,2271778.706
서울특별시,종로구,2011,10,2285396.082
서울특별시,종로구,2011,11,2181235.432
서울특별시,종로구,2011,12,2194097.336
서울특별시,종로구,2012,1,2237633.309
서울특별시,종로구,2012,2,2335220.651
서울특별시,종로구,2012,3,2305173.322
서울특별시,종로구,2012,4,2295999.58
서울특별시,종로구,2012,5,2287946.44
서울특별시,종로구,2012,6,2278392.833
서울특별시,종로구,2012,7,2345552.981
서울특별시,종로구,2012,8,2301963.462
서울특별시,종로구,2012,9,2178602.274
서울특별시,종로구,2012,10,2265743.326
서울특별시,종로구,2012,11,2290567.509
서울특별시,종로구,2012,12,2231992.312
서울특별시,종로구,2013,1,2312793.103
서울특별시,종로구,2013,2,2332581.514
서울특별시,종로구,2013,3,2340235.711
서울특별시,종로구,2013,4,2287419.74
서울특별시,종로구,2013,5,2279805.722
서울특별시,종로구,2013,6,2277033.336
서울특별시,종로구,2013,7,2161979.297
서울특별시,종로구,2013,8,2271247.486
서울특별시,종로구,2013,9,2322295.558
서울특별시,종로구,2013,10,2387587.269
서울특별시,종로구,2013,11,2243463.352
서울특별시,종로구,2013,12,2276490.912
서울특별시,종로구,2014,1,2286053.029
서울특별시,종로구,2014,2,2459183.193
서울특별시,종로구,2014,3,2375186.221
서울특별시,종로구,2014,4,2450392.352
서울특별시,종로구,2014,5,2338205.429
서울특별시,종로구,2014,6,2500786.584
서울특별시,종로구,2014,7,2446520.432
서울특별시,종로구,2014,8,2392451.827
서울특별시,종로구,2014,9,2401124.138
서울특별시,종로구,2014,10,2378287.709
서울특별시,종로구,2014,11,2327893.477
서울특별시,종로구,2014,12,2439902.608
서울특별시,종로구,2015,1,2368347.057
서울특별시,종로구,2015,2,2392290.923
서울특별시,종로구,2015,3,2337244.931
서울특별시,종로구,2015,4,2320542.321
서울특별시,종로구,2015,5,2352889.363
서울특별시,종로구,2015,6,2414678.644
서울특별시,종로구,2015,7,2402353.986
서울특별시,종로구,2015,8,2461259.214
서울특별시,종로구,2015,9,2550000.906
서울특별시,종로구,2015,10,2560001.723
서울특별시,종로구,2015,11,2597930.133
서울특별시,종로구,2015,12,2573529.799
서울특별시,종로구,2016,1,2552845.259
서울특별시,종로구,2016,2,2576449.456
서울특별시,종로구,2016,3,2590160.416
서울특별시,종로구,2016,4,2525115.458
서울특별시,종로구,2016,5,2452086.124
서울특별시,종로구,2016,6,2418301.334
서울특별시,종로구,2016,7,2432279.124
서울특별시,종로구,2016,8,2451141.956
서울특별시,종로구,2016,9,2394204.527
서울특별시,종로구,2016,10,2422242.208
서울특별시,종로구,2016,11,2482381.598
서울특별시,종로구,2016,12,2546605.54
서울특별시,종로구,2017,1,2638705.194
서울특별시,종로구,2017,2,2650971.643
서울특별시,종로구,2017,3,2622892.322
서울특별시,종로구,2017,4,2458651.24
서울특별시,종로구,2017,5,2485374.576
서울특별시,종로구,2017,6,2448408.337
서울특별시,종로구,2017,7,2522486.844
서울특별시,종로구,2017,8,2425940.708
서울특별시,종로구,2017,9,2549272.764
서울특별시,종로구,2017,10,2432386.853
서울특별시,종로구,2017,11,2504254.06
서울특별시,종로구,2017,12,2607830.457
서울특별시,종로구,2018,1,2648194.77
서울특별시,종로구,2018,2,2764184.249
서울특별시,종로구,2018,3,2501148.907
서울특별시,종로구,2018,4,2551975.99
서울특별시,종로구,2018,5,2519488.148
서울특별시,종로구,2018,6,2454616.193
서울특별시,종로구,2018,7,2501563.821
서울특별시,종로구,2018,8,2494095.352
서울특별시,종로구,2018,9,2438849.424
서울특별시,종로구,2018,10,2509219.003
서울특별시,종로구,2018,11,2556581.546
서울특별시,종로구,2018,12,2484365.596
서울특별시,종로구,2019,1,2901752.03
서울특별시,종로구,2019,2,2810402.311
서울특별시,종로구,2019,3,2681440.755
서울특별시,종로구,2019,4,2656701.669
서울특별시,종로구,2019,5,2701475.436
서울특별시,종로구,2019,6,2695132.681
서울특별시,종로구,2019,7,2768905.244
서울특별시,종로구,2019,8,2736934.012
서울특별시,종로구,2019,9,2677602.335
서울특별시,종로구,2019,10,2643594.868
서울특별시,종로구,2019,11,2524744.273
서울특별시,종로구,2019,12,2629177.388
서울특별시,종로구,2020,1,2899052.658
서울특별시,종로구,2020,2,2512692.425
서울특별시,종로구,2020,3,2515394.245
서울특별시,종로구,2020,4,2788278.046
서울특별시,종로구,2020,5,2661292.514
서울특별시,종로구,2020,6,2709925.271
서울특별시,종로구,2020,7,2593747.019
서울특별시,종로구,2020,8,2691012.532
서울특별시,종로구,2020,9,2782874.406
서울특별시,종로구,2020,10,2585641.56
서울특별시,종로구,2020,11,2874736.279
서울특별시,종로구,2020,12,2788278.046
서울특별시,종로구,2021,1,2642677.209
서울특별시,종로구,2021,2,2852126.186
서울특별시,종로구,2021,3,2774552.491
서울특별시,종로구,2021,4,2738351.433
서울특별시,종로구,2021,5,2702150.375
서울특별시,종로구,2021,6,2764209.331
서울특별시,종로구,2021,7,2800410.389
서울특별시,종로구,2021,8,2748694.592
서울특별시,종로구,2021,9,2764209.331
서울특별시,종로구,2021,10,2766795.121
서울특별시,종로구,2021,11,2583204.043
서울특별시,종로구,2021,12,2823682.498
서울특별시,중구,2010,1,3817452.495
서울특별시,중구,2010,2,3729830.957
서울특별시,중구,2010,3,3872511.736
서울특별시,중구,2010,4,4059091.577
서울특별시,중구,2010,5,4254853.843
서울특별시,중구,2010,6,4457291.028
서울특별시,중구,2010,7,4168503.718
서울특별시,중구,2010,8,4027270.937
서울특별시,중구,2010,9,4112067.113
서울특별시,중구,2010,10,4046765.935
서울특별시,중구,2010,11,4132339.085
서울특별시,중구,2010,12,4131279.575
서울특별시,중구,2011,1,4160098.306
서울특별시,중구,2011,2,3865932.415
서울특별시,중구,2011,3,4047255.903
서울특별시,중구,2011,4,3936760.839
서울특별시,중구,2011,5,3861714.008
서울특별시,중구,2011,6,3925024.141
서울특별시,중구,2011,7,3999356.565
서울특별시,중구,2011,8,4164861.024
서울특별시,중구,2011,9,4091991.435
서울특별시,중구,2011,10,4116519.434
서울특별시,중구,2011,11,3928902.354
서울특별시,중구,2011,12,3952069.577
서울특별시,중구,2012,1,3847892.934
서울특별시,중구,2012,2,4015706.687
서울특별시,중구,2012,3,3964036.513
서울특별시,중구,2012,4,3948261.105
서울특별시,중구,2012,5,3934412.715
서울특별시,중구,2012,6,3917984.081
서울특별시,중구,2012,7,4033474.434
서울특별시,중구,2012,8,3958516.753
서울특별시,중구,2012,9,3746381.618
서울특별시,중구,2012,10,3896231.656
서울특별시,중구,2012,11,3938919.974
서울특별시,중구,2012,12,3838192.528
서울특별시,중구,2013,1,3953698.109
서울특별시,중구,2013,2,3987526.212
서울특별시,중구,2013,3,4000610.99
서울특별시,중구,2013,4,3910322.583
서울특별시,중구,2013,5,3897306.491
서울특별시,중구,2013,6,3892567.122
서울특별시,중구,2013,7,3695883.322
서울특별시,중구,2013,8,3882676.266
서울특별시,중구,2013,9,3969942.467
서울특별시,중구,2013,10,4081558.034
서울특별시,중구,2013,11,3835179.549
서울특별시,중구,2013,12,3891639.854
서울특별시,중구,2014,1,3732825.164
서울특별시,중구,2014,2,4015524.043
서울특별시,중구,2014,3,3878367.992
서울특별시,중구,2014,4,4001169.753
서울특별시,중구,2014,5,3817983.201
서울특별시,중구,2014,6,4083456.932
서울특별시,중구,2014,7,3994847.414
서울특별시,중구,2014,8,3906560.463
서울특별시,중구,2014,9,3920721.213
서울특별시,중구,2014,10,3883432.314
서울특별시,중구,2014,11,3801145.135
서울특별시,중구,2014,12,3984041.375
서울특별시,중구,2015,1,4033168.954
서울특별시,중구,2015,2,4073944.082
서울특별시,중구,2015,3,3980203.689
서울특별시,중구,2015,4,3951760.034
서울특별시,중구,2015,5,4006845.323
서울특별시,중구,2015,6,4112069.18
서울특별시,중구,2015,7,4091080.943
서울특별시,중구,2015,8,4191393.411
서울특별시,중구,2015,9,4342515.787
서울특별시,중구,2015,10,4359546.646
서울특별시,중구,2015,11,4424136.71
서울특별시,중구,2015,12,4382584.24
서울특별시,중구,2016,1,4488586.778
서울특별시,중구,2016,2,4530089.289
서울특별시,중구,2016,3,4554196.834
서울특별시,중구,2016,4,4439830.35
서울특별시,중구,2016,5,4311425.19
서울특별시,중구,2016,6,4252022.466
서울특별시,중구,2016,7,4276599.17
서울특별시,중구,2016,8,4309765.089
서울특별시,중구,2016,9,4209653.815
서울특별시,중구,2016,10,4258951.58
서울특별시,중구,2016,11,4364692.76
서울특별시,중구,2016,12,4477615.679
서울특별시,중구,2017,1,4344291.2
서울특별시,중구,2017,2,4364486.343
서울특별시,중구,2017,3,4318257.325
서울특별시,중구,2017,4,4047855.353
서울특별시,중구,2017,5,4091851.914
서울특별시,중구,2017,6,4030991.722
서울특별시,중구,2017,7,4152952.525
서울특별시,중구,2017,8,3994001.639
서울특별시,중구,2017,9,4197052.123
서울특별시,중구,2017,10,4004614.393
서울특별시,중구,2017,11,4122934.575
서울특별시,중구,2017,12,4293459.888
서울특별시,중구,2018,1,4559662.498
서울특별시,중구,2018,2,4759373.215
서울특별시,중구,2018,3,4306478.889
서울특별시,중구,2018,4,4393992.975
서울특별시,중구,2018,5,4338055.4
서울특별시,중구,2018,6,4226358.85
서울특별시,중구,2018,7,4307193.289
서울특별시,중구,2018,8,4294334.077
서울특별시,중구,2018,9,4199211.623
서울특별시,중구,2018,10,4320373.982
서울특별시,중구,2018,11,4401922.823
서울특별시,중구,2018,12,4277581.38
서울특별시,중구,2019,1,4730952.543
서울특별시,중구,2019,2,4582017.975
서울특별시,중구,2019,3,4371761.897
서울특별시,중구,2019,4,4331427.837
서울특별시,중구,2019,5,4404426
서울특별시,중구,2019,6,4394084.911
서울특별시,중구,2019,7,4514362.072
서울특별시,중구,2019,8,4462236.881
서울특별시,중구,2019,9,4365503.822
서울특별시,중구,2019,10,4310058.798
서울특별시,중구,2019,11,4116287.407
서울특별시,중구,2019,12,4286552.855
서울특별시,중구,2020,1,4976274.369
서울특별시,중구,2020,2,4313080.301
서울특별시,중구,2020,3,4317718.022
서울특별시,중구,2020,4,4786127.818
서울특별시,중구,2020,5,4568154.942
서울특별시,중구,2020,6,4651633.916
서울특별시,중구,2020,7,4452211.924
서울특별시,중구,2020,8,4619169.871
서울특별시,중구,2020,9,4776852.376
서울특별시,중구,2020,10,4438298.761
서울특별시,중구,2020,11,4934534.882
서울특별시,중구,2020,12,4786127.818
서울특별시,중구,2021,1,4702223.363
서울특별시,중구,2021,2,5074904.471
서울특별시,중구,2021,3,4936874.431
서울특별시,중구,2021,4,4872460.412
서울특별시,중구,2021,5,4808046.394
서울특별시,중구,2021,6,4918470.426
서울특별시,중구,2021,7,4982884.444
서울특별시,중구,2021,8,4890864.418
서울특별시,중구,2021,9,4918470.426
서울특별시,중구,2021,10,4923071.427
서울특별시,중구,2021,11,4596400.332
서울특별시,중구,2021,12,5024293.456
서울특별시,중랑구,2010,1,308752.9935
서울특별시,중랑구,2010,2,301666.2223
서울특별시,중랑구,2010,3,313206.1479
서울특별시,중랑구,2010,4,328296.6001
서울특별시,중랑구,2010,5,344129.7207
서울특별시,중랑구,2010,6,360502.7042
서울특별시,중랑구,2010,7,337145.7806
서울특별시,중랑구,2010,8,325722.9682
서울특별시,중랑구,2010,9,332581.2259
서울특별시,중랑구,2010,10,327299.7105
서울특별시,중랑구,2010,11,334220.8094
서울특별시,중랑구,2010,12,334135.1169
서울특별시,중랑구,2011,1,342098.8691
서울특별시,중랑구,2011,2,317908.619
서울특별시,중랑구,2011,3,332819.4589
서울특별시,중랑구,2011,4,323733.0784
서울특별시,중랑구,2011,5,317561.7252
서울특별시,중랑구,2011,6,322767.9303
서울특별시,중랑구,2011,7,328880.5354
서울특별시,중랑구,2011,8,342490.5234
서울특별시,중랑구,2011,9,336498.2121
서울특별시,중랑구,2011,10,338515.232
서울특별시,중랑구,2011,11,323086.8488
서울특별시,중랑구,2011,12,324991.9674
서울특별시,중랑구,2012,1,335670.9925
서울특별시,중랑구,2012,2,350310.2276
서울특별시,중랑구,2012,3,345802.7792
서울특별시,중랑구,2012,4,344426.6113
서울특별시,중랑구,2012,5,343218.5467
서울특별시,중랑구,2012,6,341785.3947
서울특별시,중랑구,2012,7,351860.1972
서울특별시,중랑구,2012,8,345321.2629
서울특별시,중랑구,2012,9,326815.6514
서울특별시,중랑구,2012,10,339887.8216
서울특별시,중랑구,2012,11,343611.7376
서울특별시,중랑구,2012,12,334824.7775
서울특별시,중랑구,2013,1,348829.1549
서울특별시,중랑구,2013,2,351813.7602
서울특별시,중랑구,2013,3,352968.2116
서울특별시,중랑구,2013,4,345002.1939
서울특별시,중랑구,2013,5,343853.8027
서울특별시,중랑구,2013,6,343435.6549
서울특별시,중랑구,2013,7,326082.5233
서울특별시,중랑구,2013,8,342562.9987
서울특별시,중랑구,2013,9,350262.3714
서울특별시,중랑구,2013,10,360110.0539
서울특별시,중랑구,2013,11,338372.4311
서울특별시,중랑구,2013,12,343353.8434
서울특별시,중랑구,2014,1,322758.8243
서울특별시,중랑구,2014,2,347202.3902
서울특별시,중랑구,2014,3,335343.1886
서울특별시,중랑구,2014,4,345961.2461
서울특별시,중랑구,2014,5,330122.0162
서울특별시,중랑구,2014,6,353076.2092
서울특별시,중랑구,2014,7,345414.5849
서울특별시,중랑구,2014,8,337780.8514
서울특별시,중랑구,2014,9,339005.261
서울특별시,중랑구,2014,10,335781.0754
서울특별시,중랑구,2014,11,328666.1123
서울특별시,중랑구,2014,12,344480.2404
서울특별시,중랑구,2015,1,311380.9893
서울특별시,중랑구,2015,2,314529.0348
서울특별시,중랑구,2015,3,307291.8036
서울특별시,중랑구,2015,4,305095.8099
서울특별시,중랑구,2015,5,309348.6722
서울특별시,중랑구,2015,6,317472.4847
서울특별시,중랑구,2015,7,315852.0869
서울특별시,중랑구,2015,8,323596.7155
서울특별시,중랑구,2015,9,335264.1253
서울특별시,중랑구,2015,10,336578.9935
서울특별시,중랑구,2015,11,341565.6723
서울특별시,중랑구,2015,12,338357.612
서울특별시,중랑구,2016,1,343035.727
서울특별시,중랑구,2016,2,346207.5146
서울특별시,중랑구,2016,3,348049.9095
서울특별시,중랑구,2016,4,339309.5661
서울특별시,중랑구,2016,5,329496.3309
서울특별시,중랑구,2016,6,324956.5375
서울특별시,중랑구,2016,7,326834.7874
서울특별시,중랑구,2016,8,329369.4594
서울특별시,중랑구,2016,9,321718.5561
서울특별시,중랑구,2016,10,325486.0882
서울특별시,중랑구,2016,11,333567.2514
서울특별시,중랑구,2016,12,342197.2718
서울특별시,중랑구,2017,1,358820.1876
서울특별시,중랑구,2017,2,360488.2215
서울특별시,중랑구,2017,3,356669.899
서울특별시,중랑구,2017,4,334335.8331
서울특별시,중랑구,2017,5,337969.764
서울특별시,중랑구,2017,6,332942.968
서울특별시,중랑구,2017,7,343016.4176
서울특별시,중랑구,2017,8,329887.7427
서울특별시,중랑구,2017,9,346658.8589
서울특별시,중랑구,2017,10,330764.3115
서울특별시,중랑구,2017,11,340537.0611
서울특별시,중랑구,2017,12,354621.735
서울특별시,중랑구,2018,1,369173.492
서울특별시,중랑구,2018,2,385343.0885
서울특별시,중랑구,2018,3,348674.4578
서울특별시,중랑구,2018,4,355760.0438
서울특별시,중랑구,2018,5,351231.0529
서울특별시,중랑구,2018,6,342187.5315
서울특별시,중랑구,2018,7,348732.2993
서울특별시,중랑구,2018,8,347691.152
서울특별시,중랑구,2018,9,339989.5538
서울특별시,중랑구,2018,10,349799.4753
서울특별시,중랑구,2018,11,356402.0847
서울특별시,중랑구,2018,12,346334.7684
서울특별시,중랑구,2019,1,398004.7836
서울특별시,중랑구,2019,2,385475.2412
서울특별시,중랑구,2019,3,367786.8531
서울특별시,중랑구,2019,4,364393.636
서울특별시,중랑구,2019,5,370534.8132
서울특별시,중랑구,2019,6,369664.8399
서울특별시,중랑구,2019,7,379783.4967
서울특별시,중랑구,2019,8,375398.3174
서울특별시,중랑구,2019,9,367260.3748
서울특별시,중랑구,2019,10,362595.9051
서울특별시,중랑구,2019,11,346294.338
서울특별시,중랑구,2019,12,360618.4011
서울특별시,중랑구,2020,1,392319.5057
서울특별시,중랑구,2020,2,340034.6135
서울특별시,중랑구,2020,3,340400.2421
서울특별시,중랑구,2020,4,377328.7324
서울특별시,중랑구,2020,5,360144.1874
서울특별시,중랑구,2020,6,366725.5025
서울특별시,중랑구,2020,7,351003.472
서울특별시,중랑구,2020,8,364166.1022
서울특별시,중랑구,2020,9,376597.4752
서울특별시,중랑구,2020,10,349906.5862
서울특별시,중랑구,2020,11,389028.8482
서울특별시,중랑구,2020,12,377328.7324
서울특별시,중랑구,2021,1,358409.5552
서울특별시,중랑구,2021,2,386815.792
서울특별시,중랑구,2021,3,376294.9635
서울특별시,중랑구,2021,4,371385.2436
서울특별시,중랑구,2021,5,366475.5237
서울특별시,중랑구,2021,6,374892.1864
서울특별시,중랑구,2021,7,379801.9063
서울특별시,중랑구,2021,8,372788.0207
서울특별시,중랑구,2021,9,374892.1864
서울특별시,중랑구,2021,10,375242.8807
서울특별시,중랑구,2021,11,350343.5867
서울특별시,중랑구,2021,12,382958.1549
울산광역시,남구,2010,1,0
울산광역시,남구,2010,2,0
울산광역시,남구,2010,3,0
울산광역시,남구,2010,4,0
울산광역시,남구,2010,5,0
울산광역시,남구,2010,6,0
울산광역시,남구,2010,7,0
울산광역시,남구,2010,8,0
울산광역시,남구,2010,9,0
울산광역시,남구,2010,10,0
울산광역시,남구,2010,11,0
울산광역시,남구,2010,12,0
울산광역시,남구,2011,1,0
울산광역시,남구,2011,2,0
울산광역시,남구,2011,3,0
울산광역시,남구,2011,4,0
울산광역시,남구,2011,5,0
울산광역시,남구,2011,6,0
울산광역시,남구,2011,7,0
울산광역시,남구,2011,8,0
울산광역시,남구,2011,9,0
울산광역시,남구,2011,10,0
울산광역시,남구,2011,11,0
울산광역시,남구,2011,12,0
울산광역시,남구,2012,1,0
울산광역시,남구,2012,2,0
울산광역시,남구,2012,3,0
울산광역시,남구,2012,4,0
울산광역시,남구,2012,5,0
울산광역시,남구,2012,6,0
울산광역시,남구,2012,7,0
울산광역시,남구,2012,8,0
울산광역시,남구,2012,9,0
울산광역시,남구,2012,10,0
울산광역시,남구,2012,11,0
울산광역시,남구,2012,12,0
울산광역시,남구,2013,1,0
울산광역시,남구,2013,2,0
울산광역시,남구,2013,3,0
울산광역시,남구,2013,4,0
울산광역시,남구,2013,5,0
울산광역시,남구,2013,6,0
울산광역시,남구,2013,7,0
울산광역시,남구,2013,8,0
울산광역시,남구,2013,9,0
울산광역시,남구,2013,10,0
울산광역시,남구,2013,11,0
울산광역시,남구,2013,12,0
울산광역시,남구,2014,1,0
울산광역시,남구,2014,2,0
울산광역시,남구,2014,3,0
울산광역시,남구,2014,4,0
울산광역시,남구,2014,5,0
울산광역시,남구,2014,6,0
울산광역시,남구,2014,7,0
울산광역시,남구,2014,8,0
울산광역시,남구,2014,9,0
울산광역시,남구,2014,10,0
울산광역시,남구,2014,11,0
울산광역시,남구,2014,12,0
울산광역시,남구,2015,1,2386414.138
울산광역시,남구,2015,2,2493735.125
울산광역시,남구,2015,3,2511511.697
울산광역시,남구,2015,4,2499326.315
울산광역시,남구,2015,5,2316204.146
울산광역시,남구,2015,6,2417955.283
울산광역시,남구,2015,7,2284663.001
울산광역시,남구,2015,8,2485476.381
울산광역시,남구,2015,9,2255810.749
울산광역시,남구,2015,10,2298214.17
울산광역시,남구,2015,11,2187969.545
울산광역시,남구,2015,12,2256920.451
울산광역시,남구,2016,1,2401121.484
울산광역시,남구,2016,2,2462554.832
울산광역시,남구,2016,3,2518743.871
울산광역시,남구,2016,4,2420178.933
울산광역시,남구,2016,5,2454407.422
울산광역시,남구,2016,6,2475712.432
울산광역시,남구,2016,7,2407793.932
울산광역시,남구,2016,8,2199098.48
울산광역시,남구,2016,9,2195493.017
울산광역시,남구,2016,10,2302603.37
울산광역시,남구,2016,11,2534617.274
울산광역시,남구,2016,12,2462788.953
울산광역시,남구,2017,1,2441523.277
울산광역시,남구,2017,2,2374175.325
울산광역시,남구,2017,3,2471558.425
울산광역시,남구,2017,4,2503893.028
울산광역시,남구,2017,5,2476584.037
울산광역시,남구,2017,6,2485426.271
울산광역시,남구,2017,7,2476868.506
울산광역시,남구,2017,8,2304196.038
울산광역시,남구,2017,9,2389109.929
울산광역시,남구,2017,10,2512735.261
울산광역시,남구,2017,11,2478859.787
울산광역시,남구,2017,12,2249412.117
울산광역시,남구,2018,1,2303624.731
울산광역시,남구,2018,2,2450596.756
울산광역시,남구,2018,3,2269233.37
울산광역시,남구,2018,4,2381194.574
울산광역시,남구,2018,5,2418339.081
울산광역시,남구,2018,6,2384658.948
울산광역시,남구,2018,7,2267558.54
울산광역시,남구,2018,8,2645771.749
울산광역시,남구,2018,9,2584514.287
울산광역시,남구,2018,10,2535898.346
울산광역시,남구,2018,11,2529795.542
울산광역시,남구,2018,12,2513919.076
울산광역시,남구,2019,1,2406189.557
울산광역시,남구,2019,2,2260905.179
울산광역시,남구,2019,3,2273525.359
울산광역시,남구,2019,4,2298308.781
울산광역시,남구,2019,5,2316085.827
울산광역시,남구,2019,6,2324571.81
울산광역시,남구,2019,7,2373855.787
울산광역시,남구,2019,8,2342675.24
울산광역시,남구,2019,9,2398160.512
울산광역시,남구,2019,10,2319632.532
울산광역시,남구,2019,11,2292042.209
울산광역시,남구,2019,12,2381580.207
울산광역시,남구,2020,1,2254751.055
울산광역시,남구,2020,2,1888001.365
울산광역시,남구,2020,3,2272111.987
울산광역시,남구,2020,4,2118033.715
울산광역시,남구,2020,5,1883661.132
울산광역시,남구,2020,6,2072461.268
울산광역시,남구,2020,7,2241730.356
울산광역시,남구,2020,8,2226539.541
울산광역시,남구,2020,9,2309003.968
울산광역시,남구,2020,10,2280792.453
울산광역시,남구,2020,11,2330705.133
울산광역시,남구,2020,12,2198328.026
울산광역시,남구,2021,1,2189581.702
울산광역시,남구,2021,2,2231648.594
울산광역시,남구,2021,3,2248475.35
울산광역시,남구,2021,4,2235855.283
울산광역시,남구,2021,5,2118067.987
울산광역시,남구,2021,6,2258992.073
울산광역시,남구,2021,7,2309472.343
울산광역시,남구,2021,8,2277922.174
울산광역시,남구,2021,9,2221131.871
울산광역시,남구,2021,10,2246372.006
울산광역시,남구,2021,11,2269508.796
울산광역시,남구,2021,12,2336815.822
울산광역시,동구,2010,1,0
울산광역시,동구,2010,2,0
울산광역시,동구,2010,3,0
울산광역시,동구,2010,4,0
울산광역시,동구,2010,5,0
울산광역시,동구,2010,6,0
울산광역시,동구,2010,7,0
울산광역시,동구,2010,8,0
울산광역시,동구,2010,9,0
울산광역시,동구,2010,10,0
울산광역시,동구,2010,11,0
울산광역시,동구,2010,12,0
울산광역시,동구,2011,1,0
울산광역시,동구,2011,2,0
울산광역시,동구,2011,3,0
울산광역시,동구,2011,4,0
울산광역시,동구,2011,5,0
울산광역시,동구,2011,6,0
울산광역시,동구,2011,7,0
울산광역시,동구,2011,8,0
울산광역시,동구,2011,9,0
울산광역시,동구,2011,10,0
울산광역시,동구,2011,11,0
울산광역시,동구,2011,12,0
울산광역시,동구,2012,1,0
울산광역시,동구,2012,2,0
울산광역시,동구,2012,3,0
울산광역시,동구,2012,4,0
울산광역시,동구,2012,5,0
울산광역시,동구,2012,6,0
울산광역시,동구,2012,7,0
울산광역시,동구,2012,8,0
울산광역시,동구,2012,9,0
울산광역시,동구,2012,10,0
울산광역시,동구,2012,11,0
울산광역시,동구,2012,12,0
울산광역시,동구,2013,1,0
울산광역시,동구,2013,2,0
울산광역시,동구,2013,3,0
울산광역시,동구,2013,4,0
울산광역시,동구,2013,5,0
울산광역시,동구,2013,6,0
울산광역시,동구,2013,7,0
울산광역시,동구,2013,8,0
울산광역시,동구,2013,9,0
울산광역시,동구,2013,10,0
울산광역시,동구,2013,11,0
울산광역시,동구,2013,12,0
울산광역시,동구,2014,1,0
울산광역시,동구,2014,2,0
울산광역시,동구,2014,3,0
울산광역시,동구,2014,4,0
울산광역시,동구,2014,5,0
울산광역시,동구,2014,6,0
울산광역시,동구,2014,7,0
울산광역시,동구,2014,8,0
울산광역시,동구,2014,9,0
울산광역시,동구,2014,10,0
울산광역시,동구,2014,11,0
울산광역시,동구,2014,12,0
울산광역시,동구,2015,1,848027.869
울산광역시,동구,2015,2,886165.0835
울산광역시,동구,2015,3,892482.1047
울산광역시,동구,2015,4,888151.9497
울산광역시,동구,2015,5,823078.2894
울산광역시,동구,2015,6,859236.2212
울산광역시,동구,2015,7,811869.9372
울산광역시,동구,2015,8,883230.285
울산광역시,동구,2015,9,801617.1008
울산광역시,동구,2015,10,816685.4336
울산광역시,동구,2015,11,777509.2852
울산광역시,동구,2015,12,802011.4407
울산광역시,동구,2016,1,873920.1617
울산광역시,동구,2016,2,896279.6475
울산광역시,동구,2016,3,916730.3967
울산광역시,동구,2016,4,880856.3741
울산광역시,동구,2016,5,893314.2889
울산광역시,동구,2016,6,901068.5313
울산광역시,동구,2016,7,876348.6882
울산광역시,동구,2016,8,800391.1972
울산광역시,동구,2016,9,799078.9407
울산광역시,동구,2016,10,838063.1814
울산광역시,동구,2016,11,922507.7334
울산광역시,동구,2016,12,896364.859
울산광역시,동구,2017,1,856719.9187
울산광역시,동구,2017,2,833087.8147
울산광역시,동구,2017,3,867259.1217
울산광역시,동구,2017,4,878605.1935
울산광역시,동구,2017,5,869022.5874
울산광역시,동구,2017,6,872125.2889
울산광역시,동구,2017,7,869122.4062
울산광역시,동구,2017,8,808532.3867
울산광역시,동구,2017,9,838328.3024
울산광역시,동구,2017,10,881707.8949
울산광역시,동구,2017,11,869821.1379
울산광역시,동구,2017,12,789308.9469
울산광역시,동구,2018,1,702023.0491
울산광역시,동구,2018,2,746812.3531
울산광역시,동구,2018,3,691542.3799
울산광역시,동구,2018,4,725662.2369
울산광역시,동구,2018,5,736981.9189
울산광역시,동구,2018,6,726717.9947
울산광역시,동구,2018,7,691031.9804
울산광역시,동구,2018,8,806291.3743
울산광역시,동구,2018,9,787623.3378
울산광역시,동구,2018,10,772807.7687
울산광역시,동구,2018,11,770947.9569
울산광역시,동구,2018,12,766109.6493
울산광역시,동구,2019,1,693534.6718
울산광역시,동구,2019,2,651659.4367
울산광역시,동구,2019,3,655296.944
울산광역시,동구,2019,4,662440.2558
울산광역시,동구,2019,5,667564.1239
울산광역시,동구,2019,6,670010.034
울산광역시,동구,2019,7,684215.1272
울산광역시,동구,2019,8,675227.9755
울산광역시,동구,2019,9,691220.4646
울산광역시,동구,2019,10,668586.3888
울산광역시,동구,2019,11,660634.0453
울산광역시,동구,2019,12,686441.5325
울산광역시,동구,2020,1,581460.4918
울산광역시,동구,2020,2,486882.2212
울산광역시,동구,2020,3,585937.5697
울산광역시,동구,2020,4,546203.5033
울산광역시,동구,2020,5,485762.9517
울산광역시,동구,2020,6,534451.1739
울산광역시,동구,2020,7,578102.6833
울산광역시,동구,2020,8,574185.2402
울산광역시,동구,2020,9,595451.3602
울산광역시,동구,2020,10,588176.1086
울산광역시,동구,2020,11,601047.7076
울산광역시,동구,2020,12,566909.9886
울산광역시,동구,2021,1,488747.4684
울산광역시,동구,2021,2,498137.4294
울산광역시,동구,2021,3,501893.4137
울산광역시,동구,2021,4,499076.4254
울산광역시,동구,2021,5,472784.5347
울산광역시,동구,2021,6,504240.904
울산광역시,동구,2021,7,515508.8571
울산광역시,동구,2021,8,508466.3864
울산광역시,동구,2021,9,495789.9391
울산광역시,동구,2021,10,501423.9157
울산광역시,동구,2021,11,506588.3942
울산광역시,동구,2021,12,521612.3318
울산광역시,북구,2010,1,0
울산광역시,북구,2010,2,0
울산광역시,북구,2010,3,0
울산광역시,북구,2010,4,0
울산광역시,북구,2010,5,0
울산광역시,북구,2010,6,0
울산광역시,북구,2010,7,0
울산광역시,북구,2010,8,0
울산광역시,북구,2010,9,0
울산광역시,북구,2010,10,0
울산광역시,북구,2010,11,0
울산광역시,북구,2010,12,0
울산광역시,북구,2011,1,0
울산광역시,북구,2011,2,0
울산광역시,북구,2011,3,0
울산광역시,북구,2011,4,0
울산광역시,북구,2011,5,0
울산광역시,북구,2011,6,0
울산광역시,북구,2011,7,0
울산광역시,북구,2011,8,0
울산광역시,북구,2011,9,0
울산광역시,북구,2011,10,0
울산광역시,북구,2011,11,0
울산광역시,북구,2011,12,0
울산광역시,북구,2012,1,0
울산광역시,북구,2012,2,0
울산광역시,북구,2012,3,0
울산광역시,북구,2012,4,0
울산광역시,북구,2012,5,0
울산광역시,북구,2012,6,0
울산광역시,북구,2012,7,0
울산광역시,북구,2012,8,0
울산광역시,북구,2012,9,0
울산광역시,북구,2012,10,0
울산광역시,북구,2012,11,0
울산광역시,북구,2012,12,0
울산광역시,북구,2013,1,0
울산광역시,북구,2013,2,0
울산광역시,북구,2013,3,0
울산광역시,북구,2013,4,0
울산광역시,북구,2013,5,0
울산광역시,북구,2013,6,0
울산광역시,북구,2013,7,0
울산광역시,북구,2013,8,0
울산광역시,북구,2013,9,0
울산광역시,북구,2013,10,0
울산광역시,북구,2013,11,0
울산광역시,북구,2013,12,0
울산광역시,북구,2014,1,0
울산광역시,북구,2014,2,0
울산광역시,북구,2014,3,0
울산광역시,북구,2014,4,0
울산광역시,북구,2014,5,0
울산광역시,북구,2014,6,0
울산광역시,북구,2014,7,0
울산광역시,북구,2014,8,0
울산광역시,북구,2014,9,0
울산광역시,북구,2014,10,0
울산광역시,북구,2014,11,0
울산광역시,북구,2014,12,0
울산광역시,북구,2015,1,941383.5376
울산광역시,북구,2015,2,983719.1108
울산광역시,북구,2015,3,990731.5452
울산광역시,북구,2015,4,985924.7024
울산광역시,북구,2015,5,913687.3682
울산광역시,북구,2015,6,953825.7681
울산광역시,북구,2015,7,901245.1377
울산광역시,북구,2015,8,980461.2331
울산광역시,북구,2015,9,889863.6115
울산광역시,북구,2015,10,906590.7509
울산광역시,북구,2015,11,863101.8722
울산광역시,북구,2015,12,890301.3625
울산광역시,북구,2016,1,885054.8762
울산광역시,북구,2016,2,907699.2467
울산광역시,북구,2016,3,928410.5612
울산광역시,북구,2016,4,892079.4637
울산광역시,북구,2016,5,904696.1061
울산광역시,북구,2016,6,912549.1462
울산광역시,북구,2016,7,887514.3448
울산광역시,북구,2016,8,810589.0709
울산광역시,북구,2016,9,809260.0949
울산광역시,북구,2016,10,848741.0381
울산광역시,북구,2016,11,934261.5075
울산광역시,북구,2016,12,907785.5438
울산광역시,북구,2017,1,875352.8493
울산광역시,북구,2017,2,851206.7671
울산광역시,북구,2017,3,886121.271
울산광역시,북구,2017,4,897714.1102
울산광역시,북구,2017,5,887923.0906
울산광역시,북구,2017,6,891093.2732
울산광역시,북구,2017,7,888025.0804
울산광역시,북구,2017,8,826117.2794
울산광역시,북구,2017,9,856561.2309
울산광역시,북구,2017,10,900884.2928
울산광역시,북구,2017,11,888739.0089
울산광역시,북구,2017,12,806475.7461
울산광역시,북구,2018,1,836922.9398
울산광역시,북구,2018,2,890318.9018
울산광역시,북구,2018,3,824428.318
울산광역시,북구,2018,4,865104.605
울산광역시,북구,2018,5,878599.4633
울산광역시,북구,2018,6,866363.236
울산광역시,북구,2018,7,823819.8408
울산광역시,북구,2018,8,961227.3389
울산광역시,북구,2018,9,938972.0753
울산광역시,북구,2018,10,921309.5647
울산광역시,북구,2018,11,919092.3736
울산광역시,북구,2018,12,913324.3427
울산광역시,북구,2019,1,1122493.778
울산광역시,북구,2019,2,1054718.232
울산광역시,북구,2019,3,1060605.579
울산광역시,북구,2019,4,1072167.111
울산광역시,북구,2019,5,1080460.15
울산광역시,북구,2019,6,1084418.883
울산광역시,북구,2019,7,1107409.989
울산광역시,북구,2019,8,1092864.181
울산광역시,북구,2019,9,1118748.207
울산광역시,북구,2019,10,1082114.698
울산광역시,북구,2019,11,1069243.739
울산광역시,북구,2019,12,1111013.451
울산광역시,북구,2020,1,1059200.318
울산광역시,북구,2020,2,886914.6072
울산광역시,북구,2020,3,1067355.855
울산광역시,북구,2020,4,994975.4674
울산광역시,북구,2020,5,884875.723
울산광역시,북구,2020,6,973567.1838
울산광역시,북구,2020,7,1053083.666
울산광역시,북구,2020,8,1045947.571
울산광역시,북구,2020,9,1084686.37
울산광역시,북구,2020,10,1071433.623
울산광역시,북구,2020,11,1094880.791
울산광역시,북구,2020,12,1032694.824
울산광역시,북구,2021,1,1044114.63
울산광역시,북구,2021,2,1064174.469
울산광역시,북구,2021,3,1072198.405
울산광역시,북구,2021,4,1066180.453
울산광역시,북구,2021,5,1010012.903
울산광역시,북구,2021,6,1077213.364
울산광역시,북구,2021,7,1101285.171
울산광역시,북구,2021,8,1086240.292
울산광역시,북구,2021,9,1059159.509
울산광역시,북구,2021,10,1071195.413
울산광역시,북구,2021,11,1082228.324
울산광역시,북구,2021,12,1114324.067
울산광역시,소계,2010,1,0
울산광역시,소계,2010,2,0
울산광역시,소계,2010,3,0
울산광역시,소계,2010,4,0
울산광역시,소계,2010,5,0
울산광역시,소계,2010,6,0
울산광역시,소계,2010,7,0
울산광역시,소계,2010,8,0
울산광역시,소계,2010,9,0
울산광역시,소계,2010,10,0
울산광역시,소계,2010,11,0
울산광역시,소계,2010,12,0
울산광역시,소계,2011,1,0
울산광역시,소계,2011,2,0
울산광역시,소계,2011,3,0
울산광역시,소계,2011,4,0
울산광역시,소계,2011,5,0
울산광역시,소계,2011,6,0
울산광역시,소계,2011,7,0
울산광역시,소계,2011,8,0
울산광역시,소계,2011,9,0
울산광역시,소계,2011,10,0
울산광역시,소계,2011,11,0
울산광역시,소계,2011,12,0
울산광역시,소계,2012,1,0
울산광역시,소계,2012,2,0
울산광역시,소계,2012,3,0
울산광역시,소계,2012,4,0
울산광역시,소계,2012,5,0
울산광역시,소계,2012,6,0
울산광역시,소계,2012,7,0
울산광역시,소계,2012,8,0
울산광역시,소계,2012,9,0
울산광역시,소계,2012,10,0
울산광역시,소계,2012,11,0
울산광역시,소계,2012,12,0
울산광역시,소계,2013,1,0
울산광역시,소계,2013,2,0
울산광역시,소계,2013,3,0
울산광역시,소계,2013,4,0
울산광역시,소계,2013,5,0
울산광역시,소계,2013,6,0
울산광역시,소계,2013,7,0
울산광역시,소계,2013,8,0
울산광역시,소계,2013,9,0
울산광역시,소계,2013,10,0
울산광역시,소계,2013,11,0
울산광역시,소계,2013,12,0
울산광역시,소계,2014,1,0
울산광역시,소계,2014,2,0
울산광역시,소계,2014,3,0
울산광역시,소계,2014,4,0
울산광역시,소계,2014,5,0
울산광역시,소계,2014,6,0
울산광역시,소계,2014,7,0
울산광역시,소계,2014,8,0
울산광역시,소계,2014,9,0
울산광역시,소계,2014,10,0
울산광역시,소계,2014,11,0
울산광역시,소계,2014,12,0
울산광역시,소계,2015,1,6123109.139
울산광역시,소계,2015,2,6398475.474
울산광역시,소계,2015,3,6444086.959
울산광역시,소계,2015,4,6412821.464
울산광역시,소계,2015,5,5942962.938
울산광역시,소계,2015,6,6204038.04
울산광역시,소계,2015,7,5862034.036
울산광역시,소계,2015,8,6377285.025
울산광역시,소계,2015,9,5788004.351
울산광역시,소계,2015,10,5896803.896
울산광역시,소계,2015,11,5613936.031
울산광역시,소계,2015,12,5790851.647
울산광역시,소계,2016,1,6118540.306
울산광역시,소계,2016,2,6275084.829
울산광역시,소계,2016,3,6418265.795
울산광역시,소계,2016,4,6167102.517
울산광역시,소계,2016,5,6254323.589
울산광역시,소계,2016,6,6308613.039
울산광역시,소계,2016,7,6135543.046
울산광역시,소계,2016,8,5603745.073
울산광역시,소계,2016,9,5594557.627
울산광역시,소계,2016,10,5867496.345
울산광역시,소계,2016,11,6458714.418
울산광역시,소계,2016,12,6275681.416
울산광역시,소계,2017,1,6108672.68
울산광역시,소계,2017,2,5940168.616
울산광역시,소계,2017,3,6183820.392
울산광역시,소계,2017,4,6264721.322
울산광역시,소계,2017,5,6196394.437
울산광역시,소계,2017,6,6218517.638
울산광역시,소계,2017,7,6197106.175
울산광역시,소계,2017,8,5765080.971
울산광역시,소계,2017,9,5977534.881
울산광역시,소계,2017,10,6286844.524
울산광역시,소계,2017,11,6202088.344
울산광역시,소계,2017,12,5628012.02
울산광역시,소계,2018,1,5612091.924
울산광역시,소계,2018,2,5970145.255
울산광역시,소계,2018,3,5528307.668
울산광역시,소계,2018,4,5801067.621
울산광역시,소계,2018,5,5891559.089
울산광역시,소계,2018,6,5809507.529
울산광역시,소계,2018,7,5524227.447
울산광역시,소계,2018,8,6445630.69
울산광역시,소계,2018,9,6296395.223
울산광역시,소계,2018,10,6177957.039
울산광역시,소계,2018,11,6163089.386
울산광역시,소계,2018,12,6124411.13
울산광역시,소계,2019,1,6192215.584
울산광역시,소계,2019,2,5818333.074
울산광역시,소계,2019,3,5850810.512
울산광역시,소계,2019,4,5914589.482
울산광역시,소계,2019,5,5960337.873
울산광역시,소계,2019,6,5982176.151
울산광역시,소계,2019,7,6109006.147
울산광역시,소계,2019,8,6028764.476
울산광역시,소계,2019,9,6171553.214
울산광역시,소계,2019,10,5969465.153
울산광역시,소계,2019,11,5898462.754
울산광역시,소계,2019,12,6128884.579
울산광역시,소계,2020,1,5805156.122
울산광역시,소계,2020,2,4860910.324
울산광역시,소계,2020,3,5849854.148
울산광역시,소계,2020,4,5453159.168
울산광역시,소계,2020,5,4849735.817
울산광역시,소계,2020,6,5335826.85
울산광역시,소계,2020,7,5771632.603
울산광역시,소계,2020,8,5732521.83
울산광역시,소계,2020,9,5944837.453
울산광역시,소계,2020,10,5872203.161
울산광역시,소계,2020,11,6000709.986
울산광역시,소계,2020,12,5659887.538
울산광역시,소계,2021,1,5649783.869
울산광역시,소계,2021,2,5758329.188
울산광역시,소계,2021,3,5801747.316
울산광역시,소계,2021,4,5769183.72
울산광역시,소계,2021,5,5465256.826
울산광역시,소계,2021,6,5828883.645
울산광역시,소계,2021,7,5959138.029
울산광역시,소계,2021,8,5877729.039
울산광역시,소계,2021,9,5731192.858
울산광역시,소계,2021,10,5796320.05
울산광역시,소계,2021,11,5856019.975
울산광역시,소계,2021,12,6029692.486
울산광역시,울주군,2010,1,0
울산광역시,울주군,2010,2,0
울산광역시,울주군,2010,3,0
울산광역시,울주군,2010,4,0
울산광역시,울주군,2010,5,0
울산광역시,울주군,2010,6,0
울산광역시,울주군,2010,7,0
울산광역시,울주군,2010,8,0
울산광역시,울주군,2010,9,0
울산광역시,울주군,2010,10,0
울산광역시,울주군,2010,11,0
울산광역시,울주군,2010,12,0
울산광역시,울주군,2011,1,0
울산광역시,울주군,2011,2,0
울산광역시,울주군,2011,3,0
울산광역시,울주군,2011,4,0
울산광역시,울주군,2011,5,0
울산광역시,울주군,2011,6,0
울산광역시,울주군,2011,7,0
울산광역시,울주군,2011,8,0
울산광역시,울주군,2011,9,0
울산광역시,울주군,2011,10,0
울산광역시,울주군,2011,11,0
울산광역시,울주군,2011,12,0
울산광역시,울주군,2012,1,0
울산광역시,울주군,2012,2,0
울산광역시,울주군,2012,3,0
울산광역시,울주군,2012,4,0
울산광역시,울주군,2012,5,0
울산광역시,울주군,2012,6,0
울산광역시,울주군,2012,7,0
울산광역시,울주군,2012,8,0
울산광역시,울주군,2012,9,0
울산광역시,울주군,2012,10,0
울산광역시,울주군,2012,11,0
울산광역시,울주군,2012,12,0
울산광역시,울주군,2013,1,0
울산광역시,울주군,2013,2,0
울산광역시,울주군,2013,3,0
울산광역시,울주군,2013,4,0
울산광역시,울주군,2013,5,0
울산광역시,울주군,2013,6,0
울산광역시,울주군,2013,7,0
울산광역시,울주군,2013,8,0
울산광역시,울주군,2013,9,0
울산광역시,울주군,2013,10,0
울산광역시,울주군,2013,11,0
울산광역시,울주군,2013,12,0
울산광역시,울주군,2014,1,0
울산광역시,울주군,2014,2,0
울산광역시,울주군,2014,3,0
울산광역시,울주군,2014,4,0
울산광역시,울주군,2014,5,0
울산광역시,울주군,2014,6,0
울산광역시,울주군,2014,7,0
울산광역시,울주군,2014,8,0
울산광역시,울주군,2014,9,0
울산광역시,울주군,2014,10,0
울산광역시,울주군,2014,11,0
울산광역시,울주군,2014,12,0
울산광역시,울주군,2015,1,1612120.766
울산광역시,울주군,2015,2,1684620.501
울산광역시,울주군,2015,3,1696629.306
울산광역시,울주군,2015,4,1688397.58
울산광역시,울주군,2015,5,1564691.033
울산광역시,울주군,2015,6,1633428.105
울산광역시,울주군,2015,7,1543383.694
울산광역시,울주군,2015,8,1679041.38
울산광역시,울주군,2015,9,1523892.813
울산광역시,울주군,2015,10,1552538.065
울산광역시,울주군,2015,11,1478063.293
울산광역시,울주군,2015,12,1524642.462
울산광역시,울주군,2016,1,1589206.053
울산광역시,울주군,2016,2,1629866.323
울산광역시,울주군,2016,3,1667055.595
울산광역시,울주군,2016,4,1601819.414
울산광역시,울주군,2016,5,1624473.879
울산광역시,울주군,2016,6,1638574.811
울산광역시,울주군,2016,7,1593622.279
울산광역시,울주군,2016,8,1455495.125
울산광역시,울주군,2016,9,1453108.814
울산광역시,울주군,2016,10,1524000.863
울산광역시,울주군,2016,11,1677561.564
울산광역시,울주군,2016,12,1630021.279
울산광역시,울주군,2017,1,1591267.157
울산광역시,울주군,2017,2,1547373.009
울산광역시,울주군,2017,3,1610842.619
울산광역시,울주군,2017,4,1631916.754
울산광역시,울주군,2017,5,1614118.071
울산광역시,울주군,2017,6,1619881.012
울산광역시,울주군,2017,7,1614303.474
울산광역시,울주군,2017,8,1501763.884
울산광역시,울주군,2017,9,1557106.664
울산광역시,울주군,2017,10,1637679.696
울산광역시,울주군,2017,11,1615601.294
울산광역시,울주군,2017,12,1466058.366
울산광역시,울주군,2018,1,1438627.09
울산광역시,울주군,2018,2,1530411.977
울산광역시,울주군,2018,3,1417149.484
울산광역시,울주군,2018,4,1487069.91
울산광역시,울주군,2018,5,1510266.871
울산광역시,울주군,2018,6,1489233.431
울산광역시,울주군,2018,7,1416103.543
울산광역시,울주군,2018,8,1652299.9
울산광역시,울주군,2018,9,1614044.257
울산광역시,울주군,2018,10,1583683.318
울산광역시,울주군,2018,11,1579872.082
울산광역시,울주군,2018,12,1569957.136
울산광역시,울주군,2019,1,1574251.885
울산광역시,울주군,2019,2,1479199.438
울산광역시,울주군,2019,3,1487456.203
울산광역시,울주군,2019,4,1503670.781
울산광역시,울주군,2019,5,1515301.431
울산광역시,울주군,2019,6,1520853.393
울산광역시,울주군,2019,7,1553097.484
울산광역시,울주군,2019,8,1532697.58
울산광역시,울주군,2019,9,1568998.874
울산광역시,울주군,2019,10,1517621.866
울산광역시,울주군,2019,11,1499570.87
울산광역시,울주군,2019,12,1558151.194
울산광역시,울주군,2020,1,1539093.113
울산광역시,울주군,2020,2,1288749.767
울산광역시,울주군,2020,3,1550943.685
울산광역시,울주군,2020,4,1445769.854
울산광역시,울주군,2020,5,1285787.124
울산광역시,울주군,2020,6,1414662.101
울산광역시,울주군,2020,7,1530205.183
울산광역시,울주군,2020,8,1519835.932
울산광역시,울주군,2020,9,1576126.152
울산광역시,울주군,2020,10,1556868.971
울산광역시,울주군,2020,11,1590939.368
울산광역시,울주군,2020,12,1500578.752
울산광역시,울주군,2021,1,1582218.419
울산광역시,울주군,2021,2,1612616.468
울산광역시,울주군,2021,3,1624775.687
울산광역시,울주군,2021,4,1615656.272
울산광역시,울주군,2021,5,1530541.737
울산광역시,울주군,2021,6,1632375.199
울산광역시,울주군,2021,7,1668852.857
울산광역시,울주군,2021,8,1646054.321
울산광역시,울주군,2021,9,1605016.956
울산광역시,울주군,2021,10,1623255.785
울산광역시,울주군,2021,11,1639974.711
울산광역시,울주군,2021,12,1688611.589
울산광역시,중구,2010,1,0
울산광역시,중구,2010,2,0
울산광역시,중구,2010,3,0
울산광역시,중구,2010,4,0
울산광역시,중구,2010,5,0
울산광역시,중구,2010,6,0
울산광역시,중구,2010,7,0
울산광역시,중구,2010,8,0
울산광역시,중구,2010,9,0
울산광역시,중구,2010,10,0
울산광역시,중구,2010,11,0
울산광역시,중구,2010,12,0
울산광역시,중구,2011,1,0
울산광역시,중구,2011,2,0
울산광역시,중구,2011,3,0
울산광역시,중구,2011,4,0
울산광역시,중구,2011,5,0
울산광역시,중구,2011,6,0
울산광역시,중구,2011,7,0
울산광역시,중구,2011,8,0
울산광역시,중구,2011,9,0
울산광역시,중구,2011,10,0
울산광역시,중구,2011,11,0
울산광역시,중구,2011,12,0
울산광역시,중구,2012,1,0
울산광역시,중구,2012,2,0
울산광역시,중구,2012,3,0
울산광역시,중구,2012,4,0
울산광역시,중구,2012,5,0
울산광역시,중구,2012,6,0
울산광역시,중구,2012,7,0
울산광역시,중구,2012,8,0
울산광역시,중구,2012,9,0
울산광역시,중구,2012,10,0
울산광역시,중구,2012,11,0
울산광역시,중구,2012,12,0
울산광역시,중구,2013,1,0
울산광역시,중구,2013,2,0
울산광역시,중구,2013,3,0
울산광역시,중구,2013,4,0
울산광역시,중구,2013,5,0
울산광역시,중구,2013,6,0
울산광역시,중구,2013,7,0
울산광역시,중구,2013,8,0
울산광역시,중구,2013,9,0
울산광역시,중구,2013,10,0
울산광역시,중구,2013,11,0
울산광역시,중구,2013,12,0
울산광역시,중구,2014,1,0
울산광역시,중구,2014,2,0
울산광역시,중구,2014,3,0
울산광역시,중구,2014,4,0
울산광역시,중구,2014,5,0
울산광역시,중구,2014,6,0
울산광역시,중구,2014,7,0
울산광역시,중구,2014,8,0
울산광역시,중구,2014,9,0
울산광역시,중구,2014,10,0
울산광역시,중구,2014,11,0
울산광역시,중구,2014,12,0
울산광역시,중구,2015,1,335162.7441
울산광역시,중구,2015,2,350235.5665
울산광역시,중구,2015,3,352732.2182
울산광역시,중구,2015,4,351020.8279
울산광역시,중구,2015,5,325302.0192
울산광역시,중구,2015,6,339592.5774
울산광역시,중구,2015,7,320872.1859
울산광역시,중구,2015,8,349075.6575
울산광역시,중구,2015,9,316819.9974
울산광역시,중구,2015,10,322775.3957
울산광역시,중구,2015,11,307291.9595
울산광역시,중구,2015,12,316975.8508
울산광역시,중구,2016,1,369237.731
울산광역시,중구,2016,2,378684.7791
울산광역시,중구,2016,3,387325.3718
울산광역시,중구,2016,4,372168.332
울산광역시,중구,2016,5,377431.8931
울산광역시,중구,2016,6,380708.1179
울산광역시,중구,2016,7,370263.8014
울산광역시,중구,2016,8,338171.1997
울산광역시,중구,2016,9,337616.7617
울산광역시,중구,2016,10,354087.8916
울산광역시,중구,2016,11,389766.3393
울산광역시,중구,2016,12,378720.7815
울산광역시,중구,2017,1,343860.7957
울산광역시,중구,2017,2,334375.6024
울산광역시,중구,2017,3,348090.9049
울산광역시,중구,2017,4,352644.8661
울산광역시,중구,2017,5,348798.7053
울산광역시,중구,2017,6,350044.0334
울산광역시,중구,2017,7,348838.7695
울산광역시,중구,2017,8,324519.8154
울산광역시,중구,2017,9,336478.9715
울산광역시,중구,2017,10,353890.1942
울산광역시,중구,2017,11,349119.2187
울산광역시,중구,2017,12,316804.1231
울산광역시,중구,2018,1,329644.174
울산광역시,중구,2018,2,350675.582
울산광역시,중구,2018,3,324722.8377
울산광역시,중구,2018,4,340744.2662
울산광역시,중구,2018,5,346059.572
울산광역시,중구,2018,6,341240.0112
울산광역시,중구,2018,7,324483.1729
울산광역시,중구,2018,8,378604.7402
울산광역시,중구,2018,9,369838.9176
울산광역시,중구,2018,10,362882.0719
울산광역시,중구,2018,11,362008.7728
울산광역시,중구,2018,12,359736.8817
울산광역시,중구,2019,1,399403.0949
울산광역시,중구,2019,2,375287.3597
울산광역시,중구,2019,3,377382.1817
울산광역시,중구,2019,4,381495.9787
울산광역시,중구,2019,5,384446.7883
울산광역시,중구,2019,6,385855.3755
울산광역시,중구,2019,7,394036.0165
울산광역시,중구,2019,8,388860.3615
울산광역시,중구,2019,9,398070.3547
울산광역시,중구,2019,10,385035.5055
울산광역시,중구,2019,11,380455.7912
울산광역시,중구,2019,12,395318.192
울산광역시,중구,2020,1,371884.4382
울산광역시,중구,2020,2,311395.0541
울산광역시,중구,2020,3,374747.841
울산광역시,중구,2020,4,349335.1411
울산광역시,중구,2020,5,310679.2034
울산광역시,중구,2020,6,341818.7088
울산광역시,중구,2020,7,369736.8861
울산광역시,중구,2020,8,367231.4086
울산광역시,중구,2020,9,380832.5719
울산광역시,중구,2020,10,376179.5424
울산광역시,중구,2020,11,384411.8254
울산광역시,중구,2020,12,362578.3791
울산광역시,중구,2021,1,351193.4178
울산광역시,중구,2021,2,357940.6496
울산광역시,중구,2021,3,360639.5424
울산광역시,중구,2021,4,358615.3728
울산광역시,중구,2021,5,339723.1237
울산광역시,중구,2021,6,362326.3504
울산광역시,중구,2021,7,370423.0286
울산광역시,중구,2021,8,365362.6047
울산광역시,중구,2021,9,356253.8417
울산광역시,중구,2021,10,360302.1808
울산광역시,중구,2021,11,364013.1583
울산광역시,중구,2021,12,374808.7293
인천광역시,강화군,2010,1,0
인천광역시,강화군,2010,2,0
인천광역시,강화군,2010,3,0
인천광역시,강화군,2010,4,0
인천광역시,강화군,2010,5,0
인천광역시,강화군,2010,6,0
인천광역시,강화군,2010,7,0
인천광역시,강화군,2010,8,0
인천광역시,강화군,2010,9,0
인천광역시,강화군,2010,10,0
인천광역시,강화군,2010,11,0
인천광역시,강화군,2010,12,0
인천광역시,강화군,2011,1,0
인천광역시,강화군,2011,2,0
인천광역시,강화군,2011,3,0
인천광역시,강화군,2011,4,0
인천광역시,강화군,2011,5,0
인천광역시,강화군,2011,6,0
인천광역시,강화군,2011,7,0
인천광역시,강화군,2011,8,0
인천광역시,강화군,2011,9,0
인천광역시,강화군,2011,10,0
인천광역시,강화군,2011,11,0
인천광역시,강화군,2011,12,0
인천광역시,강화군,2012,1,0
인천광역시,강화군,2012,2,0
인천광역시,강화군,2012,3,0
인천광역시,강화군,2012,4,0
인천광역시,강화군,2012,5,0
인천광역시,강화군,2012,6,0
인천광역시,강화군,2012,7,0
인천광역시,강화군,2012,8,0
인천광역시,강화군,2012,9,0
인천광역시,강화군,2012,10,0
인천광역시,강화군,2012,11,0
인천광역시,강화군,2012,12,0
인천광역시,강화군,2013,1,0
인천광역시,강화군,2013,2,0
인천광역시,강화군,2013,3,0
인천광역시,강화군,2013,4,0
인천광역시,강화군,2013,5,0
인천광역시,강화군,2013,6,0
인천광역시,강화군,2013,7,0
인천광역시,강화군,2013,8,0
인천광역시,강화군,2013,9,0
인천광역시,강화군,2013,10,0
인천광역시,강화군,2013,11,0
인천광역시,강화군,2013,12,0
인천광역시,강화군,2014,1,0
인천광역시,강화군,2014,2,0
인천광역시,강화군,2014,3,0
인천광역시,강화군,2014,4,0
인천광역시,강화군,2014,5,0
인천광역시,강화군,2014,6,0
인천광역시,강화군,2014,7,0
인천광역시,강화군,2014,8,0
인천광역시,강화군,2014,9,0
인천광역시,강화군,2014,10,0
인천광역시,강화군,2014,11,0
인천광역시,강화군,2014,12,0
인천광역시,강화군,2015,1,106169.1188
인천광역시,강화군,2015,2,105210.0014
인천광역시,강화군,2015,3,106707.59
인천광역시,강화군,2015,4,106103.0487
인천광역시,강화군,2015,5,102391.0112
인천광역시,강화군,2015,6,105880.6128
인천광역시,강화군,2015,7,103828.0355
인천광역시,강화군,2015,8,106651.4304
인천광역시,강화군,2015,9,105135.122
인천광역시,강화군,2015,10,101149.9948
인천광역시,강화군,2015,11,102174.0811
인천광역시,강화군,2015,12,103184.9534
인천광역시,강화군,2016,1,109528.3354
인천광역시,강화군,2016,2,109327.3475
인천광역시,강화군,2016,3,107881.3515
인천광역시,강화군,2016,4,106181.8875
인천광역시,강화군,2016,5,109206.7548
인천광역시,강화군,2016,6,109848.7993
인천광역시,강화군,2016,7,113988.0327
인천광역시,강화군,2016,8,115118.0311
인천광역시,강화군,2016,9,111489.0836
인천광역시,강화군,2016,10,109572.9993
인천광역시,강화군,2016,11,114031.5801
인천광역시,강화군,2016,12,115680.7971
인천광역시,강화군,2017,1,117428.1307
인천광역시,강화군,2017,2,116763.6294
인천광역시,강화군,2017,3,113821.621
인천광역시,강화군,2017,4,110921.2811
인천광역시,강화군,2017,5,111209.6703
인천광역시,강화군,2017,6,113353.3998
인천광역시,강화군,2017,7,119686.9966
인천광역시,강화군,2017,8,118038.9017
인천광역시,강화군,2017,9,115239.4432
인천광역시,강화군,2017,10,124345.0851
인천광역시,강화군,2017,11,121133.3287
인천광역시,강화군,2017,12,121328.5123
인천광역시,강화군,2018,1,146007.7962
인천광역시,강화군,2018,2,136404.8755
인천광역시,강화군,2018,3,128062.7852
인천광역시,강화군,2018,4,125809.0508
인천광역시,강화군,2018,5,127474.8018
인천광역시,강화군,2018,6,125087.7104
인천광역시,강화군,2018,7,132288.9916
인천광역시,강화군,2018,8,131669.4875
인천광역시,강화군,2018,9,123938.415
인천광역시,강화군,2018,10,126880.7567
인천광역시,강화군,2018,11,125001.6345
인천광역시,강화군,2018,12,127896.695
인천광역시,강화군,2019,1,139364.1392
인천광역시,강화군,2019,2,137116.4163
인천광역시,강화군,2019,3,138195.0573
인천광역시,강화군,2019,4,133352.478
인천광역시,강화군,2019,5,127787.7013
인천광역시,강화군,2019,6,128926.1929
인천광역시,강화군,2019,7,129431.598
인천광역시,강화군,2019,8,133505.4295
인천광역시,강화군,2019,9,133063.865
인천광역시,강화군,2019,10,132213.9864
인천광역시,강화군,2019,11,133817.9827
인천광역시,강화군,2019,12,141762.1536
인천광역시,강화군,2020,1,131073.5692
인천광역시,강화군,2020,2,127614.1495
인천광역시,강화군,2020,3,131457.9492
인천광역시,강화군,2020,4,125435.9963
인천광역시,강화군,2020,5,114545.2306
인천광역시,강화군,2020,6,121592.1967
인천광역시,강화군,2020,7,126204.7563
인천광역시,강화군,2020,8,130432.9359
인천광역시,강화군,2020,9,133507.9757
인천광역시,강화군,2020,10,133892.3556
인천광역시,강화군,2020,11,125820.3763
인천광역시,강화군,2020,12,136070.5088
인천광역시,강화군,2021,1,152896.9595
인천광역시,강화군,2021,2,154854.0405
인천광역시,강화군,2021,3,143723.1419
인천광역시,강화군,2021,4,143111.5541
인천광역시,강화군,2021,5,134671.6419
인천광역시,강화군,2021,6,137607.2635
인천광역시,강화군,2021,7,135772.5
인천광역시,강화군,2021,8,134671.6419
인천광역시,강화군,2021,9,129901.2568
인천광역시,강화군,2021,10,132836.8784
인천광역시,강화군,2021,11,130390.527
인천광역시,강화군,2021,12,135038.5946
인천광역시,계양구,2010,1,0
인천광역시,계양구,2010,2,0
인천광역시,계양구,2010,3,0
인천광역시,계양구,2010,4,0
인천광역시,계양구,2010,5,0
인천광역시,계양구,2010,6,0
인천광역시,계양구,2010,7,0
인천광역시,계양구,2010,8,0
인천광역시,계양구,2010,9,0
인천광역시,계양구,2010,10,0
인천광역시,계양구,2010,11,0
인천광역시,계양구,2010,12,0
인천광역시,계양구,2011,1,0
인천광역시,계양구,2011,2,0
인천광역시,계양구,2011,3,0
인천광역시,계양구,2011,4,0
인천광역시,계양구,2011,5,0
인천광역시,계양구,2011,6,0
인천광역시,계양구,2011,7,0
인천광역시,계양구,2011,8,0
인천광역시,계양구,2011,9,0
인천광역시,계양구,2011,10,0
인천광역시,계양구,2011,11,0
인천광역시,계양구,2011,12,0
인천광역시,계양구,2012,1,0
인천광역시,계양구,2012,2,0
인천광역시,계양구,2012,3,0
인천광역시,계양구,2012,4,0
인천광역시,계양구,2012,5,0
인천광역시,계양구,2012,6,0
인천광역시,계양구,2012,7,0
인천광역시,계양구,2012,8,0
인천광역시,계양구,2012,9,0
인천광역시,계양구,2012,10,0
인천광역시,계양구,2012,11,0
인천광역시,계양구,2012,12,0
인천광역시,계양구,2013,1,0
인천광역시,계양구,2013,2,0
인천광역시,계양구,2013,3,0
인천광역시,계양구,2013,4,0
인천광역시,계양구,2013,5,0
인천광역시,계양구,2013,6,0
인천광역시,계양구,2013,7,0
인천광역시,계양구,2013,8,0
인천광역시,계양구,2013,9,0
인천광역시,계양구,2013,10,0
인천광역시,계양구,2013,11,0
인천광역시,계양구,2013,12,0
인천광역시,계양구,2014,1,0
인천광역시,계양구,2014,2,0
인천광역시,계양구,2014,3,0
인천광역시,계양구,2014,4,0
인천광역시,계양구,2014,5,0
인천광역시,계양구,2014,6,0
인천광역시,계양구,2014,7,0
인천광역시,계양구,2014,8,0
인천광역시,계양구,2014,9,0
인천광역시,계양구,2014,10,0
인천광역시,계양구,2014,11,0
인천광역시,계양구,2014,12,0
인천광역시,계양구,2015,1,348607.1607
인천광역시,계양구,2015,2,345457.8911
인천광역시,계양구,2015,3,350375.2352
인천광역시,계양구,2015,4,348390.2191
인천광역시,계양구,2015,5,336201.7138
인천광역시,계양구,2015,6,347659.8489
인천광역시,계양구,2015,7,340920.1948
인천광역시,계양구,2015,8,350190.8348
인천광역시,계양구,2015,9,345212.0239
인천광역시,계양구,2015,10,332126.8264
인천광역시,계양구,2015,11,335489.422
인천광역시,계양구,2015,12,338808.6293
인천광역시,계양구,2016,1,339621.5985
인천광역시,계양구,2016,2,338998.3824
인천광역시,계양구,2016,3,334514.689
인천광역시,계양구,2016,4,329245.0509
인천광역시,계양구,2016,5,338624.4528
인천광역시,계양구,2016,6,340615.2819
인천광역시,계양구,2016,7,353450.0706
인천광역시,계양구,2016,8,356953.9299
인천광역시,계양구,2016,9,345701.4175
인천광역시,계양구,2016,10,339760.0909
인천광역시,계양구,2016,11,353585.1008
인천광역시,계양구,2016,12,358698.9349
인천광역시,계양구,2017,1,361745.7889
인천광역시,계양구,2017,2,359698.7448
인천광역시,계양구,2017,3,350635.6768
인천광역시,계양구,2017,4,341700.9713
인천광역시,계양구,2017,5,342589.3749
인천광역시,계양구,2017,6,349193.2877
인천광역시,계양구,2017,7,368704.3875
인천광역시,계양구,2017,8,363627.3129
인천광역시,계양구,2017,9,355003.3797
인천광역시,계양구,2017,10,383053.9637
인천광역시,계양구,2017,11,373159.9174
인천광역시,계양구,2017,12,373761.1943
인천광역시,계양구,2018,1,404119.4064
인천광역시,계양구,2018,2,377540.5065
인천광역시,계양구,2018,3,354451.3245
인천광역시,계양구,2018,4,348213.4536
인천광역시,계양구,2018,5,352823.9079
인천광역시,계양구,2018,6,346216.9323
인천광역시,계양구,2018,7,366148.5906
인천광역시,계양구,2018,8,364433.9311
인천광역시,계양구,2018,9,343035.9201
인천광역시,계양구,2018,10,351179.7139
인천광역시,계양구,2018,11,345978.6919
인천광역시,계양구,2018,12,353991.6212
인천광역시,계양구,2019,1,403680.4956
인천광역시,계양구,2019,2,397169.7684
인천광역시,계양구,2019,3,400294.147
인천광역시,계양구,2019,4,386267.1897
인천광역시,계양구,2019,5,370148.3243
인천광역시,계양구,2019,6,373446.0654
인천광역시,계양구,2019,7,374910.0159
인천광역시,계양구,2019,8,386710.2274
인천광역시,계양구,2019,9,385431.197
인천광역시,계양구,2019,10,382969.4486
인천광역시,계양구,2019,11,387615.5652
인천광역시,계양구,2019,12,410626.5554
인천광역시,계양구,2020,1,390012.3355
인천광역시,계양구,2020,2,379718.7548
인천광역시,계양구,2020,3,391156.0667
인천광역시,계양구,2020,4,373237.6114
인천광역시,계양구,2020,5,340831.8943
인천광역시,계양구,2020,6,361800.2995
인천광역시,계양구,2020,7,375525.0737
인천광역시,계양구,2020,8,388106.1168
인천광역시,계양구,2020,9,397255.9663
인천광역시,계양구,2020,10,398399.6975
인천광역시,계양구,2020,11,374381.3426
인천광역시,계양구,2020,12,404880.8409
인천광역시,계양구,2021,1,446479.3258
인천광역시,계양구,2021,2,452194.2612
인천광역시,계양구,2021,3,419690.5662
인천광역시,계양구,2021,4,417904.6489
인천광역시,계양구,2021,5,393258.9902
인천광역시,계양구,2021,6,401831.3932
인천광역시,계양구,2021,7,396473.6413
인천광역시,계양구,2021,8,393258.9902
인천광역시,계양구,2021,9,379328.8352
인천광역시,계양구,2021,10,387901.2382
인천광역시,계양구,2021,11,380757.569
인천광역시,계양구,2021,12,394330.5405
인천광역시,남동구,2010,1,0
인천광역시,남동구,2010,2,0
인천광역시,남동구,2010,3,0
인천광역시,남동구,2010,4,0
인천광역시,남동구,2010,5,0
인천광역시,남동구,2010,6,0
인천광역시,남동구,2010,7,0
인천광역시,남동구,2010,8,0
인천광역시,남동구,2010,9,0
인천광역시,남동구,2010,10,0
인천광역시,남동구,2010,11,0
인천광역시,남동구,2010,12,0
인천광역시,남동구,2011,1,0
인천광역시,남동구,2011,2,0
인천광역시,남동구,2011,3,0
인천광역시,남동구,2011,4,0
인천광역시,남동구,2011,5,0
인천광역시,남동구,2011,6,0
인천광역시,남동구,2011,7,0
인천광역시,남동구,2011,8,0
인천광역시,남동구,2011,9,0
인천광역시,남동구,2011,10,0
인천광역시,남동구,2011,11,0
인천광역시,남동구,2011,12,0
인천광역시,남동구,2012,1,0
인천광역시,남동구,2012,2,0
인천광역시,남동구,2012,3,0
인천광역시,남동구,2012,4,0
인천광역시,남동구,2012,5,0
인천광역시,남동구,2012,6,0
인천광역시,남동구,2012,7,0
인천광역시,남동구,2012,8,0
인천광역시,남동구,2012,9,0
인천광역시,남동구,2012,10,0
인천광역시,남동구,2012,11,0
인천광역시,남동구,2012,12,0
인천광역시,남동구,2013,1,0
인천광역시,남동구,2013,2,0
인천광역시,남동구,2013,3,0
인천광역시,남동구,2013,4,0
인천광역시,남동구,2013,5,0
인천광역시,남동구,2013,6,0
인천광역시,남동구,2013,7,0
인천광역시,남동구,2013,8,0
인천광역시,남동구,2013,9,0
인천광역시,남동구,2013,10,0
인천광역시,남동구,2013,11,0
인천광역시,남동구,2013,12,0
인천광역시,남동구,2014,1,0
인천광역시,남동구,2014,2,0
인천광역시,남동구,2014,3,0
인천광역시,남동구,2014,4,0
인천광역시,남동구,2014,5,0
인천광역시,남동구,2014,6,0
인천광역시,남동구,2014,7,0
인천광역시,남동구,2014,8,0
인천광역시,남동구,2014,9,0
인천광역시,남동구,2014,10,0
인천광역시,남동구,2014,11,0
인천광역시,남동구,2014,12,0
인천광역시,남동구,2015,1,1280970.021
인천광역시,남동구,2015,2,1269397.912
인천광역시,남동구,2015,3,1287466.876
인천광역시,남동구,2015,4,1280172.861
인천광역시,남동구,2015,5,1235385.743
인천광역시,남동구,2015,6,1277489.088
인천광역시,남동구,2015,7,1252723.977
인천광역시,남동구,2015,8,1286789.29
인천광역시,남동구,2015,9,1268494.463
인천광역시,남동구,2015,10,1220412.417
인천광역시,남동구,2015,11,1232768.4
인천광역시,남동구,2015,12,1244964.951
인천광역시,남동구,2016,1,1246631.808
인천광역시,남동구,2016,2,1244344.201
인천광역시,남동구,2016,3,1227886.134
인천광역시,남동구,2016,4,1208543.14
인천광역시,남동구,2016,5,1242971.636
인천광역시,남동구,2016,6,1250279.272
인천광역시,남동구,2016,7,1297391.281
인천광역시,남동구,2016,8,1310252.72
인천광역시,남동구,2016,9,1268948.692
인천광역시,남동구,2016,10,1247140.166
인천광역시,남동구,2016,11,1297886.929
인천광역시,남동구,2016,12,1316658.021
인천광역시,남동구,2017,1,1313888.959
인천광역시,남동구,2017,2,1306453.935
인천광역시,남동구,2017,3,1273536.164
인천광역시,남동구,2017,4,1241084.616
인천광역시,남동구,2017,5,1244311.367
인천광역시,남동구,2017,6,1268297.294
인천광역시,남동구,2017,7,1339163.133
인천광역시,남동구,2017,8,1320722.801
인천광역시,남동구,2017,9,1289400.002
인천광역시,남동구,2017,10,1391281.914
인천광역시,남동구,2017,11,1355345.965
인천광역시,남동구,2017,12,1357529.85
인천광역시,남동구,2018,1,1434227.506
인천광역시,남동구,2018,2,1339898.482
인천광역시,남동구,2018,3,1257954.533
인천광역시,남동구,2018,4,1235816.21
인천광역시,남동구,2018,5,1252178.8
인천광역시,남동구,2018,6,1228730.517
인천광역시,남동구,2018,7,1299468.354
인천광역시,남동구,2018,8,1293382.995
인천광역시,남동구,2018,9,1217441.044
인천광역시,남동구,2018,10,1246343.524
인천광역시,남동구,2018,11,1227884.998
인천광역시,남동구,2018,12,1256323.037
인천광역시,남동구,2019,1,1333238.196
인천광역시,남동구,2019,2,1311735.175
인천광역시,남동구,2019,3,1322054.08
인천광역시,남동구,2019,4,1275727.157
인천광역시,남동구,2019,5,1222491.276
인천광역시,남동구,2019,6,1233382.747
인천광역시,남동구,2019,7,1238217.746
인천광역시,남동구,2019,8,1277190.381
인천광역시,남동구,2019,9,1272966.119
인천광역시,남동구,2019,10,1264835.686
인천광역시,남동구,2019,11,1280180.446
인천광역시,남동구,2019,12,1356178.993
인천광역시,남동구,2020,1,1326104.39
인천광역시,남동구,2020,2,1291104.567
인천광역시,남동구,2020,3,1329993.259
인천광역시,남동구,2020,4,1269067.642
인천광역시,남동구,2020,5,1158883.015
인천광역시,남동구,2020,6,1230178.95
인천광역시,남동구,2020,7,1276845.38
인천광역시,남동구,2020,8,1319622.941
인천광역시,남동구,2020,9,1350733.894
인천광역시,남동구,2020,10,1354622.764
인천광역시,남동구,2020,11,1272956.511
인천광역시,남동구,2020,12,1376659.689
인천광역시,남동구,2021,1,1510409.537
인천광역시,남동구,2021,2,1529742.779
인천광역시,남동구,2021,3,1419784.964
인천광역시,남동구,2021,4,1413743.326
인천광역시,남동구,2021,5,1330368.72
인천광역시,남동구,2021,6,1359368.583
인천광역시,남동구,2021,7,1341243.668
인천광역시,남동구,2021,8,1330368.72
인천광역시,남동구,2021,9,1283243.942
인천광역시,남동구,2021,10,1312243.805
인천광역시,남동구,2021,11,1288077.253
인천광역시,남동구,2021,12,1333993.703
인천광역시,동구,2010,1,0
인천광역시,동구,2010,2,0
인천광역시,동구,2010,3,0
인천광역시,동구,2010,4,0
인천광역시,동구,2010,5,0
인천광역시,동구,2010,6,0
인천광역시,동구,2010,7,0
인천광역시,동구,2010,8,0
인천광역시,동구,2010,9,0
인천광역시,동구,2010,10,0
인천광역시,동구,2010,11,0
인천광역시,동구,2010,12,0
인천광역시,동구,2011,1,0
인천광역시,동구,2011,2,0
인천광역시,동구,2011,3,0
인천광역시,동구,2011,4,0
인천광역시,동구,2011,5,0
인천광역시,동구,2011,6,0
인천광역시,동구,2011,7,0
인천광역시,동구,2011,8,0
인천광역시,동구,2011,9,0
인천광역시,동구,2011,10,0
인천광역시,동구,2011,11,0
인천광역시,동구,2011,12,0
인천광역시,동구,2012,1,0
인천광역시,동구,2012,2,0
인천광역시,동구,2012,3,0
인천광역시,동구,2012,4,0
인천광역시,동구,2012,5,0
인천광역시,동구,2012,6,0
인천광역시,동구,2012,7,0
인천광역시,동구,2012,8,0
인천광역시,동구,2012,9,0
인천광역시,동구,2012,10,0
인천광역시,동구,2012,11,0
인천광역시,동구,2012,12,0
인천광역시,동구,2013,1,0
인천광역시,동구,2013,2,0
인천광역시,동구,2013,3,0
인천광역시,동구,2013,4,0
인천광역시,동구,2013,5,0
인천광역시,동구,2013,6,0
인천광역시,동구,2013,7,0
인천광역시,동구,2013,8,0
인천광역시,동구,2013,9,0
인천광역시,동구,2013,10,0
인천광역시,동구,2013,11,0
인천광역시,동구,2013,12,0
인천광역시,동구,2014,1,0
인천광역시,동구,2014,2,0
인천광역시,동구,2014,3,0
인천광역시,동구,2014,4,0
인천광역시,동구,2014,5,0
인천광역시,동구,2014,6,0
인천광역시,동구,2014,7,0
인천광역시,동구,2014,8,0
인천광역시,동구,2014,9,0
인천광역시,동구,2014,10,0
인천광역시,동구,2014,11,0
인천광역시,동구,2014,12,0
인천광역시,동구,2015,1,266025.6224
인천광역시,동구,2015,2,263622.3831
인천광역시,동구,2015,3,267374.8578
인천광역시,동구,2015,4,265860.0721
인천광역시,동구,2015,5,256558.9014
인천광역시,동구,2015,6,265302.7192
인천광역시,동구,2015,7,260159.6216
인천광역시,동구,2015,8,267234.14
인천광역시,동구,2015,9,263434.7594
인천광역시,동구,2015,10,253449.3139
인천광역시,동구,2015,11,256015.3444
인천광역시,동구,2015,12,258548.2648
인천광역시,동구,2016,1,249739.4567
인천광역시,동구,2016,2,249281.1771
인천광역시,동구,2016,3,245984.1102
인천광역시,동구,2016,4,242109.1017
인천광역시,동구,2016,5,249006.2094
인천광역시,동구,2016,6,250470.1581
인천광역시,동구,2016,7,259908.1714
인천광역시,동구,2016,8,262484.721
인천광역시,동구,2016,9,254210.2286
인천광역시,동구,2016,10,249841.2966
인천광역시,동구,2016,11,260007.4653
인천광역시,동구,2016,12,263767.9038
인천광역시,동구,2017,1,281216.302
인천광역시,동구,2017,2,279624.9575
인천광역시,동구,2017,3,272579.4506
인천광역시,동구,2017,4,265633.7309
인천광역시,동구,2017,5,266324.3639
인천광역시,동구,2017,6,271458.1567
인천광역시,동구,2017,7,286625.8228
인천광역시,동구,2017,8,282678.9734
인천광역시,동구,2017,9,275974.844
인천광역시,동구,2017,10,297780.99
인천광역시,동구,2017,11,290089.4917
인천광역시,동구,2017,12,290556.9163
인천광역시,동구,2018,1,315877.9697
인천광역시,동구,2018,2,295102.7017
인천광역시,동구,2018,3,277055.1548
인천광역시,동구,2018,4,272179.3534
인천광역시,동구,2018,5,275783.0926
인천광역시,동구,2018,6,270618.7822
인천광역시,동구,2018,7,286198.2661
인천광역시,동구,2018,8,284858.0108
인천광역시,동구,2018,9,268132.3595
인천광역시,동구,2018,10,274497.9163
인천광역시,동구,2018,11,270432.5628
인천광역시,동구,2018,12,276695.83
인천광역시,동구,2019,1,287449.1451
인천광역시,동구,2019,2,282813.0455
인천광역시,동구,2019,3,285037.8246
인천광역시,동구,2019,4,275049.6362
인천광역시,동구,2019,5,263571.8608
인천광역시,동구,2019,6,265920.0863
인천광역시,동구,2019,7,266962.5229
인천광역시,동구,2019,8,275365.1104
인천광역시,동구,2019,9,274454.35
인천광역시,동구,2019,10,272701.4106
인천광역시,동구,2019,11,276009.7752
인천광역시,동구,2019,12,292395.2323
인천광역시,동구,2020,1,297679.5316
인천광역시,동구,2020,2,289822.8871
인천광역시,동구,2020,3,298552.4921
인천광역시,동구,2020,4,284876.1109
인천광역시,동구,2020,5,260142.23
인천광역시,동구,2020,6,276146.5059
인천광역시,동구,2020,7,286622.0319
인천광역시,동구,2020,8,296224.5975
인천광역시,동구,2020,9,303208.2815
인천광역시,동구,2020,10,304081.242
인천광역시,동구,2020,11,285749.0714
인천광역시,동구,2020,12,309028.0182
인천광역시,동구,2021,1,372992.5272
인천광역시,동구,2021,2,377766.8315
인천광역시,동구,2021,3,350612.9755
인천광역시,동구,2021,4,349121.0054
인천광역시,동구,2021,5,328531.8179
인천광역시,동구,2021,6,335693.2745
인천광역시,동구,2021,7,331217.3641
인천광역시,동구,2021,8,328531.8179
인천광역시,동구,2021,9,316894.4511
인천광역시,동구,2021,10,324055.9076
인천광역시,동구,2021,11,318088.0272
인천광역시,동구,2021,12,329427
인천광역시,미추홀구,2010,1,0
인천광역시,미추홀구,2010,2,0
인천광역시,미추홀구,2010,3,0
인천광역시,미추홀구,2010,4,0
인천광역시,미추홀구,2010,5,0
인천광역시,미추홀구,2010,6,0
인천광역시,미추홀구,2010,7,0
인천광역시,미추홀구,2010,8,0
인천광역시,미추홀구,2010,9,0
인천광역시,미추홀구,2010,10,0
인천광역시,미추홀구,2010,11,0
인천광역시,미추홀구,2010,12,0
인천광역시,미추홀구,2011,1,0
인천광역시,미추홀구,2011,2,0
인천광역시,미추홀구,2011,3,0
인천광역시,미추홀구,2011,4,0
인천광역시,미추홀구,2011,5,0
인천광역시,미추홀구,2011,6,0
인천광역시,미추홀구,2011,7,0
인천광역시,미추홀구,2011,8,0
인천광역시,미추홀구,2011,9,0
인천광역시,미추홀구,2011,10,0
인천광역시,미추홀구,2011,11,0
인천광역시,미추홀구,2011,12,0
인천광역시,미추홀구,2012,1,0
인천광역시,미추홀구,2012,2,0
인천광역시,미추홀구,2012,3,0
인천광역시,미추홀구,2012,4,0
인천광역시,미추홀구,2012,5,0
인천광역시,미추홀구,2012,6,0
인천광역시,미추홀구,2012,7,0
인천광역시,미추홀구,2012,8,0
인천광역시,미추홀구,2012,9,0
인천광역시,미추홀구,2012,10,0
인천광역시,미추홀구,2012,11,0
인천광역시,미추홀구,2012,12,0
인천광역시,미추홀구,2013,1,0
인천광역시,미추홀구,2013,2,0
인천광역시,미추홀구,2013,3,0
인천광역시,미추홀구,2013,4,0
인천광역시,미추홀구,2013,5,0
인천광역시,미추홀구,2013,6,0
인천광역시,미추홀구,2013,7,0
인천광역시,미추홀구,2013,8,0
인천광역시,미추홀구,2013,9,0
인천광역시,미추홀구,2013,10,0
인천광역시,미추홀구,2013,11,0
인천광역시,미추홀구,2013,12,0
인천광역시,미추홀구,2014,1,0
인천광역시,미추홀구,2014,2,0
인천광역시,미추홀구,2014,3,0
인천광역시,미추홀구,2014,4,0
인천광역시,미추홀구,2014,5,0
인천광역시,미추홀구,2014,6,0
인천광역시,미추홀구,2014,7,0
인천광역시,미추홀구,2014,8,0
인천광역시,미추홀구,2014,9,0
인천광역시,미추홀구,2014,10,0
인천광역시,미추홀구,2014,11,0
인천광역시,미추홀구,2014,12,0
인천광역시,미추홀구,2015,1,542698.4947
인천광역시,미추홀구,2015,2,537795.8303
인천광역시,미추홀구,2015,3,545450.9665
인천광역시,미추홀구,2015,4,542360.7682
인천광역시,미추홀구,2015,5,523386.1623
인천광역시,미추홀구,2015,6,541223.7553
인천광역시,미추홀구,2015,7,530731.7157
인천광역시,미추홀구,2015,8,545163.8989
인천광역시,미추홀구,2015,9,537413.0735
인천광역시,미추홀구,2015,10,517042.5311
인천광역시,미추홀구,2015,11,522277.2933
인천광역시,미추홀구,2015,12,527444.5102
인천광역시,미추홀구,2016,1,536770.0528
인천광역시,미추홀구,2016,2,535785.0632
인천광역시,미추홀구,2016,3,528698.6107
인천광역시,미추홀구,2016,4,520369.9768
인천광역시,미추홀구,2016,5,535194.0695
인천광역시,미추홀구,2016,6,538340.5639
인천광역시,미추홀구,2016,7,558625.8764
인천광역시,미추홀구,2016,8,564163.7065
인천광역시,미추홀구,2016,9,546379.173
인천광역시,미추홀구,2016,10,536988.9393
인천광역시,미추홀구,2016,11,558839.2908
인천광역시,미추홀구,2016,12,566921.6772
인천광역시,미추홀구,2017,1,563816.2823
인천광역시,미추홀구,2017,2,560625.7634
인천광역시,미추홀구,2017,3,546500.0832
인천광역시,미추홀구,2017,4,532574.4686
인천광역시,미추홀구,2017,5,533959.1328
인천광역시,미추홀구,2017,6,544251.9784
인천광역시,미추홀구,2017,7,574661.9405
인천광역시,미추홀구,2017,8,566748.8219
인천광역시,미추홀구,2017,9,553307.5765
인천광역시,미추홀구,2017,10,597027.162
인천광역시,미추홀구,2017,11,581606.3207
인천광역시,미추홀구,2017,12,582543.4698
인천광역시,미추홀구,2018,1,631593.1898
인천광역시,미추홀구,2018,2,590053.3579
인천광역시,미추홀구,2018,3,553967.5627
인천광역시,미추홀구,2018,4,544218.472
인천광역시,미추홀구,2018,5,551424.0936
인천광역시,미추홀구,2018,6,541098.1337
인천광역시,미추홀구,2018,7,572249.0744
인천광역시,미추홀구,2018,8,569569.2544
인천광역시,미추홀구,2018,9,536126.5694
인천광역시,미추홀구,2018,10,548854.4032
인천광역시,미추홀구,2018,11,540725.7908
인천광역시,미추홀구,2018,12,553249.0982
인천광역시,미추홀구,2019,1,593359.2601
인천광역시,미추홀구,2019,2,583789.3148
인천광역시,미추홀구,2019,3,588381.756
인천광역시,미추홀구,2019,4,567763.9034
인천광역시,미추홀구,2019,5,544071.2104
인천광역시,미추홀구,2019,6,548918.4727
인천광역시,미추홀구,2019,7,551070.2947
인천광역시,미추홀구,2019,8,568415.1127
인천광역시,미추홀구,2019,9,566535.0998
인천광역시,미추홀구,2019,10,562916.6412
인천광역시,미추홀구,2019,11,569745.8448
인천광역시,미추홀구,2019,12,603569.0894
인천광역시,미추홀구,2020,1,623507.9725
인천광역시,미추홀구,2020,2,607051.7504
인천광역시,미추홀구,2020,3,625336.4416
인천광역시,미추홀구,2020,4,596690.4253
인천광역시,미추홀구,2020,5,544883.8
인천광역시,미추홀구,2020,6,578405.734
인천광역시,미추홀구,2020,7,600347.3636
인천광역시,미추홀구,2020,8,620460.524
인천광역시,미추홀구,2020,9,635088.277
인천광역시,미추홀구,2020,10,636916.7461
인천광역시,미추홀구,2020,11,598518.8944
인천광역시,미추홀구,2020,12,647278.0712
인천광역시,미추홀구,2021,1,705146.7024
인천광역시,미추홀구,2021,2,714172.5802
인천광역시,미추홀구,2021,3,662837.9003
인천광역시,미추홀구,2021,4,660017.3135
인천광역시,미추홀구,2021,5,621093.2155
인천광역시,미추홀구,2021,6,634632.0322
인천광역시,미추홀구,2021,7,626170.2717
인천광역시,미추홀구,2021,8,621093.2155
인천광역시,미추홀구,2021,9,599092.6384
인천광역시,미추홀구,2021,10,612631.4551
인천광역시,미추홀구,2021,11,601349.1078
인천광역시,미추홀구,2021,12,622785.5676
인천광역시,부평구,2010,1,0
인천광역시,부평구,2010,2,0
인천광역시,부평구,2010,3,0
인천광역시,부평구,2010,4,0
인천광역시,부평구,2010,5,0
인천광역시,부평구,2010,6,0
인천광역시,부평구,2010,7,0
인천광역시,부평구,2010,8,0
인천광역시,부평구,2010,9,0
인천광역시,부평구,2010,10,0
인천광역시,부평구,2010,11,0
인천광역시,부평구,2010,12,0
인천광역시,부평구,2011,1,0
인천광역시,부평구,2011,2,0
인천광역시,부평구,2011,3,0
인천광역시,부평구,2011,4,0
인천광역시,부평구,2011,5,0
인천광역시,부평구,2011,6,0
인천광역시,부평구,2011,7,0
인천광역시,부평구,2011,8,0
인천광역시,부평구,2011,9,0
인천광역시,부평구,2011,10,0
인천광역시,부평구,2011,11,0
인천광역시,부평구,2011,12,0
인천광역시,부평구,2012,1,0
인천광역시,부평구,2012,2,0
인천광역시,부평구,2012,3,0
인천광역시,부평구,2012,4,0
인천광역시,부평구,2012,5,0
인천광역시,부평구,2012,6,0
인천광역시,부평구,2012,7,0
인천광역시,부평구,2012,8,0
인천광역시,부평구,2012,9,0
인천광역시,부평구,2012,10,0
인천광역시,부평구,2012,11,0
인천광역시,부평구,2012,12,0
인천광역시,부평구,2013,1,0
인천광역시,부평구,2013,2,0
인천광역시,부평구,2013,3,0
인천광역시,부평구,2013,4,0
인천광역시,부평구,2013,5,0
인천광역시,부평구,2013,6,0
인천광역시,부평구,2013,7,0
인천광역시,부평구,2013,8,0
인천광역시,부평구,2013,9,0
인천광역시,부평구,2013,10,0
인천광역시,부평구,2013,11,0
인천광역시,부평구,2013,12,0
인천광역시,부평구,2014,1,0
인천광역시,부평구,2014,2,0
인천광역시,부평구,2014,3,0
인천광역시,부평구,2014,4,0
인천광역시,부평구,2014,5,0
인천광역시,부평구,2014,6,0
인천광역시,부평구,2014,7,0
인천광역시,부평구,2014,8,0
인천광역시,부평구,2014,9,0
인천광역시,부평구,2014,10,0
인천광역시,부평구,2014,11,0
인천광역시,부평구,2014,12,0
인천광역시,부평구,2015,1,817021.9262
인천광역시,부평구,2015,2,809641.0612
인천광역시,부평구,2015,3,821165.7184
인천광역시,부평구,2015,4,816513.4855
인천광역시,부평구,2015,5,787947.5889
인천광역시,부평구,2015,6,814801.7349
인천광역시,부평구,2015,7,799006.1754
인천광역시,부평구,2015,8,820733.5438
인천광역시,부평구,2015,9,809064.8284
인천광역시,부평구,2015,10,778397.3767
인천광역시,부평구,2015,11,786278.2085
인천광역시,부평구,2015,12,794057.352
인천광역시,부평구,2016,1,830373.5578
인천광역시,부평구,2016,2,828849.7968
인천광역시,부평구,2016,3,817887.183
인천광역시,부평구,2016,4,805002.9372
인천광역시,부평구,2016,5,827935.5402
인천광역시,부평구,2016,6,832803.1101
인천광역시,부평구,2016,7,864184.1214
인천광역시,부평구,2016,8,872751.0444
인천광역시,부평구,2016,9,845238.6929
인천광역시,부평구,2016,10,830712.1714
인천광역시,부평구,2016,11,864514.2696
인천광역시,부평구,2016,12,877017.5752
인천광역시,부평구,2017,1,862393.792
인천광역시,부평구,2017,2,857513.6852
인천광역시,부평구,2017,3,835907.5358
인천광역시,부평구,2017,4,814607.3996
인천광역시,부평구,2017,5,816725.3338
인천광역시,부평구,2017,6,832468.9126
인천광역시,부평구,2017,7,878982.934
인천광역시,부평구,2017,8,866879.3027
인천광역시,부평구,2017,9,846320.0409
인천광역시,부평구,2017,10,913191.9995
인천광역시,부평구,2017,11,889604.8166
인천광역시,부평구,2017,12,891038.2473
인천광역시,부평구,2018,1,947708.9521
인천광역시,부평구,2018,2,885378.2126
인천광역시,부평구,2018,3,831231.2844
인천광역시,부평구,2018,4,816602.7218
인천광역시,부평구,2018,5,827414.7955
인천광역시,부평구,2018,6,811920.6375
인천광역시,부평구,2018,7,858662.7903
인천광역시,부평구,2018,8,854641.7061
인천광역시,부평구,2018,9,804460.7787
인천광역시,부평구,2018,10,823558.9614
인천광역시,부평구,2018,11,811361.9349
인천광역시,부평구,2018,12,830153.2247
인천광역시,부평구,2019,1,855995.4011
인천광역시,부평구,2019,2,842189.5507
인천광역시,부평구,2019,3,848814.725
인천광역시,부평구,2019,4,819070.8781
인천광역시,부평구,2019,5,784891.187
인천광역시,부평구,2019,6,791883.9727
인천광역시,부평구,2019,7,794988.2468
인천광역시,부평구,2019,8,820010.3295
인천광역시,부평구,2019,9,817298.1743
인천광역시,부평구,2019,10,812078.0924
인천광역시,부평구,2019,11,821930.0779
인천광역시,부평구,2019,12,870724.3645
인천광역시,부평구,2020,1,866932.9578
인천광역시,부평구,2020,2,844052.0293
인천광역시,부평구,2020,3,869475.2832
인천광역시,부평구,2020,4,829645.5188
인천광역시,부평구,2020,5,757612.9661
인천광역시,부평구,2020,6,804222.2649
인천광역시,부평구,2020,7,834730.1696
인천광역시,부평구,2020,8,862695.7489
인천광역시,부평구,2020,9,883034.352
인천광역시,부평구,2020,10,885576.6774
인천광역시,부평구,2020,11,832187.8442
인천광역시,부평구,2020,12,899983.1879
인천광역시,부평구,2021,1,970053.4298
인천광역시,부평구,2021,2,982470.1137
인천광역시,부평구,2021,3,911850.224
인천광역시,부평구,2021,4,907970.0103
인천광역시,부평구,2021,5,854423.061
인천광역시,부평구,2021,6,873048.0868
인천광역시,부평구,2021,7,861407.4457
인천광역시,부평구,2021,8,854423.061
인천광역시,부평구,2021,9,824157.3939
인천광역시,부평구,2021,10,842782.4198
인천광역시,부평구,2021,11,827261.5649
인천광역시,부평구,2021,12,856751.1892
인천광역시,서구,2010,1,0
인천광역시,서구,2010,2,0
인천광역시,서구,2010,3,0
인천광역시,서구,2010,4,0
인천광역시,서구,2010,5,0
인천광역시,서구,2010,6,0
인천광역시,서구,2010,7,0
인천광역시,서구,2010,8,0
인천광역시,서구,2010,9,0
인천광역시,서구,2010,10,0
인천광역시,서구,2010,11,0
인천광역시,서구,2010,12,0
인천광역시,서구,2011,1,0
인천광역시,서구,2011,2,0
인천광역시,서구,2011,3,0
인천광역시,서구,2011,4,0
인천광역시,서구,2011,5,0
인천광역시,서구,2011,6,0
인천광역시,서구,2011,7,0
인천광역시,서구,2011,8,0
인천광역시,서구,2011,9,0
인천광역시,서구,2011,10,0
인천광역시,서구,2011,11,0
인천광역시,서구,2011,12,0
인천광역시,서구,2012,1,0
인천광역시,서구,2012,2,0
인천광역시,서구,2012,3,0
인천광역시,서구,2012,4,0
인천광역시,서구,2012,5,0
인천광역시,서구,2012,6,0
인천광역시,서구,2012,7,0
인천광역시,서구,2012,8,0
인천광역시,서구,2012,9,0
인천광역시,서구,2012,10,0
인천광역시,서구,2012,11,0
인천광역시,서구,2012,12,0
인천광역시,서구,2013,1,0
인천광역시,서구,2013,2,0
인천광역시,서구,2013,3,0
인천광역시,서구,2013,4,0
인천광역시,서구,2013,5,0
인천광역시,서구,2013,6,0
인천광역시,서구,2013,7,0
인천광역시,서구,2013,8,0
인천광역시,서구,2013,9,0
인천광역시,서구,2013,10,0
인천광역시,서구,2013,11,0
인천광역시,서구,2013,12,0
인천광역시,서구,2014,1,0
인천광역시,서구,2014,2,0
인천광역시,서구,2014,3,0
인천광역시,서구,2014,4,0
인천광역시,서구,2014,5,0
인천광역시,서구,2014,6,0
인천광역시,서구,2014,7,0
인천광역시,서구,2014,8,0
인천광역시,서구,2014,9,0
인천광역시,서구,2014,10,0
인천광역시,서구,2014,11,0
인천광역시,서구,2014,12,0
인천광역시,서구,2015,1,1464519.04
인천광역시,서구,2015,2,1451288.774
인천광역시,서구,2015,3,1471946.824
인천광역시,서구,2015,4,1463607.655
인천광역시,서구,2015,5,1412403.033
인천광역시,서구,2015,6,1460539.327
인천광역시,서구,2015,7,1432225.647
인천광역시,서구,2015,8,1471172.147
인천광역시,서구,2015,9,1450255.871
인천광역시,서구,2015,10,1395284.193
인천광역시,서구,2015,11,1409410.653
인천광역시,서구,2015,12,1423354.837
인천광역시,서구,2016,1,1483197.733
인천광역시,서구,2016,2,1480476.02
인천광역시,서구,2016,3,1460894.803
인천광역시,서구,2016,4,1437881.204
인천광역시,서구,2016,5,1478842.991
인천광역시,서구,2016,6,1487537.354
인천광역시,서구,2016,7,1543589.53
인천광역시,서구,2016,8,1558891.608
인천광역시,서구,2016,9,1509749.56
인천광역시,서구,2016,10,1483802.558
인천광역시,서구,2016,11,1544179.234
인천광역시,서구,2016,12,1566512.405
인천광역시,서구,2017,1,1601681.477
인천광역시,서구,2017,2,1592617.895
인천광역시,서구,2017,3,1552489.859
인천광역시,서구,2017,4,1512930.166
인천광역시,서구,2017,5,1516863.701
인천광역시,서구,2017,6,1546103.474
인천광역시,서구,2017,7,1632491.673
인천광역시,서구,2017,8,1610012.195
인천광역시,서구,2017,9,1571828.492
인천광역시,서구,2017,10,1696026.484
인천광역시,서구,2017,11,1652219.172
인천광역시,서구,2017,12,1654881.412
인천광역시,서구,2018,1,1784693.006
인천광역시,서구,2018,2,1667313.895
인천광역시,서구,2018,3,1565346.256
인천광역시,서구,2018,4,1537798.248
인천광역시,서구,2018,5,1558159.175
인천광역시,서구,2018,6,1528981.108
인천광역시,서구,2018,7,1617004.327
인천광역시,서구,2018,8,1609431.959
인천광역시,서구,2018,9,1514932.957
인천광역시,서구,2018,10,1550898
인천광역시,서구,2018,11,1527928.978
인천광역시,서구,2018,12,1563316.091
인천광역시,서구,2019,1,1636943.228
인천광역시,서구,2019,2,1610541.926
인천광역시,서구,2019,3,1623211.427
인천광역시,서구,2019,4,1566331.461
인천광역시,서구,2019,5,1500968.711
인천광역시,서구,2019,6,1514341.205
인천광역시,서구,2019,7,1520277.592
인천광역시,서구,2019,8,1568128
인천광역시,서구,2019,9,1562941.472
인천광역시,서구,2019,10,1552958.967
인천광역시,서구,2019,11,1571799.187
인천광역시,서구,2019,12,1665109.825
인천광역시,서구,2020,1,1630485.036
인천광역시,서구,2020,2,1587451.706
인천광역시,서구,2020,3,1635266.517
인천광역시,서구,2020,4,1560356.647
인천광역시,서구,2020,5,1424881.351
인천광역시,서구,2020,6,1512541.837
인천광역시,서구,2020,7,1569919.609
인천광역시,서구,2020,8,1622515.901
인천광역시,서구,2020,9,1660767.749
인천광역시,서구,2020,10,1665549.23
인천광역시,서구,2020,11,1565138.128
인천광역시,서구,2020,12,1692644.289
인천광역시,서구,2021,1,1962819.293
인천광역시,서구,2021,2,1987943.38
인천광역시,서구,2021,3,1845050.136
인천광역시,서구,2021,4,1837198.859
인천광역시,서구,2021,5,1728851.234
인천광역시,서구,2021,6,1766537.364
인천광역시,서구,2021,7,1742983.533
인천광역시,서구,2021,8,1728851.234
인천광역시,서구,2021,9,1667611.272
인천광역시,서구,2021,10,1705297.402
인천광역시,서구,2021,11,1673892.293
인천광역시,서구,2021,12,1733562
인천광역시,소계,2010,1,0
인천광역시,소계,2010,2,0
인천광역시,소계,2010,3,0
인천광역시,소계,2010,4,0
인천광역시,소계,2010,5,0
인천광역시,소계,2010,6,0
인천광역시,소계,2010,7,0
인천광역시,소계,2010,8,0
인천광역시,소계,2010,9,0
인천광역시,소계,2010,10,0
인천광역시,소계,2010,11,0
인천광역시,소계,2010,12,0
인천광역시,소계,2011,1,0
인천광역시,소계,2011,2,0
인천광역시,소계,2011,3,0
인천광역시,소계,2011,4,0
인천광역시,소계,2011,5,0
인천광역시,소계,2011,6,0
인천광역시,소계,2011,7,0
인천광역시,소계,2011,8,0
인천광역시,소계,2011,9,0
인천광역시,소계,2011,10,0
인천광역시,소계,2011,11,0
인천광역시,소계,2011,12,0
인천광역시,소계,2012,1,0
인천광역시,소계,2012,2,0
인천광역시,소계,2012,3,0
인천광역시,소계,2012,4,0
인천광역시,소계,2012,5,0
인천광역시,소계,2012,6,0
인천광역시,소계,2012,7,0
인천광역시,소계,2012,8,0
인천광역시,소계,2012,9,0
인천광역시,소계,2012,10,0
인천광역시,소계,2012,11,0
인천광역시,소계,2012,12,0
인천광역시,소계,2013,1,0
인천광역시,소계,2013,2,0
인천광역시,소계,2013,3,0
인천광역시,소계,2013,4,0
인천광역시,소계,2013,5,0
인천광역시,소계,2013,6,0
인천광역시,소계,2013,7,0
인천광역시,소계,2013,8,0
인천광역시,소계,2013,9,0
인천광역시,소계,2013,10,0
인천광역시,소계,2013,11,0
인천광역시,소계,2013,12,0
인천광역시,소계,2014,1,0
인천광역시,소계,2014,2,0
인천광역시,소계,2014,3,0
인천광역시,소계,2014,4,0
인천광역시,소계,2014,5,0
인천광역시,소계,2014,6,0
인천광역시,소계,2014,7,0
인천광역시,소계,2014,8,0
인천광역시,소계,2014,9,0
인천광역시,소계,2014,10,0
인천광역시,소계,2014,11,0
인천광역시,소계,2014,12,0
인천광역시,소계,2015,1,6781627.706
인천광역시,소계,2015,2,6720363.403
인천광역시,소계,2015,3,6816022.934
인천광역시,소계,2015,4,6777407.432
인천광역시,소계,2015,5,6540298.404
인천광역시,소계,2015,6,6763199.178
인천광역시,소계,2015,7,6632089.351
인천광역시,소계,2015,8,6812435.702
인천광역시,소계,2015,9,6715580.427
인천광역시,소계,2015,10,6461027.601
인천광역시,소계,2015,11,6526441.839
인천광역시,소계,2015,12,6591012.023
인천광역시,소계,2016,1,6764613.678
인천광역시,소계,2016,2,6752200.404
인천광역시,소계,2016,3,6662893.793
인천광역시,소계,2016,4,6557932.665
인천광역시,소계,2016,5,6744752.439
인천광역시,소계,2016,6,6784405.953
인천광역시,소계,2016,7,7040050.436
인천광역시,소계,2016,8,7109840.621
인천광역시,소계,2016,9,6885712.062
인천광역시,소계,2016,10,6767372.183
인천광역시,소계,2016,11,7042739.978
인천광역시,소계,2016,12,7144597.788
인천광역시,소계,2017,1,7179190.658
인천광역시,소계,2017,2,7138565.114
인천광역시,소계,2017,3,6958699.874
인천광역시,소계,2017,4,6781382.11
인천광역시,소계,2017,5,6799013.329
인천광역시,소계,2017,6,6930074.284
인천광역시,소계,2017,7,7317290.693
인천광역시,소계,2017,8,7216531.299
인천광역시,소계,2017,9,7045381.11
인천광역시,소계,2017,10,7602071.736
인천광역시,소계,2017,11,7405714.939
인천광역시,소계,2017,12,7417647.855
인천광역시,소계,2018,1,8107165.938
인천광역시,소계,2018,2,7573958.304
인천광역시,소계,2018,3,7110758.994
인천광역시,소계,2018,4,6985619.114
인천광역시,소계,2018,5,7078110.882
인천광역시,소계,2018,6,6945566.275
인천광역시,소계,2018,7,7345421.513
인천광역시,소계,2018,8,7311023.192
인천광역시,소계,2018,9,6881750.994
인천광역시,소계,2018,10,7045126.19
인천광역시,소계,2018,11,6940786.86
인천광역시,소계,2018,12,7101536.744
인천광역시,소계,2019,1,7621192.684
인천광역시,소계,2019,2,7498274.914
인천광역시,소계,2019,3,7557260.897
인천광역시,소계,2019,4,7292442.198
인천광역시,소계,2019,5,6988129.801
인천광역시,소계,2019,6,7050388.743
인천광역시,소계,2019,7,7078027.058
인천광역시,소계,2019,8,7300806.425
인천광역시,소계,2019,9,7276659.265
인천광역시,소계,2019,10,7230183.256
인천광역시,소계,2019,11,7317898.541
인천광역시,소계,2019,12,7752329.217
인천광역시,소계,2020,1,7237764.553
인천광역시,소계,2020,2,7046738.509
인천광역시,소계,2020,3,7258989.669
인천광역시,소계,2020,4,6926462.852
인천광역시,소계,2020,5,6325084.565
인천광역시,소계,2020,6,6714211.692
인천광역시,소계,2020,7,6968913.083
인천광역시,소계,2020,8,7202389.359
인천광역시,소계,2020,9,7372190.287
인천광역시,소계,2020,10,7393415.403
인천광역시,소계,2020,11,6947687.968
인천광역시,소계,2020,12,7513691.061
인천광역시,소계,2021,1,8292257.179
인천광역시,소계,2021,2,8398398.071
인천광역시,소계,2021,3,7794721.748
인천광역시,소계,2021,4,7761552.72
인천광역시,소계,2021,5,7303820.123
인천광역시,소계,2021,6,7463031.461
인천광역시,소계,2021,7,7363524.375
인천광역시,소계,2021,8,7303820.123
인천광역시,소계,2021,9,7045101.699
인천광역시,소계,2021,10,7204313.037
인천광역시,소계,2021,11,7071636.922
인천광역시,소계,2021,12,7323721.541
인천광역시,연수구,2010,1,0
인천광역시,연수구,2010,2,0
인천광역시,연수구,2010,3,0
인천광역시,연수구,2010,4,0
인천광역시,연수구,2010,5,0
인천광역시,연수구,2010,6,0
인천광역시,연수구,2010,7,0
인천광역시,연수구,2010,8,0
인천광역시,연수구,2010,9,0
인천광역시,연수구,2010,10,0
인천광역시,연수구,2010,11,0
인천광역시,연수구,2010,12,0
인천광역시,연수구,2011,1,0
인천광역시,연수구,2011,2,0
인천광역시,연수구,2011,3,0
인천광역시,연수구,2011,4,0
인천광역시,연수구,2011,5,0
인천광역시,연수구,2011,6,0
인천광역시,연수구,2011,7,0
인천광역시,연수구,2011,8,0
인천광역시,연수구,2011,9,0
인천광역시,연수구,2011,10,0
인천광역시,연수구,2011,11,0
인천광역시,연수구,2011,12,0
인천광역시,연수구,2012,1,0
인천광역시,연수구,2012,2,0
인천광역시,연수구,2012,3,0
인천광역시,연수구,2012,4,0
인천광역시,연수구,2012,5,0
인천광역시,연수구,2012,6,0
인천광역시,연수구,2012,7,0
인천광역시,연수구,2012,8,0
인천광역시,연수구,2012,9,0
인천광역시,연수구,2012,10,0
인천광역시,연수구,2012,11,0
인천광역시,연수구,2012,12,0
인천광역시,연수구,2013,1,0
인천광역시,연수구,2013,2,0
인천광역시,연수구,2013,3,0
인천광역시,연수구,2013,4,0
인천광역시,연수구,2013,5,0
인천광역시,연수구,2013,6,0
인천광역시,연수구,2013,7,0
인천광역시,연수구,2013,8,0
인천광역시,연수구,2013,9,0
인천광역시,연수구,2013,10,0
인천광역시,연수구,2013,11,0
인천광역시,연수구,2013,12,0
인천광역시,연수구,2014,1,0
인천광역시,연수구,2014,2,0
인천광역시,연수구,2014,3,0
인천광역시,연수구,2014,4,0
인천광역시,연수구,2014,5,0
인천광역시,연수구,2014,6,0
인천광역시,연수구,2014,7,0
인천광역시,연수구,2014,8,0
인천광역시,연수구,2014,9,0
인천광역시,연수구,2014,10,0
인천광역시,연수구,2014,11,0
인천광역시,연수구,2014,12,0
인천광역시,연수구,2015,1,766559.6806
인천광역시,연수구,2015,2,759634.6847
인천광역시,연수구,2015,3,770447.5371
인천광역시,연수구,2015,4,766082.643
인천광역시,연수구,2015,5,739281.0802
인천광역시,연수구,2015,6,764476.6164
인천광역시,연수구,2015,7,749656.6481
인천광역시,연수구,2015,8,770042.0552
인천광역시,연수구,2015,9,759094.0421
인천광역시,연수구,2015,10,730320.7238
인천광역시,연수구,2015,11,737714.8067
인천광역시,연수구,2015,12,745013.4821
인천광역시,연수구,2016,1,776841.1835
인천광역시,연수구,2016,2,775415.6561
인천광역시,연수구,2016,3,765159.778
인천광역시,연수구,2016,4,753106.1515
인천광역시,연수구,2016,5,774560.3396
인천광역시,연수구,2016,6,779114.1079
인천광역시,연수구,2016,7,808472.0537
인천광역시,연수구,2016,8,816486.6858
인천광역시,연수구,2016,9,790747.9958
인천광역시,연수구,2016,10,777157.9674
인천광역시,연수구,2016,11,808780.918
인천광역시,연수구,2016,12,820478.1627
인천광역시,연수구,2017,1,838242.1426
인천광역시,연수구,2017,2,833498.7049
인천광역시,연수구,2017,3,812497.6435
인천광역시,연수구,2017,4,791794.0254
인천광역시,연수구,2017,5,793852.646
인천광역시,연수구,2017,6,809155.3203
인천광역시,연수구,2017,7,854366.6996
인천광역시,연수구,2017,8,842602.035
인천광역시,연수구,2017,9,822618.5427
인천광역시,연수구,2017,10,887617.7279
인천광역시,연수구,2017,11,864691.1126
인천광역시,연수구,2017,12,866084.3996
인천광역시,연수구,2018,1,1001123.94
인천광역시,연수구,2018,2,935280.1013
인천광역시,연수구,2018,3,878081.3316
인천광역시,연수구,2018,4,862628.2706
인천광역시,연수구,2018,5,874049.7369
인천광역시,연수구,2018,6,857682.2935
인천광역시,연수구,2018,7,907058.9382
인천광역시,연수구,2018,8,902811.2168
인천광역시,연수구,2018,9,849801.9805
인천광역시,연수구,2018,10,869976.5793
인천광역시,연수구,2018,11,857092.1013
인천광역시,연수구,2018,12,876942.51
인천광역시,연수구,2019,1,973361.7396
인천광역시,연수구,2019,2,957662.956
인천광역시,연수구,2019,3,965196.5143
인천광역시,연수구,2019,4,931374.4604
인천광역시,연수구,2019,5,892508.3595
인천광역시,연수구,2019,6,900459.9327
인천광역시,연수구,2019,7,903989.8368
인천광역시,연수구,2019,8,932442.7209
인천광역시,연수구,2019,9,929358.6995
인천광역시,연수구,2019,10,923422.8872
인천광역시,연수구,2019,11,934625.6878
인천광역시,연수구,2019,12,990110.2052
인천광역시,연수구,2020,1,947448.4537
인천광역시,연수구,2020,2,922442.4828
인천광역시,연수구,2020,3,950226.8949
인천광역시,연수구,2020,4,906697.9826
인천광역시,연수구,2020,5,827975.4815
인천광역시,연수구,2020,6,878913.5705
인천광역시,연수구,2020,7,912254.865
인천광역시,연수구,2020,8,942817.7184
인천광역시,연수구,2020,9,965045.2481
인천광역시,연수구,2020,10,967823.6893
인천광역시,연수구,2020,11,909476.4238
인천광역시,연수구,2020,12,983568.1895
인천광역시,연수구,2021,1,1146028.661
인천광역시,연수구,2021,2,1160697.828
인천광역시,연수구,2021,3,1077266.941
인천광역시,연수구,2021,4,1072682.827
인천광역시,연수구,2021,5,1009422.045
인천광역시,연수구,2021,6,1031425.795
인천광역시,연수구,2021,7,1017673.451
인천광역시,연수구,2021,8,1009422.045
인천광역시,연수구,2021,9,973665.9505
인천광역시,연수구,2021,10,995669.7008
인천광역시,연수구,2021,11,977333.2422
인천광역시,연수구,2021,12,1012172.514
인천광역시,옹진군,2010,1,0
인천광역시,옹진군,2010,2,0
인천광역시,옹진군,2010,3,0
인천광역시,옹진군,2010,4,0
인천광역시,옹진군,2010,5,0
인천광역시,옹진군,2010,6,0
인천광역시,옹진군,2010,7,0
인천광역시,옹진군,2010,8,0
인천광역시,옹진군,2010,9,0
인천광역시,옹진군,2010,10,0
인천광역시,옹진군,2010,11,0
인천광역시,옹진군,2010,12,0
인천광역시,옹진군,2011,1,0
인천광역시,옹진군,2011,2,0
인천광역시,옹진군,2011,3,0
인천광역시,옹진군,2011,4,0
인천광역시,옹진군,2011,5,0
인천광역시,옹진군,2011,6,0
인천광역시,옹진군,2011,7,0
인천광역시,옹진군,2011,8,0
인천광역시,옹진군,2011,9,0
인천광역시,옹진군,2011,10,0
인천광역시,옹진군,2011,11,0
인천광역시,옹진군,2011,12,0
인천광역시,옹진군,2012,1,0
인천광역시,옹진군,2012,2,0
인천광역시,옹진군,2012,3,0
인천광역시,옹진군,2012,4,0
인천광역시,옹진군,2012,5,0
인천광역시,옹진군,2012,6,0
인천광역시,옹진군,2012,7,0
인천광역시,옹진군,2012,8,0
인천광역시,옹진군,2012,9,0
인천광역시,옹진군,2012,10,0
인천광역시,옹진군,2012,11,0
인천광역시,옹진군,2012,12,0
인천광역시,옹진군,2013,1,0
인천광역시,옹진군,2013,2,0
인천광역시,옹진군,2013,3,0
인천광역시,옹진군,2013,4,0
인천광역시,옹진군,2013,5,0
인천광역시,옹진군,2013,6,0
인천광역시,옹진군,2013,7,0
인천광역시,옹진군,2013,8,0
인천광역시,옹진군,2013,9,0
인천광역시,옹진군,2013,10,0
인천광역시,옹진군,2013,11,0
인천광역시,옹진군,2013,12,0
인천광역시,옹진군,2014,1,0
인천광역시,옹진군,2014,2,0
인천광역시,옹진군,2014,3,0
인천광역시,옹진군,2014,4,0
인천광역시,옹진군,2014,5,0
인천광역시,옹진군,2014,6,0
인천광역시,옹진군,2014,7,0
인천광역시,옹진군,2014,8,0
인천광역시,옹진군,2014,9,0
인천광역시,옹진군,2014,10,0
인천광역시,옹진군,2014,11,0
인천광역시,옹진군,2014,12,0
인천광역시,옹진군,2015,1,50417.81753
인천광역시,옹진군,2015,2,49962.34982
인천광역시,옹진군,2015,3,50673.52787
인천광역시,옹진군,2015,4,50386.44202
인천광역시,옹진군,2015,5,48623.66172
인천광역시,옹진군,2015,6,50280.81117
인천광역시,옹진군,2015,7,49306.0789
인천광역시,옹진군,2015,8,50646.85869
인천광역시,옹진군,2015,9,49926.79092
인천광역시,옹진군,2015,10,48034.3252
인천광역시,옹진군,2015,11,48520.64549
인천광역시,옹진군,2015,12,49000.69067
인천광역시,옹진군,2016,1,54283.44877
인천광역시,옹진군,2016,2,54183.83698
인천광역시,옹진군,2016,3,53467.18544
인천광역시,옹진군,2016,4,52624.91235
인천광역시,옹진군,2016,5,54124.0699
인천광역시,옹진군,2016,6,54442.27425
인천광역시,옹진군,2016,7,56493.72387
인천광역시,옹진군,2016,8,57053.76353
인천광역시,옹진군,2016,9,55255.21719
인천광역시,옹진군,2016,10,54305.58473
인천광역시,옹진군,2016,11,56515.30643
인천광역시,옹진군,2016,12,57332.67656
인천광역시,옹진군,2017,1,55707.71375
인천광역시,옹진군,2017,2,55392.4754
인천광역시,옹진군,2017,3,53996.79144
인천광역시,옹진군,2017,4,52620.87489
인천광역시,옹진군,2017,5,52757.68625
인천광역시,옹진군,2017,6,53774.66805
인천광역시,옹진군,2017,7,56779.31605
인천광역시,옹진군,2017,8,55997.46253
인천광역시,옹진군,2017,9,54669.40395
인천광역시,옹진군,2017,10,58989.10565
인천광역시,옹진군,2017,11,57465.45364
인천광역시,옹진군,2017,12,57558.0484
인천광역시,옹진군,2018,1,60508.71394
인천광역시,옹진군,2018,2,56529.06083
인천광역시,옹진군,2018,3,53071.92245
인천광역시,옹진군,2018,4,52137.92735
인천광역시,옹진군,2018,5,52828.24971
인천광역시,옹진군,2018,6,51838.98863
인천광역시,옹진군,2018,7,54823.35166
인천광역시,옹진군,2018,8,54566.61605
인천광역시,옹진군,2018,9,51362.69635
인천광역시,옹진군,2018,10,52582.06488
인천광역시,옹진군,2018,11,51803.31695
인천광역시,옹진군,2018,12,53003.09118
인천광역시,옹진군,2019,1,57365.58681
인천광역시,옹진군,2019,2,56440.37073
인천광역시,옹진군,2019,3,56884.36496
인천광역시,옹진군,2019,4,54891.0444
인천광역시,옹진군,2019,5,52600.45027
인천광역시,옹진군,2019,6,53069.08042
인천광역시,옹진군,2019,7,53277.11718
인천광역시,옹진군,2019,8,54954.00289
인천광역시,옹진군,2019,9,54772.24446
인천광역시,옹진군,2019,10,54422.41424
인천광역시,옹진군,2019,11,55082.65719
인천광역시,옹진군,2019,12,58352.66645
인천광역시,옹진군,2020,1,69575.67828
인천광역시,옹진군,2020,2,67739.37005
인천광역시,옹진군,2020,3,69779.71252
인천광역시,옹진군,2020,4,66583.17599
인천광역시,옹진군,2020,5,60802.20565
인천광역시,옹진군,2020,6,64542.83351
인천광역시,옹진군,2020,7,66991.24448
인천광역시,옹진군,2020,8,69235.6212
인천광역시,옹진군,2020,9,70867.89518
인천광역시,옹진군,2020,10,71071.92942
인천광역시,옹진군,2020,11,66787.21023
인천광역시,옹진군,2020,12,72228.12349
인천광역시,옹진군,2021,1,80608.38352
인천광역시,옹진군,2021,2,81640.17083
인천광역시,옹진군,2021,3,75771.88051
인천광역시,옹진군,2021,4,75449.44697
인천광역시,옹진군,2021,5,70999.8642
인천광역시,옹진군,2021,6,72547.54517
인천광역시,옹진군,2021,7,71580.24457
인천광역시,옹진군,2021,8,70999.8642
인천광역시,옹진군,2021,9,68484.88264
인천광역시,옹진군,2021,10,70032.5636
인천광역시,옹진군,2021,11,68742.82947
인천광역시,옹진군,2021,12,71193.32432
인천광역시,중구,2010,1,0
인천광역시,중구,2010,2,0
인천광역시,중구,2010,3,0
인천광역시,중구,2010,4,0
인천광역시,중구,2010,5,0
인천광역시,중구,2010,6,0
인천광역시,중구,2010,7,0
인천광역시,중구,2010,8,0
인천광역시,중구,2010,9,0
인천광역시,중구,2010,10,0
인천광역시,중구,2010,11,0
인천광역시,중구,2010,12,0
인천광역시,중구,2011,1,0
인천광역시,중구,2011,2,0
인천광역시,중구,2011,3,0
인천광역시,중구,2011,4,0
인천광역시,중구,2011,5,0
인천광역시,중구,2011,6,0
인천광역시,중구,2011,7,0
인천광역시,중구,2011,8,0
인천광역시,중구,2011,9,0
인천광역시,중구,2011,10,0
인천광역시,중구,2011,11,0
인천광역시,중구,2011,12,0
인천광역시,중구,2012,1,0
인천광역시,중구,2012,2,0
인천광역시,중구,2012,3,0
인천광역시,중구,2012,4,0
인천광역시,중구,2012,5,0
인천광역시,중구,2012,6,0
인천광역시,중구,2012,7,0
인천광역시,중구,2012,8,0
인천광역시,중구,2012,9,0
인천광역시,중구,2012,10,0
인천광역시,중구,2012,11,0
인천광역시,중구,2012,12,0
인천광역시,중구,2013,1,0
인천광역시,중구,2013,2,0
인천광역시,중구,2013,3,0
인천광역시,중구,2013,4,0
인천광역시,중구,2013,5,0
인천광역시,중구,2013,6,0
인천광역시,중구,2013,7,0
인천광역시,중구,2013,8,0
인천광역시,중구,2013,9,0
인천광역시,중구,2013,10,0
인천광역시,중구,2013,11,0
인천광역시,중구,2013,12,0
인천광역시,중구,2014,1,0
인천광역시,중구,2014,2,0
인천광역시,중구,2014,3,0
인천광역시,중구,2014,4,0
인천광역시,중구,2014,5,0
인천광역시,중구,2014,6,0
인천광역시,중구,2014,7,0
인천광역시,중구,2014,8,0
인천광역시,중구,2014,9,0
인천광역시,중구,2014,10,0
인천광역시,중구,2014,11,0
인천광역시,중구,2014,12,0
인천광역시,중구,2015,1,1138638.994
인천광역시,중구,2015,2,1128352.684
인천광역시,중구,2015,3,1144413.971
인천광역시,중구,2015,4,1137930.407
인천광역시,중구,2015,5,1098119.672
인천광역시,중구,2015,6,1135544.834
인천광역시,중구,2015,7,1113531.422
인천광역시,중구,2015,8,1143811.673
인천광역시,중구,2015,9,1127549.619
인천광역시,중구,2015,10,1084810.061
인천광역시,중구,2015,11,1095793.147
인천광역시,중구,2015,12,1106634.516
인천광역시,중구,2016,1,1137626.338
인천광역시,중구,2016,2,1135538.759
인천광역시,중구,2016,3,1120519.786
인천광역시,중구,2016,4,1102868.143
인천광역시,중구,2016,5,1134286.212
인천광역시,중구,2016,6,1140954.868
인천광역시,중구,2016,7,1183947.404
인천광역시,중구,2016,8,1195684.238
인천광역시,중구,2016,9,1157991.834
인천광역시,중구,2016,10,1138090.245
인천광역시,중구,2016,11,1184399.712
인천광역시,중구,2016,12,1201529.46
인천광역시,중구,2017,1,1183201.618
인천광역시,중구,2017,2,1176506.126
인천광역시,중구,2017,3,1146862.556
인천광역시,중구,2017,4,1117638.835
인천광역시,중구,2017,5,1120544.634
인천광역시,중구,2017,6,1142144.776
인천광역시,중구,2017,7,1205961.869
인천광역시,중구,2017,8,1189355.724
인천광역시,중구,2017,9,1161148.481
인천광역시,중구,2017,10,1252896.601
인천광역시,중구,2017,11,1220535.059
인천광역시,중구,2017,12,1222501.722
인천광역시,중구,2018,1,1380767.68
인천광역시,중구,2018,2,1289954.704
인천광역시,중구,2018,3,1211065.158
인천광역시,중구,2018,4,1189752.026
인천광역시,중구,2018,5,1205504.712
인천광역시,중구,2018,6,1182930.447
인천광역시,중구,2018,7,1251031.581
인천광역시,중구,2018,8,1245173.049
인천광역시,중구,2018,9,1172061.782
인천광역시,중구,2018,10,1199886.942
인천광역시,중구,2018,11,1182116.444
인천광역시,중구,2018,12,1209494.475
인천광역시,중구,2019,1,1339445.974
인천광역시,중구,2019,2,1317842.831
인천광역시,중구,2019,3,1328209.783
인천광역시,중구,2019,4,1281667.154
인천광역시,중구,2019,5,1228183.398
인천광역시,중구,2019,6,1239125.581
인천광역시,중구,2019,7,1243983.093
인천광역시,중구,2019,8,1283137.191
인천광역시,중구,2019,9,1278893.26
인천광역시,중구,2019,10,1270724.971
인천광역시,중구,2019,11,1286141.178
인천광역시,중구,2019,12,1362493.587
인천광역시,중구,2020,1,891317.7113
인천광역시,중구,2020,2,867793.1969
인천광역시,중구,2020,3,893931.5462
인천광역시,중구,2020,4,852981.4656
인천광역시,중구,2020,5,778922.8093
인천광역시,중구,2020,6,826843.1163
인천광역시,중구,2020,7,858209.1355
인천광역시,중구,2020,8,886961.3197
인천광역시,중구,2020,9,907871.9992
인천광역시,중구,2020,10,910485.8341
인천광역시,중구,2020,11,855595.3006
인천광역시,중구,2020,12,925297.5654
인천광역시,중구,2021,1,1129121.254
인천광역시,중구,2021,2,1143574.006
인천광역시,중구,2021,3,1061373.979
인천광역시,중구,2021,4,1056857.494
인천광역시,중구,2021,5,994530.0009
인천광역시,중구,2021,6,1016209.129
인천광역시,중구,2021,7,1002659.674
인천광역시,중구,2021,8,994530.0009
인천광역시,중구,2021,9,959301.4177
인천광역시,중구,2021,10,980980.5458
인천광역시,중구,2021,11,962914.6058
인천광역시,중구,2021,12,997239.8919
전라남도,강진군,2010,1,54086.42744
전라남도,강진군,2010,2,53240.97175
전라남도,강진군,2010,3,52496.03732
전라남도,강진군,2010,4,55251.39718
전라남도,강진군,2010,5,53650.23692
전라남도,강진군,2010,6,55593.64817
전라남도,강진군,2010,7,54966.58691
전라남도,강진군,2010,8,54568.69021
전라남도,강진군,2010,9,55267.55238
전라남도,강진군,2010,10,57771.01071
전라남도,강진군,2010,11,57379.09742
전라남도,강진군,2010,12,57867.3436
전라남도,강진군,2011,1,53193.55848
전라남도,강진군,2011,2,54210.89727
전라남도,강진군,2011,3,56655.0732
전라남도,강진군,2011,4,55857.80496
전라남도,강진군,2011,5,55367.52121
전라남도,강진군,2011,6,54769.70931
전라남도,강진군,2011,7,53234.22975
전라남도,강진군,2011,8,55461.12083
전라남도,강진군,2011,9,56153.08949
전라남도,강진군,2011,10,58561.05128
전라남도,강진군,2011,11,58263.53818
전라남도,강진군,2011,12,59154.40605
전라남도,강진군,2012,1,62034.52245
전라남도,강진군,2012,2,57880.78904
전라남도,강진군,2012,3,56320.88125
전라남도,강진군,2012,4,56122.74559
전라남도,강진군,2012,5,59553.99539
전라남도,강진군,2012,6,57956.32141
전라남도,강진군,2012,7,56115.08289
전라남도,강진군,2012,8,55675.57203
전라남도,강진군,2012,9,57423.21609
전라남도,강진군,2012,10,57255.73125
전라남도,강진군,2012,11,56943.20236
전라남도,강진군,2012,12,56390.94026
전라남도,강진군,2013,1,60977.76032
전라남도,강진군,2013,2,56955.96253
전라남도,강진군,2013,3,56737.84916
전라남도,강진군,2013,4,55978.29446
전라남도,강진군,2013,5,58666.58611
전라남도,강진군,2013,6,58231.54155
전라남도,강진군,2013,7,57977.37149
전라남도,강진군,2013,8,55887.26612
전라남도,강진군,2013,9,55426.80456
전라남도,강진군,2013,10,57041.07995
전라남도,강진군,2013,11,56499.04753
전라남도,강진군,2013,12,57163.43623
전라남도,강진군,2014,1,62287.66392
전라남도,강진군,2014,2,58156.56563
전라남도,강진군,2014,3,58057.83419
전라남도,강진군,2014,4,58248.42336
전라남도,강진군,2014,5,57291.10335
전라남도,강진군,2014,6,56759.95322
전라남도,강진군,2014,7,57031.77711
전라남도,강진군,2014,8,56542.4941
전라남도,강진군,2014,9,57044.89964
전라남도,강진군,2014,10,57132.38319
전라남도,강진군,2014,11,58062.83326
전라남도,강진군,2014,12,60133.06902
전라남도,강진군,2015,1,60209.01317
전라남도,강진군,2015,2,61533.97423
전라남도,강진군,2015,3,62184.96306
전라남도,강진군,2015,4,60451.27047
전라남도,강진군,2015,5,61966.9315
전라남도,강진군,2015,6,63350.90394
전라남도,강진군,2015,7,63719.88044
전라남도,강진군,2015,8,63452.77624
전라남도,강진군,2015,9,62366.96662
전라남도,강진군,2015,10,65247.96492
전라남도,강진군,2015,11,65990.88729
전라남도,강진군,2015,12,65673.46812
전라남도,강진군,2016,1,62242.34363
전라남도,강진군,2016,2,65177.85388
전라남도,강진군,2016,3,63371.47999
전라남도,강진군,2016,4,60472.61019
전라남도,강진군,2016,5,64090.24336
전라남도,강진군,2016,6,63969.94057
전라남도,강진군,2016,7,63999.8636
전라남도,강진군,2016,8,64572.67588
전라남도,강진군,2016,9,64744.27529
전라남도,강진군,2016,10,61090.00167
전라남도,강진군,2016,11,62327.838
전라남도,강진군,2016,12,62432.87394
전라남도,강진군,2017,1,66881.14265
전라남도,강진군,2017,2,65929.19873
전라남도,강진군,2017,3,68215.8405
전라남도,강진군,2017,4,67591.31258
전라남도,강진군,2017,5,69661.87297
전라남도,강진군,2017,6,69254.08523
전라남도,강진군,2017,7,67315.94057
전라남도,강진군,2017,8,66097.84762
전라남도,강진군,2017,9,66817.89932
전라남도,강진군,2017,10,66794.18307
전라남도,강진군,2017,11,64836.93366
전라남도,강진군,2017,12,63877.7431
전라남도,강진군,2018,1,70167.28173
전라남도,강진군,2018,2,69935.24894
전라남도,강진군,2018,3,68829.5561
전라남도,강진군,2018,4,71318.24926
전라남도,강진군,2018,5,71803.53736
전라남도,강진군,2018,6,70997.78934
전라남도,강진군,2018,7,71783.72968
전라남도,강진군,2018,8,71850.22688
전라남도,강진군,2018,9,68348.51251
전라남도,강진군,2018,10,67935.38096
전라남도,강진군,2018,11,67595.11336
전라남도,강진군,2018,12,68230.37387
전라남도,강진군,2019,1,69651.1154
전라남도,강진군,2019,2,66950.09518
전라남도,강진군,2019,3,70877.08079
전라남도,강진군,2019,4,70939.00527
전라남도,강진군,2019,5,69179.37617
전라남도,강진군,2019,6,65534.18169
전라남도,강진군,2019,7,70301.67025
전라남도,강진군,2019,8,70593.20232
전라남도,강진군,2019,9,71170.00442
전라남도,강진군,2019,10,70698.96096
전라남도,강진군,2019,11,72441.89133
전라남도,강진군,2019,12,72223.41623
전라남도,강진군,2020,1,74682.21941
전라남도,강진군,2020,2,75329.7531
전라남도,강진군,2020,3,75761.44223
전라남도,강진군,2020,4,69142.20891
전라남도,강진군,2020,5,67127.65964
전라남도,강진군,2020,6,67415.45239
전라남도,강진군,2020,7,70653.12087
전라남도,강진군,2020,8,70797.01724
전라남도,강진군,2020,9,73674.94477
전라남도,강진군,2020,10,74322.47847
전라남도,강진군,2020,11,72235.98101
전라남도,강진군,2020,12,72595.72195
전라남도,강진군,2021,1,73161.24934
전라남도,강진군,2021,2,77921.49079
전라남도,강진군,2021,3,76969.4425
전라남도,강진군,2021,4,76090.6287
전라남도,강진군,2021,5,79459.41495
전라남도,강진군,2021,6,77482.08389
전라남도,강진군,2021,7,79312.94598
전라남도,강진군,2021,8,80704.40118
전라남도,강진군,2021,9,79459.41495
전라남도,강진군,2021,10,82022.62189
전라남도,강진군,2021,11,82022.62189
전라남도,강진군,2021,12,81729.68395
전라남도,고흥군,2010,1,92425.89947
전라남도,고흥군,2010,2,90981.13769
전라남도,고흥군,2010,3,89708.15226
전라남도,고흥군,2010,4,94416.66463
전라남도,고흥군,2010,5,91680.51282
전라남도,고흥군,2010,6,95001.5222
전라남도,고흥군,2010,7,93929.96498
전라남도,고흥군,2010,8,93250.01694
전라남도,고흥군,2010,9,94444.27155
전라남도,고흥군,2010,10,98722.32057
전라남도,고흥군,2010,11,98052.59731
전라남도,고흥군,2010,12,98886.93957
전라남도,고흥군,2011,1,87141.9339
전라남도,고흥군,2011,2,88808.54301
전라남도,고흥군,2011,3,92812.60334
전라남도,고흥군,2011,4,91506.51482
전라남도,고흥군,2011,5,90703.32971
전라남도,고흥군,2011,6,89723.9915
전라남도,고흥군,2011,7,87208.56176
전라남도,고흥군,2011,8,90856.66505
전라남도,고흥군,2011,9,91990.25131
전라남도,고흥군,2011,10,95934.98547
전라남도,고흥군,2011,11,95447.59814
전라남도,고흥군,2011,12,96907.022
전라남도,고흥군,2012,1,103211.2451
전라남도,고흥군,2012,2,96300.38355
전라남도,고흥군,2012,3,93705.05407
전라남도,고흥군,2012,4,93375.40169
전라남도,고흥군,2012,5,99084.21592
전라남도,고흥군,2012,6,96426.05214
전라남도,고흥군,2012,7,93362.65271
전라남도,고흥군,2012,8,92631.40724
전라남도,고흥군,2012,9,95539.08691
전라남도,고흥군,2012,10,95260.43048
전라남도,고흥군,2012,11,94740.45394
전라남도,고흥군,2012,12,93821.61624
전라남도,고흥군,2013,1,113231.6788
전라남도,고흥군,2013,2,105763.4656
전라남도,고흥군,2013,3,105358.4434
전라남도,고흥군,2013,4,103948.0004
전라남도,고흥군,2013,5,108939.9807
전라남도,고흥군,2013,6,108132.1316
전라남도,고흥군,2013,7,107660.1546
전라남도,고흥군,2013,8,103778.9668
전라남도,고흥군,2013,9,102923.9201
전라남도,고흥군,2013,10,105921.523
전라남도,고흥군,2013,11,104915.0045
전라남도,고흥군,2013,12,106148.7305
전라남도,고흥군,2014,1,110531.6856
전라남도,고흥군,2014,2,103200.904
전라남도,고흥군,2014,3,103025.7016
전라남도,고흥군,2014,4,103363.9089
전라남도,고흥군,2014,5,101665.1103
전라남도,고흥군,2014,6,100722.5654
전라남도,고흥군,2014,7,101204.9266
전라남도,고흥군,2014,8,100336.6764
전라남도,고흥군,2014,9,101228.213
전라남도,고흥군,2014,10,101383.4557
전라남도,고흥군,2014,11,103034.5726
전라남도,고흥군,2014,12,106708.2799
전라남도,고흥군,2015,1,100238.4451
전라남도,고흥군,2015,2,102444.2948
전라남도,고흥군,2015,3,103528.0878
전라남도,고흥군,2015,4,100641.765
전라남도,고흥군,2015,5,103165.0999
전라남도,고흥군,2015,6,105469.1942
전라남도,고흥군,2015,7,106083.4815
전라남도,고흥군,2015,8,105638.7954
전라남도,고흥군,2015,9,103831.0948
전라남도,고흥군,2015,10,108627.4995
전라남도,고흥군,2015,11,109864.3472
전라남도,고흥군,2015,12,109335.8947
전라남도,고흥군,2016,1,104534.2671
전라남도,고흥군,2016,2,109464.3741
전라남도,고흥군,2016,3,106430.6199
전라남도,고흥군,2016,4,101562.0495
전라남도,고흥군,2016,5,107637.7628
전라남도,고흥군,2016,6,107435.7176
전라남도,고흥군,2016,7,107485.9725
전라남도,고흥군,2016,8,108447.9946
전라남도,고흥군,2016,9,108736.191
전라남도,고흥군,2016,10,102598.9411
전라남도,고흥군,2016,11,104677.8525
전라남도,고흥군,2016,12,104854.2574
전라남도,고흥군,2017,1,110042.3988
전라남도,고흥군,2017,2,108476.1249
전라남도,고흥군,2017,3,112238.4342
전라남도,고흥군,2017,4,111210.8717
전라남도,고흥군,2017,5,114617.6531
전라남도,고흥군,2017,6,113946.7025
전라남도,고흥군,2017,7,110757.7904
전라남도,고흥군,2017,8,108753.6101
전라남도,고흥군,2017,9,109938.3419
전라남도,고흥군,2017,10,109899.3205
전라남도,고흥군,2017,11,106678.9745
전라남도,고흥군,2017,12,105100.7773
전라남도,고흥군,2018,1,106727.7653
전라남도,고흥군,2018,2,106374.8324
전라남도,고흥군,2018,3,104693.0211
전라남도,고흥군,2018,4,108478.4415
전라남도,고흥군,2018,5,109216.5878
전라남도,고흥군,2018,6,107991.0068
전라남도,고흥군,2018,7,109186.4593
전라남도,고흥군,2018,8,109287.6047
전라남도,고흥군,2018,9,103961.331
전라남도,고흥군,2018,10,103332.9383
전라남도,고흥군,2018,11,102815.3751
전라남도,고흥군,2018,12,103781.6365
전라남도,고흥군,2019,1,119623.0728
전라남도,고흥군,2019,2,114984.176
전라남도,고흥군,2019,3,121728.6205
전라남도,고흥군,2019,4,121834.9734
전라남도,고흥군,2019,5,118812.8791
전라남도,고흥군,2019,6,112552.3998
전라남도,고흥군,2019,7,120740.3754
전라남도,고흥군,2019,8,121241.0703
전라남도,고흥군,2019,9,122231.7054
전라남도,고흥군,2019,10,121422.7067
전라남도,고흥군,2019,11,124416.1216
전라남도,고흥군,2019,12,124040.8991
전라남도,고흥군,2020,1,129387.1972
전라남도,고흥군,2020,2,130509.0515
전라남도,고흥군,2020,3,131256.9544
전라남도,고흥군,2020,4,119789.1103
전라남도,고흥군,2020,5,116298.8969
전라남도,고흥군,2020,6,116797.4988
전라남도,고흥군,2020,7,122406.7703
전라남도,고흥군,2020,8,122656.0713
전라남도,고흥군,2020,9,127642.0905
전라남도,고흥군,2020,10,128763.9448
전라남도,고흥군,2020,11,125149.0809
전라남도,고흥군,2020,12,125772.3333
전라남도,고흥군,2021,1,118916.6399
전라남도,고흥군,2021,2,126653.9588
전라남도,고흥군,2021,3,125106.495
전라남도,고흥군,2021,4,123678.0669
전라남도,고흥군,2021,5,129153.708
전라남도,고흥군,2021,6,125939.7448
전라남도,고흥군,2021,7,128915.6367
전라남도,고흥군,2021,8,131177.3145
전라남도,고흥군,2021,9,129153.708
전라남도,고흥군,2021,10,133319.9567
전라남도,고흥군,2021,11,133319.9567
전라남도,고흥군,2021,12,132843.814
전라남도,곡성군,2010,1,88737.11361
전라남도,곡성군,2010,2,87350.01335
전라남도,곡성군,2010,3,86127.83371
전라남도,곡성군,2010,4,90648.42587
전라남도,곡성군,2010,5,88021.4759
전라남도,곡성군,2010,6,91209.94134
전라남도,곡성군,2010,7,90181.15076
전라남도,곡성군,2010,8,89528.33995
전라남도,곡성군,2010,9,90674.93097
전라남도,곡성군,2010,10,94782.2399
전라남도,곡성군,2010,11,94139.24579
전라남도,곡성군,2010,12,94940.28884
전라남도,곡성군,2011,1,77962.885
전라남도,곡성군,2011,2,79453.94273
전라남도,곡성군,2011,3,83036.23751
전라남도,곡성군,2011,4,81867.72513
전라남도,곡성군,2011,5,81149.14309
전라남도,곡성군,2011,6,80272.96294
전라남도,곡성군,2011,7,78022.49465
전라남도,곡성군,2011,8,81286.32693
전라남도,곡성군,2011,9,82300.50749
전라남도,곡성군,2011,10,85829.72519
전라남도,곡성군,2011,11,85393.67655
전라남도,곡성군,2011,12,86699.37277
전라남도,곡성군,2012,1,89822.52516
전라남도,곡성군,2012,2,83808.15108
전라남도,곡성군,2012,3,81549.49169
전라남도,곡성군,2012,4,81262.60232
전라남도,곡성군,2012,5,86230.86047
전라남도,곡성군,2012,6,83917.51774
전라남도,곡성군,2012,7,81251.50715
전라남도,곡성군,2012,8,80615.11996
전라남도,곡성군,2012,9,83145.61099
전라남도,곡성군,2012,10,82903.1023
전라남도,곡성군,2012,11,82450.57791
전라남도,곡성군,2012,12,81650.93323
전라남도,곡성군,2013,1,87253.93941
전라남도,곡성군,2013,2,81499.0921
전라남도,곡성군,2013,3,81186.99059
전라남도,곡성군,2013,4,80100.13304
전라남도,곡성군,2013,5,83946.84756
전라남도,곡성군,2013,6,83324.33615
전라남도,곡성군,2013,7,82960.64062
전라남도,곡성군,2013,8,79969.87929
전라남도,곡성군,2013,9,79310.99833
전라남도,곡성군,2013,10,81620.88781
전라남도,곡성군,2013,11,80845.28596
전라남도,곡성군,2013,12,81795.96914
전라남도,곡성군,2014,1,90640.8168
전라남도,곡성군,2014,2,84629.25528
전라남도,곡성군,2014,3,84485.5816
전라남도,곡성군,2014,4,84762.92637
전라남도,곡성군,2014,5,83369.83724
전라남도,곡성군,2014,6,82596.9092
전라남도,곡성군,2014,7,82992.46649
전라남도,곡성군,2014,8,82280.46336
전라남도,곡성군,2014,9,83011.56236
전라남도,곡성군,2014,10,83138.86815
전라남도,곡성군,2014,11,84492.85622
전라남도,곡성군,2014,12,87505.45693
전라남도,곡성군,2015,1,76759.16821
전라남도,곡성군,2015,2,78448.33239
전라남도,곡성군,2015,3,79278.26397
전라남도,곡성군,2015,4,77068.01679
전라남도,곡성군,2015,5,79000.30024
전라남도,곡성군,2015,6,80764.69677
전라남도,곡성군,2015,7,81235.09692
전라남도,곡성군,2015,8,80894.57156
전라남도,곡성군,2015,9,79510.29637
전라남도,곡성군,2015,10,83183.21876
전라남도,곡성군,2015,11,84130.35442
전라남도,곡성군,2015,12,83725.68359
전라남도,곡성군,2016,1,79830.40193
전라남도,곡성군,2016,2,83595.41058
전라남도,곡성군,2016,3,81278.60268
전라남도,곡성군,2016,4,77560.5881
전라남도,곡성군,2016,5,82200.46979
전라남도,곡성군,2016,6,82046.17257
전라남도,곡성군,2016,7,82084.55107
전라남도,곡성군,2016,8,82819.22511
전라남도,곡성군,2016,9,83039.31403
전라남도,곡성군,2016,10,78352.43826
전라남도,곡성군,2016,11,79940.05477
전라남도,곡성군,2016,12,80074.77112
전라남도,곡성군,2017,1,77952.48232
전라남도,곡성군,2017,2,76842.95594
전라남도,곡성군,2017,3,79508.12277
전라남도,곡성군,2017,4,78780.21203
전라남도,곡성군,2017,5,81193.52789
전라남도,곡성군,2017,6,80718.23596
전라남도,곡성군,2017,7,78459.25562
전라남도,곡성군,2017,8,77039.52255
전라남도,곡성군,2017,9,77878.76984
전라남도,곡성군,2017,10,77851.12766
전라남도,곡성군,2017,11,75569.88
전라남도,곡성군,2017,12,74451.9074
전라남도,곡성군,2018,1,77873.43182
전라남도,곡성군,2018,2,77615.91593
전라남도,곡성군,2018,3,76388.78993
전라남도,곡성군,2018,4,79150.80482
전라남도,곡성군,2018,5,79689.38988
전라남도,곡성군,2018,6,78795.15026
전라남도,곡성군,2018,7,79667.40681
전라남도,곡성군,2018,8,79741.2071
전라남도,곡성군,2018,9,75854.91553
전라남도,곡성군,2018,10,75396.41164
전라남도,곡성군,2018,11,75018.77402
전라남도,곡성군,2018,12,75723.80226
전라남도,곡성군,2019,1,77692.44838
전라남도,곡성군,2019,2,74679.59103
전라남도,곡성군,2019,3,79059.95344
전라남도,곡성군,2019,4,79129.02719
전라남도,곡성군,2019,5,77166.24609
전라남도,곡성군,2019,6,73100.20806
전라남도,곡성군,2019,7,78418.11082
전라남도,곡성군,2019,8,78743.30073
전라남도,곡성군,2019,9,79386.69557
전라남도,곡성군,2019,10,78861.26939
전라남도,곡성군,2019,11,80805.42386
전라남도,곡성군,2019,12,80561.72545
전라남도,곡성군,2020,1,85005.41258
전라남도,곡성군,2020,2,85742.45373
전라남도,곡성군,2020,3,86233.81449
전라남도,곡성군,2020,4,78699.61608
전라남도,곡성군,2020,5,76406.59917
전라남도,곡성군,2020,6,76734.17301
전라남도,곡성군,2020,7,80419.37876
전라남도,곡성군,2020,8,80583.16568
전라남도,곡성군,2020,9,83858.90412
전라남도,곡성군,2020,10,84595.94527
전라남도,곡성군,2020,11,82221.0349
전라남도,곡성군,2020,12,82630.50221
전라남도,곡성군,2021,1,84009.3905
전라남도,곡성군,2021,2,89475.46696
전라남도,곡성군,2021,3,88382.25166
전라남도,곡성군,2021,4,87373.12986
전라남도,곡성군,2021,5,91241.43012
전라남도,곡성군,2021,6,88970.90605
전라남도,곡성군,2021,7,91073.24315
전라남도,곡성군,2021,8,92671.01935
전라남도,곡성군,2021,9,91241.43012
전라남도,곡성군,2021,10,94184.70206
전라남도,곡성군,2021,11,94184.70206
전라남도,곡성군,2021,12,93848.32812
전라남도,광양시,2010,1,757952.4137
전라남도,광양시,2010,2,746104.4286
전라남도,광양시,2010,3,735665.1212
전라남도,광양시,2010,4,774277.9812
전라남도,광양시,2010,5,751839.759
전라남도,광양시,2010,6,779074.1931
전라남도,광양시,2010,7,770286.7279
전라남도,광양시,2010,8,764710.7123
전라남도,광양시,2010,9,774504.3758
전라남도,광양시,2010,10,809587.1567
전라남도,광양시,2010,11,804094.991
전라남도,광양시,2010,12,810937.1395
전라남도,광양시,2011,1,718362.562
전라남도,광양시,2011,2,732101.4077
전라남도,광양시,2011,3,765109.248
전라남도,광양시,2011,4,754342.387
전라남도,광양시,2011,5,747721.2565
전라남도,광양시,2011,6,739647.9917
전라남도,광양시,2011,7,718911.8148
전라남도,광양시,2011,8,748985.2905
전라남도,광양시,2011,9,758330.1133
전라남도,광양시,2011,10,790848.8928
전라남도,광양시,2011,11,786831.0704
전라남도,광양시,2011,12,798861.9655
전라남도,광양시,2012,1,822054.9033
전라남도,광양시,2012,2,767011.4084
전라남도,광양시,2012,3,746340.179
전라남도,광양시,2012,4,743714.5702
전라남도,광양시,2012,5,789184.0219
전라남도,광양시,2012,6,768012.3311
전라남도,광양시,2012,7,743613.0273
전라남도,광양시,2012,8,737788.8178
전라남도,광양시,2012,9,760947.8478
전라남도,광양시,2012,10,758728.4105
전라남도,광양시,2012,11,754586.9116
전라남도,광양시,2012,12,747268.5711
전라남도,광양시,2013,1,787020.3076
전라남도,광양시,2013,2,735112.2593
전라남도,광양시,2013,3,732297.1403
전라남도,광양시,2013,4,722493.8125
전라남도,광양시,2013,5,757190.7266
전라남도,광양시,2013,6,751575.7467
전라남도,광양시,2013,7,748295.2557
전라남도,광양시,2013,8,721318.939
전라남도,광양시,2013,9,715375.9099
전라남도,광양시,2013,10,736210.8423
전라남도,광양시,2013,11,729215.0045
전라남도,광양시,2013,12,737790.0554
전라남도,광양시,2014,1,854120.4262
전라남도,광양시,2014,2,797472.6856
전라남도,광양시,2014,3,796118.8295
전라남도,광양시,2014,4,798732.286
전라남도,광양시,2014,5,785605.0225
전라남도,광양시,2014,6,778321.6192
전라남도,광양시,2014,7,782049.0079
전라남도,광양시,2014,8,775339.7081
전라남도,광양시,2014,9,782228.9508
전라남도,광양시,2014,10,783428.5702
전라남도,광양시,2014,11,796187.3791
전라남도,광양시,2014,12,824575.5148
전라남도,광양시,2015,1,750974.5617
전라남도,광양시,2015,2,767500.5267
전라남도,광양시,2015,3,775620.1758
전라남도,광양시,2015,4,753996.1868
전라남도,광양시,2015,5,772900.7132
전라남도,광양시,2015,6,790162.7151
전라남도,광양시,2015,7,794764.8826
전라남도,광양시,2015,8,791433.3472
전라남도,광양시,2015,9,777890.2685
전라남도,광양시,2015,10,813824.3641
전라남도,광양시,2015,11,823090.6811
전라남도,광양시,2015,12,819131.5774
전라남도,광양시,2016,1,752905.1977
전라남도,광양시,2016,2,788414.1582
전라남도,광양시,2016,3,766563.6266
전라남도,광양시,2016,4,731497.8818
전라남도,광양시,2016,5,775258.0403
전라남도,광양시,2016,6,773802.8156
전라남도,광양시,2016,7,774164.775
전라남도,광양시,2016,8,781093.713
전라남도,광양시,2016,9,783169.4396
전라남도,광양시,2016,10,738966.0655
전라남도,광양시,2016,11,753939.3675
전라남도,광양시,2016,12,755209.9191
전라남도,광양시,2017,1,797902.4544
전라남도,광양시,2017,2,786545.6151
전라남도,광양시,2017,3,813825.6078
전라남도,광양시,2017,4,806374.8924
전라남도,광양시,2017,5,831077.0004
전라남도,광양시,2017,6,826212.0291
전라남도,광양시,2017,7,803089.6613
전라남도,광양시,2017,8,788557.6226
전라남도,광양시,2017,9,797147.9516
전라남도,광양시,2017,10,796865.013
전라남도,광양시,2017,11,773514.7225
전라남도,광양시,2017,12,762071.4297
전라남도,광양시,2018,1,817363.3603
전라남도,광양시,2018,2,814660.4609
전라남도,광양시,2018,3,801780.4862
전라남도,광양시,2018,4,830770.73
전라남도,광양시,2018,5,836423.7451
전라남도,광양시,2018,6,827037.7623
전라남도,광양시,2018,7,836193.0098
전라남도,광양시,2018,8,836967.6212
전라남도,광양시,2018,9,796176.9143
전라남도,광양시,2018,10,791364.435
전라남도,광양시,2018,11,787400.7319
전라남도,광양시,2018,12,794800.743
전라남도,광양시,2019,1,840758.5511
전라남도,광양시,2019,2,808154.5383
전라남도,광양시,2019,3,855557.1782
전라남도,광양시,2019,4,856304.6684
전라남도,광양시,2019,5,835064.1872
전라남도,광양시,2019,6,791063.0479
전라남도,광양시,2019,7,848611.398
전라남도,광양시,2019,8,852130.4813
전라남도,광양시,2019,9,859093.059
전라남도,광양시,2019,10,853407.0939
전라남도,광양시,2019,11,874446.0047
전라남도,광양시,2019,12,871808.792
전라남도,광양시,2020,1,846727.8567
전라남도,광양시,2020,2,854069.4277
전라남도,광양시,2020,3,858963.8084
전라남도,광양시,2020,4,783916.6381
전라남도,광양시,2020,5,761076.1949
전라남도,광양시,2020,6,764339.1154
전라남도,광양시,2020,7,801046.9704
전라남도,광양시,2020,8,802678.4307
전라남도,광양시,2020,9,835307.6352
전라남도,광양시,2020,10,842649.2062
전라남도,광양시,2020,11,818993.0329
전라남도,광양시,2020,12,823071.6835
전라남도,광양시,2021,1,860306.7627
전라남도,광양시,2021,2,916282.6782
전라남도,광양시,2021,3,905087.4951
전라남도,광양시,2021,4,894753.48
전라남도,광양시,2021,5,934367.2048
전라남도,광양시,2021,6,911115.6706
전라남도,광양시,2021,7,932644.8689
전라남도,광양시,2021,8,949007.0596
전라남도,광양시,2021,9,934367.2048
전라남도,광양시,2021,10,964508.0823
전라남도,광양시,2021,11,964508.0823
전라남도,광양시,2021,12,961063.4106
전라남도,구례군,2010,1,34512.14943
전라남도,구례군,2010,2,33972.6704
전라남도,구례군,2010,3,33497.33326
전라남도,구례군,2010,4,35255.508
전라남도,구례군,2010,5,34233.81949
전라남도,구례군,2010,6,35473.89583
전라남도,구례군,2010,7,35073.77268
전라남도,구례군,2010,8,34819.87774
전라남도,구례군,2010,9,35265.81652
전라남도,구례군,2010,10,36863.25477
전라남도,구례군,2010,11,36613.1778
전라남도,구례군,2010,12,36924.72407
전라남도,구례군,2011,1,33688.70397
전라남도,구례군,2011,2,34333.00802
전라남도,구례군,2011,3,35880.96085
전라남도,구례군,2011,4,35376.03254
전라남도,구례군,2011,5,35065.52456
전라남도,구례군,2011,6,34686.91654
전라남도,구례군,2011,7,33714.46202
전라남도,구례군,2011,8,35124.80336
전라남도,구례군,2011,9,35563.04302
전라남도,구례군,2011,10,37088.0606
전라남도,구례군,2011,11,36899.63872
전라남도,구례군,2011,12,37463.84582
전라남도,구례군,2012,1,40509.22055
전라남도,구례군,2012,2,37796.78728
전라남도,구례군,2012,3,36778.15046
전라남도,구례군,2012,4,36648.76571
전라남도,구례군,2012,5,38889.4093
전라남도,구례군,2012,6,37846.11075
전라남도,구례군,2012,7,36643.76188
전라남도,구례군,2012,8,36356.75649
전라남도,구례군,2012,9,37497.98715
전라남도,구례군,2012,10,37388.61772
전라남도,구례군,2012,11,37184.53294
전라남도,구례군,2012,12,36823.89976
전라남도,구례군,2013,1,46704.8015
전라남도,구례군,2013,2,43624.37896
전라남도,구례군,2013,3,43457.31901
전라남도,구례군,2013,4,42875.55197
전라남도,구례군,2013,5,44934.59984
전라남도,구례군,2013,6,44601.38541
전라남도,구례군,2013,7,44406.7085
전라남도,구례군,2013,8,42805.83047
전라남도,구례군,2013,9,42453.14835
전라남도,구례군,2013,10,43689.57309
전라남도,구례군,2013,11,43274.41326
전라남도,구례군,2013,12,43783.28965
전라남도,구례군,2014,1,44113.49657
전라남도,구례군,2014,2,41187.76171
전라남도,구례군,2014,3,41117.83793
전라남도,구례군,2014,4,41252.81737
전라남도,구례군,2014,5,40574.82224
전라남도,구례군,2014,6,40198.65001
전라남도,구례군,2014,7,40391.16168
전라남도,구례군,2014,8,40044.64067
전라남도,구례군,2014,9,40400.45535
전라남도,구례군,2014,10,40462.41313
전라남도,구례군,2014,11,41121.37837
전라남도,구례군,2014,12,42587.56497
전라남도,구례군,2015,1,44160.6603
전라남도,구례군,2015,2,45132.4609
전라남도,구례군,2015,3,45609.93255
전라남도,구례군,2015,4,44338.34536
전라남도,구례군,2015,5,45450.01599
전라남도,구례군,2015,6,46465.09885
전라남도,구례군,2015,7,46735.72686
전라남도,구례군,2015,8,46539.81769
전라남도,구례군,2015,9,45743.42414
전라남도,구례군,2015,10,47856.50955
전라남도,구례군,2015,11,48401.4104
전라남도,구례군,2015,12,48168.59741
전라남도,구례군,2016,1,44721.41095
전라남도,구례군,2016,2,46830.5886
전라남도,구례군,2016,3,45532.70062
전라남도,구례군,2016,4,43449.84931
전라남도,구례군,2016,5,46049.13543
전라남도,구례군,2016,6,45962.69732
전라남도,구례군,2016,7,45984.19715
전라남도,구례군,2016,8,46395.76541
전라남도,구례군,2016,9,46519.06038
전라남도,구례군,2016,10,43893.44793
전라남도,구례군,2016,11,44782.83905
전라남도,구례군,2016,12,44858.30786
전라남도,구례군,2017,1,43962.22396
전라남도,구례군,2017,2,43336.49344
전라남도,구례군,2017,3,44839.54578
전라남도,구례군,2017,4,44429.03192
전라남도,구례군,2017,5,45790.04992
전라남도,구례군,2017,6,45522.00342
전라남도,구례군,2017,7,44248.02475
전라남도,구례군,2017,8,43447.34951
전라남도,구례군,2017,9,43920.65294
전라남도,구례군,2017,10,43905.0638
전라남도,구례군,2017,11,42618.52721
전라남도,구례군,2017,12,41988.03335
전라남도,구례군,2018,1,43930.09973
전라남도,구례군,2018,2,43784.82941
전라남도,구례군,2018,3,43092.58089
전라남도,구례군,2018,4,44650.69367
전라남도,구례군,2018,5,44954.52124
전라남도,구례군,2018,6,44450.06119
전라남도,구례군,2018,7,44942.12011
전라남도,구례군,2018,8,44983.75246
전라남도,구례군,2018,9,42791.41071
전라남도,구례군,2018,10,42532.75867
전라남도,구례군,2018,11,42319.72506
전라남도,구례군,2018,12,42717.44686
전라남도,구례군,2019,1,45750.34874
전라남도,구례군,2019,2,43976.18308
전라남도,구례군,2019,3,46555.62435
전라남도,구례군,2019,4,46596.29945
전라남도,구례군,2019,5,45440.48673
전라남도,구례군,2019,6,43046.14003
전라남도,구례군,2019,7,46177.66582
전라남도,구례군,2019,8,46369.15871
전라남도,구례군,2019,9,46748.03129
전라남도,구례군,2019,10,46438.6263
전라남도,구례군,2019,11,47583.47045
전라남도,구례군,2019,12,47439.96504
전라남도,구례군,2020,1,48955.29646
전라남도,구례군,2020,2,49379.76435
전라남도,구례군,2020,3,49662.74294
전라남도,구례군,2020,4,45323.73786
전라남도,구례군,2020,5,44003.1711
전라남도,구례군,2020,6,44191.82349
전라남도,구례군,2020,7,46314.16293
전라남도,구례군,2020,8,46408.48913
전라남도,구례군,2020,9,48295.01308
전라남도,구례군,2020,10,48719.48097
전라남도,구례군,2020,11,47351.7511
전라남도,구례군,2020,12,47587.5666
전라남도,구례군,2021,1,44367.21196
전라남도,구례군,2021,2,47253.9675
전라남도,구례군,2021,3,46676.61639
전라남도,구례군,2021,4,46143.67691
전라남도,구례군,2021,5,48186.61159
전라남도,구례군,2021,6,46987.49776
전라남도,구례군,2021,7,48097.78835
전라남도,구례군,2021,8,48941.60919
전라남도,구례군,2021,9,48186.61159
전라남도,구례군,2021,10,49741.01842
전라남도,구례군,2021,11,49741.01842
전라남도,구례군,2021,12,49563.37192
전라남도,나주시,2010,1,216605.8746
전라남도,나주시,2010,2,213219.985
전라남도,나주시,2010,3,210236.6641
전라남도,나주시,2010,4,221271.3572
전라남도,나주시,2010,5,214859.0144
전라남도,나주시,2010,6,222642.0075
전라남도,나주시,2010,7,220130.7462
전라남도,나주시,2010,8,218537.2454
전라남도,나주시,2010,9,221336.0557
전라남도,나주시,2010,10,231361.9311
전라남도,나주시,2010,11,229792.3928
전라남도,나주시,2010,12,231747.726
전라남도,나주시,2011,1,209506.4966
전라남도,나주시,2011,2,213513.3556
전라남도,나주시,2011,3,223139.9109
전라남도,나주시,2011,4,219999.815
전라남도,나주시,2011,5,218068.7987
전라남도,나주시,2011,6,215714.2753
전라남도,나주시,2011,7,209666.6832
전라남도,나주시,2011,8,218437.4473
전라남도,나주시,2011,9,221162.8135
전라남도,나주시,2011,10,230646.737
전라남도,나주시,2011,11,229474.9612
전라남도,나주시,2011,12,232983.7056
전라남도,나주시,2012,1,229245.9178
전라남도,나주시,2012,2,213895.9741
전라남도,나주시,2012,3,208131.4017
전라남도,나주시,2012,4,207399.1999
전라남도,나주시,2012,5,220079.2364
전라남도,나주시,2012,6,214175.1008
전라남도,나주시,2012,7,207370.8827
전라남도,나주시,2012,8,205746.6892
전라남도,나주시,2012,9,212205.0329
전라남도,나주시,2012,10,211586.0998
전라남도,나주시,2012,11,210431.1627
전라남도,나주시,2012,12,208390.3018
전라남도,나주시,2013,1,258764.7381
전라남도,나주시,2013,2,241697.8691
전라남도,나주시,2013,3,240772.2849
전라남도,나주시,2013,4,237549.0446
전라남도,나주시,2013,5,248957.0576
전라남도,나주시,2013,6,247110.906
전라남도,나주시,2013,7,246032.312
전라남도,나주시,2013,8,237162.7575
전라남도,나주시,2013,9,235208.7465
전라남도,나주시,2013,10,242059.0726
전라남도,나주시,2013,11,239758.9082
전라남도,나주시,2013,12,242578.3028
전라남도,나주시,2014,1,322628.1234
전라남도,나주시,2014,2,301230.4918
전라남도,나주시,2014,3,300719.0977
전라남도,나주시,2014,4,301706.2824
전라남도,나주시,2014,5,296747.7025
전라남도,나주시,2014,6,293996.5322
전라남도,나주시,2014,7,295404.4841
전라남도,나주시,2014,8,292870.1707
전라남도,나주시,2014,9,295472.4541
전라남도,나주시,2014,10,295925.5881
전라남도,나주시,2014,11,300744.9911
전라남도,나주시,2014,12,311468.082
전라남도,나주시,2015,1,305946.5948
전라남도,나주시,2015,2,312679.2633
전라남도,나주시,2015,3,315987.2035
전라남도,나주시,2015,4,307177.6031
전라남도,나주시,2015,5,314879.296
전라남도,나주시,2015,6,321911.8255
전라남도,나주시,2015,7,323786.7458
전라남도,나주시,2015,8,322429.4802
전라남도,나주시,2015,9,316912.0379
전라남도,나주시,2015,10,331551.5674
전라남도,나주시,2015,11,335326.6595
전라남도,나주시,2015,12,333713.7229
전라남도,나주시,2016,1,325658.4949
전라남도,나주시,2016,2,341017.3936
전라남도,나주시,2016,3,331566.2552
전라남도,나주시,2016,4,316399.0632
전라남도,나주시,2016,5,335326.9009
전라남도,나주시,2016,6,334697.464
전라남도,나주시,2016,7,334854.0244
전라남도,나주시,2016,8,337851.0386
전라남도,나주시,2016,9,338748.8648
전라남도,나주시,2016,10,319629.3204
전라남도,나주시,2016,11,326105.8105
전라남도,나주시,2016,12,326655.3696
전라남도,나주시,2017,1,342192.5022
전라남도,나주시,2017,2,337321.9504
전라남도,나주시,2017,3,349021.3867
전라남도,나주시,2017,4,345826.035
전라남도,나주시,2017,5,356419.9066
전라남도,나주시,2017,6,354333.4903
전라남도,나주시,2017,7,344417.1141
전라남도,나주시,2017,8,338184.8301
전라남도,나주시,2017,9,341868.9223
전라남도,나주시,2017,10,341747.5798
전라남도,나주시,2017,11,331733.4556
전라남도,나주시,2017,12,326825.8268
전라남도,나주시,2018,1,349806.1447
전라남도,나주시,2018,2,348649.3877
전라남도,나주시,2018,3,343137.1584
전라남도,나주시,2018,4,355544.0828
전라남도,나주시,2018,5,357963.3977
전라남도,나주시,2018,6,353946.4885
전라남도,나주시,2018,7,357864.6502
전라남도,나주시,2018,8,358196.1598
전라남도,나주시,2018,9,340739.0036
전라남도,나주시,2018,10,338679.4118
전라남도,나주시,2018,11,336983.0699
전라남도,나주시,2018,12,340150.045
전라남도,나주시,2019,1,380983.8785
전라남도,나주시,2019,2,366209.5973
전라남도,나주시,2019,3,387689.7732
전라남도,나주시,2019,4,388028.4932
전라남도,나주시,2019,5,378403.5171
전라남도,나주시,2019,6,358464.7075
전라남도,나주시,2019,7,384542.3413
전라남도,나주시,2019,8,386136.9894
전라남도,나주시,2019,9,389292.033
전라남도,나주시,2019,10,386715.4775
전라남도,나주시,2019,11,396249.1133
전라남도,나주시,2019,12,395054.0787
전라남도,나주시,2020,1,392017.2795
전라남도,나주시,2020,2,395416.2732
전라남도,나주시,2020,3,397682.2691
전라남도,나주시,2020,4,362936.9996
전라남도,나주시,2020,5,352362.3524
전라남도,나주시,2020,6,353873.0162
전라남도,나주시,2020,7,370867.985
전라남도,나주시,2020,8,371623.317
전라남도,나주시,2020,9,386729.9559
전라남도,나주시,2020,10,390128.9496
전라남도,나주시,2020,11,379176.6364
전라남도,나주시,2020,12,381064.9663
전라남도,나주시,2021,1,363238.1627
전라남도,나주시,2021,2,386872.2774
전라남도,나주시,2021,3,382145.4544
전라남도,나주시,2021,4,377782.2332
전라남도,나주시,2021,5,394507.9144
전라남도,나주시,2021,6,384690.6668
전라남도,나주시,2021,7,393780.7109
전라남도,나주시,2021,8,400689.1444
전라남도,나주시,2021,9,394507.9144
전라남도,나주시,2021,10,407233.9762
전라남도,나주시,2021,11,407233.9762
전라남도,나주시,2021,12,405779.5691
전라남도,담양군,2010,1,85932.80645
전라남도,담양군,2010,2,84589.5419
전라남도,담양군,2010,3,83405.98609
전라남도,담양군,2010,4,87783.71662
전라남도,담양군,2010,5,85239.78462
전라남도,담양군,2010,6,88327.48685
전라남도,담양군,2010,7,87331.20854
전라남도,담양군,2010,8,86699.02813
전라남도,담양군,2010,9,87809.3841
전라남도,담양군,2010,10,91786.89215
전라남도,담양군,2010,11,91164.2182
전라남도,담양군,2010,12,91939.94635
전라남도,담양군,2011,1,80892.6926
전라남도,담양군,2011,2,82439.78356
전라남도,담양군,2011,3,86156.69925
전라남도,담양군,2011,4,84944.27473
전라남도,담양군,2011,5,84198.68873
전라남도,담양군,2011,6,83289.58215
전라남도,담양군,2011,7,80954.54235
전라남도,담양군,2011,8,84341.02787
전라남도,담양군,2011,9,85393.32085
전라남도,담양군,2011,10,89055.16485
전라남도,담양군,2011,11,88602.7297
전라남도,담양군,2011,12,89957.49336
전라남도,담양군,2012,1,95538.34376
전라남도,담양군,2012,2,89141.24752
전라남도,담양군,2012,3,86738.85929
전라남도,담양군,2012,4,86433.71383
전라남도,담양군,2012,5,91718.125
전라남도,담양군,2012,6,89257.57368
전라남도,담양군,2012,7,86421.91263
전라남도,담양군,2012,8,85745.02921
전라남도,담양군,2012,9,88436.54697
전라남도,담양군,2012,10,88178.60634
전라남도,담양군,2012,11,87697.28575
전라남도,담양군,2012,12,86846.75602
전라남도,담양군,2013,1,95907.09586
전라남도,담양군,2013,2,89581.52825
전라남도,담양군,2013,3,89238.47498
전라남도,담양군,2013,4,88043.83148
전라남도,담양군,2013,5,92272.03275
전라남도,담양군,2013,6,91587.78558
전라남도,담양군,2013,7,91188.02161
전라남도,담양군,2013,8,87900.66019
전라남도,담양군,2013,9,87176.43662
전라남도,담양군,2013,10,89715.40269
전라남도,담양군,2013,11,88862.88278
전라남도,담양군,2013,12,89907.84721
전라남도,담양군,2014,1,98230.31246
전라남도,담양군,2014,2,91715.39362
전라남도,담양군,2014,3,91559.68991
전라남도,담양군,2014,4,91860.25719
전라남도,담양군,2014,5,90350.52255
전라남도,담양군,2014,6,89512.87605
전라남도,담양군,2014,7,89941.55397
전라남도,담양군,2014,8,89169.93372
전라남도,담양군,2014,9,89962.24876
전라남도,담양군,2014,10,90100.21407
전라남도,담양군,2014,11,91567.57364
전라남도,담양군,2014,12,94832.42407
전라남도,담양군,2015,1,97074.67083
전라남도,담양군,2015,2,99210.89847
전라남도,담양군,2015,3,100260.4843
전라남도,담양군,2015,4,97465.26098
전라남도,담양군,2015,5,99908.95317
전라남도,담양군,2015,6,102140.3246
전라남도,담양군,2015,7,102735.2234
전라남도,담양군,2015,8,102304.5727
전라남도,담양군,2015,9,100553.9277
전라남도,담양군,2015,10,105198.9459
전라남도,담양군,2015,11,106396.7556
전라남도,담양군,2015,12,105884.9824
전라남도,담양군,2016,1,102524.5198
전라남도,담양군,2016,2,107359.8419
전라남도,담양군,2016,3,104384.4138
전라남도,담양군,2016,4,99609.44526
전라남도,담양군,2016,5,105568.3485
전라남도,담양군,2016,6,105370.1878
전라남도,담양군,2016,7,105419.4765
전라남도,담양군,2016,8,106363.0031
전라남도,담양군,2016,9,106645.6587
전라남도,담양군,2016,10,100626.4019
전라남도,담양군,2016,11,102665.3447
전라남도,담양군,2016,12,102838.3581
전라남도,담양군,2017,1,102327.1308
전라남도,담양군,2017,2,100870.6711
전라남도,담양군,2017,3,104369.1982
전라남도,담양군,2017,4,103413.68
전라남도,담양군,2017,5,106581.6059
전라남도,담양군,2017,6,105957.6969
전라남도,담양군,2017,7,102992.365
전라남도,담양군,2017,8,101128.7013
전라남도,담양군,2017,9,102230.3695
전라남도,담양군,2017,10,102194.084
전라남도,담양군,2017,11,99199.52215
전라남도,담양군,2017,12,97731.97519
전라남도,담양군,2018,1,104227.8946
전라남도,담양군,2018,2,103883.2284
전라남도,담양군,2018,3,102240.81
전라남도,담양군,2018,4,105937.565
전라남도,담양군,2018,5,106658.4217
전라남도,담양군,2018,6,105461.5473
전라남도,담양군,2018,7,106628.999
전라남도,담양군,2018,8,106727.7752
전라남도,담양군,2018,9,101526.2581
전라남도,담양군,2018,10,100912.5842
전라남도,담양군,2018,11,100407.1439
전라남도,담양군,2018,12,101350.7726
전라남도,담양군,2019,1,109381.0709
전라남도,담양군,2019,2,105139.3515
전라남도,담양군,2019,3,111306.3438
전라남도,담양군,2019,4,111403.5908
전라남도,담양군,2019,5,108640.2451
전라남도,담양군,2019,6,102915.7814
전라남도,담양군,2019,7,110402.7111
전라남도,담양군,2019,8,110860.5371
전라남도,담양군,2019,9,111766.3551
전라남도,담양군,2019,10,111026.6219
전라남도,담양군,2019,11,113763.7438
전라남도,담양군,2019,12,113420.6475
전라남도,담양군,2020,1,121680.4903
전라남도,담양군,2020,2,122735.5234
전라남도,담양군,2020,3,123438.8789
전라남도,담양군,2020,4,112654.0955
전라남도,담양군,2020,5,109371.7702
전라남도,담양군,2020,6,109840.6738
전라남도,담양군,2020,7,115115.8396
전라남도,담양군,2020,8,115350.2914
전라남도,담양군,2020,9,120039.3276
전라남도,담양군,2020,10,121094.3608
전라남도,담양군,2020,11,117694.8095
전라남도,담양군,2020,12,118280.939
전라남도,담양군,2021,1,107049.0889
전라남도,담양군,2021,2,114014.2449
전라남도,담양군,2021,3,112621.2137
전라남도,담양군,2021,4,111335.3387
전라남도,담양군,2021,5,116264.526
전라남도,담양군,2021,6,113371.3074
전라남도,담양군,2021,7,116050.2135
전라남도,담양군,2021,8,118086.1822
전라남도,담양군,2021,9,116264.526
전라남도,담양군,2021,10,120014.9946
전라남도,담양군,2021,11,120014.9946
전라남도,담양군,2021,12,119586.3696
전라남도,목포시,2010,1,287918.0718
전라남도,목포시,2010,2,283417.4608
전라남도,목포시,2010,3,279451.9542
전라남도,목포시,2010,4,294119.5507
전라남도,목포시,2010,5,285596.1005
전라남도,목포시,2010,6,295941.4542
전라남도,목포시,2010,7,292603.4213
전라남도,목포시,2010,8,290485.2994
전라남도,목포시,2010,9,294205.5497
전라남도,목포시,2010,10,307532.1998
전라남도,목포시,2010,11,305445.9293
전라남도,목포시,2010,12,308045.0083
전라남도,목포시,2011,1,279155.7721
전라남도,목포시,2011,2,284494.6891
전라남도,목포시,2011,3,297321.5395
전라남도,목포시,2011,4,293137.5361
전라남도,목포시,2011,5,290564.5641
전라남도,목포시,2011,6,287427.2925
전라남도,목포시,2011,7,279369.2118
전라남도,목포시,2011,8,291055.7678
전라남도,목포시,2011,9,294687.167
전라남도,목포시,2011,10,307323.9684
전라남도,목포시,2011,11,305762.6422
전라남도,목포시,2011,12,310437.8493
전라남도,목포시,2012,1,325131.19
전라남도,목포시,2012,2,303360.9202
전라남도,목포시,2012,3,295185.2359
전라남도,목포시,2012,4,294146.7805
전라남도,목포시,2012,5,312130.4175
전라남도,목포시,2012,6,303756.7955
전라남도,목포시,2012,7,294106.6193
전라남도,목포시,2012,8,291803.0843
전라남도,목포시,2012,9,300962.7195
전라남도,목포시,2012,10,300084.9092
전라남도,목포시,2012,11,298446.9036
전라남도,목포시,2012,12,295552.4245
전라남도,목포시,2013,1,332038.4824
전라남도,목포시,2013,2,310138.832
전라남도,목포시,2013,3,308951.1525
전라남도,목포시,2013,4,304815.1956
전라남도,목포시,2013,5,319453.5863
전라남도,목포시,2013,6,317084.6646
전라남도,목포시,2013,7,315700.6479
전라남도,목포시,2013,8,304319.5245
전라남도,목포시,2013,9,301812.2012
전라남도,목포시,2013,10,310602.3166
전라남도,목포시,2013,11,307650.8205
전라남도,목포시,2013,12,311268.5758
전라남도,목포시,2014,1,330714.0437
전라남도,목포시,2014,2,308780.1304
전라남도,목포시,2014,3,308255.9195
전라남도,목포시,2014,4,309267.8457
전라남도,목포시,2014,5,304184.9905
전라남도,목포시,2014,6,301364.8686
전라남도,목포시,2014,7,302808.1075
전라남도,목포시,2014,8,300210.2775
전라남도,목포시,2014,9,302877.7811
전라남도,목포시,2014,10,303342.2717
전라남도,목포시,2014,11,308282.4619
전라남도,목포시,2014,12,319274.3019
전라남도,목포시,2015,1,302410.6493
전라남도,목포시,2015,2,309065.5057
전라남도,목포시,2015,3,312335.2147
전라남도,목포시,2015,4,303627.4304
전라남도,목포시,2015,5,311240.1118
전라남도,목포시,2015,6,318191.3635
전라남도,목포시,2015,7,320044.6146
전라남도,목포시,2015,8,318703.0355
전라남도,목포시,2015,9,313249.3605
전라남도,목포시,2015,10,327719.6951
전라남도,목포시,2015,11,331451.157
전라남도,목포시,2015,12,329856.8618
전라남도,목포시,2016,1,316575.9406
전라남도,목포시,2016,2,331506.4824
전라남도,목포시,2016,3,322318.9345
전라남도,목포시,2016,4,307574.7527
전라남도,목포시,2016,5,325974.6965
전라남도,목포시,2016,6,325362.8145
전라남도,목포시,2016,7,325515.0085
전라남도,목포시,2016,8,328428.4364
전라남도,목포시,2016,9,329301.2224
전라남도,목포시,2016,10,310714.9186
전라남도,목포시,2016,11,317010.7805
전라남도,목포시,2016,12,317545.0125
전라남도,목포시,2017,1,329925.8722
전라남도,목포시,2017,2,325229.9158
전라남도,목포시,2017,3,336509.9605
전라남도,목포시,2017,4,333429.1531
전라남도,목포시,2017,5,343643.2645
전라남도,목포시,2017,6,341631.6403
전라남도,목포시,2017,7,332070.7381
전라남도,목포시,2017,8,326061.8638
전라남도,목포시,2017,9,329613.8917
전라남도,목포시,2017,10,329496.899
전라남도,목포시,2017,11,319841.7527
전라남도,목포시,2017,12,315110.0485
전라남도,목포시,2018,1,337284.7069
전라남도,목포시,2018,2,336169.3565
전라남도,목포시,2018,3,330854.4394
전라남도,목포시,2018,4,342817.2534
전라남도,목포시,2018,5,345149.9681
전라남도,목포시,2018,6,341276.8456
전라남도,목포시,2018,7,345054.7553
전라남도,목포시,2018,8,345374.3984
전라남도,목포시,2018,9,328542.1274
전라남도,목포시,2018,10,326556.2595
전라남도,목포시,2018,11,324920.6388
전라남도,목포시,2018,12,327974.2508
전라남도,목포시,2019,1,354838.6913
전라남도,목포시,2019,2,341078.3017
전라남도,목포시,2019,3,361084.391
전라남도,목포시,2019,4,361399.8662
전라남도,목포시,2019,5,352435.4084
전라남도,목포시,2019,6,333864.9084
전라남도,목포시,2019,7,358152.9531
전라남도,목포시,2019,8,359638.1677
전라남도,목포시,2019,9,362576.695
전라남도,목포시,2019,10,360176.9568
전라남도,목포시,2019,11,369056.3426
전라남도,목포시,2019,12,367943.3178
전라남도,목포시,2020,1,353752.4751
전라남도,목포시,2020,2,356819.6931
전라남도,목포시,2020,3,358864.5051
전라남도,목포시,2020,4,327510.7212
전라남도,목포시,2020,5,317968.2652
전라남도,목포시,2020,6,319331.4732
전라남도,목포시,2020,7,334667.5632
전라남도,목포시,2020,8,335349.1672
전라남도,목포시,2020,9,348981.2471
전라남도,목포시,2020,10,352048.4651
전라남도,목포시,2020,11,342165.2072
전라남도,목포시,2020,12,343869.2172
전라남도,목포시,2021,1,322163.043
전라남도,목포시,2021,2,343124.6024
전라남도,목포시,2021,3,338932.2905
전라남도,목포시,2021,4,335062.4642
전라남도,목포시,2021,5,349896.7985
전라남도,목포시,2021,6,341189.6892
전라남도,목포시,2021,7,349251.8274
전라남도,목포시,2021,8,355379.0525
전라남도,목포시,2021,9,349896.7985
전라남도,목포시,2021,10,361183.792
전라남도,목포시,2021,11,361183.792
전라남도,목포시,2021,12,359893.8499
전라남도,무안군,2010,1,156723.6938
전라남도,무안군,2010,2,154273.8567
전라남도,무안군,2010,3,152115.2953
전라남도,무안군,2010,4,160099.3718
전라남도,무안군,2010,5,155459.7651
전라남도,무안군,2010,6,161091.0964
전라남도,무안군,2010,7,159274.0905
전라남도,무안군,2010,8,158121.124
전라남도,무안군,2010,9,160146.184
전라남도,무안군,2010,10,167400.3373
전라남도,무안군,2010,11,166264.7086
전라남도,무안군,2010,12,167679.4765
전라남도,무안군,2011,1,162205.6961
전라남도,무안군,2011,2,165307.9166
전라남도,무안군,2011,3,172761.0607
전라남도,무안군,2011,4,170329.9121
전라남도,무안군,2011,5,168834.8661
전라남도,무안군,2011,6,167011.9293
전라남도,무안군,2011,7,162329.717
전라남도,무안군,2011,8,169120.2839
전라남도,무안군,2011,9,171230.3375
전라남도,무안군,2011,10,178573.0521
전라남도,무안군,2011,11,177665.831
전라남도,무안군,2011,12,180382.3976
전라남도,무안군,2012,1,202615.0027
전라남도,무안군,2012,2,189048.2229
전라남도,무안군,2012,3,183953.3063
전라남도,무안군,2012,4,183306.1625
전라남도,무안군,2012,5,194513.1914
전라남도,무안군,2012,6,189294.9242
전라남도,무안군,2012,7,183281.1348
전라남도,무안군,2012,8,181845.6197
전라남도,무안군,2012,9,187553.7141
전라남도,무안군,2012,10,187006.6809
전라남도,무안군,2012,11,185985.9099
전라남도,무안군,2012,12,184182.1306
전라남도,무안군,2013,1,213648.0086
전라남도,무안군,2013,2,199556.8206
전라남도,무안군,2013,3,198792.6159
전라남도,무안군,2013,4,196131.3613
전라남도,무안군,2013,5,205550.3388
전라남도,무안군,2013,6,204026.0716
전라남도,무안군,2013,7,203135.535
전라남도,무안군,2013,8,195812.4249
전라남도,무안군,2013,9,194199.104
전라남도,무안군,2013,10,199855.0468
전라남도,무안군,2013,11,197955.9257
전라남도,무안군,2013,12,200283.7469
전라남도,무안군,2014,1,221434.9968
전라남도,무안군,2014,2,206748.7865
전라남도,무안군,2014,3,206397.7925
전라남도,무안군,2014,4,207075.3442
전라남도,무안군,2014,5,203672.0354
전라남도,무안군,2014,6,201783.7766
전라남도,무안군,2014,7,202750.1208
전라남도,무안군,2014,8,201010.7012
전라남도,무안군,2014,9,202796.7719
전라남도,무안군,2014,10,203107.7792
전라남도,무안군,2014,11,206415.5643
전라남도,무안군,2014,12,213775.3306
전라남도,무안군,2015,1,203918.8771
전라남도,무안군,2015,2,208406.321
전라남도,무안군,2015,3,210611.1224
전라남도,무안군,2015,4,204739.3661
전라남도,무안군,2015,5,209872.6822
전라남도,무안군,2015,6,214559.9889
전라남도,무안군,2015,7,215809.6568
전라남도,무안군,2015,8,214905.015
전라남도,무안군,2015,9,211227.541
전라남도,무안군,2015,10,220985.0492
전라남도,무안군,2015,11,223501.2156
전라남도,무안군,2015,12,222426.1646
전라남도,무안군,2016,1,222217.9321
전라남도,무안군,2016,2,232698.3057
전라남도,무안군,2016,3,226249.1805
전라남도,무안군,2016,4,215899.6208
전라남도,무안군,2016,5,228815.3131
전라남도,무안군,2016,6,228385.8075
전라남도,무안군,2016,7,228492.6389
전라남도,무안군,2016,8,230537.6962
전라남도,무안군,2016,9,231150.3413
전라남도,무안군,2016,10,218103.835
전라남도,무안군,2016,11,222523.1646
전라남도,무안군,2016,12,222898.1644
전라남도,무안군,2017,1,222369.1378
전라남도,무안군,2017,2,219204.076
전라남도,무안군,2017,3,226806.7954
전라남도,무안군,2017,4,224730.3396
전라남도,무안군,2017,5,231614.6228
전라남도,무안군,2017,6,230258.7936
전라남도,무안군,2017,7,223814.7716
전라남도,무안군,2017,8,219764.8067
전라남도,무안군,2017,9,222158.8638
전라남도,무안군,2017,10,222080.011
전라남도,무안군,2017,11,215572.4687
전라남도,무안군,2017,12,212383.3131
전라남도,무안군,2018,1,233852.3474
전라남도,무안군,2018,2,233079.0324
전라남도,무안군,2018,3,229393.9977
전라남도,무안군,2018,4,237688.2728
전라남도,무안군,2018,5,239305.6329
전라남도,무안군,2018,6,236620.2494
전라남도,무안군,2018,7,239239.6182
전라남도,무안군,2018,8,239461.239
전라남도,무안군,2018,9,227790.7837
전라남도,무안군,2018,10,226413.9057
전라남도,무안군,2018,11,225279.8675
전라남도,무안군,2018,12,227397.0532
전라남도,무안군,2019,1,248214.8785
전라남도,무안군,2019,2,238589.2838
전라남도,무안군,2019,3,252583.8373
전라남도,무안군,2019,4,252804.5168
전라남도,무안군,2019,5,246533.7468
전라남도,무안군,2019,6,233543.4092
전라남도,무안군,2019,7,250533.2533
전라남도,무안군,2019,8,251572.1828
전라남도,무안군,2019,9,253627.7258
전라남도,무안군,2019,10,251949.0737
전라남도,무안군,2019,11,258160.3346
전라남도,무안군,2019,12,257381.7574
전라남도,무안군,2020,1,258204.3374
전라남도,무안군,2020,2,260443.1033
전라남도,무안군,2020,3,261935.6139
전라남도,무안군,2020,4,239050.4511
전라남도,무안군,2020,5,232085.4015
전라남도,무안군,2020,6,233080.4086
전라남도,무안군,2020,7,244274.2382
전라남도,무안군,2020,8,244771.7418
전라남도,무안군,2020,9,254721.8126
전라남도,무안군,2020,10,256960.5785
전라남도,무안군,2020,11,249746.7772
전라남도,무안군,2020,12,250990.536
전라남도,무안군,2021,1,238822.7707
전라남도,무안군,2021,2,254361.7898
전라남도,무안군,2021,3,251253.986
전라남도,무안군,2021,4,248385.244
전라남도,무안군,2021,5,259382.0883
전라남도,무안군,2021,6,252927.4188
전라남도,무안군,2021,7,258903.9646
전라남도,무안군,2021,8,263446.1395
전라남도,무안군,2021,9,259382.0883
전라남도,무안군,2021,10,267749.2524
전라남도,무안군,2021,11,267749.2524
전라남도,무안군,2021,12,266793.0051
전라남도,보성군,2010,1,64511.23572
전라남도,보성군,2010,2,63502.82392
전라남도,보성군,2010,3,62614.30822
전라남도,보성군,2010,4,65900.74582
전라남도,보성군,2010,5,63990.97231
전라남도,보성군,2010,6,66308.96348
전라남도,보성군,2010,7,65561.04022
전라남도,보성군,2010,8,65086.45151
전라남도,보성군,2010,9,65920.01483
전라남도,보성군,2010,10,68905.99853
전라남도,보성군,2010,11,68438.54649
전라남도,보성군,2010,12,69020.89895
전라남도,보성군,2011,1,64852.68781
전라남도,보성군,2011,2,66093.01007
전라남도,보성군,2011,3,69072.90806
전라남도,보성군,2011,4,68100.8921
전라남도,보성군,2011,5,67503.14643
전라남도,보성군,2011,6,66774.30427
전라남도,보성군,2011,7,64902.27353
전라남도,보성군,2011,8,67617.26152
전라남도,보성군,2011,9,68460.89801
전라남도,보성군,2011,10,71396.64434
전라남도,보성군,2011,11,71033.92141
전라남도,보성군,2011,12,72120.05245
전라남도,보성군,2012,1,70857.22567
전라남도,보성군,2012,2,66112.73803
전라남도,보성군,2012,3,64330.97629
전라남도,보성군,2012,4,64104.66129
전라남도,보성군,2012,5,68023.91193
전라남도,보성군,2012,6,66199.0128
전라남도,보성군,2012,7,64095.90878
전라남도,보성군,2012,8,63593.8896
전라남도,보성군,2012,9,65590.08792
전라남도,보성군,2012,10,65398.78297
전라남도,보성군,2012,11,65041.80545
전라남도,보성군,2012,12,64410.99927
전라남도,보성군,2013,1,70084.56292
전라남도,보성군,2013,2,65462.12454
전라남도,보성군,2013,3,65211.43674
전라남도,보성군,2013,4,64338.44537
전라남도,보성군,2013,5,67428.22341
전라남도,보성군,2013,6,66928.20656
전라남도,보성군,2013,7,66636.07715
전라남도,보성군,2013,8,64233.82228
전라남도,보성군,2013,9,63704.59249
전라남도,보성군,2013,10,65559.95392
전라남도,보성군,2013,11,64936.97097
전라남도,보성군,2013,12,65700.58366
전라남도,보성군,2014,1,77500.44753
전라남도,보성군,2014,2,72360.39337
전라남도,보성군,2014,3,72237.54833
전라남도,보성군,2014,4,72474.68591
전라남도,보성군,2014,5,71283.55552
전라남도,보성군,2014,6,70622.68031
전라남도,보성군,2014,7,70960.89292
전라남도,보성군,2014,8,70352.11022
전라남도,보성군,2014,9,70977.22042
전라남도,보성군,2014,10,71086.07046
전라남도,보성군,2014,11,72243.76833
전라남도,보성군,2014,12,74819.62667
전라남도,보성군,2015,1,64595.52208
전라남도,보성군,2015,2,66017.01276
전라남도,보성군,2015,3,66715.42919
전라남도,보성군,2015,4,64855.42896
전라남도,보성군,2015,5,66481.513
전라남도,보성군,2015,6,67966.31433
전라남도,보성군,2015,7,68362.17249
전라남도,보성군,2015,8,68075.6085
전라남도,보성군,2015,9,66910.69256
전라남도,보성군,2015,10,70001.58509
전라남도,보성군,2015,11,70798.63284
전라남도,보성군,2015,12,70458.08819
전라남도,보성군,2016,1,68977.38911
전라남도,보성군,2016,2,72230.54155
전라남도,보성군,2016,3,70228.7057
전라남도,보성군,2016,4,67016.15845
전라남도,보성군,2016,5,71025.24417
전라남도,보성군,2016,6,70891.9238
전라남도,보성군,2016,7,70925.0847
전라남도,보성군,2016,8,71559.87917
전라남도,보성군,2016,9,71750.04681
전라남도,보성군,2016,10,67700.3559
전라남도,보성군,2016,11,69072.13455
전라남도,보성군,2016,12,69188.53609
전라남도,보성군,2017,1,69258.98453
전라남도,보성군,2017,2,68273.1959
전라남도,보성군,2017,3,70641.13522
전라남도,보성군,2017,4,69994.40331
전라남도,보성군,2017,5,72138.57884
전라남도,보성군,2017,6,71716.29292
전라남도,보성군,2017,7,69709.24092
전라남도,보성군,2017,8,68447.84081
전라남도,보성군,2017,9,69193.49269
전라남도,보성군,2017,10,69168.93325
전라남도,보성군,2017,11,67142.09726
전라남도,보성군,2017,12,66148.80436
전라남도,보성군,2018,1,71409.01914
전라남도,보성군,2018,2,71172.88011
전라남도,보성군,2018,3,70047.62003
전라남도,보성군,2018,4,72580.35513
전라남도,보성군,2018,5,73074.23128
전라남도,보성군,2018,6,72254.22409
전라남도,보성군,2018,7,73054.07307
전라남도,보성군,2018,8,73121.74706
전라남도,보성군,2018,9,69558.0635
전라남도,보성군,2018,10,69137.62083
전라남도,보성군,2018,11,68791.33158
전라남도,보성군,2018,12,69437.83418
전라남도,보성군,2019,1,77320.39462
전라남도,보성군,2019,2,74321.96525
전라남도,보성군,2019,3,78681.35097
전라남도,보성군,2019,4,78750.09394
전라남도,보성군,2019,5,76796.71221
전라남도,보성군,2019,6,72750.14563
전라남도,보성군,2019,7,78042.58201
전라남도,보성군,2019,8,78366.21465
전라남도,보성군,2019,9,79006.52839
전라남도,보성군,2019,10,78483.61838
전라남도,보성군,2019,11,80418.46267
전라남도,보성군,2019,12,80175.93129
전라남도,보성군,2020,1,79056.77768
전라남도,보성군,2020,2,79742.24107
전라남도,보성군,2020,3,80199.21666
전라남도,보성군,2020,4,73192.25756
전라남도,보성군,2020,5,71059.70479
전라남도,보성군,2020,6,71364.35519
전라남도,보성군,2020,7,74791.67214
전라남도,보성군,2020,8,74943.99733
전라남도,보성군,2020,9,77990.50129
전라남도,보성군,2020,10,78675.96468
전라남도,보성군,2020,11,76467.24931
전라남도,보성군,2020,12,76848.06231
전라남도,보성군,2021,1,70419.75894
전라남도,보성군,2021,2,75001.62514
전라남도,보성군,2021,3,74085.2519
전라남도,보성군,2021,4,73239.36891
전라남도,보성군,2021,5,76481.92037
전라남도,보성군,2021,6,74578.68364
전라남도,보성군,2021,7,76340.93987
전라남도,보성군,2021,8,77680.2546
전라남도,보성군,2021,9,76481.92037
전라남도,보성군,2021,10,78949.07909
전라남도,보성군,2021,11,78949.07909
전라남도,보성군,2021,12,78667.11809
전라남도,소계,2010,1,5525495.547
전라남도,소계,2010,2,5439123.385
전라남도,소계,2010,3,5363020.524
전라남도,소계,2010,4,5644509.417
전라남도,소계,2010,5,5480934.113
전라남도,소계,2010,6,5679473.944
전라남도,소계,2010,7,5615413.063
전라남도,소계,2010,8,5574763.744
전라남도,소계,2010,9,5646159.841
전라남도,소계,2010,10,5901914.353
전라남도,소계,2010,11,5861876.302
전라남도,소계,2010,12,5911755.767
전라남도,소계,2011,1,5288398.729
전라남도,소계,2011,2,5389540.546
전라남도,소계,2011,3,5632535.699
전라남도,소계,2011,4,5553272.862
전라남도,소계,2011,5,5504529.818
전라남도,소계,2011,6,5445096.538
전라남도,소계,2011,7,5292442.186
전라남도,소계,2011,8,5513835.308
전라남도,소계,2011,9,5582629.468
전라남도,소계,2011,10,5822024.283
전라남도,소계,2011,11,5792446.117
전라남도,소계,2011,12,5881014.444
전라남도,소계,2012,1,6039302.67
전라남도,소계,2012,2,5634920.525
전라남도,소계,2012,3,5483057.418
전라남도,소계,2012,4,5463768.14
전라남도,소계,2012,5,5797813.688
전라남도,소계,2012,6,5642273.896
전라남도,소계,2012,7,5463022.146
전라남도,소계,2012,8,5420234.049
전라남도,소계,2012,9,5590374.014
전라남도,소계,2012,10,5574068.712
전라남도,소계,2012,11,5543642.805
전라남도,소계,2012,12,5489877.937
전라남도,소계,2013,1,6069538.044
전라남도,소계,2013,2,5669220.706
전라남도,소계,2013,3,5647510.374
전라남도,소계,2013,4,5571906.644
전라남도,소계,2013,5,5839490.896
전라남도,소계,2013,6,5796187.904
전라남도,소계,2013,7,5770888.601
전라남도,소계,2013,8,5562845.964
전라남도,소계,2013,9,5517013.041
전라남도,소계,2013,10,5677693.031
전라남도,소계,2013,11,5623740.797
전라남도,소계,2013,12,5689871.997
전라남도,소계,2014,1,6115249.096
전라남도,소계,2014,2,5709668.063
전라남도,소계,2014,3,5699974.854
전라남도,소계,2014,4,5718686.428
전라남도,소계,2014,5,5624699.113
전라남도,소계,2014,6,5572552.103
전라남도,소계,2014,7,5599239.102
전라남도,소계,2014,8,5551202.504
전라남도,소계,2014,9,5600527.44
전라남도,소계,2014,10,5609116.359
전라남도,소계,2014,11,5700465.65
전라남도,소계,2014,12,5903716.287
전라남도,소계,2015,1,5484499.811
전라남도,소계,2015,2,5605191.852
전라남도,소계,2015,3,5664491.082
전라남도,소계,2015,4,5506567.273
전라남도,소계,2015,5,5644630.367
전라남도,소계,2015,6,5770697.815
전라남도,소계,2015,7,5804308.256
전라남도,소계,2015,8,5779977.465
전라남도,소계,2015,9,5681069.97
전라남도,소계,2015,10,5943503.015
전라남도,소계,2015,11,6011176.564
전라남도,소계,2015,12,5982262.531
전라남도,소계,2016,1,5781149.874
전라남도,소계,2016,2,6053803.885
전라남도,소계,2016,3,5886025.528
전라남도,소계,2016,4,5616774.728
전라남도,소계,2016,5,5952785.205
전라남도,소계,2016,6,5941611.326
전라남도,소계,2016,7,5944390.615
전라남도,소계,2016,8,5997594.165
전라남도,소계,2016,9,6013532.542
전라남도,소계,2016,10,5674118.853
전라남도,소계,2016,11,5789090.702
전라남도,소계,2016,12,5798846.577
전라남도,소계,2017,1,5939832.098
전라남도,소계,2017,2,5855288.281
전라남도,소계,2017,3,6058368.965
전라남도,소계,2017,4,6002903.541
전라남도,소계,2017,5,6186793.656
전라남도,소계,2017,6,6150577.308
전라남도,소계,2017,7,5978447.267
전라남도,소계,2017,8,5870266.286
전라남도,소계,2017,9,5934215.346
전라남도,소계,2017,10,5932109.064
전라남도,소계,2017,11,5758282.296
전라남도,소계,2017,12,5673094.893
전라남도,소계,2018,1,6097286.118
전라남도,소계,2018,2,6077123.297
전라남도,소계,2018,3,5981042.54
전라남도,소계,2018,4,6197301.085
전라남도,소계,2018,5,6239470.886
전라남도,소계,2018,6,6169454.262
전라남도,소계,2018,7,6237749.67
전라남도,소계,2018,8,6243528.039
전라남도,소계,2018,9,5939241.57
전라남도,소계,2018,10,5903341.914
전라남도,소계,2018,11,5873773.875
전라남도,소계,2018,12,5928975.744
전라남도,소계,2019,1,6183054.455
전라남도,소계,2019,2,5943280.044
전라남도,소계,2019,3,6291885.602
전라남도,소계,2019,4,6297382.748
전라남도,소계,2019,5,6141177.317
전라남도,소계,2019,6,5817586.864
전라남도,소계,2019,7,6240805.376
전라남도,소계,2019,8,6266685.2
전라남도,소계,2019,9,6317888.957
전라남도,소계,2019,10,6276073.585
전라남도,소계,2019,11,6430796.64
전라남도,소계,2019,12,6411402.213
전라남도,소계,2020,1,6482419.723
전라남도,소계,2020,2,6538625.674
전라남도,소계,2020,3,6576096.308
전라남도,소계,2020,4,6001546.583
전라남도,소계,2020,5,5826683.624
전라남도,소계,2020,6,5851664.046
전라남도,소계,2020,7,6132693.803
전라남도,소계,2020,8,6145184.015
전라남도,소계,2020,9,6394988.243
전라남도,소계,2020,10,6451194.194
전라남도,소계,2020,11,6270086.129
전라남도,소계,2020,12,6301311.657
전라남도,소계,2021,1,5950226.065
전라남도,소계,2021,2,6337377.911
전라남도,소계,2021,3,6259947.542
전라남도,소계,2021,4,6188473.355
전라남도,소계,2021,5,6462457.738
전라남도,소계,2021,6,6301640.818
전라남도,소계,2021,7,6450545.374
전라남도,소계,2021,8,6563712.837
전라남도,소계,2021,9,6462457.738
전라남도,소계,2021,10,6670924.117
전라남도,소계,2021,11,6670924.117
전라남도,소계,2021,12,6647099.388
전라남도,순천시,2010,1,408050.3398
전라남도,순천시,2010,2,401671.873
전라남도,순천시,2010,3,396051.7801
전라남도,순천시,2010,4,416839.3525
전라남도,순천시,2010,5,404759.5385
전라남도,순천시,2010,6,419421.4353
전라남도,순천시,2010,7,414690.6262
전라남도,순천시,2010,8,411688.7292
전라남도,순천시,2010,9,416961.234
전라남도,순천시,2010,10,435848.3573
전라남도,순천시,2010,11,432891.6016
전라남도,순천시,2010,12,436575.1324
전라남도,순천시,2011,1,400955.0836
전라남도,순천시,2011,2,408623.4399
전라남도,순천시,2011,3,427046.8128
전라남도,순천시,2011,4,421037.274
전라남도,순천시,2011,5,417341.6806
전라남도,순천시,2011,6,412835.5764
전라남도,순천시,2011,7,401261.6499
전라남도,순천시,2011,8,418047.203
전라남도,순천시,2011,9,423263.0291
전라남도,순천시,2011,10,441413.432
전라남도,순천시,2011,11,439170.8788
전라남도,순천시,2011,12,445885.9399
전라남도,순천시,2012,1,475729.2392
전라남도,순천시,2012,2,443875.1625
전라남도,순천시,2012,3,431912.5695
전라남도,순천시,2012,4,430393.1103
전라남도,순천시,2012,5,456706.6175
전라남도,순천시,2012,6,444454.4038
전라남도,순천시,2012,7,430334.3467
전라남도,순천시,2012,8,426963.8336
전라남도,순천시,2012,9,440366.1352
전라남도,순천시,2012,10,439081.7305
전라남도,순천시,2012,11,436685.0145
전라남도,순천시,2012,12,432449.8368
전라남도,순천시,2013,1,501228.2801
전라남도,순천시,2013,2,468169.6899
전라남도,순천시,2013,3,466376.8299
전라남도,순천시,2013,4,460133.4013
전라남도,순천시,2013,5,482230.7657
전라남도,순천시,2013,6,478654.763
전라남도,순천시,2013,7,476565.5223
전라남도,순천시,2013,8,459385.1616
전라남도,순천시,2013,9,455600.2348
전라남도,순천시,2013,10,468869.3426
전라남도,순천시,2013,11,464413.9154
전라남도,순천시,2013,12,469875.0934
전라남도,순천시,2014,1,499988.0646
전라남도,순천시,2014,2,466827.4079
전라남도,순천시,2014,3,466034.8828
전라남도,순천시,2014,4,467564.7573
전라남도,순천시,2014,5,459880.2729
전라남도,순천시,2014,6,455616.6883
전라남도,순천시,2014,7,457798.6404
전라남도,순천시,2014,8,453871.1266
전라남도,순천시,2014,9,457903.9761
전라남도,순천시,2014,10,458606.2135
전라남도,순천시,2014,11,466075.0107
전라남도,순천시,2014,12,482692.9588
전라남도,순천시,2015,1,429294.4546
전라남도,순천시,2015,2,438741.5192
전라남도,순천시,2015,3,443383.1149
전라남도,순천시,2015,4,431021.766
전라남도,순천시,2015,5,441828.5346
전라남도,순천시,2015,6,451696.3545
전라남도,순천시,2015,7,454327.1826
전라남도,순천시,2015,8,452422.7111
전라남도,순천시,2015,9,444680.8129
전라남도,순천시,2015,10,465222.5313
전라남도,순천시,2015,11,470519.6195
전라남도,순천시,2015,12,468256.3987
전라남도,순천시,2016,1,466730.5109
전라남도,순천시,2016,2,488742.7315
전라남도,순천시,2016,3,475197.4541
전라남도,순천시,2016,4,453459.9856
전라남도,순천시,2016,5,480587.174
전라남도,순천시,2016,6,479685.0713
전라남도,순천시,2016,7,479909.4522
전라남도,순천시,2016,8,484204.743
전라남도,순천시,2016,9,485491.4985
전라남도,순천시,2016,10,458089.5581
전라남도,순천시,2016,11,467371.5991
전라남도,순천시,2016,12,468159.2217
전라남도,순천시,2017,1,482470.1858
전라남도,순천시,2017,2,475603.0101
전라남도,순천시,2017,3,492098.489
전라남도,순천시,2017,4,487593.2415
전라남도,순천시,2017,5,502529.9429
전라남도,순천시,2017,6,499588.2254
전라남도,순천시,2017,7,485606.7505
전라남도,순천시,2017,8,476819.617
전라남도,순천시,2017,9,482013.9582
전라남도,순천시,2017,10,481842.8729
전라남도,순천시,2017,11,467723.5793
전라남도,순천시,2017,12,460804.1275
전라남도,순천시,2018,1,491354.3384
전라남도,순천시,2018,2,489729.5025
전라남도,순천시,2018,3,481986.7631
전라남도,순천시,2018,4,499414.1189
전라남도,순천시,2018,5,502812.4037
전라남도,순천시,2018,6,497170.062
전라남도,순천시,2018,7,502673.6982
전라남도,순천시,2018,8,503139.3524
전라남도,순천시,2018,9,478618.2009
전라남도,순천시,2018,10,475725.2004
전라남도,순천시,2018,11,473342.438
전라남도,순천시,2018,12,477790.9216
전라남도,순천시,2019,1,485936.9295
전라남도,순천시,2019,2,467092.6444
전라남도,순천시,2019,3,494490.1573
전라남도,순천시,2019,4,494922.1876
전라남도,순천시,2019,5,482645.7329
전라남도,순천시,2019,6,457214.2003
전라남도,순천시,2019,7,490475.6741
전라남도,순천시,2019,8,492509.6142
전라남도,순천시,2019,9,496533.806
전라남도,순천시,2019,10,493247.4636
전라남도,순천시,2019,11,505407.4158
전라남도,순천시,2019,12,503883.1743
전라남도,순천시,2020,1,516140.2905
전라남도,순천시,2020,2,520615.4954
전라남도,순천시,2020,3,523598.9653
전라남도,순천시,2020,4,477852.427
전라남도,순천시,2020,5,463929.5675
전라남도,순천시,2020,6,465918.5474
전라남도,순천시,2020,7,488294.5716
전라남도,순천시,2020,8,489289.0616
전라남도,순천시,2020,9,509178.8608
전라남도,순천시,2020,10,513654.0656
전라남도,순천시,2020,11,499233.9612
전라남도,순천시,2020,12,501720.1861
전라남도,순천시,2021,1,456776.3216
전라남도,순천시,2021,2,486496.5027
전라남도,순천시,2021,3,480552.4665
전라남도,순천시,2021,4,475065.6638
전라남도,순천시,2021,5,496098.4074
전라남도,순천시,2021,6,483753.1014
전라남도,순천시,2021,7,495183.9403
전라남도,순천시,2021,8,503871.3778
전라남도,순천시,2021,9,496098.4074
전라남도,순천시,2021,10,512101.5818
전라남도,순천시,2021,11,512101.5818
전라남도,순천시,2021,12,510272.6476
전라남도,신안군,2010,1,65594.04414
전라남도,신안군,2010,2,64568.70634
전라남도,신안군,2010,3,63665.27708
전라남도,신안군,2010,4,67006.87689
전라남도,신안군,2010,5,65065.04821
전라남도,신안군,2010,6,67421.9464
전라남도,신안군,2010,7,66661.4694
전라남도,신안군,2010,8,66178.91481
전라남도,신안군,2010,9,67026.46933
전라남도,신안군,2010,10,70062.57218
전라남도,신안군,2010,11,69587.27405
전라남도,신안군,2010,12,70179.40118
전라남도,신안군,2011,1,60887.92098
전라남도,신안군,2011,2,62052.41618
전라남도,신안군,2011,3,64850.13822
전라남도,신안군,2011,4,63937.54642
전라남도,신안군,2011,5,63376.34391
전라남도,신안군,2011,6,62692.05949
전라남도,신안군,2011,7,60934.47528
전라남도,신안군,2011,8,63483.48257
전라남도,신안군,2011,9,64275.54338
전라남도,신안군,2011,10,67031.81296
전라남도,신안군,2011,11,66691.26508
전라남도,신안군,2011,12,67710.99554
전라남도,신안군,2012,1,73817.3156
전라남도,신안군,2012,2,68874.62502
전라남도,신안군,2012,3,67018.42945
전라남도,신안군,2012,4,66782.66005
전라남도,신안군,2012,5,70865.639
전라남도,신안군,2012,6,68964.50396
전라남도,신안군,2012,7,66773.54189
전라남도,신안군,2012,8,66250.55065
전라남도,신안군,2012,9,68330.14098
전라남도,신안군,2012,10,68130.8442
전라남도,신안군,2012,11,67758.95379
전라남도,신안군,2012,12,67101.79542
전라남도,신안군,2013,1,67437.3624
전라남도,신안군,2013,2,62989.52054
전라남도,신안군,2013,3,62748.30161
전라남도,신안군,2013,4,61908.28444
전라남도,신안군,2013,5,64881.35686
전라남도,신안군,2013,6,64400.22641
전라남도,신안군,2013,7,64119.13117
전라남도,신안군,2013,8,61807.61312
전라남도,신안군,2013,9,61298.37315
전라남도,신안군,2013,10,63083.65476
전라남도,신안군,2013,11,62484.20282
전라남도,신안군,2013,12,63218.9727
전라남도,신안군,2014,1,72520.46678
전라남도,신안군,2014,2,67710.69937
전라남도,신안군,2014,3,67595.74804
전라남도,신안군,2014,4,67817.64776
전라남도,신안군,2014,5,66703.05637
전라남도,신안군,2014,6,66084.64731
전라남도,신안군,2014,7,66401.12724
전라남도,신안군,2014,8,65831.46337
전라남도,신안군,2014,9,66416.40558
전라남도,신안군,2014,10,66518.26119
전라남도,신안군,2014,11,67601.56836
전라남도,신안군,2014,12,70011.90862
전라남도,신안군,2015,1,72292.07793
전라남도,신안군,2015,2,73882.93921
전라남도,신안군,2015,3,74664.57194
전라남도,신안군,2015,4,72582.9527
전라남도,신안군,2015,5,74402.78464
전라남도,신안군,2015,6,76064.50004
전라남도,신안군,2015,7,76507.5247
전라남도,신안군,2015,8,76186.81661
전라남도,신안군,2015,9,74883.10094
전라남도,신안군,2015,10,78342.27329
전라남도,신안군,2015,11,79234.28927
전라남도,신안군,2015,12,78853.16873
전라남도,신안군,2016,1,77187.96706
전라남도,신안군,2016,2,80828.35164
전라남도,신안군,2016,3,78588.23148
전라남도,신안군,2016,4,74993.28545
전라남도,신안군,2016,5,79479.58423
전라남도,신안군,2016,6,79330.39435
전라남도,신안군,2016,7,79367.50249
전라남도,신안군,2016,8,80077.85838
전라남도,신안군,2016,9,80290.66222
전라남도,신안군,2016,10,75758.92489
전라남도,신안군,2016,11,77293.99033
전라남도,신안군,2016,12,77424.24748
전라남도,신안군,2017,1,82055.06926
전라남도,신안군,2017,2,80887.14926
전라남도,신안군,2017,3,83692.58202
전라남도,신안군,2017,4,82926.36184
전라남도,신안군,2017,5,85466.68889
전라남도,신안군,2017,6,84966.38267
전라남도,신안군,2017,7,82588.5137
전라남도,신안군,2017,8,81094.06104
전라남도,신안군,2017,9,81977.47735
전라남도,신안군,2017,10,81948.38038
전라남도,신안군,2017,11,79547.07218
전라남도,신안군,2017,12,78370.26143
전라남도,신안군,2018,1,84978.03692
전라남도,신안군,2018,2,84697.02716
전라남도,신안군,2018,3,83357.94711
전라남도,신안군,2018,4,86371.94814
전라남도,신안군,2018,5,86959.66977
전라남도,신안군,2018,6,85983.84625
전라남도,신안군,2018,7,86935.68114
전라남도,신안군,2018,8,87016.21442
전라남도,신안군,2018,9,82775.3659
전라남도,신안군,2018,10,82275.03145
전라남도,신안군,2018,11,81862.94092
전라남도,신안군,2018,12,82632.29081
전라남도,신안군,2019,1,82231.08993
전라남도,신안군,2019,2,79042.22732
전라남도,신안군,2019,3,83678.48197
전라남도,신안군,2019,4,83751.59088
전라남도,신안군,2019,5,81674.14793
전라남도,신안군,2019,6,77370.57987
전라남도,신안군,2019,7,82999.14416
전라남도,신안군,2019,8,83343.33103
전라남도,신안군,2019,9,84024.31174
전라남도,신안군,2019,10,83468.19119
전라남도,신안군,2019,11,85525.91938
전라남도,신안군,2019,12,85267.98459
전라남도,신안군,2020,1,98641.55935
전라남도,신안군,2020,2,99496.83299
전라남도,신안군,2020,3,100067.0154
전라남도,신안군,2020,4,91324.21824
전라남도,신안군,2020,5,88663.36693
전라남도,신안군,2020,6,89043.48855
전라남도,신안군,2020,7,93319.85673
전라남도,신안군,2020,8,93509.91753
전라남도,신안군,2020,9,97311.13369
전라남도,신안군,2020,10,98166.40733
전라남도,신안군,2020,11,95410.52561
전라남도,신안군,2020,12,95885.67763
전라남도,신안군,2021,1,78658.37788
전라남도,신안군,2021,2,83776.29036
전라남도,신안군,2021,3,82752.70786
전라남도,신안군,2021,4,81807.86248
전라남도,신안군,2021,5,85429.76977
전라남도,신안군,2021,6,83303.86767
전라남도,신안군,2021,7,85272.29554
전라남도,신안군,2021,8,86768.30073
전라남도,신안군,2021,9,85429.76977
전라남도,신안군,2021,10,88185.5688
전라남도,신안군,2021,11,88185.5688
전라남도,신안군,2021,12,87870.62034
전라남도,여수시,2010,1,2156959.267
전라남도,여수시,2010,2,2123242.61
전라남도,여수시,2010,3,2093534.728
전라남도,여수시,2010,4,2203418.099
전라남도,여수시,2010,5,2139564.049
전라남도,여수시,2010,6,2217067.022
전라남도,여수시,2010,7,2192059.905
전라남도,여수시,2010,8,2176191.84
전라남도,여수시,2010,9,2204062.367
전라남도,여수시,2010,10,2303899.94
전라남도,여수시,2010,11,2288270.492
전라남도,여수시,2010,12,2307741.682
전라남도,여수시,2011,1,2024572.532
전라남도,여수시,2011,2,2063292.937
전라남도,여수시,2011,3,2156319.454
전라남도,여수시,2011,4,2125975.04
전라남도,여수시,2011,5,2107314.603
전라남도,여수시,2011,6,2084561.594
전라남도,여수시,2011,7,2026120.5
전라남도,여수시,2011,8,2110877.05
전라남도,여수시,2011,9,2137213.712
전라남도,여수시,2011,10,2228861.901
전라남도,여수시,2011,11,2217538.408
전라남도,여수시,2011,12,2251445.27
전라남도,여수시,2012,1,2301483.184
전라남도,여수시,2012,2,2147379.514
전라남도,여수시,2012,3,2089506.875
전라남도,여수시,2012,4,2082156.034
전라남도,여수시,2012,5,2209455.535
전라남도,여수시,2012,6,2150181.768
전라남도,여수시,2012,7,2081871.748
전라남도,여수시,2012,8,2065565.878
전라남도,여수시,2012,9,2130403.54
전라남도,여수시,2012,10,2124189.846
전라남도,여수시,2012,11,2112595.012
전라남도,여수시,2012,12,2092106.067
전라남도,여수시,2013,1,2292381.643
전라남도,여수시,2013,2,2141187.251
전라남도,여수시,2013,3,2132987.555
전라남도,여수시,2013,4,2104433.059
전라남도,여수시,2013,5,2205495.977
전라남도,여수시,2013,6,2189141.028
전라남도,여수시,2013,7,2179585.827
전라남도,여수시,2013,8,2101010.963
전라남도,여수시,2013,9,2083700.494
전라남도,여수시,2013,10,2144387.132
전라남도,여수시,2013,11,2124010.11
전라남도,여수시,2013,12,2148986.962
전라남도,여수시,2014,1,2137547.895
전라남도,여수시,2014,2,1995779.527
전라남도,여수시,2014,3,1992391.325
전라남도,여수시,2014,4,1998931.841
전라남도,여수시,2014,5,1966079.15
전라남도,여수시,2014,6,1947851.482
전라남도,여수시,2014,7,1957179.759
전라남도,여수시,2014,8,1940388.861
전라남도,여수시,2014,9,1957630.09
전라남도,여수시,2014,10,1960632.294
전라남도,여수시,2014,11,1992562.88
전라남도,여수시,2014,12,2063607.896
전라남도,여수시,2015,1,1898881.4
전라남도,여수시,2015,2,1940668.231
전라남도,여수시,2015,3,1961199.22
전라남도,여수시,2015,4,1906521.749
전라남도,여수시,2015,5,1954322.906
전라남도,여수시,2015,6,1997970.849
전라남도,여수시,2015,7,2009607.688
전라남도,여수시,2015,8,2001183.713
전라남도,여수시,2015,9,1966939.277
전라남도,여수시,2015,10,2057800.658
전라남도,여수시,2015,11,2081231.062
전라남도,여수시,2015,12,2071220.246
전라남도,여수시,2016,1,2002742.178
전라남도,여수시,2016,2,2097196.69
전라남도,여수시,2016,3,2039073.86
전라남도,여수시,2016,4,1945798.31
전라남도,여수시,2016,5,2062201.166
전라남도,여수시,2016,6,2058330.24
전라남도,여수시,2016,7,2059293.059
전라남도,여수시,2016,8,2077724.166
전라남도,여수시,2016,9,2083245.639
전라남도,여수시,2016,10,1965663.821
전라남도,여수시,2016,11,2005493.09
전라남도,여수시,2016,12,2008872.781
전라남도,여수시,2017,1,2062360.314
전라남도,여수시,2017,2,2033005.981
전라남도,여수시,2017,3,2103517.325
전라남도,여수시,2017,4,2084259.257
전라남도,여수시,2017,5,2148107.472
전라남도,여수시,2017,6,2135532.847
전라남도,여수시,2017,7,2075767.83
전라남도,여수시,2017,8,2038206.472
전라남도,여수시,2017,9,2060410.13
전라남도,여수시,2017,10,2059678.811
전라남도,여수시,2017,11,1999324.676
전라남도,여수시,2017,12,1969746.884
전라남도,여수시,2018,1,2108172.318
전라남도,여수시,2018,2,2101200.905
전라남도,여수시,2018,3,2067980.421
전라남도,여수시,2018,4,2142753.077
전라남도,여수시,2018,5,2157333.533
전라남도,여수시,2018,6,2133124.876
전라남도,여수시,2018,7,2156738.412
전라남도,여수시,2018,8,2158736.317
전라남도,여수시,2018,9,2053527.492
전라남도,여수시,2018,10,2041114.976
전라남도,여수시,2018,11,2030891.653
전라남도,여수시,2018,12,2049978.022
전라남도,여수시,2019,1,2072434.733
전라남도,여수시,2019,2,1992067.203
전라남도,여수시,2019,3,2108912.731
전라남도,여수시,2019,4,2110755.263
전라남도,여수시,2019,5,2058398.364
전라남도,여수시,2019,6,1949937.392
전라남도,여수시,2019,7,2091791.673
전라남도,여수시,2019,8,2100466.067
전라남도,여수시,2019,9,2117628.53
전라남도,여수시,2019,10,2103612.863
전라남도,여수시,2019,11,2155472.9
전라남도,여수시,2019,12,2148972.281
전라남도,여수시,2020,1,2177207.724
전라남도,여수시,2020,2,2196085.247
전라남도,여수시,2020,3,2208670.263
전라남도,여수시,2020,4,2015700.022
전라남도,여수시,2020,5,1956969.948
전라남도,여수시,2020,6,1965359.959
전라남도,여수시,2020,7,2059747.577
전라남도,여수시,2020,8,2063942.582
전라남도,여수시,2020,9,2147842.687
전라남도,여수시,2020,10,2166720.21
전라남도,여수시,2020,11,2105892.634
전라남도,여수시,2020,12,2116380.148
전라남도,여수시,2021,1,1948407.791
전라남도,여수시,2021,2,2075181.07
전라남도,여수시,2021,3,2049826.414
전라남도,여수시,2021,4,2026422.117
전라남도,여수시,2021,5,2116138.592
전라남도,여수시,2021,6,2063478.922
전라남도,여수시,2021,7,2112237.875
전라남도,여수시,2021,8,2149294.68
전라남도,여수시,2021,9,2116138.592
전라남도,여수시,2021,10,2184401.127
전라남도,여수시,2021,11,2184401.127
전라남도,여수시,2021,12,2176599.694
전라남도,영광군,2010,1,177102.0731
전라남도,영광군,2010,2,174333.6899
전라남도,영광군,2010,3,171894.4563
전라남도,영광군,2010,4,180916.6818
전라남도,영광군,2010,5,175673.799
전라남도,영광군,2010,6,182037.3578
전라남도,영광군,2010,7,179984.0913
전라남도,영광군,2010,8,178681.2075
전라남도,영광군,2010,9,180969.5808
전라남도,영광군,2010,10,189166.9731
전라남도,영광군,2010,11,187883.6815
전라남도,영광군,2010,12,189482.4081
전라남도,영광군,2011,1,154778.4583
전라남도,영광군,2011,2,157738.6311
전라남도,영광군,2011,3,164850.5032
전라남도,영광군,2011,4,162530.6744
전라남도,영광군,2011,5,161104.0851
전라남도,영광군,2011,6,159364.6188
전라남도,영광군,2011,7,154896.8003
전라남도,영광군,2011,8,161376.4339
전라남도,영광군,2011,9,163389.8702
전라남도,영광군,2011,10,170396.3692
전라남도,영광군,2011,11,169530.6889
전라남도,영광군,2011,12,172122.8665
전라남도,영광군,2012,1,161363.4435
전라남도,영광군,2012,2,150558.8028
전라남도,영광군,2012,3,146501.1897
전라남도,영광군,2012,4,145985.8017
전라남도,영광군,2012,5,154911.1268
전라남도,영광군,2012,6,150755.2767
전라남도,영광군,2012,7,145965.8695
전라남도,영광군,2012,8,144822.6192
전라남도,영광군,2012,9,149368.5697
전라남도,영광군,2012,10,148932.9101
전라남도,영광군,2012,11,148119.9638
전라남도,영광군,2012,12,146683.4264
전라남도,영광군,2013,1,164384.3412
전라남도,영광군,2013,2,153542.3461
전라남도,영광군,2013,3,152954.3543
전라남도,영광군,2013,4,150906.7406
전라남도,영광군,2013,5,158153.859
전라남도,영광군,2013,6,156981.0624
전라남도,영광군,2013,7,156295.8687
전라남도,영광군,2013,8,150661.3456
전라남도,영광군,2013,9,149420.0296
전라남도,영광군,2013,10,153771.8063
전라남도,영광군,2013,11,152310.5909
전라남도,영광군,2013,12,154101.6554
전라남도,영광군,2014,1,181876.3062
전라남도,영광군,2014,2,169813.7428
전라남도,영광군,2014,3,169525.4528
전라남도,영광군,2014,4,170081.9619
전라남도,영광군,2014,5,167286.6439
전라남도,영광군,2014,6,165735.7169
전라남도,영광군,2014,7,166529.4266
전라남도,영광군,2014,8,165100.7491
전라남도,영광군,2014,9,166567.7436
전라남도,영광군,2014,10,166823.1904
전라남도,영광군,2014,11,169540.0497
전라남도,영광군,2014,12,175585.0161
전라남도,영광군,2015,1,175985.9667
전라남도,영광군,2015,2,179858.7183
전라남도,영광군,2015,3,181761.5049
전라남도,영광군,2015,4,176694.0648
전라남도,영광군,2015,5,181124.2166
전라남도,영광군,2015,6,185169.4537
전라남도,영광군,2015,7,186247.9414
전라남도,영광군,2015,8,185467.218
전라남도,영광군,2015,9,182293.4862
전라남도,영광군,2015,10,190714.406
전라남도,영광군,2015,11,192885.9067
전라남도,영광군,2015,12,191958.1167
전라남도,영광군,2016,1,197833.6932
전라남도,영광군,2016,2,207164.0429
전라남도,영광군,2016,3,201422.5878
전라남도,영광군,2016,4,192208.6977
전라남도,영광군,2016,5,203707.1357
전라남도,영광군,2016,6,203324.7602
전라남도,영광군,2016,7,203419.8689
전라남도,영광군,2016,8,205240.5196
전라남도,영광군,2016,9,205785.9384
전라남도,영광군,2016,10,194171.0408
전라남도,영광군,2016,11,198105.4321
전라남도,영광군,2016,12,198439.2828
전라남도,영광군,2017,1,201223.6717
전라남도,영광군,2017,2,198359.5811
전라남도,영광군,2017,3,205239.3447
전라남도,영광군,2017,4,203360.3427
전라남도,영광군,2017,5,209589.9875
전라남도,영광군,2017,6,208363.0864
전라남도,영광군,2017,7,202531.8376
전라남도,영광군,2017,8,198866.9909
전라남도,영광군,2017,9,201033.393
전라남도,영광군,2017,10,200962.0385
전라남도,영광군,2017,11,195073.3096
전라남도,영광군,2017,12,192187.4163
전라남도,영광군,2018,1,222109.2123
전라남도,영광군,2018,2,221374.7301
전라남도,영광군,2018,3,217874.7432
전라남도,영광군,2018,4,225752.5128
전라남도,영광군,2018,5,227288.6555
전라남도,영광군,2018,6,224738.1212
전라남도,영광군,2018,7,227225.9558
전라남도,영광군,2018,8,227436.4476
전라남도,영광군,2018,9,216352.0362
전라남도,영광군,2018,10,215044.2996
전라남도,영광군,2018,11,213967.2083
전라남도,영광군,2018,12,215978.0773
전라남도,영광군,2019,1,175046.8193
전라남도,영광군,2019,2,168258.6294
전라남도,영광군,2019,3,178127.9091
전라남도,영광군,2019,4,178283.5374
전라남도,영광군,2019,5,173861.2467
전라남도,영광군,2019,6,164700.163
전라남도,영광군,2019,7,176681.7903
전라남도,영광군,2019,8,177414.4672
전라남도,영광군,2019,9,178864.0832
전라남도,영광군,2019,10,177680.2593
전라남도,영광군,2019,11,182060.5828
전라남도,영광군,2019,12,181511.5123
전라남도,영광군,2020,1,196987.6713
전라남도,영광군,2020,2,198695.6569
전라남도,영광군,2020,3,199834.314
전라남도,영광군,2020,4,182374.9057
전라남도,영광군,2020,5,177061.1728
전라남도,영광군,2020,6,177820.2775
전라남도,영광군,2020,7,186360.2054
전라남도,영광군,2020,8,186739.7578
전라남도,영광군,2020,9,194330.8048
전라남도,영광군,2020,10,196038.7904
전라남도,영광군,2020,11,190535.2813
전라남도,영광군,2020,12,191484.1622
전라남도,영광군,2021,1,176770.12
전라남도,영광군,2021,2,188271.6793
전라남도,영광군,2021,3,185971.3674
전라남도,영광군,2021,4,183848.0026
전라남도,영광군,2021,5,191987.5677
전라남도,영광군,2021,6,187209.9969
전라남도,영광군,2021,7,191633.6736
전라남도,영광군,2021,8,194995.6679
전라남도,영광군,2021,9,191987.5677
전라남도,영광군,2021,10,198180.7151
전라남도,영광군,2021,11,198180.7151
전라남도,영광군,2021,12,197472.9268
전라남도,영암군,2010,1,259395.1043
전라남도,영암군,2010,2,255340.352
전라남도,영암군,2010,3,251767.6934
전라남도,영암군,2010,4,264982.2259
전라남도,영암군,2010,5,257303.1621
전라남도,영암군,2010,6,266623.6402
전라남도,영암군,2010,7,263616.2938
전라남도,영암군,2010,8,261708.0062
전라남도,영암군,2010,9,265059.7053
전라남도,영암군,2010,10,277066.134
전라남도,영암군,2010,11,275186.5425
전라남도,영암군,2010,12,277528.1404
전라남도,영암군,2011,1,269620.7156
전라남도,영암군,2011,2,274777.2725
전라남도,영암군,2011,3,287165.9993
전라남도,영암군,2011,4,283124.9079
전라남도,영암군,2011,5,280639.8202
전라남도,영암군,2011,6,277609.7077
전라남도,영암군,2011,7,269826.8649
전라남도,영암군,2011,8,281114.2461
전라남도,영암군,2011,9,284621.6084
전라남도,영암군,2011,10,296826.7776
전라남도,영암군,2011,11,295318.7812
전라남도,영암군,2011,12,299834.2985
전라남도,영암군,2012,1,293587.9594
전라남도,영암군,2012,2,273929.7744
전라남도,영암군,2012,3,266547.2699
전라남도,영암군,2012,4,265609.5623
전라남도,영암군,2012,5,281848.482
전라남도,영암군,2012,6,274287.2431
전라남도,영암군,2012,7,265573.2973
전라남도,영암군,2012,8,263493.2443
전라남도,영암군,2012,9,271764.2398
전라남도,영암군,2012,10,270971.5919
전라남도,영암군,2012,11,269492.5006
전라남도,영암군,2012,12,266878.835
전라남도,영암군,2013,1,275315.3288
전라남도,영암군,2013,2,257156.863
전라남도,영암군,2013,3,256172.0784
전라남도,영암군,2013,4,252742.6798
전라남도,영암군,2013,5,264880.3492
전라남도,영암군,2013,6,262916.1177
전라남도,영암군,2013,7,261768.5368
전라남도,영암군,2013,8,252331.6857
전라남도,영암군,2013,9,250252.6961
전라남도,영암군,2013,10,257541.1691
전라남도,영암군,2013,11,255093.8862
전라남도,영암군,2013,12,258093.6092
전라남도,영암군,2014,1,285718.372
전라남도,영암군,2014,2,266768.702
전라남도,영암군,2014,3,266315.8132
전라남도,영암군,2014,4,267190.0605
전라남도,영암군,2014,5,262798.759
전라남도,영암군,2014,6,260362.3319
전라남도,영암군,2014,7,261609.2093
전라남도,영암군,2014,8,259364.83
전라남도,영암군,2014,9,261669.4034
전라남도,영암군,2014,10,262070.6973
전라남도,영암군,2014,11,266338.7443
전라남도,영암군,2014,12,275835.0771
전라남도,영암군,2015,1,250397.5258
전라남도,영암군,2015,2,255907.78
전라남도,영암군,2015,3,258615.1154
전라남도,영암군,2015,4,251405.0265
전라남도,영암군,2015,5,257708.3647
전라남도,영암군,2015,6,263464.0358
전라남도,영암군,2015,7,264998.537
전라남도,영암군,2015,8,263887.7028
전라남도,영암군,2015,9,259372.0327
전라남도,영암군,2015,10,271353.5419
전라남도,영암군,2015,11,274443.2109
전라남도,영암군,2015,12,273123.1266
전라남도,영암군,2016,1,273636.0662
전라남도,영암군,2016,2,286541.4523
전라남도,영암군,2016,3,278600.0893
전라남도,영암군,2016,4,265855.7856
전라남도,영암군,2016,5,281759.9893
전라남도,영암군,2016,6,281231.1021
전라남도,영암군,2016,7,281362.6527
전라남도,영암군,2016,8,283880.9078
전라남도,영암군,2016,9,284635.3104
전라남도,영암군,2016,10,268570.0243
전라남도,영암군,2016,11,274011.9252
전라남도,영암군,2016,12,274473.6948
전라남도,영암군,2017,1,226619.2627
전라남도,영암군,2017,2,223393.7073
전라남도,영암군,2017,3,231141.7369
전라남도,영암군,2017,4,229025.594
전라남도,영암군,2017,5,236041.456
전라남도,영암군,2017,6,234659.7129
전라남도,영암군,2017,7,228092.5267
전라남도,영암군,2017,8,223965.1551
전라남도,영암군,2017,9,226404.9697
전라남도,영암군,2017,10,226324.6099
전라남도,영암군,2017,11,219692.6894
전라남도,영암군,2017,12,216442.5796
전라남도,영암군,2018,1,236116.0672
전라남도,영암군,2018,2,235335.2664
전라남도,영암군,2018,3,231614.5601
전라남도,영암군,2018,4,239989.1248
전라남도,영암군,2018,5,241622.1411
전라남도,영암군,2018,6,238910.7627
전라남도,영암군,2018,7,241555.4874
전라남도,영암군,2018,8,241779.2535
전라남도,영암군,2018,9,229995.8267
전라남도,영암군,2018,10,228605.6204
전라남도,영암군,2018,11,227460.6046
전라남도,영암군,2018,12,229598.2849
전라남도,영암군,2019,1,263408.51
전라남도,영암군,2019,2,253193.7172
전라남도,영암군,2019,3,268044.8997
전라남도,영암군,2019,4,268279.0874
전라남도,영암군,2019,5,261624.4735
전라남도,영암군,2019,6,247838.9765
전라남도,영암군,2019,7,265868.7963
전라남도,영암군,2019,8,266971.3203
전라남도,영암군,2019,9,269152.6864
전라남도,영암군,2019,10,267371.2812
전라남도,영암군,2019,11,273962.7434
전라남도,영암군,2019,12,273136.5082
전라남도,영암군,2020,1,267614.3845
전라남도,영암군,2020,2,269934.7404
전라남도,영암군,2020,3,271481.6444
전라남도,영암군,2020,4,247762.4504
전라남도,영암군,2020,5,240543.5653
전라남도,영암군,2020,6,241574.8346
전라남도,영암군,2020,7,253176.6142
전라남도,영암군,2020,8,253692.2489
전라남도,영암군,2020,9,264004.9419
전라남도,영암군,2020,10,266325.2979
전라남도,영암군,2020,11,258848.5954
전라남도,영암군,2020,12,260137.682
전라남도,영암군,2021,1,252628.4837
전라남도,영암군,2021,2,269065.7725
전라남도,영암군,2021,3,265778.3147
전라남도,영암군,2021,4,262743.7384
전라남도,영암군,2021,5,274376.2811
전라남도,영암군,2021,6,267548.4843
전라남도,영암군,2021,7,273870.5184
전라남도,영암군,2021,8,278675.2644
전라남도,영암군,2021,9,274376.2811
전라남도,영암군,2021,10,283227.1289
전라남도,영암군,2021,11,283227.1289
전라남도,영암군,2021,12,282215.6035
전라남도,완도군,2010,1,69688.22967
전라남도,완도군,2010,2,68598.89334
전라남도,완도군,2010,3,67639.0747
전라남도,완도군,2010,4,71189.24725
전라남도,완도군,2010,5,69126.21538
전라남도,완도군,2010,6,71630.22417
전라남도,완도군,2010,7,70822.28045
전라남도,완도군,2010,8,70309.60624
전라남도,완도군,2010,9,71210.0626
전라남도,완도군,2010,10,74435.66997
전라남도,완도군,2010,11,73930.70514
전라남도,완도군,2010,12,74559.79109
전라남도,완도군,2011,1,67906.58268
전라남도,완도군,2011,2,69205.31136
전라남도,완도군,2011,3,72325.53192
전라남도,완도군,2011,4,71307.744
전라남도,완도군,2011,5,70681.85066
전라남도,완도군,2011,6,69918.68752
전라남도,완도군,2011,7,67958.50337
전라남도,완도군,2011,8,70801.33939
전라남도,완도군,2011,9,71684.70249
전라남도,완도군,2011,10,74758.69229
전라남도,완도군,2011,11,74378.88883
전라남도,완도군,2011,12,75516.16548
전라남도,완도군,2012,1,75199.27256
전라남도,완도군,2012,2,70164.04833
전라남도,완도군,2012,3,68273.10234
전라남도,완도군,2012,4,68032.91903
전라남도,완도군,2012,5,72192.3367
전라남도,완도군,2012,6,70255.60992
전라남도,완도군,2012,7,68023.63017
전라남도,완도군,2012,8,67490.84785
전라남도,완도군,2012,9,69609.37084
전라남도,완도군,2012,10,69406.34295
전라남도,완도군,2012,11,69027.49027
전라남도,완도군,2012,12,68358.02904
전라남도,완도군,2013,1,78607.1686
전라남도,완도군,2013,2,73422.62042
전라남도,완도군,2013,3,73141.44783
전라남도,완도군,2013,4,72162.29669
전라남도,완도군,2013,5,75627.80597
전라남도,완도군,2013,6,75066.98476
전라남도,완도군,2013,7,74739.33107
전라남도,완도군,2013,8,72044.95094
전라남도,완도군,2013,9,71451.36437
전라남도,완도군,2013,10,73532.34631
전라남도,완도군,2013,11,72833.60576
전라남도,완도군,2013,12,73690.07727
전라남도,완도군,2014,1,82769.36121
전라남도,완도군,2014,2,77279.85743
전라남도,완도군,2014,3,77148.6607
전라남도,완도군,2014,4,77401.92021
전라남도,완도군,2014,5,76129.81013
전라남도,완도군,2014,6,75424.00492
전라남도,완도군,2014,7,75785.21112
전라남도,완도군,2014,8,75135.03997
전라남도,완도군,2014,9,75802.64866
전라남도,완도군,2014,10,75918.89893
전라남도,완도군,2014,11,77155.30357
전라남도,완도군,2014,12,79906.28315
전라남도,완도군,2015,1,75787.17535
전라남도,완도군,2015,2,77454.94984
전라남도,완도군,2015,3,78274.37209
전라남도,완도군,2015,4,76092.11302
전라남도,완도군,2015,5,77999.92818
전라남도,완도군,2015,6,79741.98235
전라남도,완도군,2015,7,80206.42588
전라남도,완도군,2015,8,79870.21255
전라남도,완도군,2015,9,78503.46628
전라남도,완도군,2015,10,82129.87887
전라남도,완도군,2015,11,83065.02106
전라남도,완도군,2015,12,82665.47452
전라남도,완도군,2016,1,83524.6081
전라남도,완도군,2016,2,87463.84509
전라남도,완도군,2016,3,85039.82532
전라남도,완도군,2016,4,81149.75709
전라남도,완도군,2016,5,86004.35246
전라남도,완도군,2016,6,85842.91504
전라남도,완도군,2016,7,85883.06952
전라남도,완도군,2016,8,86651.7411
전라남도,완도군,2016,9,86882.01479
전라남도,완도군,2016,10,81978.25066
전라남도,완도군,2016,11,83639.3352
전라남도,완도군,2016,12,83780.28564
전라남도,완도군,2017,1,86531.57994
전라남도,완도군,2017,2,85299.9441
전라남도,완도군,2017,3,88258.42713
전라남도,완도군,2017,4,87450.40584
전라남도,완도군,2017,5,90129.32032
전라남도,완도군,2017,6,89601.71992
전라남도,완도군,2017,7,87094.12641
전라남도,완도군,2017,8,85518.14395
전라남도,완도군,2017,9,86449.755
전라남도,완도군,2017,10,86419.07064
전라남도,완도군,2017,11,83886.75918
전라남도,완도군,2017,12,82645.74758
전라남도,완도군,2018,1,89601.84409
전라남도,완도군,2018,2,89305.54408
전라남도,완도군,2018,3,87893.60229
전라남도,완도군,2018,4,91071.60051
전라남도,완도군,2018,5,91691.30113
전라남도,완도군,2018,6,90662.3813
전라남도,완도군,2018,7,91666.00723
전라남도,완도군,2018,8,91750.92247
전라남도,완도군,2018,9,87279.32179
전라남도,완도군,2018,10,86751.76325
전라남도,완도군,2018,11,86317.25013
전라남도,완도군,2018,12,87128.46173
전라남도,완도군,2019,1,91807.86971
전라남도,완도군,2019,2,88247.62646
전라남도,완도군,2019,3,93423.82762
전라남도,완도군,2019,4,93505.45092
전라남도,완도군,2019,5,91186.06525
전라남도,완도군,2019,6,86381.29596
전라남도,완도군,2019,7,92665.37291
전라남도,완도군,2019,8,93049.6444
전라남도,완도군,2019,9,93809.93334
전라남도,완도군,2019,10,93189.04599
전라남도,완도군,2019,11,95486.42089
전라남도,완도군,2019,12,95198.44655
전라남도,완도군,2020,1,103757.6327
전라남도,완도군,2020,2,104657.2653
전라남도,완도군,2020,3,105257.0204
전라남도,완도군,2020,4,96060.77551
전라남도,완도군,2020,5,93261.91837
전라남도,완도군,2020,6,93661.7551
전라남도,완도군,2020,7,98159.91837
전라남도,완도군,2020,8,98359.83673
전라남도,완도군,2020,9,102358.2041
전라남도,완도군,2020,10,103257.8367
전라남도,완도군,2020,11,100359.0204
전라남도,완도군,2020,12,100858.8163
전라남도,완도군,2021,1,86949.95419
전라남도,완도군,2021,2,92607.35861
전라남도,완도군,2021,3,91475.87773
전라남도,완도군,2021,4,90431.43383
전라남도,완도군,2021,5,94435.13543
전라남도,완도군,2021,6,92085.13667
전라남도,완도군,2021,7,94261.06145
전라남도,완도군,2021,8,95914.76428
전라남도,완도군,2021,9,94435.13543
전라남도,완도군,2021,10,97481.43012
전라남도,완도군,2021,11,97481.43012
전라남도,완도군,2021,12,97133.28215
전라남도,장성군,2010,1,123233.5796
전라남도,장성군,2010,2,121307.2455
전라남도,장성군,2010,3,119609.9447
전라남도,장성군,2010,4,125887.9127
전라남도,장성군,2010,5,122239.7385
전라남도,장성군,2010,6,126667.7167
전라남도,장성군,2010,7,125238.9848
전라남도,장성군,2010,8,124332.3944
전라남도,장성군,2010,9,125924.7216
전라남도,장성군,2010,10,131628.7429
전라남도,장성군,2010,11,130735.7854
전라남도,장성군,2010,12,131848.2332
전라남도,장성군,2011,1,123647.3001
전라남도,장성군,2011,2,126012.0825
전라남도,장성군,2011,3,131693.5177
전라남도,장성군,2011,4,129840.2846
전라남도,장성군,2011,5,128700.6304
전라남도,장성군,2011,6,127311.0293
전라남도,장성군,2011,7,123741.8396
전라남도,장성군,2011,8,128918.2007
전라남도,장성군,2011,9,130526.6672
전라남도,장성군,2011,10,136123.9234
전라남도,장성군,2011,11,135432.3605
전라남도,장성군,2011,12,137503.164
전라남도,장성군,2012,1,141578.1805
전라남도,장성군,2012,2,132098.3297
전라남도,장성군,2012,3,128538.2329
전라남도,장성군,2012,4,128086.0381
전라남도,장성군,2012,5,135917.002
전라남도,장성군,2012,6,132270.7134
전라남도,장성군,2012,7,128068.5499
전라남도,장성군,2012,8,127065.477
전라남도,장성군,2012,9,131054.0346
전라남도,장성군,2012,10,130671.7927
전라남도,장성군,2012,11,129958.5241
전라남도,장성군,2012,12,128698.125
전라남도,장성군,2013,1,141494.1451
전라남도,장성군,2013,2,132161.8765
전라남도,장성군,2013,3,131655.7614
전라남도,장성군,2013,4,129893.2739
전라남도,장성군,2013,5,136131.2453
전라남도,장성군,2013,6,135121.7583
전라남도,장성군,2013,7,134531.9765
전라남도,장성군,2013,8,129682.0497
전라남도,장성군,2013,9,128613.5845
전라남도,장성군,2013,10,132359.3848
전라남도,장성군,2013,11,131101.6408
전라남도,장성군,2013,12,132643.3031
전라남도,장성군,2014,1,143702.652
전라남도,장성군,2014,2,134171.8759
전라남도,장성군,2014,3,133944.0945
전라남도,장성군,2014,4,134383.7991
전라남도,장성군,2014,5,132175.1848
전라남도,장성군,2014,6,130949.7787
전라남도,장성군,2014,7,131576.8983
전라남도,장성군,2014,8,130448.083
전라남도,장성군,2014,9,131607.173
전라남도,장성군,2014,10,131809.0046
전라남도,장성군,2014,11,133955.6278
전라남도,장성군,2014,12,138731.8282
전라남도,장성군,2015,1,128090.4556
전라남도,장성군,2015,2,130909.2173
전라남도,장성군,2015,3,132294.1505
전라남도,장성군,2015,4,128605.841
전라남도,장성군,2015,5,131830.3036
전라남도,장성군,2015,6,134774.608
전라남도,장성군,2015,7,135559.5796
전라남도,장성군,2015,8,134991.3341
전라남도,장성군,2015,9,132681.3503
전라남도,장성군,2015,10,138810.4722
전라남도,장성군,2015,11,140390.9875
전라남도,장성군,2015,12,139715.7005
전라남도,장성군,2016,1,136146.9001
전라남도,장성군,2016,2,142567.9408
전라남도,장성군,2016,3,138616.7366
전라남도,장성군,2016,4,132275.8421
전라남도,장성군,2016,5,140188.9365
전라남도,장성군,2016,6,139925.7901
전라남도,장성군,2016,7,139991.2428
전라남도,장성군,2016,8,141244.1939
전라남도,장성군,2016,9,141619.5449
전라남도,장성군,2016,10,133626.3044
전라남도,장성군,2016,11,136333.9078
전라남도,장성군,2016,12,136563.66
전라남도,장성군,2017,1,142396.1685
전라남도,장성군,2017,2,140369.3914
전라남도,장성군,2017,3,145237.8642
전라남도,장성군,2017,4,143908.1862
전라남도,장성군,2017,5,148316.6017
전라남도,장성군,2017,6,147448.3837
전라남도,장성군,2017,7,143321.8936
전라남도,장성군,2017,8,140728.4605
전라남도,장성군,2017,9,142261.5175
전라남도,장성군,2017,10,142211.0234
전라남도,장성군,2017,11,138043.8575
전라남도,장성군,2017,12,136001.6517
전라남도,장성군,2018,1,142750.3634
전라남도,장성군,2018,2,142278.3092
전라남도,장성군,2018,3,140028.8554
전라남도,장성군,2018,4,145091.9253
전라남도,장성군,2018,5,146079.2096
전라남도,장성군,2018,6,144439.9723
전라남도,장성군,2018,7,146038.9122
전라남도,장성군,2018,8,146174.1961
전라남도,장성군,2018,9,139050.2063
전라남도,장성군,2018,10,138209.7194
전라남도,장성군,2018,11,137517.4691
전라남도,장성군,2018,12,138809.8616
전라남도,장성군,2019,1,144780.2874
전라남도,장성군,2019,2,139165.8118
전라남도,장성군,2019,3,147328.6403
전라남도,장성군,2019,4,147457.3596
전라남도,장성군,2019,5,143799.7067
전라남도,장성군,2019,6,136222.6233
전라남도,장성군,2019,7,146132.5632
전라남도,장성군,2019,8,146738.5563
전라남도,장성군,2019,9,147937.526
전라남도,장성군,2019,10,146958.3915
전라남도,장성군,2019,11,150581.3336
전라남도,장성군,2019,12,150127.2004
전라남도,장성군,2020,1,156021.4731
전라남도,장성군,2020,2,157374.2604
전라남도,장성군,2020,3,158276.1186
전라남도,장성군,2020,4,144447.6258
전라남도,장성군,2020,5,140238.9541
전라남도,장성군,2020,6,140840.1929
전라남도,장성군,2020,7,147604.1296
전라남도,장성군,2020,8,147904.749
전라남도,장성군,2020,9,153917.1372
전라남도,장성군,2020,10,155269.9245
전라남도,장성군,2020,11,150910.9431
전라남도,장성군,2020,12,151662.4916
전라남도,장성군,2021,1,144425.6975
전라남도,장성군,2021,2,153822.7649
전라남도,장성군,2021,3,151943.3514
전라남도,장성군,2021,4,150208.5082
전라남도,장성군,2021,5,156858.7405
전라남도,장성군,2021,6,152955.3433
전라남도,장성군,2021,7,156569.6
전라남도,장성군,2021,8,159316.4351
전라남도,장성군,2021,9,156858.7405
전라남도,장성군,2021,10,161918.6999
전라남도,장성군,2021,11,161918.6999
전라남도,장성군,2021,12,161340.4188
전라남도,장흥군,2010,1,58193.27406
전라남도,장흥군,2010,2,57283.62191
전라남도,장흥군,2010,3,56482.12373
전라남도,장흥군,2010,4,59446.70133
전라남도,장흥군,2010,5,57723.96308
전라남도,장흥군,2010,6,59814.93985
전라남도,장흥군,2010,7,59140.26508
전라남도,장흥군,2010,8,58712.15561
전라남도,장흥군,2010,9,59464.08322
전라남도,장흥군,2010,10,62157.63211
전라남도,장흥군,2010,11,61735.96038
전라남도,장흥군,2010,12,62261.27966
전라남도,장흥군,2011,1,61134.58904
전라남도,장흥군,2011,2,62303.80182
전라남도,장흥군,2011,3,65112.85794
전라남도,장흥군,2011,4,64196.56906
전라남도,장흥군,2011,5,63633.09302
전라남도,장흥군,2011,6,62946.03644
전라남도,장흥군,2011,7,61181.33194
전라남도,장흥군,2011,8,63740.66572
전라남도,장흥군,2011,9,64535.93531
전라남도,장흥군,2011,10,67303.37104
전라남도,장흥군,2011,11,66961.44354
전라남도,장흥군,2011,12,67985.30512
전라남도,장흥군,2012,1,72241.70117
전라남도,장흥군,2012,2,67404.51124
전라남도,장흥군,2012,3,65587.93576
전라남도,장흥군,2012,4,65357.1988
전라남도,장흥군,2012,5,69353.02746
전라남도,장흥군,2012,6,67492.47173
전라남도,장흥군,2012,7,65348.27527
전라남도,장흥군,2012,8,64836.44716
전라남도,장흥군,2012,9,66871.64909
전라남도,장흥군,2012,10,66676.60625
전라남도,장흥군,2012,11,66312.65376
전라남도,장흥군,2012,12,65669.5223
전라남도,장흥군,2013,1,69564.13366
전라남도,장흥군,2013,2,64976.02027
전라남도,장흥군,2013,3,64727.19401
전라남도,장흥군,2013,4,63860.68524
전라남도,장흥군,2013,5,66927.51941
전라남도,장흥군,2013,6,66431.21555
전라남도,장흥군,2013,7,66141.25542
전라남도,장흥군,2013,8,63756.83905
전라남도,장흥군,2013,9,63231.53918
전라남도,장흥군,2013,10,65073.1232
전라남도,장흥군,2013,11,64454.76635
전라남도,장흥군,2013,12,65212.70866
전라남도,장흥군,2014,1,69013.13212
전라남도,장흥군,2014,2,64435.9813
전라남도,장흥군,2014,3,64326.58941
전라남도,장흥군,2014,4,64537.75731
전라남도,장흥군,2014,5,63477.07132
전라남도,장흥군,2014,6,62888.57061
전라남도,장흥군,2014,7,63189.7445
전라남도,장흥군,2014,8,62647.6315
전라남도,장흥군,2014,9,63204.28393
전라남도,장흥군,2014,10,63301.21346
전라남도,장흥군,2014,11,64332.12824
전라남도,장흥군,2014,12,66625.8963
전라남도,장흥군,2015,1,64306.95797
전라남도,장흥군,2015,2,65722.0985
전라남도,장흥군,2015,3,66417.39493
전라남도,장흥군,2015,4,64565.70378
전라남도,장흥군,2015,5,66184.5237
전라남도,장흥군,2015,6,67662.69206
전라남도,장흥군,2015,7,68056.78183
전라남도,장흥군,2015,8,67771.49799
전라남도,장흥군,2015,9,66611.78601
전라남도,장흥군,2015,10,69688.87076
전라남도,장흥군,2015,11,70482.35791
전라남도,장흥군,2015,12,70143.33455
전라남도,장흥군,2016,1,71615.47476
전라남도,장흥군,2016,2,74993.04616
전라남도,장흥군,2016,3,72914.64878
전라남도,장흥군,2016,4,69579.23555
전라남도,장흥군,2016,5,73741.65139
전라남도,장흥군,2016,6,73603.23209
전라남도,장흥군,2016,7,73637.66126
전라남도,장흥군,2016,8,74296.73385
전라남도,장흥군,2016,9,74494.17458
전라남도,장흥군,2016,10,70289.60057
전라남도,장흥군,2016,11,71713.84381
전라남도,장흥군,2016,12,71834.6972
전라남도,장흥군,2017,1,74781.24939
전라남도,장흥군,2017,2,73716.86034
전라남도,장흥군,2017,3,76273.60387
전라남도,장흥군,2017,4,75575.30572
전라남도,장흥군,2017,5,77890.44399
전라남도,장흥군,2017,6,77434.48771
전라남도,장흥군,2017,7,75267.40633
전라남도,장흥군,2017,8,73905.4303
전라남도,장흥군,2017,9,74710.53565
전라남도,장흥군,2017,10,74684.018
전라남도,장흥군,2017,11,72495.57518
전라남도,장흥군,2017,12,71423.08352
전라남도,장흥군,2018,1,78703.59903
전라남도,장흥군,2018,2,78443.3379
전라남도,장흥군,2018,3,77203.13016
전라남도,장흥군,2018,4,79994.58942
전라남도,장흥군,2018,5,80538.91605
전라남도,장흥군,2018,6,79635.14342
전라남도,장흥군,2018,7,80516.69863
전라남도,장흥군,2018,8,80591.28566
전라남도,장흥군,2018,9,76663.56441
전라남도,장흥군,2018,10,76200.17266
전라남도,장흥군,2018,11,75818.50924
전라남도,장흥군,2018,12,76531.05342
전라남도,장흥군,2019,1,78266.60439
전라남도,장흥군,2019,2,75231.48169
전라남도,장흥군,2019,3,79644.21547
전라남도,장흥군,2019,4,79713.79968
전라남도,장흥군,2019,5,77736.51341
전라남도,장흥군,2019,6,73640.42689
전라남도,장흥군,2019,7,78997.62956
전라남도,장흥군,2019,8,79325.22266
전라남도,장흥군,2019,9,79973.37226
전라남도,장흥군,2019,10,79444.06312
전라남도,장흥군,2019,11,81402.58511
전라남도,장흥군,2019,12,81157.08575
전라남도,장흥군,2020,1,82596.35335
전라남도,장흥군,2020,2,83312.50671
전라남도,장흥군,2020,3,83789.94227
전라남도,장흥군,2020,4,76469.26356
전라남도,장흥군,2020,5,74241.2309
전라남도,장흥군,2020,6,74559.52128
전라남도,장흥군,2020,7,78140.28805
전라남도,장흥군,2020,8,78299.43324
전라남도,장흥군,2020,9,81482.33703
전라남도,장흥군,2020,10,82198.49038
전라남도,장흥군,2020,11,79890.88513
전라남도,장흥군,2020,12,80288.7481
전라남도,장흥군,2021,1,76472.20531
전라남도,장흥군,2021,2,81447.87432
전라남도,장흥군,2021,3,80452.74052
전라남도,장흥군,2021,4,79534.15547
전라남도,장흥군,2021,5,83055.39816
전라남도,장흥군,2021,6,80988.5818
전라남도,장흥군,2021,7,82902.30065
전라남도,장흥군,2021,8,84356.72698
전라남도,장흥군,2021,9,83055.39816
전라남도,장흥군,2021,10,85734.60455
전라남도,장흥군,2021,11,85734.60455
전라남도,장흥군,2021,12,85428.40953
전라남도,진도군,2010,1,47145.37717
전라남도,진도군,2010,2,46408.42098
전라남도,진도군,2010,3,45759.08591
전라남도,진도군,2010,4,48160.84334
전라남도,진도군,2010,5,46765.1641
전라남도,진도군,2010,6,48459.17239
전라남도,진도군,2010,7,47912.58351
전라남도,진도군,2010,8,47565.74992
전라남도,진도군,2010,9,48174.92531
전라남도,진도군,2010,10,50357.1084
전라남도,진도군,2010,11,50015.49035
전라남도,진도군,2010,12,50441.07864
전라남도,진도군,2011,1,45725.01104
전라남도,진도군,2011,2,46599.51217
전라남도,진도군,2011,3,48700.5179
전라남도,진도군,2011,4,48015.1887
전라남도,진도군,2011,5,47593.74237
전라남도,진도군,2011,6,47079.8652
전라남도,진도군,2011,7,45759.97192
전라남도,진도군,2011,8,47674.20031
전라남도,진도군,2011,9,48269.01433
전라남도,진도군,2011,10,50338.89051
전라남도,진도군,2011,11,50083.14921
전라남도,진도군,2011,12,50848.93635
전라남도,진도군,2012,1,47532.24955
전라남도,진도군,2012,2,44349.56538
전라남도,진도군,2012,3,43154.32886
전라남도,진도군,2012,4,43002.51286
전라남도,진도군,2012,5,45631.6138
전라남도,진도군,2012,6,44407.43999
전라남도,진도군,2012,7,42996.64152
전라남도,진도군,2012,8,42659.87839
전라남도,진도군,2012,9,43998.96267
전라남도,진도군,2012,10,43870.63201
전라남도,진도군,2012,11,43631.16532
전라남도,진도군,2012,12,43208.00966
전라남도,진도군,2013,1,51965.4119
전라남도,진도군,2013,2,48538.02497
전라남도,진도군,2013,3,48352.14817
전라남도,진도군,2013,4,47704.85361
전라남도,진도군,2013,5,49995.823
전라남도,진도군,2013,6,49625.07685
전라남도,진도군,2013,7,49408.47244
전라남도,진도군,2013,8,47627.279
전라남도,진도군,2013,9,47234.87242
전라남도,진도군,2013,10,48610.56226
전라남도,진도군,2013,11,48148.64077
전라남도,진도군,2013,12,48714.83461
전라남도,진도군,2014,1,58074.80367
전라남도,진도군,2014,2,54223.11448
전라남도,진도군,2014,3,54131.0608
전라남도,진도군,2014,4,54308.75936
전라남도,진도군,2014,5,53416.18822
전라남도,진도군,2014,6,52920.96271
전라남도,진도군,2014,7,53174.40165
전라남도,진도군,2014,8,52718.21156
전라남도,진도군,2014,9,53186.63663
전라남도,진도군,2014,10,53268.20318
전라남도,진도군,2014,11,54135.72175
전라남도,진도군,2014,12,56065.93598
전라남도,진도군,2015,1,55228.0176
전라남도,진도군,2015,2,56443.36674
전라남도,진도군,2015,3,57040.50031
전라남도,진도군,2015,4,55450.23334
전라남도,진도군,2015,5,56840.50615
전라남도,진도군,2015,6,58109.98476
전라남도,진도군,2015,7,58448.43642
전라남도,진도군,2015,8,58203.42933
전라남도,진도군,2015,9,57207.44701
전라남도,진도군,2015,10,59850.10491
전라남도,진도군,2015,11,60531.5665
전라남도,진도군,2015,12,60240.40691
전라남도,진도군,2016,1,54822.09177
전라남도,진도군,2016,2,57407.6437
전라남도,진도군,2016,3,55816.61757
전라남도,진도군,2016,4,53263.33797
전라남도,진도군,2016,5,56449.69321
전라남도,진도군,2016,6,56343.73238
전라남도,진도군,2016,7,56370.08812
전라남도,진도군,2016,8,56874.61229
전라남도,진도군,2016,9,57025.7544
전라남도,진도군,2016,10,53807.12682
전라남도,진도군,2016,11,54897.39388
전라남도,진도군,2016,12,54989.90791
전라남도,진도군,2017,1,61837.4602
전라남도,진도군,2017,2,60957.30486
전라남도,진도군,2017,3,63071.50498
전라남도,진도군,2017,4,62494.07435
전라남도,진도군,2017,5,64408.48835
전라남도,진도군,2017,6,64031.45295
전라남도,진도군,2017,7,62239.46887
전라남도,진도군,2017,8,61113.2355
전라남도,진도군,2017,9,61778.98621
전라남도,진도군,2017,10,61757.05847
전라남도,진도군,2017,11,59947.41037
전라남도,진도군,2017,12,59060.55489
전라남도,진도군,2018,1,62838.57164
전라남도,진도군,2018,2,62630.7738
전라남도,진도군,2018,3,61640.56644
전라남도,진도군,2018,4,63869.32491
전라남도,진도군,2018,5,64303.92648
전라남도,진도군,2018,6,63582.33583
전라남도,진도군,2018,7,64286.18764
전라남도,진도군,2018,8,64345.73946
전라남도,진도군,2018,9,61209.76606
전라남도,진도군,2018,10,60839.78455
전라남도,진도군,2018,11,60535.05663
전라남도,진도군,2018,12,61103.96655
전라남도,진도군,2019,1,68284.12857
전라남도,진도군,2019,2,65636.11911
전라남도,진도군,2019,3,69486.03292
전라남도,진도군,2019,4,69546.74205
전라남도,진도군,2019,5,67821.64779
전라남도,진도군,2019,6,64247.99463
전라남도,진도군,2019,7,68921.9155
전라남도,진도군,2019,8,69207.7259
전라남도,진도군,2019,9,69773.20757
전라남도,진도군,2019,10,69311.40891
전라남도,진도군,2019,11,71020.13217
전라남도,진도군,2019,12,70805.9449
전라남도,진도군,2020,1,66878.41349
전라남도,진도군,2020,2,67458.28413
전라남도,진도군,2020,3,67844.86456
전라남도,진도군,2020,4,61917.29804
전라남도,진도군,2020,5,60113.25606
전라남도,진도군,2020,6,60370.97634
전라남도,진도군,2020,7,63270.32953
전라남도,진도군,2020,8,63399.18967
전라남도,진도군,2020,9,65976.3925
전라남도,진도군,2020,10,66556.26314
전라남도,진도군,2020,11,64687.79109
전라남도,진도군,2020,12,65009.94144
전라남도,진도군,2021,1,62232.1646
전라남도,진도군,2021,2,66281.30444
전라남도,진도군,2021,3,65471.47647
전라남도,진도군,2021,4,64723.94297
전라남도,진도군,2021,5,67589.48808
전라남도,진도군,2021,6,65907.53769
전라남도,진도군,2021,7,67464.89916
전라남도,진도군,2021,8,68648.49389
전라남도,진도군,2021,9,67589.48808
전라남도,진도군,2021,10,69769.79415
전라남도,진도군,2021,11,69769.79415
전라남도,진도군,2021,12,69520.61631
전라남도,함평군,2010,1,58212.06147
전라남도,함평군,2010,2,57302.11565
전라남도,함평군,2010,3,56500.35871
전라남도,함평군,2010,4,59465.8934
전라남도,함평군,2010,5,57742.59897
전라남도,함평군,2010,6,59834.25081
전라남도,함평군,2010,7,59159.35822
전라남도,함평군,2010,8,58731.11054
전라남도,함평군,2010,9,59483.2809
전라남도,함평군,2010,10,62177.69939
전라남도,함평군,2010,11,61755.89153
전라남도,함평군,2010,12,62281.38041
전라남도,함평군,2011,1,57672.91088
전라남도,함평군,2011,2,58775.91828
전라남도,함평군,2011,3,61425.91472
전라남도,함평군,2011,4,60561.50968
전라남도,함평군,2011,5,60029.93985
전라남도,함평군,2011,6,59381.78708
전라남도,함평군,2011,7,57717.00701
전라남도,함평군,2011,8,60131.42136
전라남도,함평군,2011,9,60881.6597
전라남도,함평군,2011,10,63492.39246
전라남도,함평군,2011,11,63169.82621
전라남도,함평군,2011,12,64135.71277
전라남도,함평군,2012,1,65849.74546
전라남도,함평군,2012,2,61440.55076
전라남도,함평군,2012,3,59784.70613
전라남도,함평군,2012,4,59574.38481
전라남도,함평군,2012,5,63216.662
전라남도,함평군,2012,6,61520.7285
전라남도,함평군,2012,7,59566.25084
전라남도,함평군,2012,8,59099.70935
전라남도,함평군,2012,9,60954.83634
전라남도,함평군,2012,10,60777.05091
전라남도,함평군,2012,11,60445.30099
전라남도,함평군,2012,12,59859.07389
전라남도,함평군,2013,1,67983.15683
전라남도,함평군,2013,2,63499.31701
전라남도,함평군,2013,3,63256.1458
전라남도,함평군,2013,4,62409.33008
전라남도,함평군,2013,5,65406.46463
전라남도,함평군,2013,6,64921.44022
전라남도,함평군,2013,7,64638.06998
전라남도,함평군,2013,8,62307.844
전라남도,함평군,2013,9,61794.48256
전라남도,함평군,2013,10,63594.21309
전라남도,함평군,2013,11,62989.90958
전라남도,함평군,2013,12,63730.62621
전라남도,함평군,2014,1,71203.81945
전라남도,함평군,2014,2,66481.3759
전라남도,함평군,2014,3,66368.51157
전라남도,함평군,2014,4,66586.38259
전라남도,함평군,2014,5,65492.02719
전라남도,함평군,2014,6,64884.84567
전라남도,함평군,2014,7,65195.57974
전라남도,함평군,2014,8,64636.25842
전라남도,함평군,2014,9,65210.5807
전라남도,함평군,2014,10,65310.58707
전라남도,함평군,2014,11,66374.22622
전라남도,함평군,2014,12,68740.80548
전라남도,함평군,2015,1,66355.81093
전라남도,함평군,2015,2,67816.03857
전라남도,함평군,2015,3,68533.4875
전라남도,함평군,2015,4,66622.80052
전라남도,함평군,2015,5,68293.19688
전라남도,함평군,2015,6,69818.46044
전라남도,함평군,2015,7,70225.10612
전라남도,함평군,2015,8,69930.73299
전라남도,함평군,2015,9,68734.07199
전라남도,함평군,2015,10,71909.19425
전라남도,함평군,2015,11,72727.96231
전라남도,함평군,2015,12,72378.13749
전라남도,함평군,2016,1,67059.54975
전라남도,함평군,2016,2,70222.25191
전라남도,함평군,2016,3,68276.07488
전라남도,함평군,2016,4,65152.84892
전라남도,함평군,2016,5,69050.46648
전라남도,함평군,2016,6,68920.85294
전라남도,함평군,2016,7,68953.09184
전라남도,함평군,2016,8,69570.23655
전라남도,함평군,2016,9,69755.11679
전라남도,함평군,2016,10,65818.02302
전라남도,함평군,2016,11,67151.6609
전라남도,함평군,2016,12,67264.82603
전라남도,함평군,2017,1,71454.65202
전라남도,함평군,2017,2,70437.61166
전라남도,함평군,2017,3,72880.62004
전라남도,함평군,2017,4,72213.38525
전라남도,함평군,2017,5,74425.53603
전라남도,함평군,2017,6,73989.86268
전라남도,함평군,2017,7,71919.18257
전라남도,함평군,2017,8,70617.7932
전라남도,함평군,2017,9,71387.08394
전라남도,함평군,2017,10,71361.74591
전라남도,함평군,2017,11,69270.65461
전라남도,함평군,2017,12,68245.87207
전라남도,함평군,2018,1,75293.58934
전라남도,함평군,2018,2,75044.60461
전라남도,함평군,2018,3,73858.13165
전라남도,함평군,2018,4,76528.64469
전라남도,함평군,2018,5,77049.38714
전라남도,함평군,2018,6,76184.77249
전라남도,함평군,2018,7,77028.13235
전라남도,함평군,2018,8,77099.48773
전라남도,함평군,2018,9,73341.9438
전라남도,함평군,2018,10,72898.62953
전라남도,함평군,2018,11,72533.50253
전라남도,함평군,2018,12,73215.17414
전라남도,함평군,2019,1,76837.80195
전라남도,함평군,2019,2,73858.08717
전라남도,함평군,2019,3,78190.26393
전라남도,함평군,2019,4,78258.57784
전라남도,함평군,2019,5,76317.38808
전라남도,함평군,2019,6,72296.07801
전라남도,함평군,2019,7,77555.48183
전라남도,함평군,2019,8,77877.09453
전라남도,함평군,2019,9,78513.41177
전라남도,함평군,2019,10,77993.76548
전라남도,함평군,2019,11,79916.53351
전라남도,함평군,2019,12,79675.51588
전라남도,함평군,2020,1,86507.98351
전라남도,함평군,2020,2,87258.05273
전라남도,함평군,2020,3,87758.09888
전라남도,함평군,2020,4,80090.72461
전라남도,함평군,2020,5,77757.17593
전라남도,함평군,2020,6,78090.54002
전라남도,함평군,2020,7,81840.88613
전라남도,함평군,2020,8,82007.56818
전라남도,함평군,2020,9,85341.20916
전라남도,함평군,2020,10,86091.27838
전라남도,함평군,2020,11,83674.38867
전라남도,함평군,2020,12,84091.09379
전라남도,함평군,2021,1,76366.83176
전라남도,함평군,2021,2,81335.64464
전라남도,함평군,2021,3,80341.88206
전라남도,함평군,2021,4,79424.56276
전라남도,함평군,2021,5,82940.95341
전라남도,함평군,2021,6,80876.98499
전라남도,함평군,2021,7,82788.06686
전라남도,함평군,2021,8,84240.48909
전라남도,함평군,2021,9,82940.95341
전라남도,함평군,2021,10,85616.46804
전라남도,함평군,2021,11,85616.46804
전라남도,함평군,2021,12,85310.69494
전라남도,해남군,2010,1,137286.0738
전라남도,해남군,2010,2,135140.0772
전라남도,해남군,2010,3,133249.2309
전라남도,해남군,2010,4,140243.0841
전라남도,해남군,2010,5,136178.9036
전라남도,해남군,2010,6,141111.8103
전라남도,해남군,2010,7,139520.1581
전라남도,해남군,2010,8,138510.188
전라남도,해남군,2010,9,140284.0904
전라남도,해남군,2010,10,146638.549
전라남도,해남군,2010,11,145643.7664
전라남도,해남군,2010,12,146883.0681
전라남도,해남군,2011,1,133511.3266
전라남도,해남군,2011,2,136064.7608
전라남도,해남군,2011,3,142199.4353
전라남도,해남군,2011,4,140198.3596
전라남도,해남군,2011,5,138967.7889
전라남도,해남군,2011,6,137467.3317
전라남도,해남군,2011,7,133613.408
전라남도,해남군,2011,8,139202.716
전라남도,해남군,2011,9,140939.4988
전라남도,해남군,2011,10,146983.2789
전라남도,해남군,2011,11,146236.5462
전라남도,해남군,2011,12,148472.5491
전라남도,해남군,2012,1,142572.4628
전라남도,해남군,2012,2,133026.0364
전라남도,해남군,2012,3,129440.9375
전라남도,해남군,2012,4,128985.5671
전라남도,해남군,2012,5,136871.5266
전라남도,해남군,2012,6,133199.6306
전라남도,해남군,2012,7,128967.9561
전라남도,해남군,2012,8,127957.8387
전라남도,해남군,2012,9,131974.4074
전라남도,해남군,2012,10,131589.481
전라남도,해남군,2012,11,130871.2033
전라남도,해남군,2012,12,129601.9525
전라남도,해남군,2013,1,144906.1142
전라남도,해남군,2013,2,135348.8086
전라남도,해남군,2013,3,134830.4891
전라남도,해남군,2013,4,133025.5012
전라남도,해남군,2013,5,139413.8942
전라남도,해남군,2013,6,138380.0645
전라남도,해남군,2013,7,137776.0608
전라남도,해남군,2013,8,132809.1836
전라남도,해남군,2013,9,131714.9536
전라남도,해남군,2013,10,135551.0796
전라남도,해남군,2013,11,134263.0065
전라남도,해남군,2013,12,135841.8442
전라남도,해남군,2014,1,150481.3118
전라남도,해남군,2014,2,140500.9553
전라남도,해남군,2014,3,140262.4292
전라남도,해남군,2014,4,140722.8752
전라남도,해남군,2014,5,138410.0774
전라남도,해남군,2014,6,137126.8672
전라남도,해남군,2014,7,137783.5689
전라남도,해남군,2014,8,136601.5058
전라남도,해남군,2014,9,137815.2717
전라남도,해남군,2014,10,138026.624
전라남도,해남군,2014,11,140274.5064
전라남도,해남군,2014,12,145276.0071
전라남도,해남군,2015,1,134485.686
전라남도,해남군,2015,2,137445.1814
전라남도,해남군,2015,3,138899.2607
전라남도,해남군,2015,4,135026.8033
전라남도,해남군,2015,5,138412.2551
전라남도,해남군,2015,6,141503.5611
전라남도,해남군,2015,7,142327.7244
전라남도,해남군,2015,8,141731.1079
전라남도,해남군,2015,9,139305.7924
전라남도,해남군,2015,10,145740.9258
전라남도,해남군,2015,11,147400.3522
전라남도,해남군,2015,12,146691.3498
전라남도,해남군,2016,1,145423.2817
전라남도,해남군,2016,2,152281.8206
전라남도,해남군,2016,3,148061.4008
전라남도,해남군,2016,4,141288.4688
전라남도,해남군,2016,5,149740.7227
전라남도,해남군,2016,6,149459.6467
전라남도,해남군,2016,7,149529.559
전라남도,해남군,2016,8,150867.8801
전라남도,해남군,2016,9,151268.8057
전라남도,해남군,2016,10,142730.945
전라남도,해남군,2016,11,145623.0312
전라남도,해남군,2016,12,145868.4376
전라남도,해남군,2017,1,155358.1917
전라남도,해남군,2017,2,153146.9214
전라남도,해남군,2017,3,158458.5611
전라남도,해남군,2017,4,157007.8453
전라남도,해남군,2017,5,161817.5496
전라남도,해남군,2017,6,160870.2995
전라남도,해남군,2017,7,156368.1837
전라남도,해남군,2017,8,153538.6759
전라남도,해남군,2017,9,155211.2838
전라남도,해남군,2017,10,155156.1933
전라남도,해남군,2017,11,150609.6991
전라남도,해남군,2017,12,148381.5956
전라남도,해남군,2018,1,165848.7371
전라남도,해남군,2018,2,165300.2999
전라남도,해남군,2018,3,162686.8631
전라남도,해남군,2018,4,168569.1861
전라남도,해남군,2018,5,169716.2224
전라남도,해남군,2018,6,167811.7409
전라남도,해남군,2018,7,169669.4045
전라남도,해남군,2018,8,169826.5786
전라남도,해남군,2018,9,161549.8592
전라남도,해남군,2018,10,160573.3735
전라남도,해남군,2018,11,159769.1104
전라남도,해남군,2018,12,161270.6244
전라남도,해남군,2019,1,169072.912
전라남도,해남군,2019,2,162516.3859
전라남도,해남군,2019,3,172048.852
전라남도,해남군,2019,4,172199.169
전라남도,해남군,2019,5,167927.8
전라남도,해남군,2019,6,159079.361
전라남도,해남군,2019,7,170652.0856
전라남도,해남군,2019,8,171359.758
전라남도,해남군,2019,9,172759.9023
전라남도,해남군,2019,10,171616.4793
전라남도,해남군,2019,11,175847.3134
전라남도,해남군,2019,12,175316.9813
전라남도,해남군,2020,1,185476.4631
전라남도,해남군,2020,2,187084.6406
전라남도,해남군,2020,3,188156.7589
전라남도,해남군,2020,4,171717.6118
전라남도,해남군,2020,5,166714.3932
전라남도,해남군,2020,6,167429.1387
전라남도,해남군,2020,7,175470.0258
전라남도,해남군,2020,8,175827.3986
전라남도,해남군,2020,9,182974.8538
전라남도,해남군,2020,10,184583.0312
전라남도,해남군,2020,11,179401.1262
전라남도,해남군,2020,12,180294.5581
전라남도,해남군,2021,1,162991.0015
전라남도,해남군,2021,2,173596.0217
전라남도,해남군,2021,3,171475.0176
전라남도,해남군,2021,4,169517.1678
전라남도,해남군,2021,5,177022.2589
전라남도,해남군,2021,6,172617.0967
전라남도,해남군,2021,7,176695.9506
전라남도,해남군,2021,8,179795.8796
전라남도,해남군,2021,9,177022.2589
전라남도,해남군,2021,10,182732.6544
전라남도,해남군,2021,11,182732.6544
전라남도,해남군,2021,12,182080.0378
전라남도,화순군,2010,1,119189.2216
전라남도,화순군,2010,2,117326.1071
전라남도,화순군,2010,3,115684.5094
전라남도,화순군,2010,4,121756.443
전라남도,화순군,2010,5,118227.9969
전라남도,화순군,2010,6,122510.655
전라남도,화순군,2010,7,121128.8121
전라남도,화순군,2010,8,120251.9748
전라남도,화순군,2010,9,121792.0439
전라남도,화순군,2010,10,127308.867
전라남도,화순군,2010,11,126445.2152
전라남도,화순군,2010,12,127521.1539
전라남도,화순군,2011,1,112845.6812
전라남도,화순군,2011,2,115003.8803
전라남도,화순군,2011,3,120188.9949
전라남도,화순군,2011,4,118497.6571
전라남도,화순군,2011,5,117457.5611
전라남도,화순군,2011,6,116189.3533
전라남도,화순군,2011,7,112931.9619
전라남도,화순군,2011,8,117656.1249
전라남도,화순군,2011,9,119124.0785
전라남도,화순군,2011,10,124232.3678
전라남도,화순군,2011,11,123601.2187
전라남도,화순군,2011,12,125491.1203
전라남도,화순군,2012,1,136969.9783
전라남도,화순군,2012,2,127798.6854
전라남도,화순군,2012,3,124354.4655
전라남도,화순군,2012,4,123916.9892
전라남도,화순군,2012,5,131493.0644
전라남도,화순군,2012,6,127965.4582
전라남도,화순군,2012,7,123900.0702
전라남도,화순군,2012,8,122929.6461
전라남도,화순군,2012,9,126788.3809
전라남도,화순군,2012,10,126418.5805
전라남도,화순군,2012,11,125728.528
전라남도,화순군,2012,12,124509.1533
전라남도,화순군,2013,1,141257.3445
전라남도,화순군,2013,2,131940.6941
전라남도,화순군,2013,3,131435.426
전라남도,화순군,2013,4,129675.8881
전라남도,화순군,2013,5,135903.4199
전라남도,화순군,2013,6,134895.6223
전라남도,화순군,2013,7,134306.8275
전라남도,화순군,2013,8,129465.0175
전라남도,화순군,2013,9,128398.3404
전라남도,화순군,2013,10,132137.8719
전라남도,화순군,2013,11,130882.2328
전라남도,화순군,2013,12,132421.315
전라남도,화순군,2014,1,148957.7091
전라남도,화순군,2014,2,139078.4024
전라남도,화순군,2014,3,138842.2913
전라남도,화순군,2014,4,139298.0753
전라남도,화순군,2014,5,137008.6943
전라남도,화순군,2014,6,135738.4764
전라남도,화순군,2014,7,136388.5291
전라남도,화순군,2014,8,135218.4342
전라남도,화순군,2014,9,136419.911
전라남도,화순군,2014,10,136629.1233
전라남도,화순군,2014,11,138854.2462
전라남도,화순군,2014,12,143805.1074
전라남도,화순군,2015,1,127106.2003
전라남도,화순군,2015,2,129903.3026
전라남도,화순군,2015,3,131277.5938
전라남도,화순군,2015,4,127617.6255
전라남도,화순군,2015,5,130817.3111
전라남도,화순군,2015,6,133738.9913
전라남도,화순군,2015,7,134517.9311
전라남도,화순군,2015,8,133954.0521
전라남도,화순군,2015,9,131661.8183
전라남도,화순군,2015,10,137743.8437
전라남도,화순군,2015,11,139312.2142
전라남도,화순군,2015,12,138642.1161
전라남도,화순군,2016,1,124239.7362
전라남도,화순군,2016,2,130099.2042
전라남도,화순군,2016,3,126493.5653
전라남도,화순군,2016,4,120707.234
전라남도,화순군,2016,5,127928.2634
전라남도,화순군,2016,6,127688.1313
전라남도,화순군,2016,7,127747.8596
전라남도,화순군,2016,8,128891.2298
전라남도,화순군,2016,9,129233.7533
전라남도,화순군,2016,10,121939.5873
전라남도,화순군,2016,11,124410.3885
전라남도,화순군,2016,12,124620.047
전라남도,화순군,2017,1,128189.731
전라남도,화순군,2017,2,126365.1594
전라남도,화순군,2017,3,130747.9193
전라남도,화순군,2017,4,129550.8993
전라남도,화순군,2017,5,133519.5004
전라남도,화순군,2017,6,132737.9019
전라남도,화순군,2017,7,129023.0993
전라남도,화순군,2017,8,126688.4053
전라남도,화순군,2017,9,128068.5138
전라남도,화순군,2017,10,128023.0573
전라남도,화순군,2017,11,124271.637
전라남도,화순군,2017,12,122433.1759
전라남도,화순군,2018,1,125913.3779
전라남도,화순군,2018,2,125497.001
전라남도,화순군,2018,3,123512.8637
전라남도,화순군,2018,4,127978.7594
전라남도,화순군,2018,5,128849.5964
전라남도,화순군,2018,6,127403.7024
전라남도,화순군,2018,7,128814.052
전라남도,화순군,2018,8,128933.3795
전라남도,화순군,2018,9,122649.6434
전라남도,화순군,2018,10,121908.2895
전라남도,화순군,2018,11,121297.6881
전라남도,화순군,2018,12,122437.6467
전라남도,화순군,2019,1,142040.5962
전라남도,화순군,2019,2,136532.3639
전라남도,화순군,2019,3,144540.7264
전라남도,화순군,2019,4,144667.0099
전라남도,화순군,2019,5,141078.5711
전라남도,화순군,2019,6,133644.8696
전라남도,화순군,2019,7,143367.2828
전라남도,화순군,2019,8,143961.8086
전라남도,화순군,2019,9,145138.09
전라남도,화순군,2019,10,144177.4838
전라남도,화순군,2019,11,147731.8687
전라남도,화순군,2019,12,147286.329
전라남도,화순군,2020,1,146578.5696
전라남도,화순군,2020,2,147849.482
전라남도,화순군,2020,3,148696.757
전라남도,화순군,2020,4,135705.2075
전라남도,화순군,2020,5,131751.2576
전라남도,화순군,2020,6,132316.1076
전라남도,화순군,2020,7,138670.6699
전라남도,화순군,2020,8,138953.0949
전라남도,화순군,2020,9,144601.5947
전라남도,화순군,2020,10,145872.5071
전라남도,화순군,2020,11,141777.3448
전라남도,화순군,2020,12,142483.4072
전라남도,화순군,2021,1,138944.5721
전라남도,화순군,2021,2,147985.0098
전라남도,화순군,2021,3,146176.9222
전라남도,화순군,2021,4,144507.9184
전라남도,화순군,2021,5,150905.7665
전라남도,화순군,2021,6,147150.5078
전라남도,화순군,2021,7,150627.5992
전라남도,화순군,2021,8,153270.1887
전라남도,화순군,2021,9,150905.7665
전라남도,화순군,2021,10,155773.6945
전라남도,화순군,2021,11,155773.6945
전라남도,화순군,2021,12,155217.3599
전북특별자치도,고창군,2010,1,98194.35994
전북특별자치도,고창군,2010,2,107159.5162
전북특별자치도,고창군,2010,3,102458.7965
전북특별자치도,고창군,2010,4,105017.0871
전북특별자치도,고창군,2010,5,107441.7079
전북특별자치도,고창군,2010,6,107428.7123
전북특별자치도,고창군,2010,7,112443.1847
전북특별자치도,고창군,2010,8,102398.4594
전북특별자치도,고창군,2010,9,109992.5725
전북특별자치도,고창군,2010,10,108201.0264
전북특별자치도,고창군,2010,11,108206.596
전북특별자치도,고창군,2010,12,114554.9811
전북특별자치도,고창군,2011,1,113197.9359
전북특별자치도,고창군,2011,2,110690.0436
전북특별자치도,고창군,2011,3,114235.5566
전북특별자치도,고창군,2011,4,111994.4811
전북특별자치도,고창군,2011,5,111642.4312
전북특별자치도,고창군,2011,6,118160.9129
전북특별자치도,고창군,2011,7,116682.3033
전북특별자치도,고창군,2011,8,117627.2793
전북특별자치도,고창군,2011,9,118161.8393
전북특별자치도,고창군,2011,10,120694.7456
전북특별자치도,고창군,2011,11,117366.0213
전북특별자치도,고창군,2011,12,114967.4498
전북특별자치도,고창군,2012,1,109594.9023
전북특별자치도,고창군,2012,2,115675.5492
전북특별자치도,고창군,2012,3,115043.3615
전북특별자치도,고창군,2012,4,114945.3909
전북특별자치도,고창군,2012,5,115477.7595
전북특별자치도,고창군,2012,6,115001.7702
전북특별자치도,고창군,2012,7,112540.49
전북특별자치도,고창군,2012,8,102992.9779
전북특별자치도,고창군,2012,9,111040.4308
전북특별자치도,고창군,2012,10,110089.3766
전북특별자치도,고창군,2012,11,110433.1979
전북특별자치도,고창군,2012,12,109266.7932
전북특별자치도,고창군,2013,1,111540.7574
전북특별자치도,고창군,2013,2,110532.2867
전북특별자치도,고창군,2013,3,109247.5988
전북특별자치도,고창군,2013,4,109689.7316
전북특별자치도,고창군,2013,5,108266.0082
전북특별자치도,고창군,2013,6,108177.0255
전북특별자치도,고창군,2013,7,108045.4053
전북특별자치도,고창군,2013,8,113301.8736
전북특별자치도,고창군,2013,9,111275.6631
전북특별자치도,고창군,2013,10,113393.6371
전북특별자치도,고창군,2013,11,114228.7769
전북특별자치도,고창군,2013,12,114172.2358
전북특별자치도,고창군,2014,1,115351.7967
전북특별자치도,고창군,2014,2,117140.8931
전북특별자치도,고창군,2014,3,113986.0816
전북특별자치도,고창군,2014,4,114578.6242
전북특별자치도,고창군,2014,5,111760.224
전북특별자치도,고창군,2014,6,112178.8267
전북특별자치도,고창군,2014,7,126032.8549
전북특별자치도,고창군,2014,8,108683.7811
전북특별자치도,고창군,2014,9,110815.9787
전북특별자치도,고창군,2014,10,112436.8694
전북특별자치도,고창군,2014,11,112358.5009
전북특별자치도,고창군,2014,12,117061.5688
전북특별자치도,고창군,2015,1,109510.1603
전북특별자치도,고창군,2015,2,110893.6595
전북특별자치도,고창군,2015,3,112804.7966
전북특별자치도,고창군,2015,4,113448.8393
전북특별자치도,고창군,2015,5,110589.2897
전북특별자치도,고창군,2015,6,113631.0795
전북특별자치도,고창군,2015,7,111249.5527
전북특별자치도,고창군,2015,8,112229.4518
전북특별자치도,고창군,2015,9,110925.146
전북특별자치도,고창군,2015,10,106733.6206
전북특별자치도,고창군,2015,11,107575.1698
전북특별자치도,고창군,2015,12,108593.2343
전북특별자치도,고창군,2016,1,115613.9848
전북특별자치도,고창군,2016,2,115352.8635
전북특별자치도,고창군,2016,3,115188.9037
전북특별자치도,고창군,2016,4,109904.7397
전북특별자치도,고창군,2016,5,114790.137
전북특별자치도,고창군,2016,6,112518.989
전북특별자치도,고창군,2016,7,115200.0367
전북특별자치도,고창군,2016,8,107703.4265
전북특별자치도,고창군,2016,9,110397.6315
전북특별자치도,고창군,2016,10,109847.0501
전북특별자치도,고창군,2016,11,121115.7499
전북특별자치도,고창군,2016,12,120926.4875
전북특별자치도,고창군,2017,1,120713.0495
전북특별자치도,고창군,2017,2,120844.2159
전북특별자치도,고창군,2017,3,118749.6525
전북특별자치도,고창군,2017,4,117900.1451
전북특별자치도,고창군,2017,5,118352.0543
전북특별자치도,고창군,2017,6,118196.2943
전북특별자치도,고창군,2017,7,120320.575
전북특별자치도,고창군,2017,8,119455.6966
전북특별자치도,고창군,2017,9,118202.4427
전북특별자치도,고창군,2017,10,114891.5159
전북특별자치도,고창군,2017,11,120637.2189
전북특별자치도,고창군,2017,12,116947.1393
전북특별자치도,고창군,2018,1,143148.542
전북특별자치도,고창군,2018,2,141774.5783
전북특별자치도,고창군,2018,3,137180.7334
전북특별자치도,고창군,2018,4,139152.3407
전북특별자치도,고창군,2018,5,143240.9611
전북특별자치도,고창군,2018,6,140512.7496
전북특별자치도,고창군,2018,7,138985.9863
전북특별자치도,고창군,2018,8,138774.0385
전북특별자치도,고창군,2018,9,137275.617
전북특별자치도,고창군,2018,10,138552.2327
전북특별자치도,고창군,2018,11,136186.304
전북특별자치도,고창군,2018,12,136438.9162
전북특별자치도,고창군,2019,1,140731.1611
전북특별자치도,고창군,2019,2,132918.4076
전북특별자치도,고창군,2019,3,136873.0112
전북특별자치도,고창군,2019,4,138501.1505
전북특별자치도,고창군,2019,5,135534.2332
전북특별자치도,고창군,2019,6,131583.4877
전북특별자치도,고창군,2019,7,137319.2705
전북특별자치도,고창군,2019,8,131331.4219
전북특별자치도,고창군,2019,9,138875.391
전북특별자치도,고창군,2019,10,134376.7882
전북특별자치도,고창군,2019,11,135867.3201
전북특별자치도,고창군,2019,12,136555.3569
전북특별자치도,고창군,2020,1,132586.6825
전북특별자치도,고창군,2020,2,120145.2459
전북특별자치도,고창군,2020,3,123072.6428
전북특별자치도,고창군,2020,4,122584.7433
전북특별자치도,고창군,2020,5,110387.2564
전북특별자치도,고창군,2020,6,112582.804
전북특별자치도,고창군,2020,7,118193.648
전북특별자치도,고창군,2020,8,119047.4721
전북특별자치도,고창군,2020,9,126975.8386
전북특별자치도,고창군,2020,10,126122.0145
전북특별자치도,고창군,2020,11,125756.0899
전북특별자치도,고창군,2020,12,128317.5621
전북특별자치도,고창군,2021,1,119421.5925
전북특별자치도,고창군,2021,2,126295.6159
전북특별자치도,고창군,2021,3,124081.9473
전북특별자치도,고창군,2021,4,125480.0538
전북특별자치도,고창군,2021,5,124547.9828
전북특별자치도,고창군,2021,6,123848.9296
전북특별자치도,고창군,2021,7,123149.8763
전북특별자치도,고창군,2021,8,122800.3497
전북특별자치도,고창군,2021,9,124781.0005
전북특별자치도,고창군,2021,10,128392.7755
전북특별자치도,고창군,2021,11,130256.9175
전북특별자치도,고창군,2021,12,137363.9586
전북특별자치도,군산시,2010,1,677032.0707
전북특별자치도,군산시,2010,2,738845.1761
전북특별자치도,군산시,2010,3,706434.577
전북특별자치도,군산시,2010,4,724073.5208
전북특별자치도,군산시,2010,5,740790.8361
전북특별자치도,군산시,2010,6,740701.2334
전북특별자치도,군산시,2010,7,775275.0992
전북특별자치도,군산시,2010,8,706018.5642
전북특별자치도,군산시,2010,9,758378.5783
전북특별자치도,군산시,2010,10,746026.1975
전북특별자치도,군산시,2010,11,746064.5987
전북특별자치도,군산시,2010,12,789835.548
전북특별자치도,군산시,2011,1,788831.4807
전북특별자치도,군산시,2011,2,771354.9753
전북특별자치도,군산시,2011,3,796062.2476
전북특별자치도,군산시,2011,4,780445.0823
전북특별자치도,군산시,2011,5,777991.7863
전북특별자치도,군산시,2011,6,823416.4972
전북특별자치도,군산시,2011,7,813112.6543
전북특별자치도,군산시,2011,8,819697.8171
전북특별자치도,군산시,2011,9,823422.9533
전북특별자치도,군산시,2011,10,841073.7718
전북특별자치도,군산시,2011,11,817877.2133
전북특별자치도,군산시,2011,12,801162.5208
전북특별자치도,군산시,2012,1,761609.7794
전북특별자치도,군산시,2012,2,803866.1254
전북특별자치도,군산시,2012,3,799472.8528
전북특별자치도,군산시,2012,4,798792.024
전북특별자치도,군산시,2012,5,802491.622
전북특별자치도,군산시,2012,6,799183.8217
전북특별자치도,군산시,2012,7,782079.6038
전북특별자치도,군산시,2012,8,715730.9104
전북특별자치도,군산시,2012,9,771655.2157
전북특별자치도,군산시,2012,10,765046.038
전북특별자치도,군산시,2012,11,767435.3617
전북특별자치도,군산시,2012,12,759329.6452
전북특별자치도,군산시,2013,1,803943.7243
전북특별자치도,군산시,2013,2,796675.0474
전북특별자치도,군산시,2013,3,787415.5013
전북특별자치도,군산시,2013,4,790602.2282
전북특별자치도,군산시,2013,5,780340.5667
전북특별자치도,군산시,2013,6,779699.2129
전북특별자치도,군산시,2013,7,778750.5437
전북특별자치도,군산시,2013,8,816637.1858
전북특별자치도,군산시,2013,9,802033.0244
전북특별자치도,군산시,2013,10,817298.582
전북특별자치도,군산시,2013,11,823317.9551
전북특별자치도,군산시,2013,12,822910.4281
전북특별자치도,군산시,2014,1,797302.0343
전북특별자치도,군산시,2014,2,809668.1196
전북특별자치도,군산시,2014,3,787862.3248
전북특별자치도,군산시,2014,4,791957.93
전북특별자치도,군산시,2014,5,772477.3821
전북특별자치도,군산시,2014,6,775370.729
전북특별자치도,군산시,2014,7,871128.621
전북특별자치도,군산시,2014,8,751213.2641
전북특별자치도,군산시,2014,9,765950.837
전북특별자치도,군산시,2014,10,777154.299
전북특별자치도,군산시,2014,11,776612.6222
전북특별자치도,군산시,2014,12,809119.837
전북특별자치도,군산시,2015,1,787793.939
전북특별자치도,군산시,2015,2,797746.5521
전북특별자치도,군산시,2015,3,811494.8858
전북특별자치도,군산시,2015,4,816127.9988
전북특별자치도,군산시,2015,5,795556.9772
전북특별자치도,군산시,2015,6,817438.9982
전북특별자치도,군산시,2015,7,800306.776
전북특별자치도,군산시,2015,8,807355.9716
전북특별자치도,군산시,2015,9,797973.0598
전북특별자치도,군산시,2015,10,767820.0742
전북특별자치도,군산시,2015,11,773874.0085
전북특별자치도,군산시,2015,12,781197.7589
전북특별자치도,군산시,2016,1,774834.6944
전북특별자치도,군산시,2016,2,773084.6826
전북특별자치도,군산시,2016,3,771985.8379
전북특별자치도,군산시,2016,4,736571.8389
전북특별자치도,군산시,2016,5,769313.3392
전북특별자치도,군산시,2016,6,754092.3061
전북특별자치도,군산시,2016,7,772060.4508
전북특별자치도,군산시,2016,8,721818.8322
전북특별자치도,군산시,2016,9,739875.1558
전북특별자치도,군산시,2016,10,736185.2083
전북특별자치도,군산시,2016,11,811707.0366
전북특별자치도,군산시,2016,12,810438.6172
전북특별자치도,군산시,2017,1,758579.8906
전북특별자치도,군산시,2017,2,759404.161
전북특별자치도,군산시,2017,3,746241.5934
전북특별자치도,군산시,2017,4,740903.1548
전북특별자치도,군산시,2017,5,743743.0238
전북특별자치도,군산시,2017,6,742764.2028
전북특별자치도,군산시,2017,7,756113.5191
전북특별자치도,군산시,2017,8,750678.4863
전북특별자치도,군산시,2017,9,742802.8404
전북특별자치도,군산시,2017,10,721996.4531
전북특별자치도,군산시,2017,11,758103.3593
전북특별자치도,군산시,2017,12,734914.3154
전북특별자치도,군산시,2018,1,759174.3155
전북특별자치도,군산시,2018,2,751887.6327
전북특별자치도,군산시,2018,3,727524.6253
전북특별자치도,군산시,2018,4,737980.8517
전북특별자치도,군산시,2018,5,759664.4511
전북특별자치도,군산시,2018,6,745195.6478
전북특별자치도,군산시,2018,7,737098.6076
전북특별자치도,군산시,2018,8,735974.5632
전북특별자치도,군산시,2018,9,728027.8312
전북특별자치도,군산시,2018,10,734798.2378
전북특별자치도,군산시,2018,11,722250.7661
전북특별자치도,군산시,2018,12,723590.4701
전북특별자치도,군산시,2019,1,771696.146
전북특별자치도,군산시,2019,2,728855.0884
전북특별자치도,군산시,2019,3,750540.0682
전북특별자치도,군산시,2019,4,759467.933
전북특별자치도,군산시,2019,5,743198.9092
전북특별자치도,군산시,2019,6,721535.0855
전북특별자치도,군산시,2019,7,752987.1212
전북특별자치도,군산시,2019,8,720152.8884
전북특별자치도,군산시,2019,9,761520.0726
전북특별자치도,군산시,2019,10,736852.0858
전북특별자치도,군산시,2019,11,745025.3839
전북특별자치도,군산시,2019,12,748798.2178
전북특별자치도,군산시,2020,1,801089.2402
전북특별자치도,군산시,2020,2,725918.0328
전북특별자치도,군산시,2020,3,743605.3757
전북특별자치도,군산시,2020,4,740657.4852
전북특별자치도,군산시,2020,5,666960.223
전북특별자치도,군산시,2020,6,680225.7302
전북특별자치도,군산시,2020,7,714126.4708
전북특별자치도,군산시,2020,8,719285.2792
전북특별자치도,군산시,2020,9,767188.4996
전북특별자치도,군산시,2020,10,762029.6913
전북특별자치도,군산시,2020,11,759818.7734
전북특별자치도,군산시,2020,12,775295.1985
전북특별자치도,군산시,2021,1,756217.2323
전북특별자치도,군산시,2021,2,799745.834
전북특별자치도,군산시,2021,3,785728.1487
전북특별자치도,군산시,2021,4,794581.4236
전북특별자치도,군산시,2021,5,788679.2404
전북특별자치도,군산시,2021,6,784252.6029
전북특별자치도,군산시,2021,7,779825.9654
전북특별자치도,군산시,2021,8,777612.6467
전북특별자치도,군산시,2021,9,790154.7862
전북특별자치도,군산시,2021,10,813025.7464
전북특별자치도,군산시,2021,11,824830.1129
전북특별자치도,군산시,2021,12,869834.2604
전북특별자치도,김제시,2010,1,174882.8424
전북특별자치도,김제시,2010,2,190849.666
전북특별자치도,김제시,2010,3,182477.7469
전북특별자치도,김제시,2010,4,187034.0283
전북특별자치도,김제시,2010,5,191352.2456
전북특별자치도,김제시,2010,6,191329.1005
전북특별자치도,김제시,2010,7,200259.8088
전북특별자치도,김제시,2010,8,182370.2874
전북특별자치도,김제시,2010,9,195895.3012
전북특별자치도,김제시,2010,10,192704.5817
전북특별자치도,김제시,2010,11,192714.501
전북특별자치도,김제시,2010,12,204020.8901
전북특별자치도,김제시,2011,1,188087.9308
전북특별자치도,김제시,2011,2,183920.8561
전북특별자치도,김제시,2011,3,189812.0253
전북특별자치도,김제시,2011,4,186088.2891
전북특별자치도,김제시,2011,5,185503.3285
전북특별자치도,김제시,2011,6,196334.3362
전북특별자치도,김제시,2011,7,193877.5016
전북특별자치도,김제시,2011,8,195447.6591
전북특별자치도,김제시,2011,9,196335.8756
전북특별자치도,김제시,2011,10,200544.5133
전북특별자치도,김제시,2011,11,195013.5567
전북특별자치도,김제시,2011,12,191028.1276
전북특별자치도,김제시,2012,1,183564.6142
전북특별자치도,김제시,2012,2,193749.3178
전북특별자치도,김제시,2012,3,192690.443
전북특별자치도,김제시,2012,4,192526.3484
전북특별자치도,김제시,2012,5,193418.0324
전북특별자치도,김제시,2012,6,192620.7802
전북특별자치도,김제시,2012,7,188498.2896
전북특별자치도,김제시,2012,8,172506.8034
전북특별자치도,김제시,2012,9,185985.7841
전북특별자치도,김제시,2012,10,184392.8277
전북특별자치도,김제시,2012,11,184968.707
전북특별자치도,김제시,2012,12,183015.052
전북특별자치도,김제시,2013,1,204779.8566
전북특별자치도,김제시,2013,2,202928.3855
전북특별자치도,김제시,2013,3,200569.8018
전북특별자치도,김제시,2013,4,201381.5222
전북특별자치도,김제시,2013,5,198767.6805
전북특별자치도,김제시,2013,6,198604.3154
전북특별자치도,김제시,2013,7,198362.6712
전북특별자치도,김제시,2013,8,208013.1243
전북특별자치도,김제시,2013,9,204293.1648
전북특별자치도,김제시,2013,10,208181.5945
전북특별자치도,김제시,2013,11,209714.8441
전북특별자치도,김제시,2013,12,209611.0392
전북특별자치도,김제시,2014,1,204460.4558
전북특별자치도,김제시,2014,2,207631.6197
전북특별자치도,김제시,2014,3,202039.7329
전북특별자치도,김제시,2014,4,203090.0115
전북특별자치도,김제시,2014,5,198094.4119
전북특별자치도,김제시,2014,6,198836.383
전북특별자치도,김제시,2014,7,223392.5755
전북특별자치도,김제시,2014,8,192641.4329
전북특별자치도,김제시,2014,9,196420.7421
전북특별자치도,김제시,2014,10,199293.7624
전북특별자치도,김제시,2014,11,199154.8546
전북특별자치도,김제시,2014,12,207491.0179
전북특별자치도,김제시,2015,1,209920.7758
전북특별자치도,김제시,2015,2,212572.8148
전북특별자치도,김제시,2015,3,216236.2866
전북특별자치도,김제시,2015,4,217470.8565
전북특별자치도,김제시,2015,5,211989.3662
전북특별자치도,김제시,2015,6,217820.1941
전북특별자치도,김제시,2015,7,213255.029
전북특별자치도,김제시,2015,8,215133.4042
전북특별자치도,김제시,2015,9,212633.1716
전북특별자치도,김제시,2015,10,204598.4079
전북특별자치도,김제시,2015,11,206211.5792
전북특별자치도,김제시,2015,12,208163.1141
전북특별자치도,김제시,2016,1,216888.6626
전북특별자치도,김제시,2016,2,216398.8062
전북특별자치도,김제시,2016,3,216091.2219
전북특별자치도,김제시,2016,4,206178.2754
전북특별자치도,김제시,2016,5,215343.1467
전북특별자치도,김제시,2016,6,211082.5353
전북특별자치도,김제시,2016,7,216112.1073
전북특별자치도,김제시,2016,8,202048.6721
전북특별자치도,김제시,2016,9,207102.9268
전북특별자치도,김제시,2016,10,206070.0513
전북특별자치도,김제시,2016,11,227209.8227
전북특별자치도,김제시,2016,12,226854.7718
전북특별자치도,김제시,2017,1,224840.5371
전북특별자치도,김제시,2017,2,225084.8481
전북특별자치도,김제시,2017,3,221183.5072
전북특별자치도,김제시,2017,4,219601.2119
전북특별자치도,김제시,2017,5,220442.9395
전북특별자치도,김제시,2017,6,220152.8202
전북특별자치도,김제시,2017,7,224109.5128
전북특별자치도,김제시,2017,8,222498.5873
전북특별자치도,김제시,2017,9,220164.2723
전북특별자치도,김제시,2017,10,213997.3288
전북특별자치도,김제시,2017,11,224699.2948
전북특별자치도,김제시,2017,12,217826.1399
전북특별자치도,김제시,2018,1,227538.3799
전북특별자치도,김제시,2018,2,225354.4283
전북특별자치도,김제시,2018,3,218052.3909
전북특별자치도,김제시,2018,4,221186.3125
전북특별자치도,김제시,2018,5,227685.2825
전북특별자치도,김제시,2018,6,223348.7185
전북특별자치도,김제시,2018,7,220921.8879
전북특별자치도,김제시,2018,8,220584.9913
전북특별자치도,김제시,2018,9,218203.2109
전북특별자치도,김제시,2018,10,220232.4251
전북특별자치도,김제시,2018,11,216471.7192
전북특별자치도,김제시,2018,12,216873.2529
전북특별자치도,김제시,2019,1,239039.887
전북특별자치도,김제시,2019,2,225769.4805
전북특별자치도,김제시,2019,3,232486.5999
전북특별자치도,김제시,2019,4,235252.0871
전북특별자치도,김제시,2019,5,230212.6092
전북특별자치도,김제시,2019,6,223502.0432
전북특별자치도,김제시,2019,7,233244.5968
전북특별자치도,김제시,2019,8,223073.8951
전북특별자치도,김제시,2019,9,235887.7559
전북특별자치도,김제시,2019,10,228246.6231
전북특별자치도,김제시,2019,11,230778.3764
전북특별자치도,김제시,2019,12,231947.0459
전북특별자치도,김제시,2020,1,256491.2047
전북특별자치도,김제시,2020,2,232423.0328
전북특별자치도,김제시,2020,3,238086.1321
전북특별자치도,김제시,2020,4,237142.2822
전북특별자치도,김제시,2020,5,213546.0352
전북특별자치도,김제시,2020,6,217793.3597
전북특별자치도,김제시,2020,7,228647.6333
전북특별자치도,김제시,2020,8,230299.3706
전북특별자치도,김제시,2020,9,245636.9311
전북특별자치도,김제시,2020,10,243985.1938
전북특별자치도,김제시,2020,11,243277.3064
전북특별자치도,김제시,2020,12,248232.5183
전북특별자치도,김제시,2021,1,232798.0253
전북특별자치도,김제시,2021,2,246198.1068
전북특별자치도,김제시,2021,3,241882.8263
전북특별자치도,김제시,2021,4,244608.2666
전북특별자치도,김제시,2021,5,242791.3064
전북특별자치도,김제시,2021,6,241428.5862
전북특별자치도,김제시,2021,7,240065.8661
전북특별자치도,김제시,2021,8,239384.506
전북특별자치도,김제시,2021,9,243245.5464
전북특별자치도,김제시,2021,10,250286.2672
전북특별자치도,김제시,2021,11,253920.1876
전북특별자치도,김제시,2021,12,267774.5091
전북특별자치도,남원시,2010,1,126026.157
전북특별자치도,남원시,2010,2,137532.3595
전북특별자치도,남원시,2010,3,131499.2875
전북특별자치도,남원시,2010,4,134782.6893
전북특별자치도,남원시,2010,5,137894.5345
전북특별자치도,남원시,2010,6,137877.8554
전북특별자치도,남원시,2010,7,144313.6087
전북특별자치도,남원시,2010,8,131421.8488
전북특별자치도,남원시,2010,9,141168.4053
전북특별자치도,남원시,2010,10,138869.071
전북특별자치도,남원시,2010,11,138876.2192
전북특별자치도,남원시,2010,12,147023.964
전북특별자치도,남원시,2011,1,130318.1492
전북특별자치도,남원시,2011,2,127430.9599
전북특별자치도,남원시,2011,3,131512.7012
전북특별자치도,남원시,2011,4,128932.6823
전북특별자치도,남원시,2011,5,128527.3879
전북특별자치도,남원시,2011,6,136031.7338
전북특별자치도,남원시,2011,7,134329.4973
전북특별자치도,남원시,2011,8,135417.3928
전북특별자치도,남원시,2011,9,136032.8003
전북특별자치도,남원시,2011,10,138948.7869
전북특별자치도,남원시,2011,11,135116.6217
전북특별자치도,남원시,2011,12,132355.2869
전북특별자치도,남원시,2012,1,133249.4336
전북특별자치도,남원시,2012,2,140642.5033
전북특별자치도,남원시,2012,3,139873.8667
전북특별자치도,남원시,2012,4,139754.7506
전북특별자치도,남원시,2012,5,140402.0234
전북특별자치도,남원시,2012,6,139823.2985
전북특별자치도,남원시,2012,7,136830.7853
전북특별자치도,남원시,2012,8,125222.5759
전북특별자치도,남원시,2012,9,135006.9592
전북특별자치도,남원시,2012,10,133850.6332
전북특별자치도,남원시,2012,11,134268.6636
전북특별자치도,남원시,2012,12,132850.5067
전북특별자치도,남원시,2013,1,141370.164
전북특별자치도,남원시,2013,2,140091.9974
전북특별자치도,남원시,2013,3,138463.7447
전북특별자치도,남원시,2013,4,139024.1174
전북특별자치도,남원시,2013,5,137219.6468
전북특별자치도,남원시,2013,6,137106.8674
전북특별자치도,남원시,2013,7,136940.0479
전북특별자치도,남원시,2013,8,143602.2565
전북특별자치도,남원시,2013,9,141034.1754
전북특별자치도,남원시,2013,10,143718.5603
전북특별자치도,남원시,2013,11,144777.042
전북특별자치도,남원시,2013,12,144705.3801
전북특별자치도,남원시,2014,1,140796.9446
전북특별자치도,남원시,2014,2,142980.693
전북특별자치도,남원시,2014,3,139129.97
전북특별자치도,남원시,2014,4,139853.22
전북특별자치도,남원시,2014,5,136413.1164
전북특별자치도,남원시,2014,6,136924.0575
전북특별자치도,남원시,2014,7,153834.1092
전북특별자치도,남원시,2014,8,132658.049
전북특별자치도,남원시,2014,9,135260.5825
전북특별자치도,남원시,2014,10,137239.0212
전북특별자치도,남원시,2014,11,137143.3656
전북특별자치도,남원시,2014,12,142883.8708
전북특별자치도,남원시,2015,1,131296.2827
전북특별자치도,남원시,2015,2,132955.0173
전북특별자치도,남원시,2015,3,135246.3591
전북특별자치도,남원시,2015,4,136018.5286
전북특별자치도,남원시,2015,5,132590.0957
전북특별자치도,남원시,2015,6,136237.024
전북특별자치도,남원시,2015,7,133381.7125
전북특별자치도,남원시,2015,8,134556.5542
전북특별자치도,남원시,2015,9,132992.7678
전북특별자치도,남원시,2015,10,127967.3739
전북특별자치도,남원시,2015,11,128976.3421
전북특별자치도,남원시,2015,12,130196.942
전북특별자치도,남원시,2016,1,132235.227
전북특별자치도,남원시,2016,2,131936.5656
전북특별자치도,남원시,2016,3,131749.034
전북특별자치도,남원시,2016,4,125705.1924
전북특별자치도,남원시,2016,5,131292.9387
전북특별자치도,남원시,2016,6,128695.2791
전북특별자치도,남원시,2016,7,131761.7676
전북특별자치도,남원시,2016,8,123187.4073
전북특별자치도,남원시,2016,9,126268.9447
전북특별자치도,남원시,2016,10,125639.209
전북특별자치도,남원시,2016,11,138527.9531
전북특별자치도,남원시,2016,12,138311.4815
전북특별자치도,남원시,2017,1,128753.8949
전북특별자치도,남원시,2017,2,128893.7985
전북특별자치도,남원시,2017,3,126659.7136
전북특별자치도,남원시,2017,4,125753.6195
전북특별자치도,남원시,2017,5,126235.631
전북특별자치도,남원시,2017,6,126069.4955
전북특별자치도,남원시,2017,7,128335.2773
전북특별자치도,남원시,2017,8,127412.7882
전북특별자치도,남원시,2017,9,126076.0535
전북특별자치도,남원시,2017,10,122544.5818
전북특별자치도,남원시,2017,11,128673.0132
전북특별자치도,남원시,2017,12,124737.1328
전북특별자치도,남원시,2018,1,132683.9041
전북특별자치도,남원시,2018,2,131410.3816
전북특별자치도,남원시,2018,3,127152.3623
전북특별자치도,남원시,2018,4,128979.8384
전북특별자치도,남원시,2018,5,132769.567
전북특별자치도,남원시,2018,6,130240.7969
전북특별자치도,남원시,2018,7,128825.6451
전북특별자치도,남원시,2018,8,128629.1914
전북특별자치도,남원시,2018,9,127240.3096
전북특별자치도,남원시,2018,10,128423.6003
전북특별자치도,남원시,2018,11,126230.629
전북특별자치도,남원시,2018,12,126464.7744
전북특별자치도,남원시,2019,1,143219.9219
전북특별자치도,남원시,2019,2,135269.0037
전북특별자치도,남원시,2019,3,139293.5425
전북특별자치도,남원시,2019,4,140950.4746
전북특별자치도,남원시,2019,5,137931.0889
전북특별자치도,남원시,2019,6,133910.4764
전북특별자치도,남원시,2019,7,139747.6937
전북특별자치도,남원시,2019,8,133653.953
전북특별자치도,남원시,2019,9,141331.3334
전북특별자치도,남원시,2019,10,136753.1751
전북특별자치도,남원시,2019,11,138270.0663
전북특별자치도,남원시,2019,12,138970.2706
전북특별자치도,남원시,2020,1,144578.2364
전북특별자치도,남원시,2020,2,131011.5574
전북특별자치도,남원시,2020,3,134203.7172
전북특별자치도,남원시,2020,4,133671.6905
전북특별자치도,남원시,2020,5,120371.0248
전북특별자치도,남원시,2020,6,122765.1446
전북특별자치도,남원시,2020,7,128883.4509
전북특별자치도,남원시,2020,8,129814.4975
전북특별자치도,남원시,2020,9,138459.9302
전북특별자치도,남원시,2020,10,137528.8836
전북특별자치도,남원시,2020,11,137129.8636
전북특별자치도,남원시,2020,12,139923.0034
전북특별자치도,남원시,2021,1,130474.1033
전북특별자치도,남원시,2021,2,137984.32
전북특별자치도,남원시,2021,3,135565.7756
전북특별자치도,남원시,2021,4,137093.2773
전북특별자치도,남원시,2021,5,136074.9428
전북특별자치도,남원시,2021,6,135311.192
전북특별자치도,남원시,2021,7,134547.4411
전북특별자치도,남원시,2021,8,134165.5657
전북특별자치도,남원시,2021,9,136329.5265
전북특별자치도,남원시,2021,10,140275.5725
전북특별자치도,남원시,2021,11,142312.2414
전북특별자치도,남원시,2021,12,150077.0417
전북특별자치도,무주군,2010,1,42178.68833
전북특별자치도,무주군,2010,2,46029.6074
전북특별자치도,무주군,2010,3,44010.44669
전북특별자치도,무주군,2010,4,45109.34221
전북특별자치도,무주군,2010,5,46150.82084
전북특별자치도,무주군,2010,6,46145.23864
전북특별자치도,무주군,2010,7,48299.16956
전북특별자치도,무주군,2010,8,43984.52934
전북특별자치도,무주군,2010,9,47246.52653
전북특별자치도,무주군,2010,10,46476.98069
전북특별자치도,무주군,2010,11,46479.37306
전북특별자치도,무주군,2010,12,49206.27671
전북특별자치도,무주군,2011,1,45215.00205
전북특별자치도,무주군,2011,2,44213.26689
전북특별자치도,무주군,2011,3,45629.46211
전북특별자치도,무주군,2011,4,44734.30239
전북특별자치도,무주군,2011,5,44593.68201
전북특별자치도,무주군,2011,6,47197.37931
전북특별자치도,무주군,2011,7,46606.77373
전북특별자치도,무주군,2011,8,46984.22842
전북특별자치도,무주군,2011,9,47197.74936
전북특별자치도,무주군,2011,10,48209.47597
전북특별자치도,무주군,2011,11,46879.8733
전북특별자치도,무주군,2011,12,45921.80447
전북특별자치도,무주군,2012,1,45843.44421
전북특별자치도,무주군,2012,2,48386.97305
전북특별자치도,무주군,2012,3,48122.52956
전북특별자치도,무주군,2012,4,48081.54855
전북특별자치도,무주군,2012,5,48304.2378
전북특별자치도,무주군,2012,6,48105.13196
전북특별자치도,무주군,2012,7,47075.58076
전북특별자치도,무주군,2012,8,43081.86547
전북특별자치도,무주군,2012,9,46448.10739
전북특별자치도,무주군,2012,10,46050.28232
전북특별자치도,무주군,2012,11,46194.10246
전북특별자치도,무주군,2012,12,45706.19649
전북특별자치도,무주군,2013,1,56621.5456
전북특별자치도,무주군,2013,2,56109.6146
전북특별자치도,무주군,2013,3,55457.46719
전북특별자치도,무주군,2013,4,55681.90753
전북특별자치도,무주군,2013,5,54959.1814
전북특별자치도,무주군,2013,6,54914.01102
전북특별자치도,무주군,2013,7,54847.1965
전북특별자치도,무주군,2013,8,57515.54277
전북특별자치도,무주군,2013,9,56486.9755
전북특별자치도,무주군,2013,10,57562.12472
전북특별자치도,무주군,2013,11,57986.06759
전북특별자치도,무주군,2013,12,57957.36557
전북특별자치도,무주군,2014,1,50172.74386
전북특별자치도,무주군,2014,2,50950.91876
전북특별자치도,무주군,2014,3,49578.72039
전북특별자치도,무주군,2014,4,49836.44925
전북특별자치도,무주군,2014,5,48610.57436
전북특별자치도,무주군,2014,6,48792.64734
전북특별자치도,무주군,2014,7,54818.51455
전북특별자치도,무주군,2014,8,47272.46271
전북특별자치도,무주군,2014,9,48199.87094
전북특별자치도,무주군,2014,10,48904.8841
전북특별자치도,무주군,2014,11,48870.79738
전북특별자치도,무주군,2014,12,50916.41635
전북특별자치도,무주군,2015,1,48683.46757
전북특별자치도,무주군,2015,2,49298.51129
전북특별자치도,무주군,2015,3,50148.11996
전북특별자치도,무주군,2015,4,50434.43341
전북특별자치도,무주군,2015,5,49163.20167
전북특별자치도,무주군,2015,6,50515.44952
전북특별자치도,무주군,2015,7,49456.72598
전북특별자치도,무주군,2015,8,49892.3466
전북특별자치도,무주군,2015,9,49312.50883
전북특별자치도,무주군,2015,10,47449.13844
전북특별자치도,무주군,2015,11,47823.25469
전북특별자치도,무주군,2015,12,48275.84204
전북특별자치도,무주군,2016,1,50983.99665
전북특별자치도,무주군,2016,2,50868.84615
전북특별자치도,무주군,2016,3,50796.54235
전북특별자치도,무주군,2016,4,48466.30699
전북특별자치도,무주군,2016,5,50620.69238
전북특별자치도,무주군,2016,6,49619.15088
전북특별자치도,무주군,2016,7,50801.45187
전북특별자치도,무주군,2016,8,47495.56155
전북특별자치도,무주군,2016,9,48683.6647
전북특별자치도,무주군,2016,10,48440.86676
전북특별자치도,무주군,2016,11,53410.19076
전북특별자치도,무주군,2016,12,53326.72897
전북특별자치도,무주군,2017,1,52000.93992
전북특별자치도,무주군,2017,2,52057.44397
전북특별자치도,무주군,2017,3,51155.14496
전북특별자치도,무주군,2017,4,50789.19296
전북특별자치도,무주군,2017,5,50983.86706
전북특별자치도,무주군,2017,6,50916.76851
전북특별자치도,무주군,2017,7,51831.86922
전북특별자치도,무주군,2017,8,51459.29565
전북특별자치도,무주군,2017,9,50919.41713
전북특별자치도,무주군,2017,10,49493.13137
전북특별자치도,무주군,2017,11,51968.27352
전북특별자치도,무주군,2017,12,50378.65574
전북특별자치도,무주군,2018,1,50868.68299
전북특별자치도,무주군,2018,2,50380.43682
전북특별자치도,무주군,2018,3,48747.98683
전북특별자치도,무주군,2018,4,49448.60914
전북특별자치도,무주군,2018,5,50901.52466
전북특별자치도,무주군,2018,6,49932.03854
전북특별자치도,무주군,2018,7,49389.49414
전북특별자치도,무주군,2018,8,49314.17724
전북특별자치도,무주군,2018,9,48781.70428
전북특별자치도,무주군,2018,10,49235.35723
전북특별자치도,무주군,2018,11,48394.61045
전북특별자치도,무주군,2018,12,48484.37769
전북특별자치도,무주군,2019,1,58171.43825
전북특별자치도,무주군,2019,2,54942.02477
전북특별자치도,무주군,2019,3,56576.66616
전북특별자치도,무주군,2019,4,57249.65998
전북특별자치도,무주군,2019,5,56023.28025
전북특별자치도,무주군,2019,6,54390.23363
전북특별자치도,무주군,2019,7,56761.12813
전북특별자치도,무주군,2019,8,54286.04185
전북특별자치도,무주군,2019,9,57404.35287
전북특별자치도,무주군,2019,10,55544.84862
전북특별자치도,무주군,2019,11,56160.96224
전북특별자치도,무주군,2019,12,56445.36326
전북특별자치도,무주군,2020,1,64056.92719
전북특별자치도,무주군,2020,2,58046.06557
전북특별자치도,무주군,2020,3,59460.38595
전북특별자치도,무주군,2020,4,59224.66589
전북특별자치도,무주군,2020,5,53331.66431
전북특별자치도,무주군,2020,6,54392.40459
전북특별자치도,무주군,2020,7,57103.18532
전북특별자치도,무주군,2020,8,57515.69543
전북특별자치도,무주군,2020,9,61346.14646
전북특별자치도,무주군,2020,10,60933.63635
전북특별자치도,무주군,2020,11,60756.8463
전북특별자치도,무주군,2020,12,61994.37663
전북특별자치도,무주군,2021,1,56093.3701
전북특별자치도,무주군,2021,2,59322.15921
전북특별자치도,무주군,2021,3,58282.37967
전북특별자치도,무주군,2021,4,58939.08254
전북특별자치도,무주군,2021,5,58501.28062
전북특별자치도,무주군,2021,6,58172.92919
전북특별자치도,무주군,2021,7,57844.57775
전북특별자치도,무주군,2021,8,57680.40204
전북특별자치도,무주군,2021,9,58610.7311
전북특별자치도,무주군,2021,10,60307.21351
전북특별자치도,무주군,2021,11,61182.81734
전북특별자치도,무주군,2021,12,64521.05693
전북특별자치도,부안군,2010,1,87191.36355
전북특별자치도,부안군,2010,2,95151.94502
전북특별자치도,부안군,2010,3,90977.95615
전북특별자치도,부안군,2010,4,93249.582
전북특별자치도,부안군,2010,5,95402.51623
전북특별자치도,부안군,2010,6,95390.97677
전북특별자치도,부안군,2010,7,99843.56127
전북특별자치도,부안군,2010,8,90924.38007
전북특별자치도,부안군,2010,9,97667.54811
전북특별자치도,부안군,2010,10,96076.75061
전북특별자치도,부안군,2010,11,96081.6961
전북특별자치도,부안군,2010,12,101718.7241
전북특별자치도,부안군,2011,1,92865.67561
전북특별자치도,부안군,2011,2,90808.24316
전북특별자치도,부안군,2011,3,93716.92213
전북특별자치도,부안군,2011,4,91878.38165
전북특별자치도,부안군,2011,5,91589.56586
전북특별자치도,부안군,2011,6,96937.21814
전북특별자치도,부안군,2011,7,95724.19184
전북특별자치도,부안군,2011,8,96499.43421
전북특별자치도,부안군,2011,9,96937.97818
전북특별자치도,부안군,2011,10,99015.93175
전북특별자치도,부안군,2011,11,96285.1025
전북특별자치도,부안군,2011,12,94317.35495
전북특별자치도,부안군,2012,1,94436.10686
전북특별자치도,부안군,2012,2,99675.69925
전북특별자치도,부안군,2012,3,99130.95366
전북특별자치도,부안군,2012,4,99046.53403
전북특별자치도,부안군,2012,5,99505.26715
전북특별자치도,부안군,2012,6,99095.11514
전북특별자치도,부안군,2012,7,96974.27086
전북특별자치도,부안군,2012,8,88747.33828
전북특별자치도,부안군,2012,9,95681.69471
전북특별자치도,부안군,2012,10,94862.1871
전북특별자치도,부안군,2012,11,95158.45224
전북특별자치도,부안군,2012,12,94153.38071
전북특별자치도,부안군,2013,1,104017.3081
전북특별자치도,부안군,2013,2,103076.859
전북특별자치도,부안군,2013,3,101878.8235
전북특별자치도,부안군,2013,4,102291.1344
전북특별자치도,부안군,2013,5,100963.4415
전북특별자치도,부안군,2013,6,100880.4607
전북특별자치도,부안군,2013,7,100757.7182
전북특별자치도,부안군,2013,8,105659.6366
전북특별자치도,부안군,2013,9,103770.0945
전북특별자치도,부안군,2013,10,105745.2106
전북특별자치도,부안군,2013,11,106524.0201
전북특별자치도,부안군,2013,12,106471.2927
전북특별자치도,부안군,2014,1,107658.2644
전북특별자치도,부안군,2014,2,109328.0348
전북특별자치도,부안군,2014,3,106383.6374
전북특별자치도,부안군,2014,4,106936.6596
전북특별자치도,부안군,2014,5,104306.2361
전북특별자치도,부안군,2014,6,104696.9196
전북특별자치도,부안군,2014,7,117626.9361
전북특별자치도,부안군,2014,8,101434.9804
전북특별자치도,부안군,2014,9,103424.9685
전북특별자치도,부안군,2014,10,104937.7518
전북특별자치도,부안군,2014,11,104864.6102
전북특별자치도,부안군,2014,12,109254.0011
전북특별자치도,부안군,2015,1,107704.3175
전북특별자치도,부안군,2015,2,109065.0025
전북특별자치도,부안군,2015,3,110944.6246
전북특별자치도,부안군,2015,4,111578.0469
전북특별자치도,부안군,2015,5,108765.6518
전북특별자치도,부안군,2015,6,111757.282
전북특별자치도,부안군,2015,7,109415.027
전북특별자치도,부안군,2015,8,110378.7673
전북특별자치도,부안군,2015,9,109095.9698
전북특별자치도,부안군,2015,10,104973.5635
전북특별자치도,부안군,2015,11,105801.2353
전북특별자치도,부안군,2015,12,106802.5118
전북특별자치도,부안군,2016,1,105519.8101
전북특별자치도,부안군,2016,2,105281.4871
전북특별자치도,부안군,2016,3,105131.8424
전북특별자치도,부안군,2016,4,100309.0351
전북특별자치도,부안군,2016,5,104767.8918
전북특별자치도,부안군,2016,6,102695.0361
전북특별자치도,부안군,2016,7,105142.0035
전북특별자치도,부안군,2016,8,98299.91691
전북특별자치도,부안군,2016,9,100758.8928
전북특별자치도,부안군,2016,10,100256.3823
전북특별자치도,부안군,2016,11,110541.2199
전북특별자치도,부안군,2016,12,110368.4819
전북특별자치도,부안군,2017,1,112196.9611
전북특별자치도,부안군,2017,2,112318.874
전북특별자치도,부안군,2017,3,110372.0783
전북특별자치도,부안군,2017,4,109582.5021
전북특별자치도,부안군,2017,5,110002.53
전북특별자치도,부안군,2017,6,109857.7585
전북특별자치도,부안군,2017,7,111832.1751
전북특별자치도,부안군,2017,8,111028.3122
전북특별자치도,부안군,2017,9,109863.4731
전북특별자치도,부안군,2017,10,106786.1263
전북특별자치도,부안군,2017,11,112126.4803
전북특별자치도,부안군,2017,12,108696.7291
전북특별자치도,부안군,2018,1,115939.2156
전북특별자치도,부안군,2018,2,114826.4115
전북특별자치도,부안군,2018,3,111105.7535
전북특별자치도,부안군,2018,4,112702.6024
전북특별자치도,부안군,2018,5,116014.0679
전북특별자치도,부안군,2018,6,113804.4282
전북특별자치도,부안군,2018,7,112567.8683
전북특별자치도,부안군,2018,8,112396.2071
전북특별자치도,부안군,2018,9,111182.6019
전북특별자치도,부안군,2018,10,112216.5616
전북특별자치도,부안군,2018,11,110300.3429
전북특별자치도,부안군,2018,12,110504.9391
전북특별자치도,부안군,2019,1,119588.2606
전북특별자치도,부안군,2019,2,112949.2647
전북특별자치도,부안군,2019,3,116309.7441
전북특별자치도,부안군,2019,4,117693.278
전북특별자치도,부안군,2019,5,115172.0989
전북특별자치도,부안군,2019,6,111814.898
전북특별자치도,부안군,2019,7,116688.9592
전북특별자치도,부안군,2019,8,111600.7016
전북특별자치도,부안군,2019,9,118011.2941
전북특별자치도,부안군,2019,10,114188.5439
전북특별자치도,부안군,2019,11,115455.1441
전북특별자치도,부안군,2019,12,116039.8129
전북특별자치도,부안군,2020,1,125876.8976
전북특별자치도,부안군,2020,2,114065.082
전북특별자치도,부안군,2020,3,116844.3327
전북특별자치도,부안군,2020,4,116381.1242
전북특별자치도,부안군,2020,5,104800.9129
전북특별자치도,부안군,2020,6,106885.3509
전북특별자치도,부안군,2020,7,112212.2481
전북특별자치도,부안군,2020,8,113022.8629
전북특별자치도,부안군,2020,9,120550.0003
전북특별자치도,부안군,2020,10,119739.3855
전북특별자치도,부안군,2020,11,119391.9792
전북특별자치도,부안군,2020,12,121823.8236
전북특별자치도,부안군,2021,1,102602.3893
전북특별자치도,부안군,2021,2,108508.2829
전북특별자치도,부안군,2021,3,106606.385
전북특별자치도,부안군,2021,4,107807.5837
전북특별자치도,부안군,2021,5,107006.7846
전북특별자치도,부안군,2021,6,106406.1852
전북특별자치도,부안군,2021,7,105805.5859
전북특별자치도,부안군,2021,8,105505.2862
전북특별자치도,부안군,2021,9,107206.9843
전북특별자치도,부안군,2021,10,110310.081
전북특별자치도,부안군,2021,11,111911.6793
전북특별자치도,부안군,2021,12,118017.7727
전북특별자치도,소계,2010,1,3188354.22
전북특별자치도,소계,2010,2,3479451.325
전북특별자치도,소계,2010,3,3326819.752
전북특별자치도,소계,2010,4,3409887.014
전북특별자치도,소계,2010,5,3488614.042
전북특별자치도,소계,2010,6,3488192.075
전북특별자치도,소계,2010,7,3651011.143
전북특별자치도,소계,2010,8,3324860.618
전북특별자치도,소계,2010,9,3571440.181
전북특별자치도,소계,2010,10,3513268.984
전북특별자치도,소계,2010,11,3513449.828
전북특별자치도,소계,2010,12,3719580.818
전북특별자치도,소계,2011,1,3536744.647
전북특별자치도,소계,2011,2,3458388.321
전북특별자치도,소계,2011,3,3569163.962
전북특별자치도,소계,2011,4,3499144.031
전북특별자치도,소계,2011,5,3488144.62
전북특별자치도,소계,2011,6,3691807.389
전북특별자치도,소계,2011,7,3645609.865
전북특별자치도,소계,2011,8,3675134.598
전북특별자치도,소계,2011,9,3691836.334
전북특별자치도,소계,2011,10,3770974.198
전북특별자치도,소계,2011,11,3666971.878
전북특별자치도,소계,2011,12,3592031.158
전북특별자치도,소계,2012,1,3570810.298
전북특별자치도,소계,2012,2,3768929.334
전북특별자치도,소계,2012,3,3748331.459
전북특별자치도,소계,2012,4,3745139.391
전북특별자치도,소계,2012,5,3762484.97
전북특별자치도,소계,2012,6,3746976.336
전북특별자치도,소계,2012,7,3666783.146
전북특별자치도,소계,2012,8,3355707.049
전북특별자치도,소계,2012,9,3617908.364
전북특별자치도,소계,2012,10,3586921.209
전북특별자치도,소계,2012,11,3598123.563
전북특별자치도,소계,2012,12,3560119.881
전북특별자치도,소계,2013,1,3822037.113
전북특별자치도,소계,2013,2,3787481.021
전북특별자치도,소계,2013,3,3743460.118
전북특별자치도,소계,2013,4,3758610.169
전북특별자치도,소계,2013,5,3709825.099
전북특별자치도,소계,2013,6,3706776.032
전북특별자치도,소계,2013,7,3702265.954
전북특별자치도,소계,2013,8,3882383.228
전북특별자치도,소계,2013,9,3812953.434
전북특별자치도,소계,2013,10,3885527.578
전북특별자치도,소계,2013,11,3914144.342
전북특별자치도,소계,2013,12,3912206.914
전북특별자치도,소계,2014,1,3914124.583
전북특별자치도,소계,2014,2,3974832.316
전북특별자치도,소계,2014,3,3867783.05
전북특별자치도,소계,2014,4,3887889.244
전북특별자치도,소계,2014,5,3792255.107
전북특별자치도,소계,2014,6,3806459.16
전북특별자치도,소계,2014,7,4276554.937
전북특별자치도,소계,2014,8,3687865.047
전북특별자치도,소계,2014,9,3760214.915
전북특별자치도,소계,2014,10,3815215.083
전북특별자치도,소계,2014,11,3812555.877
전북특별자치도,소계,2014,12,3972140.681
전북특별자치도,소계,2015,1,3876685.598
전북특별자치도,소계,2015,2,3925661.795
전북특별자치도,소계,2015,3,3993316.502
전북특별자치도,소계,2015,4,4016115.766
전북특별자치도,소계,2015,5,3914887.032
전북특별자치도,소계,2015,6,4022567.113
전북특별자치도,소계,2015,7,3938260.5
전북특별자치도,소계,2015,8,3972949.159
전북특별자치도,소계,2015,9,3926776.426
전북특별자치도,소계,2015,10,3778395.435
전북특별자치도,소계,2015,11,3808186.474
전북특별자치도,소계,2015,12,3844226.2
전북특별자치도,소계,2016,1,3942154.218
전북특별자치도,소계,2016,2,3933250.62
전북특별자치도,소계,2016,3,3927659.989
전북특별자치도,소계,2016,4,3747482.918
전북특별자치도,소계,2016,5,3914063.022
전북특별자치도,소계,2016,6,3836622.426
전북특별자치도,소계,2016,7,3928039.6
전북특별자치도,소계,2016,8,3672423.518
전북특별자치도,소계,2016,9,3764289.322
전북특별자치도,소계,2016,10,3745515.844
전북특별자치도,소계,2016,11,4129750.954
전북특별자치도,소계,2016,12,4123297.571
전북특별자치도,소계,2017,1,4027672.829
전북특별자치도,소계,2017,2,4032049.285
전북특별자치도,소계,2017,3,3962162.756
전북특별자치도,소계,2017,4,3933818.366
전북특별자치도,소계,2017,5,3948896.624
전북특별자치도,소계,2017,6,3943699.583
전북특별자치도,소계,2017,7,4014577.653
전북특별자치도,소계,2017,8,3985720.397
전북특별자치도,소계,2017,9,3943904.729
전북특별자치도,소계,2017,10,3833433.41
전북특별자치도,소계,2017,11,4025142.691
전북특별자치도,소계,2017,12,3902020.679
전북특별자치도,소계,2018,1,4141485.322
전북특별자치도,소계,2018,2,4101734.649
전북특별자치도,소계,2018,3,3968828.365
전북특별자치도,소계,2018,4,4025869.689
전북특별자치도,소계,2018,5,4144159.134
전북특별자치도,소계,2018,6,4065228.202
전북특별자치도,소계,2018,7,4021056.827
전북특별자치도,소계,2018,8,4014924.885
전북특별자치도,소계,2018,9,3971573.478
전북특별자치도,소계,2018,10,4008507.736
전북특별자치도,소계,2018,11,3940058.147
전북특별자치도,소계,2018,12,3947366.567
전북특별자치도,소계,2019,1,4273035.045
전북특별자치도,소계,2019,2,4035815.589
전북특별자치도,소계,2019,3,4155889.635
전북특별자치도,소계,2019,4,4205324.998
전북특별자치도,소계,2019,5,4115240.177
전북특별자치도,소계,2019,6,3995283.277
전북특별자치도,소계,2019,7,4169439.454
전북특별자치도,소계,2019,8,3987629.776
전북특별자치도,소계,2019,9,4216688.103
전북특별자치도,소계,2019,10,4080096.554
전북특별자치도,소계,2019,11,4125353.731
전북특별자치도,소계,2019,12,4146244.662
전북특별자치도,소계,2020,1,4442819.832
전북특별자치도,소계,2020,2,4025922.295
전북특별자치도,소계,2020,3,4124015.833
전북특별자치도,소계,2020,4,4107666.91
전북특별자치도,소계,2020,5,3698943.835
전북특별자치도,소계,2020,6,3772513.988
전북특별자치도,소계,2020,7,3960526.603
전북특별자치도,소계,2020,8,3989137.218
전북특별자치도,소계,2020,9,4254807.217
전북특별자치도,소계,2020,10,4226196.602
전북특별자치도,소계,2020,11,4213934.91
전북특별자치도,소계,2020,12,4299766.756
전북특별자치도,소계,2021,1,4003570.856
전북특별자치도,소계,2021,2,4234020.3
전북특별자치도,소계,2021,3,4159807.767
전북특별자치도,소계,2021,4,4206678.841
전북특별자치도,소계,2021,5,4175431.458
전북특별자치도,소계,2021,6,4151995.922
전북특별자치도,소계,2021,7,4128560.385
전북특별자치도,소계,2021,8,4116842.617
전북특별자치도,소계,2021,9,4183243.304
전북특별자치도,소계,2021,10,4304326.91
전북특별자치도,소계,2021,11,4366821.675
전북특별자치도,소계,2021,12,4605082.965
전북특별자치도,순창군,2010,1,46394.43797
전북특별자치도,순창군,2010,2,50630.25546
전북특별자치도,순창군,2010,3,48409.28012
전북특별자치도,순창군,2010,4,49618.00999
전북특별자치도,순창군,2010,5,50763.58415
전북특별자치도,순창군,2010,6,50757.44402
전북특별자치도,순창군,2010,7,53126.65981
전북특별자치도,순창군,2010,8,48380.77234
전북특별자치도,순창군,2010,9,51968.80537
전북특별자치도,순창군,2010,10,51122.3436
전북특별자치도,순창군,2010,11,51124.97508
전북특별자치도,순창군,2010,12,54124.4321
전북특별자치도,순창군,2011,1,49609.26068
전북특별자치도,순창군,2011,2,48510.17103
전북특별자치도,순창군,2011,3,50064.00039
전북특별자치도,순창군,2011,4,49081.84381
전북특별자치도,순창군,2011,5,48927.55713
전북특별자치도,순창군,2011,6,51784.29697
전북특별자치도,순창군,2011,7,51136.29288
전북특별자치도,순창군,2011,8,51550.43083
전북특별자치도,순창군,2011,9,51784.70299
전북특별자치도,순창군,2011,10,52894.75511
전북특별자치도,순창군,2011,11,51435.93387
전북특별자치도,순창군,2011,12,50384.7543
전북특별자치도,순창군,2012,1,51440.36203
전북특별자치도,순창군,2012,2,54294.4243
전북특별자치도,순창군,2012,3,53997.69553
전북특별자치도,순창군,2012,4,53951.71124
전북특별자치도,순창군,2012,5,54201.5881
전북특별자치도,순창군,2012,6,53978.1739
전북특별자치도,순창군,2012,7,52822.92723
전북특별자치도,순창군,2012,8,48341.62867
전북특별자치도,순창군,2012,9,52118.84712
전북특별자치도,순창군,2012,10,51672.45252
전북특별자치도,순창군,2012,11,51833.83132
전북특별자치도,순창군,2012,12,51286.35806
전북특별자치도,순창군,2013,1,56777.39955
전북특별자치도,순창군,2013,2,56264.05942
전북특별자치도,순창군,2013,3,55610.11695
전북특별자치도,순창군,2013,4,55835.17507
전북특별자치도,순창군,2013,5,55110.4596
전북특별자치도,순창군,2013,6,55065.16488
전북특별자치도,순창군,2013,7,54998.16645
전북특별자치도,순창군,2013,8,57673.85749
전북특별자치도,순창군,2013,9,56642.45904
전북특별자치도,순창군,2013,10,57720.56766
전북특별자치도,순창군,2013,11,58145.67746
전북특별자치도,순창군,2013,12,58116.89644
전북특별자치도,순창군,2014,1,59694.57539
전북특별자치도,순창군,2014,2,60620.43308
전북특별자치도,순창군,2014,3,58987.81757
전북특별자치도,순창군,2014,4,59294.45847
전북특별자치도,순창군,2014,5,57835.93587
전북특별자치도,순창군,2014,6,58052.56283
전북특별자치도,순창군,2014,7,65222.02491
전북특별자치도,순창군,2014,8,56243.8761
전북특별자치도,순창군,2014,9,57347.28876
전북특별자치도,순창군,2014,10,58186.09999
전북특별자치도,순창군,2014,11,58145.54426
전북특별자치도,순창군,2014,12,60579.38276
전북특별자치도,순창군,2015,1,58751.56481
전북특별자치도,순창군,2015,2,59493.80408
전북특별자치도,순창군,2015,3,60519.11803
전북특별자치도,순창군,2015,4,60864.64321
전북특별자치도,순창군,2015,5,59330.51144
전북특별자치도,순창군,2015,6,60962.41403
전북특별자치도,순창군,2015,7,59684.73873
전북특별자치도,순창군,2015,8,60210.44888
전북특별자치도,순창군,2015,9,59510.69642
전북특별자치도,순창군,2015,10,57261.9674
전북특별자치도,순창군,2015,11,57713.45363
전북특별자치도,순창군,2015,12,58259.63935
전북특별자치도,순창군,2016,1,61035.34078
전북특별자치도,순창군,2016,2,60897.48871
전북특별자치도,순창군,2016,3,60810.93043
전북특별자치도,순창군,2016,4,58021.29605
전북특별자치도,순창군,2016,5,60600.41215
전북특별자치도,순창군,2016,6,59401.41971
전북특별자치도,순창군,2016,7,60816.80785
전북특별자치도,순창군,2016,8,56859.17103
전북특별자치도,순창군,2016,9,58281.5052
전북특별자치도,순창군,2016,10,57990.84036
전북특별자치도,순창군,2016,11,63939.85189
전북특별자치도,순창군,2016,12,63839.93585
전북특별자치도,순창군,2017,1,58075.93482
전북특별자치도,순창군,2017,2,58139.03993
전북특별자치도,순창군,2017,3,57131.3301
전북특별자치도,순창군,2017,4,56722.62586
전북특별자치도,순창군,2017,5,56940.04271
전북특별자치도,순창군,2017,6,56865.10539
전북특별자치도,순창군,2017,7,57887.11247
전북특별자치도,순창군,2017,8,57471.01311
전북특별자치도,순창군,2017,9,56868.06344
전북특별자치도,순창군,2017,10,55275.15225
전북특별자치도,순창군,2017,11,58039.45217
전북특별자치도,순창군,2017,12,56264.12775
전북특별자치도,순창군,2018,1,57843.13825
전북특별자치도,순창군,2018,2,57287.95008
전북특별자치도,순창군,2018,3,55431.67968
전북특별자치도,순창군,2018,4,56228.36226
전북특별자치도,순창군,2018,5,57880.48274
전북특별자치도,순창군,2018,6,56778.07323
전북특별자치도,순창군,2018,7,56161.14216
전북특별자치도,순창군,2018,8,56075.49879
전북특별자치도,순창군,2018,9,55470.02003
전북특별자치도,순창군,2018,10,55985.872
전북특별자치도,순창군,2018,11,55029.85291
전북특별자치도,순창군,2018,12,55131.92786
전북특별자치도,순창군,2019,1,60993.6277
전북특별자치도,순창군,2019,2,57607.53911
전북특별자치도,순창군,2019,3,59321.48519
전북특별자치도,순창군,2019,4,60027.12933
전북특별자치도,순창군,2019,5,58741.25174
전북특별자치도,순창군,2019,6,57028.9778
전북특별자치도,순창군,2019,7,59514.89634
전북특별자치도,순창군,2019,8,56919.73116
전북특별자치도,순창군,2019,9,60189.32715
전북특별자치도,순창군,2019,10,58239.60898
전북특별자치도,순창군,2019,11,58885.61337
전북특별자치도,순창군,2019,12,59183.81212
전북특별자치도,순창군,2020,1,66377.6455
전북특별자치도,순창군,2020,2,60149.01639
전북특별자치도,순창군,2020,3,61614.57618
전북특별자치도,순창군,2020,4,61370.31622
전북특별자치도,순창군,2020,5,55263.81709
전북특별자치도,순창군,2020,6,56362.98694
전북특별자치도,순창군,2020,7,59171.97653
전북특별자치도,순창군,2020,8,59599.43147
전북특별자치도,순창군,2020,9,63568.6559
전북특별자치도,순창군,2020,10,63141.20097
전북특별자치도,순창군,2020,11,62958.00599
전북특별자치도,순창군,2020,12,64240.37081
전북특별자치도,순창군,2021,1,53658.32305
전북특별자치도,순창군,2021,2,56746.94847
전북특별자치도,순창군,2021,3,55752.30639
전북특별자치도,순창군,2021,4,56380.50139
전북특별자치도,순창군,2021,5,55961.70472
전북특별자치도,순창군,2021,6,55647.60722
전북특별자치도,순창군,2021,7,55333.50972
전북특별자치도,순창군,2021,8,55176.46097
전북특별자치도,순창군,2021,9,56066.40389
전북특별자치도,순창군,2021,10,57689.24098
전북특별자치도,순창군,2021,11,58526.83431
전북특별자치도,순창군,2021,12,61720.1589
전북특별자치도,완주군,2010,1,246710.4059
전북특별자치도,완주군,2010,2,269235.0942
전북특별자치도,완주군,2010,3,257424.6757
전북특별자치도,완주군,2010,4,263852.3047
전북특별자치도,완주군,2010,5,269944.0924
전북특별자치도,완주군,2010,6,269911.4412
전북특별자치도,완주군,2010,7,282510.1538
전북특별자치도,완주군,2010,8,257273.0807
전북특별자치도,완주군,2010,9,276353.0636
전북특별자치도,완주군,2010,10,271851.8575
전북특별자치도,완주군,2010,11,271865.8509
전북특별자치도,완주군,2010,12,287815.9796
전북특별자치도,완주군,2011,1,260852.0037
전북특별자치도,완주군,2011,2,255072.8461
전북특별자치도,완주군,2011,3,263243.0848
전북특별자치도,완주군,2011,4,258078.7766
전북특별자치도,완주군,2011,5,257267.5169
전북특별자치도,완주군,2011,6,272288.63
전북특별자치도,완주군,2011,7,268881.3394
전북특별자치도,완주군,2011,8,271058.9311
전북특별자치도,완주군,2011,9,272290.7649
전북특별자치도,완주군,2011,10,278127.5646
전북특별자치도,완주군,2011,11,270456.8911
전북특별자치도,완주군,2011,12,264929.6509
전북특별자치도,완주군,2012,1,273995.095
전북특별자치도,완주군,2012,2,289197.1471
전북특별자치도,완주군,2012,3,287616.6328
전북특별자치도,완주군,2012,4,287371.6993
전북특별자치도,완주군,2012,5,288702.6587
전북특별자치도,완주군,2012,6,287512.6516
전북특별자치도,완주군,2012,7,281359.275
전북특별자치도,완주군,2012,8,257489.8119
전북특별자치도,완주군,2012,9,277609.0196
전북특별자치도,완주군,2012,10,275231.316
전북특별자치도,완주군,2012,11,276090.894
전북특별자치도,완주군,2012,12,273174.7989
전북특별자치도,완주군,2013,1,299496.9302
전북특별자치도,완주군,2013,2,296789.0959
전북특별자치도,완주군,2013,3,293339.5937
전북특별자치도,완주군,2013,4,294526.76
전북특별자치도,완주군,2013,5,290703.9351
전북특별자치도,완주군,2013,6,290465.0085
전북특별자치도,완주군,2013,7,290111.5963
전북특별자치도,완주군,2013,8,304225.685
전북특별자치도,완주군,2013,9,298785.1282
전북특별자치도,완주군,2013,10,304472.0781
전북특별자치도,완주군,2013,11,306714.5034
전북특별자치도,완주군,2013,12,306562.6854
전북특별자치도,완주군,2014,1,329761.1522
전북특별자치도,완주군,2014,2,334875.7191
전북특별자치도,완주군,2014,3,325856.9236
전북특별자치도,완주군,2014,4,327550.8506
전북특별자치도,완주군,2014,5,319493.7685
전북특별자치도,완주군,2014,6,320690.4461
전북특별자치도,완주군,2014,7,360295.5536
전북특별자치도,완주군,2014,8,310699.0085
전북특별자치도,완주군,2014,9,316794.4138
전북특별자치도,완주군,2014,10,321428.124
전북특별자치도,완주군,2014,11,321204.0885
전북특별자치도,완주군,2014,12,334648.9515
전북특별자치도,완주군,2015,1,380990.3713
전북특별자치도,완주군,2015,2,385803.622
전북특별자치도,완주군,2015,3,392452.547
전북특별자치도,완주군,2015,4,394693.1982
전북특별자치도,완주군,2015,5,384744.7069
전북특별자치도,완주군,2015,6,395327.2195
전북특별자치도,완주군,2015,7,387041.7893
전북특별자치도,완주군,2015,8,390450.8986
전북특별자치도,완주군,2015,9,385913.165
전북특별자치도,완주군,2015,10,371330.675
전북특별자치도,완주군,2015,11,374258.4593
전북특별자치도,완주군,2015,12,377800.3479
전북특별자치도,완주군,2016,1,377409.763
전북특별자치도,완주군,2016,2,376557.3598
전북특별자치도,완주군,2016,3,376022.1299
전북특별자치도,완주군,2016,4,358772.5293
전북특별자치도,완주군,2016,5,374720.3979
전북특별자치도,완주군,2016,6,367306.4727
전북특별자치도,완주군,2016,7,376058.4727
전북특별자치도,완주군,2016,8,351586.5724
전북특별자치도,완주군,2016,9,360381.5229
전북특별자치도,완주군,2016,10,358584.2077
전북특별자치도,완주군,2016,11,395369.6995
전북특별자치도,완주군,2016,12,394751.8724
전북특별자치도,완주군,2017,1,387410.2802
전북특별자치도,완주군,2017,2,387831.239
전북특별자치도,완주군,2017,3,381109.0544
전북특별자치도,완주군,2017,4,378382.689
전북특별자치도,완주군,2017,5,379833.0233
전북특별자치도,완주군,2017,6,379333.1349
전북특별자치도,완주군,2017,7,386150.6928
전북특별자치도,완주군,2017,8,383374.9963
전북특별자치도,완주군,2017,9,379352.8673
전북특별자치도,완주군,2017,10,368726.9484
전북특별자치도,완주군,2017,11,387166.9135
전북특별자치도,완주군,2017,12,375324.1608
전북특별자치도,완주군,2018,1,396088.5861
전북특별자치도,완주군,2018,2,392286.8612
전북특별자치도,완주군,2018,3,379575.8027
전북특별자치도,완주군,2018,4,385031.1926
전북특별자치도,완주군,2018,5,396344.3075
전북특별자치도,완주군,2018,6,388795.4117
전북특별자치도,완주군,2018,7,384570.8941
전북특별자치도,완주군,2018,8,383984.4397
전북특별자치도,완주군,2018,9,379838.3433
전북특별자치도,완주군,2018,10,383370.7083
전북특별자치도,완주군,2018,11,376824.2404
전북특별자치도,완주군,2018,12,377523.2122
전북특별자치도,완주군,2019,1,400713.6152
전북특별자치도,완주군,2019,2,378467.8192
전북특별자치도,완주군,2019,3,389728.0369
전북특별자치도,완주군,2019,4,394363.951
전북특별자치도,완주군,2019,5,385916.0413
전북특별자치도,완주군,2019,6,374666.8091
전북특별자치도,완주군,2019,7,390998.7022
전북특별자치도,완주군,2019,8,373949.0847
전북특별자치도,완주군,2019,9,395429.5521
전북특별자치도,완주군,2019,10,382620.3678
전북특별자치도,완주군,2019,11,386864.4629
전북특별자치도,완주군,2019,12,388823.5577
전북특별자치도,완주군,2020,1,402807.2662
전북특별자치도,완주군,2020,2,365009.3443
전북특별자치도,완주군,2020,3,373902.973
전북특별자치도,완주군,2020,4,372420.7015
전북특별자치도,완주군,2020,5,335363.9153
전북특별자치도,완주군,2020,6,342034.1368
전북특별자치도,완주군,2020,7,359080.2585
전북특별자치도,완주군,2020,8,361674.2335
전북특별자치도,완주군,2020,9,385761.1445
전북특별자치도,완주군,2020,10,383167.1695
전북특별자치도,완주군,2020,11,382055.4659
전북특별자치도,완주군,2020,12,389837.391
전북특별자치도,완주군,2021,1,382698.8989
전북특별자치도,완주군,2021,2,404727.4209
전북특별자치도,완주군,2021,3,397633.49
전북특별자치도,완주군,2021,4,402113.8674
전북특별자치도,완주군,2021,5,399126.9492
전북특별자치도,완주군,2021,6,396886.7605
전북특별자치도,완주군,2021,7,394646.5718
전북특별자치도,완주군,2021,8,393526.4775
전북특별자치도,완주군,2021,9,399873.6787
전북특별자치도,완주군,2021,10,411447.9869
전북특별자치도,완주군,2021,11,417421.8234
전북특별자치도,완주군,2021,12,440197.0749
전북특별자치도,익산시,2010,1,521214.0501
전북특별자치도,익산시,2010,2,568800.9525
전북특별자치도,익산시,2010,3,543849.6092
전북특별자치도,익산시,2010,4,557428.9738
전북특별자치도,익산시,2010,5,570298.8215
전북특별자치도,익산시,2010,6,570229.8407
전북특별자치도,익산시,2010,7,596846.5777
전북특별자치도,익산시,2010,8,543529.3412
전북특별자치도,익산시,2010,9,583838.7684
전북특별자치도,익산시,2010,10,574329.2715
전북특별자치도,익산시,2010,11,574358.8347
전북특별자치도,익산시,2010,12,608055.9589
전북특별자치도,익산시,2011,1,576899.1346
전북특별자치도,익산시,2011,2,564117.9753
전북특별자치도,익산시,2011,3,582187.239
전북특별자치도,익산시,2011,4,570765.8779
전북특별자치도,익산시,2011,5,568971.6996
전북특별자치도,익산시,2011,6,602192.3266
전북특별자치도,익산시,2011,7,594656.7779
전북특별자치도,익산시,2011,8,599472.7301
전북특별자치도,익산시,2011,9,602197.0482
전북특별자치도,익산시,2011,10,615105.6886
전북특별자치도,익산시,2011,11,598141.261
전북특별자치도,익산시,2011,12,585917.2412
전북특별자치도,익산시,2012,1,582757.6328
전북특별자치도,익산시,2012,2,615090.7367
전북특별자치도,익산시,2012,3,611729.1555
전북특별자치도,익산시,2012,4,611208.2087
전북특별자치도,익산시,2012,5,614039.0139
전북특별자치도,익산시,2012,6,611507.9988
전북특별자치도,익산시,2012,7,598420.439
전북특별자치도,익산시,2012,8,547652.6987
전북특별자치도,익산시,2012,9,590444.0554
전북특별자치도,익산시,2012,10,585386.9398
전북특별자치도,익산시,2012,11,587215.1682
전북특별자치도,익산시,2012,12,581012.9525
전북특별자치도,익산시,2013,1,613521.2738
전북특별자치도,익산시,2013,2,607974.2588
전북특별자치도,익산시,2013,3,600907.9327
전북특별자치도,익산시,2013,4,603339.8501
전북특별자치도,익산시,2013,5,595508.7701
전북특별자치도,익산시,2013,6,595019.3276
전북특별자치도,익산시,2013,7,594295.3606
전북특별자치도,익산시,2013,8,623208.1567
전북특별자치도,익산시,2013,9,612063.1431
전북특별자치도,익산시,2013,10,623712.8943
전북특별자치도,익산시,2013,11,628306.5161
전북특별자치도,익산시,2013,12,627995.5161
전북특별자치도,익산시,2014,1,599999.6155
전북특별자치도,익산시,2014,2,609305.5574
전북특별자치도,익산시,2014,3,592895.8809
전북특별자치도,익산시,2014,4,595977.9771
전북특별자치도,익산시,2014,5,581318.1358
전북특별자치도,익산시,2014,6,583495.4876
전북특별자치도,익산시,2014,7,655556.8845
전북특별자치도,익산시,2014,8,565316.0913
전북특별자치도,익산시,2014,9,576406.6664
전북특별자치도,익산시,2014,10,584837.6907
전북특별자치도,익산시,2014,11,584430.0587
전북특별자치도,익산시,2014,12,608892.9542
전북특별자치도,익산시,2015,1,576338.7492
전북특별자치도,익산시,2015,2,583619.9382
전북특별자치도,익산시,2015,3,593678.0221
전북특별자치도,익산시,2015,4,597067.5411
전북특별자치도,익산시,2015,5,582018.0766
전북특별자치도,익산시,2015,6,598026.6494
전북특별자치도,익산시,2015,7,585492.9613
전북특별자치도,익산시,2015,8,590650.0517
전북특별자치도,익산시,2015,9,583785.648
전북특별자치도,익산시,2015,10,561726.1561
전북특별자치도,익산시,2015,11,566155.1276
전북특별자치도,익산시,2015,12,571513.0784
전북특별자치도,익산시,2016,1,580132.046
전북특별자치도,익산시,2016,2,578821.7821
전북특별자치도,익산시,2016,3,577999.0582
전북특별자치도,익산시,2016,4,551483.9888
전북특별자치도,익산시,2016,5,575998.1125
전북특별자치도,익산시,2016,6,564601.8636
전북특별자치도,익산시,2016,7,578054.9222
전북특별자치도,익산시,2016,8,540438.1592
전북특별자치도,익산시,2016,9,553957.2389
전북특별자치도,익산시,2016,10,551194.5119
전북특별자치도,익산시,2016,11,607739.002
전북특별자치도,익산시,2016,12,606789.3146
전북특별자치도,익산시,2017,1,607318.6584
전북특별자치도,익산시,2017,2,607978.5688
전북특별자치도,익산시,2017,3,597440.6242
전북특별자치도,익산시,2017,4,593166.673
전북특별자치도,익산시,2017,5,595440.2707
전북특별자치도,익산시,2017,6,594656.6271
전북특별자치도,익산시,2017,7,605344.0826
전북특별자치도,익산시,2017,8,600992.7983
전북특별자치도,익산시,2017,9,594687.5604
전북특별자치도,익산시,2017,10,578029.9777
전북특별자치도,익산시,2017,11,606937.1476
전북특별자치도,익산시,2017,12,588372.0114
전북특별자치도,익산시,2018,1,624507.756
전북특별자치도,익산시,2018,2,618513.6256
전북특별자치도,익산시,2018,3,598472.2638
전북특별자치도,익산시,2018,4,607073.7066
전북특별자치도,익산시,2018,5,624910.9487
전북특별자치도,익산시,2018,6,613008.7021
전북특별자치도,익산시,2018,7,606347.9599
전북특별자치도,익산시,2018,8,605423.3048
전북특별자치도,익산시,2018,9,598886.2082
전북특별자치도,익산시,2018,10,604455.6424
전북특별자치도,익산시,2018,11,594133.9111
전북특별자치도,익산시,2018,12,595235.9709
전북특별자치도,익산시,2019,1,650570.2984
전북특별자치도,익산시,2019,2,614453.5966
전북특별자치도,익산시,2019,3,632734.8901
전북특별자치도,익산시,2019,4,640261.4324
전북특별자치도,익산시,2019,5,626546.0034
전북특별자치도,익산시,2019,6,608282.5453
전북특별자치도,익산시,2019,7,634797.8523
전북특별자치도,익산시,2019,8,607117.2986
전북특별자치도,익산시,2019,9,641991.467
전북특별자치도,익산시,2019,10,621195.3809
전북특별자치도,익산시,2019,11,628085.7936
전북특별자치도,익산시,2019,12,631266.4415
전북특별자치도,익산시,2020,1,696931.2666
전북특별자치도,익산시,2020,2,631533.8525
전북특별자치도,익산시,2020,3,646921.4793
전북특별자치도,익산시,2020,4,644356.8748
전북특별자치도,익산시,2020,5,580241.7629
전북특별자치도,익산시,2020,6,591782.4831
전북특별자치도,익산시,2020,7,621275.4346
전북특별자치도,익산시,2020,8,625763.4924
전북특별자치도,익산시,2020,9,667438.3151
전북특별자치도,익산시,2020,10,662950.2573
전북특별자치도,익산시,2020,11,661026.8039
전북특별자치도,익산시,2020,12,674490.9774
전북특별자치도,익산시,2021,1,625112.6639
전북특별자치도,익산시,2021,2,661094.7587
전북특별자치도,익산시,2021,3,649507.3045
전북특별자치도,익산시,2021,4,656825.6966
전북특별자치도,익산시,2021,5,651946.7685
전북특별자치도,익산시,2021,6,648287.5724
전북특별자치도,익산시,2021,7,644628.3763
전북특별자치도,익산시,2021,8,642798.7783
전북특별자치도,익산시,2021,9,653166.5005
전북특별자치도,익산시,2021,10,672072.347
전북특별자치도,익산시,2021,11,681830.2032
전북특별자치도,익산시,2021,12,719032.03
전북특별자치도,임실군,2010,1,53471.63991
전북특별자치도,임실군,2010,2,58353.60675
전북특별자치도,임실군,2010,3,55793.83453
전북특별자치도,임실군,2010,4,57186.94911
전북특별자치도,임실군,2010,5,58507.27396
전북특별자치도,임실군,2010,6,58500.19718
전북특별자치도,임실군,2010,7,61230.82307
전북특별자치도,임실군,2010,8,55760.97805
전북특별자치도,임실군,2010,9,59896.34466
전북특별자치도,임실군,2010,10,58920.76007
전북특별자치도,임실군,2010,11,58923.79298
전북특별자치도,임실군,2010,12,62380.79973
전북특별자치도,임실군,2011,1,55755.96086
전북특별자치도,임실군,2011,2,54520.69151
전북특별자치도,임실군,2011,3,56267.04386
전북특별자치도,임실군,2011,4,55163.19585
전북특별자치도,임실군,2011,5,54989.79269
전북특별자치도,임실군,2011,6,58200.4891
전북특별자치도,임실군,2011,7,57472.19583
전북특별자치도,임실군,2011,8,57937.64641
전북특별자치도,임실군,2011,9,58200.94542
전북특별자치도,임실군,2011,10,59448.53553
전북특별자치도,임실군,2011,11,57808.96302
전북특별자치도,임실군,2011,12,56627.53991
전북특별자치도,임실군,2012,1,55523.23764
전북특별자치도,임실군,2012,2,58603.82983
전북특별자치도,임실군,2012,3,58283.54938
전북특별자치도,임실군,2012,4,58233.91528
전북특별자치도,임실군,2012,5,58503.62513
전북특별자치도,임실군,2012,6,58262.4783
전북특별자치도,임실군,2012,7,57015.53849
전북특별자치도,임실군,2012,8,52178.55455
전북특별자치도,임실군,2012,9,56255.5748
전북특별자치도,임실군,2012,10,55773.74939
전북특별자치도,임실군,2012,11,55947.937
전북특별자치도,임실군,2012,12,55357.01021
전북특별자치도,임실군,2013,1,56302.2167
전북특별자치도,임실군,2013,2,55793.17283
전북특별자치도,임실군,2013,3,55144.70335
전북특별자치도,임실군,2013,4,55367.87791
전북특별자치도,임실군,2013,5,54649.22775
전북특별자치도,임실군,2013,6,54604.31211
전북특별자치도,임실군,2013,7,54537.8744
전북특별자치도,임실군,2013,8,57191.17198
전북특별자치도,임실군,2013,9,56168.40553
전북특별자치도,임실군,2013,10,57237.49123
전북특별자치도,임실군,2013,11,57659.04318
전북특별자치도,임실군,2013,12,57630.50304
전북특별자치도,임실군,2014,1,60168.12439
전북특별자치도,임실군,2014,2,61101.32678
전북특별자치도,임실군,2014,3,59455.75996
전북특별자치도,임실군,2014,4,59764.8334
전북특별자치도,임실군,2014,5,58294.74054
전북특별자치도,임실군,2014,6,58513.08597
전북특별자치도,임실군,2014,7,65739.42242
전북특별자치도,임실군,2014,8,56690.05117
전북특별자치도,임실군,2014,9,57802.21705
전북특별자치도,임실군,2014,10,58647.68247
전북특별자치도,임실군,2014,11,58606.80501
전북특별자치도,임실군,2014,12,61059.95082
전북특별자치도,임실군,2015,1,57694.13015
전북특별자치도,임실군,2015,2,58423.01028
전북특별자치도,임실군,2015,3,59429.87022
전북특별자치도,임실군,2015,4,59769.17649
전북특별자치도,임실군,2015,5,58262.65665
전북특별자치도,임실군,2015,6,59865.1876
전북특별자치도,임실군,2015,7,58610.50841
전북특별자치도,임실군,2015,8,59126.75662
전북특별자치도,임실군,2015,9,58439.59859
전북특별자치도,임실군,2015,10,56231.34312
전북특별자치도,임실군,2015,11,56674.70331
전북특별자치도,임실군,2015,12,57211.05855
전북특별자치도,임실군,2016,1,57272.32758
전북특별자치도,임실군,2016,2,57142.97451
전북특별자치도,임실군,2016,3,57061.75281
전북특별자치도,임실군,2016,4,54444.10782
전북특별자치도,임실군,2016,5,56864.21362
전북특별자치도,임실군,2016,6,55739.14268
전북특별자치도,임실군,2016,7,57067.26786
전북특별자치도,임실군,2016,8,53353.63131
전북특별자치도,임실군,2016,9,54688.27429
전북특별자치도,임실군,2016,10,54415.52982
전북특별자치도,임실군,2016,11,59997.7668
전북특별자치도,임실군,2016,12,59904.01089
전북특별자치도,임실군,2017,1,57443.66104
전북특별자치도,임실군,2017,2,57506.07913
전북특별자치도,임실군,2017,3,56509.34025
전북특별자치도,임실군,2017,4,56105.08558
전북특별자치도,임실군,2017,5,56320.13541
전북특별자치도,임실군,2017,6,56246.01393
전북특별자치도,임실군,2017,7,57256.89441
전북특별자치도,임실군,2017,8,56845.32512
전북특별자치도,임실군,2017,9,56248.93978
전북특별자치도,임실군,2017,10,54673.37064
전북특별자치도,임실군,2017,11,57407.57558
전북특별자치도,임실군,2017,12,55651.57915
전북특별자치도,임실군,2018,1,61887.42292
전북특별자치도,임실군,2018,2,61293.41703
전북특별자치도,임실군,2018,3,59307.35966
전북특별자치도,임실군,2018,4,60159.74479
전북특별자치도,임실군,2018,5,61927.37847
전북특별자치도,임실군,2018,6,60747.89054
전북특별자치도,임실군,2018,7,60087.8248
전북특별자치도,임실군,2018,8,59996.19339
전북특별자치도,임실군,2018,9,59348.38069
전북특별자치도,임실군,2018,10,59900.30007
전북특별자치도,임실군,2018,11,58877.4379
전북특별자치도,임실군,2018,12,58986.64975
전북특별자치도,임실군,2019,1,60044.35286
전북특별자치도,임실군,2019,2,56710.96369
전북특별자치도,임실군,2019,3,58398.23475
전북특별자치도,임실군,2019,4,59092.89659
전북특별자치도,임실군,2019,5,57827.03176
전북특별자치도,임실군,2019,6,56141.40682
전북특별자치도,임실군,2019,7,58588.63574
전북특별자치도,임실군,2019,8,56033.86044
전북특별자치도,임실군,2019,9,59252.57005
전북특별자치도,임실군,2019,10,57333.19633
전북특별자치도,임실군,2019,11,57969.14663
전북특별자치도,임실군,2019,12,58262.70436
전북특별자치도,임실군,2020,1,64076.37505
전북특별자치도,임실군,2020,2,58063.68852
전북특별자치도,임실군,2020,3,59478.4383
전북특별자치도,임실군,2020,4,59242.64667
전북특별자치도,임실군,2020,5,53347.85595
전북특별자치도,임실군,2020,6,54408.91828
전북특별자치도,임실군,2020,7,57120.52201
전북특별자치도,임실군,2020,8,57533.15736
전북특별자치도,임실군,2020,9,61364.77132
전북특별자치도,임실군,2020,10,60952.13597
전북특별자치도,임실군,2020,11,60775.29225
전북특별자치도,임실군,2020,12,62013.1983
전북특별자치도,임실군,2021,1,58913.9386
전북특별자치도,임실군,2021,2,62305.08238
전북특별자치도,임실군,2021,3,61213.01913
전북특별자치도,임실군,2021,4,61902.74329
전북특별자치도,임실군,2021,5,61442.92718
전북특별자치도,임실군,2021,6,61098.0651
전북특별자치도,임실군,2021,7,60753.20302
전북특별자치도,임실군,2021,8,60580.77198
전북특별자치도,임실군,2021,9,61557.88121
전북특별자치도,임실군,2021,10,63339.66862
전북특별자치도,임실군,2021,11,64259.30083
전북특별자치도,임실군,2021,12,67765.39864
전북특별자치도,장수군,2010,1,38110.59398
전북특별자치도,장수군,2010,2,41590.09557
전북특별자치도,장수군,2010,3,39765.68099
전북특별자치도,장수군,2010,4,40758.58908
전북특별자치도,장수군,2010,5,41699.61809
전북특별자치도,장수군,2010,6,41694.57429
전북특별자치도,장수군,2010,7,43640.76062
전북특별자치도,장수군,2010,8,39742.26334
전북특별자치도,장수군,2010,9,42689.64401
전북특별자치도,장수군,2010,10,41994.32013
전북특별자치도,장수군,2010,11,41996.48176
전북특별자치도,장수군,2010,12,44460.37815
전북특별자치도,장수군,2011,1,40323.31409
전북특별자치도,장수군,2011,2,39429.95393
전북특별자치도,장수군,2011,3,40692.93484
전북특별자치도,장수군,2011,4,39894.62002
전북특별자치도,장수군,2011,5,39769.21298
전북특별자치도,장수군,2011,6,42091.22335
전북특별자치도,장수군,2011,7,41564.51378
전북특별자치도,장수군,2011,8,41901.13268
전북특별자치도,장수군,2011,9,42091.55337
전북특별자치도,장수군,2011,10,42993.82403
전북특별자치도,장수군,2011,11,41808.06745
전북특별자치도,장수군,2011,12,40953.64948
전북특별자치도,장수군,2012,1,44206.50498
전북특별자치도,장수군,2012,2,46659.21163
전북특별자치도,장수군,2012,3,46404.21066
전북특별자치도,장수군,2012,4,46364.69297
전북특별자치도,장수군,2012,5,46579.43062
전북특별자치도,장수군,2012,6,46387.43428
전북특별자치도,장수군,2012,7,45394.64544
전북특별자치도,장수군,2012,8,41543.53438
전북특별자치도,장수군,2012,9,44789.57736
전북특별자치도,장수군,2012,10,44405.95749
전북특별자치도,장수군,2012,11,44544.64222
전북특별자치도,장수군,2012,12,44074.15799
전북특별자치도,장수군,2013,1,44848.50107
전북특별자치도,장수군,2013,2,44443.0134
전북특별자치도,장수군,2013,3,43926.46386
전북특별자치도,장수군,2013,4,44104.2374
전북특별자치도,장수군,2013,5,43531.78423
전북특별자치도,장수군,2013,6,43496.0059
전북특별자치도,장수군,2013,7,43443.0838
전북특별자치도,장수군,2013,8,45556.61372
전북특별자치도,장수군,2013,9,44741.91148
전북특별자치도,장수군,2013,10,45593.51011
전북특별자치도,장수군,2013,11,45929.30459
전북특별자치도,장수군,2013,12,45906.57044
전북특별자치도,장수군,2014,1,43602.90284
전북특별자치도,장수군,2014,2,44279.18008
전북특별자치도,장수군,2014,3,43086.66343
전북특별자치도,장수군,2014,4,43310.64414
전북특별자치도,장수군,2014,5,42245.29073
전북특별자치도,장수군,2014,6,42403.52226
전북특별자치도,장수군,2014,7,47640.33577
전북특별자치도,장수군,2014,8,41082.39733
전북특별자치도,장수군,2014,9,41888.36663
전북특별자치도,장수군,2014,10,42501.06225
전북특별자치도,장수군,2014,11,42471.43899
전북특별자치도,장수군,2014,12,44249.19556
전북특별자치도,장수군,2015,1,44042.38063
전북특별자치도,장수군,2015,2,44598.79107
전북특별자치도,장수군,2015,3,45367.40494
전북특별자치도,장수군,2015,4,45626.42359
전북특별자치도,장수군,2015,5,44476.38077
전북특별자치도,장수군,2015,6,45699.71628
전북특별자치도,장수군,2015,7,44741.92286
전북특별자치도,장수군,2015,8,45136.01494
전북특별자치도,장수군,2015,9,44611.4542
전북특별자치도,장수군,2015,10,42925.72243
전북특별자치도,장수군,2015,11,43264.17347
전북특별자치도,장수군,2015,12,43673.61481
전북특별자치도,장수군,2016,1,45621.38182
전북특별자치도,장수군,2016,2,45518.34312
전북특별자치도,장수군,2016,3,45453.64441
전북특별자치도,장수군,2016,4,43368.50859
전북특별자치도,장수군,2016,5,45296.29074
전북특별자치도,장수군,2016,6,44400.09369
전북특별자치도,장수군,2016,7,45458.03753
전북특별자치도,장수군,2016,8,42499.86841
전북특별자치도,장수군,2016,9,43563.00412
전북특별자치도,장수군,2016,10,43345.74423
전북특별자치도,장수군,2016,11,47792.38322
전북특별자치도,장수군,2016,12,47717.70013
전북특별자치도,장수군,2017,1,49984.60909
전북특별자치도,장수군,2017,2,50038.9222
전북특별자치도,장수군,2017,3,49171.60974
전북특별자치도,장수군,2017,4,48819.84749
전북특별자치도,장수군,2017,5,49006.97313
전북특별자치도,장수군,2017,6,48942.47631
전북특별자치도,장수군,2017,7,49822.09409
전북특별자치도,장수군,2017,8,49463.96702
전북특별자치도,장수군,2017,9,48945.02224
전북특별자치도,장수군,2017,10,47574.04055
전북특별자치도,장수군,2017,11,49953.20933
전북특별자치도,장수군,2017,12,48425.22881
전북특별자치도,장수군,2018,1,45370.91928
전북특별자치도,장수군,2018,2,44935.44156
전북특별자치도,장수군,2018,3,43479.42281
전북특별자치도,장수군,2018,4,44104.32356
전북특별자치도,장수군,2018,5,45400.2115
전북특별자치도,장수군,2018,6,44535.50508
전북특별자치도,장수군,2018,7,44051.59756
전북특별자치도,장수군,2018,8,43984.42073
전북특별자치도,장수군,2018,9,43509.49615
전북특별자치도,장수군,2018,10,43914.11939
전북특별자치도,장수군,2018,11,43164.23849
전북특별자치도,장수군,2018,12,43244.3039
전북특별자치도,장수군,2019,1,43902.88269
전북특별자치도,장수군,2019,2,41465.59447
전북특별자치도,장수군,2019,3,42699.28357
전북특별자치도,장수군,2019,4,43207.2024
전북특별자치도,장수군,2019,5,42281.63468
전북특별자치도,장수군,2019,6,41049.14918
전북특별자치도,장수군,2019,7,42838.49987
전북특별자치도,장수군,2019,8,40970.51404
전북특별자치도,장수군,2019,9,43323.95151
전북특별자치도,장수군,2019,10,41920.55494
전북특별자치도,장수군,2019,11,42385.5454
전북특별자치도,장수군,2019,12,42600.18724
전북특별자치도,장수군,2020,1,45355.8597
전북특별자치도,장수군,2020,2,41099.83607
전북특별자치도,장수군,2020,3,42101.25339
전북특별자치도,장수군,2020,4,41934.3505
전북특별자치도,장수군,2020,5,37761.77831
전북특별자치도,장수군,2020,6,38512.84131
전북특별자치도,장수군,2020,7,40432.22452
전북특별자치도,장수군,2020,8,40724.30457
전북특별자치도,장수군,2020,9,43436.47649
전북특별자치도,장수군,2020,10,43144.39644
전북특별자치도,장수군,2020,11,43019.21927
전북특별자치도,장수군,2020,12,43895.45943
전북특별자치도,장수군,2021,1,39998.87766
전북특별자치도,장수군,2021,2,42301.25208
전북특별자치도,장수군,2021,3,41559.80947
전북특별자치도,장수군,2021,4,42028.08902
전북특별자치도,장수군,2021,5,41715.90265
전북특별자치도,장수군,2021,6,41481.76288
전북특별자치도,장수군,2021,7,41247.62311
전북특별자치도,장수군,2021,8,41130.55322
전북특별자치도,장수군,2021,9,41793.94924
전북특별자치도,장수군,2021,10,43003.6714
전북특별자치도,장수군,2021,11,43628.04412
전북특별자치도,장수군,2021,12,46008.46513
전북특별자치도,전주시,2010,1,850307.7657
전북특별자치도,전주시,2010,2,927940.9619
전북특별자치도,전주시,2010,3,887235.3804
전북특별자치도,전주시,2010,4,909388.734
전북특별자치도,전주시,2010,5,930384.5829
전북특별자치도,전주시,2010,6,930272.0478
전북특별자치도,전주시,2010,7,973694.5499
전북특별자치도,전주시,2010,8,886712.8957
전북특별자치도,전주시,2010,9,952473.6307
전북특별자치도,전주시,2010,10,936959.8526
전북특별자치도,전주시,2010,11,937008.082
전북특별자치도,전주시,2010,12,991981.5164
전북특별자치도,전주시,2011,1,944831.2164
전북특별자치도,전주시,2011,2,923898.5479
전북특별자치도,전주시,2011,3,953491.9437
전북특별자치도,전주시,2011,4,934786.3193
전북특별자치도,전주시,2011,5,931847.8583
전북특별자치도,전주시,2011,6,986255.7843
전북특별자치도,전주시,2011,7,973914.2479
전북특별자치도,전주시,2011,8,981801.696
전북특별자치도,전주시,2011,9,986263.5171
전북특별자치도,전주시,2011,10,1007404.971
전북특별자치도,전주시,2011,11,979621.0486
전북특별자치도,전주시,2011,12,959600.8495
전북특별자치도,전주시,2012,1,982461.7559
전북특별자치도,전주시,2012,2,1036971.618
전북특별자치도,전주시,2012,3,1031304.382
전북특별자치도,전주시,2012,4,1030426.126
전북특별자치도,전주시,2012,5,1035198.535
전북특별자치도,전주시,2012,6,1030931.537
전북특별자치도,전주시,2012,7,1008867.43
전북특별자치도,전주시,2012,8,923278.91
전북특별자치도,전주시,2012,9,995420.1727
전북특별자치도,전주시,2012,10,986894.4624
전북특별자치도,전주시,2012,11,989976.6434
전북특별자치도,전주시,2012,12,979520.4273
전북특별자치도,전주시,2013,1,1056138.605
전북특별자치도,전주시,2013,2,1046589.765
전북특별자치도,전주시,2013,3,1034425.525
전북특별자치도,전주시,2013,4,1038611.92
전북특별자치도,전주시,2013,5,1025131.204
전북특별자치도,전주시,2013,6,1024288.659
전북특별자치도,전주시,2013,7,1023042.395
전북특별자치도,전주시,2013,8,1072813.97
전북특별자치도,전주시,2013,9,1053628.524
전북특별자치도,전주시,2013,10,1073682.844
전북특별자치도,전주시,2013,11,1081590.478
전북특별자치도,전주시,2013,12,1081055.111
전북특별자치도,전주시,2014,1,1128020.203
전북특별자치도,전주시,2014,2,1145515.698
전북특별자치도,전주시,2014,3,1114664.934
전북특별자치도,전주시,2014,4,1120459.382
전북특별자치도,전주시,2014,5,1092898.369
전북특별자치도,전주시,2014,6,1096991.867
전북특별자치도,전주시,2014,7,1232469.806
전북특별자치도,전주시,2014,8,1062813.968
전북특별자치도,전주시,2014,9,1083664.636
전북특별자치도,전주시,2014,10,1099515.255
전북특별자치도,전주시,2014,11,1098748.893
전북특별자치도,전주시,2014,12,1144739.99
전북특별자치도,전주시,2015,1,1092587.341
전북특별자치도,전주시,2015,2,1106390.568
전북특별자치도,전주시,2015,3,1125458.062
전북특별자치도,전주시,2015,4,1131883.702
전북특별자치도,전주시,2015,5,1103353.858
전북특별자치도,전주시,2015,6,1133701.92
전북특별자치도,전주시,2015,7,1109941.33
전북특별자치도,전주시,2015,8,1119717.823
전북특별자치도,전주시,2015,9,1106704.711
전북특별자치도,전주시,2015,10,1064885.691
전북특별자치도,전주시,2015,11,1073281.861
전북특별자치도,전주시,2015,12,1083439.133
전북특별자치도,전주시,2016,1,1150070.824
전북특별자치도,전주시,2016,2,1147473.318
전북특별자치도,전주시,2016,3,1145842.326
전북특별자치도,전주시,2016,4,1093278.073
전북특별자치도,전주시,2016,5,1141875.593
전북특별자치도,전주시,2016,6,1119283.334
전북특별자치도,전주시,2016,7,1145953.073
전북특별자치도,전주시,2016,8,1071380.496
전북특별자치도,전주시,2016,9,1098181.117
전북특별자치도,전주시,2016,10,1092704.205
전북특별자치도,전주시,2016,11,1204799.665
전북특별자치도,전주시,2016,12,1202916.977
전북특별자치도,전주시,2017,1,1188857.232
전북특별자치도,전주시,2017,2,1190149.04
전북특별자치도,전주시,2017,3,1169520.477
전북특별자치도,전주시,2017,4,1161153.999
전북특별자치도,전주시,2017,5,1165604.683
전북특별자치도,전주시,2017,6,1164070.66
전북특별자치도,전주시,2017,7,1184991.899
전북특별자치도,전주시,2017,8,1176474.038
전북특별자치도,전주시,2017,9,1164131.214
전북특별자치도,전주시,2017,10,1131523.147
전북특별자치도,전주시,2017,11,1188110.405
전북특별자치도,전주시,2017,12,1151768.205
전북특별자치도,전주시,2018,1,1240328.557
전북특별자치도,전주시,2018,2,1228423.675
전북특별자치도,전주시,2018,3,1188619.729
전북특별자치도,전주시,2018,4,1205702.967
전북특별자치도,전주시,2018,5,1241129.334
전북특별자치도,전주시,2018,6,1217490.402
전북특별자치도,전주시,2018,7,1204261.569
전북특별자치도,전주시,2018,8,1202425.121
전북특별자치도,전주시,2018,9,1189441.859
전북특별자치도,전주시,2018,10,1200503.257
전북특별자치도,전주시,2018,11,1180003.37
전북특별자치도,전주시,2018,12,1182192.16
전북특별자치도,전주시,2019,1,1279558.188
전북특별자치도,전주시,2019,2,1208522.942
전북특별자치도,전주시,2019,3,1244479.054
전북특별자치도,전주시,2019,4,1259282.449
전북특별자치도,전주시,2019,5,1232306.595
전북특별자치도,전주시,2019,6,1196385.561
전북특별자치도,전주시,2019,7,1248536.541
전북특별자치도,전주시,2019,8,1194093.725
전북특별자치도,전주시,2019,9,1262685.125
전북특별자치도,전주시,2019,10,1221782.855
전북특별자치도,전주시,2019,11,1235335.093
전북특별자치도,전주시,2019,12,1241590.872
전북특별자치도,전주시,2020,1,1312085.344
전북특별자치도,전주시,2020,2,1188964.18
전북특별자치도,전주시,2020,3,1217933.866
전북특별자치도,전주시,2020,4,1213105.585
전북특별자치도,전주시,2020,5,1092398.562
전북특별자치도,전주시,2020,6,1114125.826
전북특별자치도,전주시,2020,7,1169651.057
전북특별자치도,전주시,2020,8,1178100.548
전북특별자치도,전주시,2020,9,1256560.113
전북특별자치도,전주시,2020,10,1248110.622
전북특별자치도,전주시,2020,11,1244489.411
전북특별자치도,전주시,2020,12,1269837.886
전북특별자치도,전주시,2021,1,1148545.945
전북특별자치도,전주시,2021,2,1214657.37
전북특별자치도,전주시,2021,3,1193367.25
전북특별자치도,전주시,2021,4,1206813.641
전북특별자치도,전주시,2021,5,1197849.38
전북특별자치도,전주시,2021,6,1191126.184
전북특별자치도,전주시,2021,7,1184402.989
전북특별자치도,전주시,2021,8,1181041.391
전북특별자치도,전주시,2021,9,1200090.445
전북특별자치도,전주시,2021,10,1234826.957
전북특별자치도,전주시,2021,11,1252755.479
전북특별자치도,전주시,2021,12,1321107.969
전북특별자치도,정읍시,2010,1,183724.7928
전북특별자치도,정읍시,2010,2,200498.8874
전북특별자치도,정읍시,2010,3,191703.6902
전북특별자치도,정읍시,2010,4,196490.3338
전북특별자치도,정읍시,2010,5,201026.8771
전북특별자치도,정읍시,2010,6,201002.5618
전북특별자치도,정읍시,2010,7,210384.8003
전북특별자치도,정읍시,2010,8,191590.7976
전북특별자치도,정읍시,2010,9,205799.6263
전북특별자치도,정읍시,2010,10,202447.5863
전북특별자치도,정읍시,2010,11,202458.0072
전북특별자치도,정읍시,2010,12,214336.0392
전북특별자치도,정읍시,2011,1,203783.1007
전북특별자치도,정읍시,2011,2,199268.3005
전북특별자치도,정읍시,2011,3,205651.0638
전북특별자치도,정읍시,2011,4,201616.597
전북특별자치도,정읍시,2011,5,200982.8238
전북특별자치도,정읍시,2011,6,212717.6349
전북특별자치도,정읍시,2011,7,210055.7875
전북특별자치도,정읍시,2011,8,211756.9682
전북특별자치도,정읍시,2011,9,212719.3028
전북특별자치도,정읍시,2011,10,217279.1341
전북특별자치도,정읍시,2011,11,211286.6418
전북특별자치도,정읍시,2011,12,206968.6449
전북특별자치도,정읍시,2012,1,205106.3784
전북특별자치도,정읍시,2012,2,216486.2823
전북특별자치도,정읍시,2012,3,215303.146
전북특별자치도,정읍시,2012,4,215119.7944
전북특별자치도,정읍시,2012,5,216116.1198
전북특별자치도,정읍시,2012,6,215225.308
전북특별자치도,정읍시,2012,7,210619.0329
전북특별자치도,정읍시,2012,8,192750.906
전북특별자치도,정읍시,2012,9,207811.6786
전북특별자치도,정읍시,2012,10,206031.7848
전북특별자치도,정읍시,2012,11,206675.245
전북특별자치도,정읍시,2012,12,204492.3237
전북특별자치도,정읍시,2013,1,221318.9667
전북특별자치도,정읍시,2013,2,219317.9609
전북특별자치도,정읍시,2013,3,216768.8855
전북특별자치도,정읍시,2013,4,217646.1647
전북특별자치도,정읍시,2013,5,214821.2153
전북특별자치도,정읍시,2013,6,214644.656
전북특별자치도,정읍시,2013,7,214383.4953
전북특별자치도,정읍시,2013,8,224813.3702
전북특별자치도,정읍시,2013,9,220792.967
전북특별자치도,정읍시,2013,10,224995.4471
전북특별자치도,정읍시,2013,11,226652.53
전북특별자치도,정읍시,2013,12,226540.3412
전북특별자치도,정읍시,2014,1,227441.6191
전북특별자치도,정읍시,2014,2,230969.2189
전북특별자치도,정읍시,2014,3,224748.8092
전북특별자치도,정읍시,2014,4,225917.1382
전북특별자치도,정읍시,2014,5,220360.0379
전북특별자치도,정읍시,2014,6,221185.4058
전북특별자치도,정읍시,2014,7,248501.6913
전북특별자치도,정읍시,2014,8,214294.1492
전북특별자치도,정읍시,2014,9,218498.2491
전북특별자치도,정읍시,2014,10,221694.1943
전북특별자치도,정읍시,2014,11,221539.6733
전북특별자치도,정읍시,2014,12,230812.8136
전북특별자치도,정읍시,2015,1,225943.4052
전북특별자치도,정읍시,2015,2,228797.8664
전북특별자치도,정읍시,2015,3,232740.9602
전북특별자치도,정읍시,2015,4,234069.7611
전북특별자치도,정읍시,2015,5,228169.885
전북특별자치도,정읍시,2015,6,234445.7626
전북특별자치도,정읍시,2015,7,229532.152
전북특별자치도,정읍시,2015,8,231553.898
전북특별자치도,정읍시,2015,9,228862.83
전북특별자치도,정읍시,2015,10,220214.7967
전북특별자치도,정읍시,2015,11,221951.0966
전북특별자치도,정읍시,2015,12,224051.5864
전북특별자치도,정읍시,2016,1,228446.5974
전북특별자치도,정읍시,2016,2,227930.6367
전북특별자치도,정읍시,2016,3,227606.6614
전북특별자치도,정읍시,2016,4,217165.4568
전북특별자치도,정읍시,2016,5,226818.7214
전북특별자치도,정읍시,2016,6,222331.0633
전북특별자치도,정읍시,2016,7,227628.6597
전북특별자치도,정읍시,2016,8,212815.7881
전북특별자치도,정읍시,2016,9,218139.3826
전북특별자치도,정읍시,2016,10,217051.4655
전북특별자치도,정읍시,2016,11,239317.7693
전북특별자치도,정읍시,2016,12,238943.7978
전북특별자치도,정읍시,2017,1,233883.9579
전북특별자치도,정읍시,2017,2,234138.0954
전북특별자치도,정읍시,2017,3,230079.8368
전북특별자치도,정읍시,2017,4,228433.8992
전북특별자치도,정읍시,2017,5,229309.4824
전북특별자치도,정읍시,2017,6,229007.6941
전북특별자치도,정읍시,2017,7,233123.5307
전북특별자치도,정읍시,2017,8,231447.8114
전북특별자치도,정읍시,2017,9,229019.6068
전북특별자치도,정읍시,2017,10,222604.6196
전북특별자치도,정읍시,2017,11,233737.0346
전북특별자치도,정읍시,2017,12,226587.4312
전북특별자치도,정읍시,2018,1,235660.6973
전북특별자치도,정읍시,2018,2,233398.7863
전북특별자치도,정읍시,2018,3,225836.092
전북특별자치도,정읍시,2018,4,229081.8835
전북특별자치도,정읍시,2018,5,235812.8438
전북특별자치도,정읍시,2018,6,231321.4797
전북특별자치도,정읍시,2018,7,228808.0199
전북특별자치도,정읍시,2018,8,228459.0973
전북특별자치도,정읍시,2018,9,225992.2957
전북특별자치도,정읍시,2018,10,228093.9457
전북특별자치도,정읍시,2018,11,224198.9958
전북특별자치도,정읍시,2018,12,224614.8629
전북특별자치도,정읍시,2019,1,252929.1815
전북특별자치도,정읍시,2019,2,238887.7046
전북특별자치도,정읍시,2019,3,245995.1188
전북특별자치도,정읍시,2019,4,248921.2933
전북특별자치도,정읍시,2019,5,243588.9991
전북특별자치도,정읍시,2019,6,236488.5189
전북특별자치도,정읍시,2019,7,246797.1587
전북특별자치도,정읍시,2019,8,236035.4935
전북특별자치도,정읍시,2019,9,249593.8973
전북특별자치도,정읍시,2019,10,241508.7803
전북특별자치도,정읍시,2019,11,244187.6398
전북특별자치도,정읍시,2019,12,245424.2143
전북특별자치도,정읍시,2020,1,273687.5501
전북특별자치도,정읍시,2020,2,248005.7377
전북특별자치도,정읍시,2020,3,254048.5171
전북특별자치도,정읍시,2020,4,253041.3872
전북특별자치도,정읍시,2020,5,227863.1397
전북특별자치도,정읍시,2020,6,232395.2243
전북특별자치도,정읍시,2020,7,243977.2181
전북특별자치도,정읍시,2020,8,245739.6954
전북특별자치도,정읍시,2020,9,262105.5563
전북특별자치도,정읍시,2020,10,260343.079
전북특별자치도,정읍시,2020,11,259587.7315
전북특별자치도,정읍시,2020,12,264875.1635
전북특별자치도,정읍시,2021,1,251173.7832
전북특별자치도,정읍시,2021,2,265631.5912
전북특별자치도,정읍시,2021,3,260975.6869
전북특별자치도,정읍시,2021,4,263916.258
전북특별자치도,정읍시,2021,5,261955.8773
전북특별자치도,정읍시,2021,6,260485.5917
전북특별자치도,정읍시,2021,7,259015.3062
전북특별자치도,정읍시,2021,8,258280.1634
전북특별자치도,정읍시,2021,9,262445.9725
전북특별자치도,정읍시,2021,10,270042.4479
전북특별자치도,정읍시,2021,11,273963.2093
전북특별자치도,정읍시,2021,12,288911.1125
전북특별자치도,진안군,2010,1,41627.39093
전북특별자치도,진안군,2010,2,45427.97649
전북특별자치도,진안군,2010,3,43435.20725
전북특별자치도,진안군,2010,4,44519.73964
전북특별자치도,진안군,2010,5,45547.6056
전북특별자치도,진안군,2010,6,45542.09637
전북특별자치도,진안군,2010,7,47667.87429
전북특별자치도,진안군,2010,8,43409.62866
전북특별자치도,진안군,2010,9,46628.98985
전북특별자치도,진안군,2010,10,45869.50237
전북특별자치도,진안군,2010,11,45871.86347
전북특별자치도,진안군,2010,12,48563.12508
전북특별자치도,진안군,2011,1,44624.99923
전북특별자치도,진안군,2011,2,43636.33554
전북특별자치도,진안군,2011,3,45034.05107
전북특별자치도,진안군,2011,4,44150.57214
전북특별자치도,진안군,2011,5,44011.78669
전북특별자치도,진안군,2011,6,46581.50879
전북특별자치도,진안군,2011,7,45998.60992
전북특별자치도,진안군,2011,8,46371.13927
전북특별자치도,진안군,2011,9,46581.87401
전북특별자치도,진안군,2011,10,47580.39878
전북특별자치도,진안군,2011,11,46268.14586
전북특별자치도,진안군,2011,12,45322.57871
전북특별자치도,진안군,2012,1,45593.07727
전북특별자치도,진안군,2012,2,48122.71501
전북특별자치도,진안군,2012,3,47859.71574
전북특별자치도,진안군,2012,4,47818.95854
전북특별자치도,진안군,2012,5,48040.43162
전북특별자치도,진안군,2012,6,47842.41316
전북특별자치도,진안군,2012,7,46818.4847
전북특별자치도,진안군,2012,8,42846.58047
전북특별자치도,진안군,2012,9,46194.43818
전북특별자치도,진안군,2012,10,45798.78576
전북특별자치도,진안군,2012,11,45941.82045
전북특별자치도,진안군,2012,12,45456.5791
전북특별자치도,진안군,2013,1,50386.80157
전북특별자치도,진안군,2013,2,49931.2406
전북특별자치도,진안군,2013,3,49350.90283
전북특별자치도,진안군,2013,4,49550.62946
전북특별자치도,진안군,2013,5,48907.48457
전북특별자치도,진안군,2013,6,48867.28801
전북특별자치도,진안군,2013,7,48807.83061
전북특별자치도,진안군,2013,8,51182.35841
전북특별자치도,진안군,2013,9,50267.04933
전북특별자치도,진안군,2013,10,51223.8111
전북특별자치도,진안군,2013,11,51601.07253
전북특별자치도,진안군,2013,12,51575.53097
전북특별자치도,진안군,2014,1,48787.39869
전북특별자치도,진안군,2014,2,49544.08701
전북특별자치도,진안군,2014,3,48209.7771
전북특별자치도,진안군,2014,4,48460.38969
전북특별자치도,진안군,2014,5,47268.36305
전북특별자치도,진안군,2014,6,47445.40872
전북특별자치도,진안군,2014,7,53304.89264
전북특별자치도,진안군,2014,8,45967.19868
전북특별자치도,진안군,2014,9,46868.99977
전북특별자치도,진안군,2014,10,47554.54646
전북특별자치도,진안군,2014,11,47521.40092
전북특별자치도,진안군,2014,12,49510.53726
전북특별자치도,진안군,2015,1,45428.87742
전북특별자치도,진안군,2015,2,46002.8042
전북특별자치도,진안군,2015,3,46795.61478
전북특별자치도,진안군,2015,4,47062.78759
전북특별자치도,진안군,2015,5,45876.54031
전북특별자치도,진안군,2015,6,47138.3876
전북특별자치도,진안군,2015,7,46150.44192
전북특별자치도,진안군,2015,8,46556.9404
전북특별자치도,진안군,2015,9,46015.86598
전북특별자치도,진안군,2015,10,44277.06574
전북특별자치도,진안군,2015,11,44626.17155
전북특별자치도,진안군,2015,12,45048.5025
전북특별자치도,진안군,2016,1,46089.73099
전북특별자치도,진안군,2016,2,45985.63449
전북특별자치도,진안군,2016,3,45920.27158
전북특별자치도,진안군,2016,4,43813.72976
전북특별자치도,진안군,2016,5,45761.30251
전북특별자치도,진안군,2016,6,44855.90511
전북특별자치도,진안군,2016,7,45924.7098
전북특별자치도,진안군,2016,8,42936.17211
전북특별자치도,진안군,2016,9,44010.22197
전북특별자치도,진안군,2016,10,43790.73169
전북특별자치도,진안군,2016,11,48283.01989
전북특별자치도,진안군,2016,12,48207.5701
전북특별자치도,진안군,2017,1,47707.6612
전북특별자치도,진안군,2017,2,47759.50019
전북특별자치도,진안군,2017,3,46931.69639
전북특별자치도,진안군,2017,4,46595.95796
전북특별자치도,진안군,2017,5,46774.55946
전북특별자치도,진안군,2017,6,46713.00067
전북특별자치도,진안군,2017,7,47552.54924
전북특별자치도,진안군,2017,8,47210.73593
전북특별자치도,진안군,2017,9,46715.43062
전북특별자치도,진안군,2017,10,45406.90123
전북특별자치도,진안군,2017,11,47677.69179
전북특별자치도,진안군,2017,12,46219.31533
전북특별자치도,진안군,2018,1,50098.55923
전북특별자치도,진안군,2018,2,49617.70484
전북특별자치도,진안군,2018,3,48009.96924
전북특별자치도,진안군,2018,4,48699.98452
전북특별자치도,진안군,2018,5,50130.9037
전북특별자치도,진안군,2018,6,49176.09506
전북특별자치도,진안군,2018,7,48641.76448
전북특별자치도,진안군,2018,8,48567.58783
전북특별자치도,진안군,2018,9,48043.17622
전북특별자치도,진안군,2018,10,48489.96112
전북특별자치도,진안군,2018,11,47661.94278
전북특별자치도,진안군,2018,12,47750.35099
전북특별자치도,진안군,2019,1,51669.53564
전북특별자치도,진안군,2019,2,48801.0782
전북특별자치도,진안군,2019,3,50253.01345
전북특별자치도,진안군,2019,4,50850.78582
전북특별자치도,진안군,2019,5,49761.48025
전북특별자치도,진안군,2019,6,48310.96153
전북특별자치도,진안군,2019,7,50416.85785
전북특별자치도,진안군,2019,8,48218.41541
전북특별자치도,진안군,2019,9,50988.18847
전북특별자치도,진안군,2019,10,49336.52359
전북특별자치도,진안군,2019,11,49883.77333
전북특별자치도,진안군,2019,12,50136.38646
전북특별자치도,진안군,2020,1,56596.36415
전북특별자치도,진안군,2020,2,51285.57377
전북특별자치도,진안군,2020,3,52535.17151
전북특별자치도,진안군,2020,4,52326.90522
전북특별자치도,진안군,2020,5,47120.24798
전북특별자치도,진안군,2020,6,48057.44628
전북특별자치도,진안군,2020,7,50452.50861
전북특별자치도,진안군,2020,8,50816.97462
전북특별자치도,진안군,2020,9,54201.30182
전북특별자치도,진안군,2020,10,53836.83582
전북특별자치도,진안군,2020,11,53680.6361
전북특별자치도,진안군,2020,12,54774.03412
전북특별자치도,진안군,2021,1,46928.38052
전북특별자치도,진안군,2021,2,49629.62388
전북특별자치도,진안군,2021,3,48759.73195
전북특별자치도,진안군,2021,4,49309.13738
전북특별자치도,진안군,2021,5,48942.86709
전북특별자치도,진안군,2021,6,48668.16438
전북특별자치도,진안군,2021,7,48393.46166
전북특별자치도,진안군,2021,8,48256.11031
전북특별자치도,진안군,2021,9,49034.43467
전북특별자치도,진안군,2021,10,50453.73203
전북특별자치도,진안군,2021,11,51186.2726
전북특별자치도,진안군,2021,12,53979.08354
제주특별자치도,서귀포시,2010,1,342427.6615
제주특별자치도,서귀포시,2010,2,324875.9449
제주특별자치도,서귀포시,2010,3,292758.1745
제주특별자치도,서귀포시,2010,4,288375.2215
제주특별자치도,서귀포시,2010,5,297805.9352
제주특별자치도,서귀포시,2010,6,372292.2517
제주특별자치도,서귀포시,2010,7,287192.899
제주특별자치도,서귀포시,2010,8,285114.8776
제주특별자치도,서귀포시,2010,9,298972.3341
제주특별자치도,서귀포시,2010,10,295875.2065
제주특별자치도,서귀포시,2010,11,298247.8133
제주특별자치도,서귀포시,2010,12,288279.6803
제주특별자치도,서귀포시,2011,1,313272.067
제주특별자치도,서귀포시,2011,2,341778.4022
제주특별자치도,서귀포시,2011,3,327513.0036
제주특별자치도,서귀포시,2011,4,326314.3677
제주특별자치도,서귀포시,2011,5,314862.0943
제주특별자치도,서귀포시,2011,6,337844.1039
제주특별자치도,서귀포시,2011,7,318409.0782
제주특별자치도,서귀포시,2011,8,324055.7135
제주특별자치도,서귀포시,2011,9,347575.8863
제주특별자치도,서귀포시,2011,10,346075.5529
제주특별자치도,서귀포시,2011,11,365632.8884
제주특별자치도,서귀포시,2011,12,362929.842
제주특별자치도,서귀포시,2012,1,322333.3672
제주특별자치도,서귀포시,2012,2,329678.2346
제주특별자치도,서귀포시,2012,3,358548.3739
제주특별자치도,서귀포시,2012,4,356907.1982
제주특별자치도,서귀포시,2012,5,364680.5499
제주특별자치도,서귀포시,2012,6,357117.3981
제주특별자치도,서귀포시,2012,7,332677.6246
제주특별자치도,서귀포시,2012,8,348818.5468
제주특별자치도,서귀포시,2012,9,333441.6201
제주특별자치도,서귀포시,2012,10,367012.9597
제주특별자치도,서귀포시,2012,11,339028.0851
제주특별자치도,서귀포시,2012,12,340075.042
제주특별자치도,서귀포시,2013,1,399306.0515
제주특별자치도,서귀포시,2013,2,349006.3572
제주특별자치도,서귀포시,2013,3,339159.6539
제주특별자치도,서귀포시,2013,4,352645.3563
제주특별자치도,서귀포시,2013,5,347586.1596
제주특별자치도,서귀포시,2013,6,353670.3685
제주특별자치도,서귀포시,2013,7,359861.6068
제주특별자치도,서귀포시,2013,8,358639.0019
제주특별자치도,서귀포시,2013,9,361528.7952
제주특별자치도,서귀포시,2013,10,370556.3122
제주특별자치도,서귀포시,2013,11,365501.232
제주특별자치도,서귀포시,2013,12,425417.1048
제주특별자치도,서귀포시,2014,1,360734.2656
제주특별자치도,서귀포시,2014,2,360746.8062
제주특별자치도,서귀포시,2014,3,359438.4046
제주특별자치도,서귀포시,2014,4,370227.4926
제주특별자치도,서귀포시,2014,5,384281.3144
제주특별자치도,서귀포시,2014,6,377684.9638
제주특별자치도,서귀포시,2014,7,375160.1249
제주특별자치도,서귀포시,2014,8,355187.1444
제주특별자치도,서귀포시,2014,9,356039.9046
제주특별자치도,서귀포시,2014,10,417731.2494
제주특별자치도,서귀포시,2014,11,416886.8496
제주특별자치도,서귀포시,2014,12,394167.4799
제주특별자치도,서귀포시,2015,1,422902.3153
제주특별자치도,서귀포시,2015,2,431416.5531
제주특별자치도,서귀포시,2015,3,407018.0294
제주특별자치도,서귀포시,2015,4,422959.3212
제주특별자치도,서귀포시,2015,5,392444.8791
제주특별자치도,서귀포시,2015,6,385539.022
제주특별자치도,서귀포시,2015,7,372395.091
제주특별자치도,서귀포시,2015,8,398287.9835
제주특별자치도,서귀포시,2015,9,392599.6094
제주특별자치도,서귀포시,2015,10,422723.1539
제주특별자치도,서귀포시,2015,11,359849.7219
제주특별자치도,서귀포시,2015,12,360110.3203
제주특별자치도,서귀포시,2016,1,423902.6602
제주특별자치도,서귀포시,2016,2,429809.7571
제주특별자치도,서귀포시,2016,3,431422.3641
제주특별자치도,서귀포시,2016,4,415539.7063
제주특별자치도,서귀포시,2016,5,437807.5925
제주특별자치도,서귀포시,2016,6,415657.0659
제주특별자치도,서귀포시,2016,7,414118.3519
제주특별자치도,서귀포시,2016,8,454968.1653
제주특별자치도,서귀포시,2016,9,439407.1595
제주특별자치도,서귀포시,2016,10,427045.2879
제주특별자치도,서귀포시,2016,11,424754.6036
제주특별자치도,서귀포시,2016,12,434443.2856
제주특별자치도,서귀포시,2017,1,463405.525
제주특별자치도,서귀포시,2017,2,476087.6092
제주특별자치도,서귀포시,2017,3,468764.5185
제주특별자치도,서귀포시,2017,4,459923.9135
제주특별자치도,서귀포시,2017,5,481381.5664
제주특별자치도,서귀포시,2017,6,451993.8171
제주특별자치도,서귀포시,2017,7,487958.9072
제주특별자치도,서귀포시,2017,8,471691.1534
제주특별자치도,서귀포시,2017,9,459707.1257
제주특별자치도,서귀포시,2017,10,459225.8569
제주특별자치도,서귀포시,2017,11,472319.8379
제주특별자치도,서귀포시,2017,12,496782.1692
제주특별자치도,서귀포시,2018,1,463066.9844
제주특별자치도,서귀포시,2018,2,454930.4298
제주특별자치도,서귀포시,2018,3,456399.9213
제주특별자치도,서귀포시,2018,4,445610.2299
제주특별자치도,서귀포시,2018,5,433451.697
제주특별자치도,서귀포시,2018,6,451923.0046
제주특별자치도,서귀포시,2018,7,470865.3547
제주특별자치도,서귀포시,2018,8,466646.1022
제주특별자치도,서귀포시,2018,9,445312.3056
제주특별자치도,서귀포시,2018,10,431599.7351
제주특별자치도,서귀포시,2018,11,358692.8239
제주특별자치도,서귀포시,2018,12,428298.4116
제주특별자치도,서귀포시,2019,1,489780.2588
제주특별자치도,서귀포시,2019,2,456463.4633
제주특별자치도,서귀포시,2019,3,424948.539
제주특별자치도,서귀포시,2019,4,408747.5393
제주특별자치도,서귀포시,2019,5,398688.7421
제주특별자치도,서귀포시,2019,6,392562.3802
제주특별자치도,서귀포시,2019,7,411222.637
제주특별자치도,서귀포시,2019,8,423879.2967
제주특별자치도,서귀포시,2019,9,408822.7822
제주특별자치도,서귀포시,2019,10,441597.0363
제주특별자치도,서귀포시,2019,11,424671.328
제주특별자치도,서귀포시,2019,12,382859.9971
제주특별자치도,서귀포시,2020,1,315630.8716
제주특별자치도,서귀포시,2020,2,407558.3629
제주특별자치도,서귀포시,2020,3,396116.7438
제주특별자치도,서귀포시,2020,4,430441.6011
제주특별자치도,서귀포시,2020,5,380729.7389
제주특별자치도,서귀포시,2020,6,424523.5223
제주특별자치도,서귀포시,2020,7,380729.7389
제주특별자치도,서귀포시,2020,8,382702.4318
제주특별자치도,서귀포시,2020,9,393749.5123
제주특별자치도,서귀포시,2020,10,404402.0542
제주특별자치도,서귀포시,2020,11,417816.3663
제주특별자치도,서귀포시,2020,12,409531.0559
제주특별자치도,서귀포시,2021,1,364753.7793
제주특별자치도,서귀포시,2021,2,402764.9626
제주특별자치도,서귀포시,2021,3,413131.649
제주특별자치도,서귀포시,2021,4,406604.4761
제주특별자치도,서귀포시,2021,5,419274.8705
제주특별자치도,서귀포시,2021,6,400461.2546
제주특별자치도,서귀포시,2021,7,414283.503
제주특별자치도,서귀포시,2021,8,405836.5734
제주특별자치도,서귀포시,2021,9,404684.7194
제주특별자치도,서귀포시,2021,10,410827.9409
제주특별자치도,서귀포시,2021,11,401997.0599
제주특별자치도,서귀포시,2021,12,416587.2111
제주특별자치도,소계,2010,1,1154449.264
제주특별자치도,소계,2010,2,1095275.988
제주특별자치도,소계,2010,3,986995.2021
제주특별자치도,소계,2010,4,972218.6596
제주특별자치도,소계,2010,5,1004013.055
제주특별자치도,소계,2010,6,1255133.753
제주특별자치도,소계,2010,7,968232.6167
제주특별자치도,소계,2010,8,961226.8445
제주특별자치도,소계,2010,9,1007945.414
제주특별자치도,소계,2010,10,997503.8605
제주특별자치도,소계,2010,11,1005502.788
제주특별자치도,소계,2010,12,971896.5551
제주특별자치도,소계,2011,1,1029542.4
제주특별자치도,소계,2011,2,1123226.082
제주특별자치도,소계,2011,3,1076344.045
제주특별자치도,소계,2011,4,1072404.828
제주특별자치도,소계,2011,5,1034767.891
제주특별자치도,소계,2011,6,1110296.341
제주특별자치도,소계,2011,7,1046424.757
제주특별자치도,소계,2011,8,1064981.951
제주특별자치도,소계,2011,9,1142279.028
제주특별자치도,소계,2011,10,1137348.308
제주특별자치도,소계,2011,11,1201621.852
제주특별자치도,소계,2011,12,1192738.517
제주특별자치도,소계,2012,1,1092560.035
제주특별자치도,소계,2012,2,1117455.715
제주특별자치도,소계,2012,3,1215312.045
제주특별자치도,소계,2012,4,1209749.224
제주특별자치도,소계,2012,5,1236097.267
제주특별자치도,소계,2012,6,1210461.704
제주특별자치도,소계,2012,7,1127622.251
제주특별자치도,소계,2012,8,1182332.462
제주특별자치도,소계,2012,9,1130211.84
제주특별자치도,소계,2012,10,1244003.05
제주특별자치도,소계,2012,11,1149147.355
제주특별자치도,소계,2012,12,1152696.052
제주특별자치도,소계,2013,1,1345036.238
제주특별자치도,소계,2013,2,1175605.017
제주특별자치도,소계,2013,3,1142437.043
제주특별자치도,소계,2013,4,1187862.747
제주특별자치도,소계,2013,5,1170821.175
제주특별자치도,소계,2013,6,1191315.433
제주특별자치도,소계,2013,7,1212170.213
제주특별자치도,소계,2013,8,1208051.949
제주특별자치도,소계,2013,9,1217786.028
제주특별자치도,소계,2013,10,1248194.627
제주특별자치도,소계,2013,11,1231166.921
제주특별자치도,소계,2013,12,1432989.608
제주특별자치도,소계,2014,1,1257544.744
제주특별자치도,소계,2014,2,1257588.461
제주특별자치도,소계,2014,3,1253027.282
제주특별자치도,소계,2014,4,1290638.794
제주특별자치도,소계,2014,5,1339631.394
제주특별자치도,소계,2014,6,1316636.057
제주특별자치도,소계,2014,7,1307834.293
제주특별자치도,소계,2014,8,1238207.094
제주특별자치도,소계,2014,9,1241179.875
제주특별자치도,소계,2014,10,1456240.194
제주특별자치도,소계,2014,11,1453296.558
제주특별자치도,소계,2014,12,1374095.255
제주특별자치도,소계,2015,1,1503026.998
제주특별자치도,소계,2015,2,1533287.247
제주특별자치도,소계,2015,3,1446573.038
제주특별자치도,소계,2015,4,1503229.602
제주특별자치도,소계,2015,5,1394778.953
제주특별자치도,소계,2015,6,1370235.012
제주특별자치도,소계,2015,7,1323520.481
제주특별자치도,소계,2015,8,1415545.791
제주특별자치도,소계,2015,9,1395328.877
제주특별자치도,소계,2015,10,1502390.245
제주특별자치도,소계,2015,11,1278933.285
제주특별자치도,소계,2015,12,1279859.471
제주특별자치도,소계,2016,1,1507269.339
제주특별자치도,소계,2016,2,1528273.185
제주특별자치도,소계,2016,3,1534007.127
제주특별자치도,소계,2016,4,1477533.211
제주특별자치도,소계,2016,5,1556711.063
제주특별자치도,소계,2016,6,1477950.506
제주특별자치도,소계,2016,7,1472479.305
제주특별자치도,소계,2016,8,1617728.857
제주특별자치도,소계,2016,9,1562398.638
제주특별자치도,소계,2016,10,1518443.571
제주특별자치도,소계,2016,11,1510298.592
제주특별자치도,소계,2016,12,1544748.608
제주특별자치도,소계,2017,1,1570430.126
제주특별자치도,소계,2017,2,1613408.309
제주특별자치도,소계,2017,3,1588591.163
제주특별자치도,소계,2017,4,1558631.33
제주특별자치도,소계,2017,5,1631348.945
제주특별자치도,소계,2017,6,1531757.109
제주특별자치도,소계,2017,7,1653638.826
제주특별자치도,소계,2017,8,1598509.205
제주특별자치도,소계,2017,9,1557896.66
제주특별자치도,소계,2017,10,1556265.693
제주특별자치도,소계,2017,11,1600639.748
제주특별자치도,소계,2017,12,1683539.886
제주특별자치도,소계,2018,1,1655159.125
제주특별자치도,소계,2018,2,1626076.308
제주특별자치도,소계,2018,3,1631328.771
제주특별자치도,소계,2018,4,1592762.739
제주특별자치도,소계,2018,5,1549304.001
제주특별자치도,소계,2018,6,1615326.746
제주특별자치도,소계,2018,7,1683033.157
제주특별자치도,소계,2018,8,1667952.111
제주특별자치도,소계,2018,9,1591697.856
제주특별자치도,소계,2018,10,1542684.458
제주특별자치도,소계,2018,11,1282090.325
제주특별자치도,소계,2018,12,1530884.404
제주특별자치도,소계,2019,1,1855561.68
제주특별자치도,소계,2019,2,1729339.016
제주특별자치도,소계,2019,3,1609942.848
제주특별자치도,소계,2019,4,1548564.396
제주특별자치도,소계,2019,5,1510456.044
제주특별자치도,소계,2019,6,1487245.957
제주특별자치도,소계,2019,7,1557941.451
제주특별자치도,소계,2019,8,1605891.96
제주특별자치도,소계,2019,9,1548849.458
제주특별자치도,소계,2019,10,1673016.672
제주특별자치도,소계,2019,11,1608892.618
제주특별자치도,소계,2019,12,1450487.901
제주특별자치도,소계,2020,1,1194776.78
제주특별자치도,소계,2020,2,1542755.517
제주특별자치도,소계,2020,3,1499444.859
제주특별자치도,소계,2020,4,1629376.833
제주특별자치도,소계,2020,5,1441199.491
제주특별자치도,소계,2020,6,1606974.769
제주특별자치도,소계,2020,7,1441199.491
제주특별자치도,소계,2020,8,1448666.845
제주특별자치도,소계,2020,9,1490484.033
제주특별자치도,소계,2020,10,1530807.749
제주특별자치도,소계,2020,11,1581585.762
제주특별자치도,소계,2020,12,1550222.872
제주특별자치도,소계,2021,1,1363586.976
제주특별자치도,소계,2021,2,1505687.092
제주특별자치도,소계,2021,3,1544441.669
제주특별자치도,소계,2021,4,1520040.639
제주특별자치도,소계,2021,5,1567407.345
제주특별자치도,소계,2021,6,1497074.964
제주특별자치도,소계,2021,7,1548747.734
제주특별자치도,소계,2021,8,1517169.93
제주특별자치도,소계,2021,9,1512863.866
제주특별자치도,소계,2021,10,1535829.541
제주특별자치도,소계,2021,11,1502816.383
제주특별자치도,소계,2021,12,1557359.862
제주특별자치도,제주시,2010,1,811626.9758
제주특별자치도,제주시,2010,2,770025.6443
제주특별자치도,제주시,2010,3,693899.6423
제주특별자치도,제주시,2010,4,683511.1038
제주특별자치도,제주시,2010,5,705863.9172
제주특별자치도,제주시,2010,6,882412.4576
제주특별자치도,제주시,2010,7,680708.746
제주특별자치도,제주시,2010,8,675783.3899
제주특별자치도,제주시,2010,9,708628.5328
제주특별자치도,제주시,2010,10,701287.6764
제주특별자치도,제주시,2010,11,706911.2631
제주특별자치도,제주시,2010,12,683284.6507
제주특별자치도,제주시,2011,1,716122.3438
제주특별자치도,제주시,2011,2,781286.2244
제주특별자치도,제주시,2011,3,748676.3248
제주특별자치도,제주시,2011,4,745936.3103
제주특별자치도,제주시,2011,5,719757.0568
제주특별자치도,제주시,2011,6,772292.6396
제주특별자치도,제주시,2011,7,727865.2628
제주특별자치도,제주시,2011,8,740773.1539
제주특별자치도,제주시,2011,9,794538.9473
제주특별자치도,제주시,2011,10,791109.2694
제주특별자치도,제주시,2011,11,835816.2396
제주특별자치도,제주시,2011,12,829637.2274
제주특별자치도,제주시,2012,1,770083.9197
제주특별자치도,제주시,2012,2,787631.4803
제주특별자치도,제주시,2012,3,856604.8858
제주특별자치도,제주시,2012,4,852683.9669
제주특별자치도,제주시,2012,5,871255.2157
제주특별자치도,제주시,2012,6,853186.1535
제주특별자치도,제주시,2012,7,794797.2975
제주특별자치도,제주시,2012,8,833359.4381
제주특별자치도,제주시,2012,9,796622.5529
제주특별자치도,제주시,2012,10,876827.556
제주특별자치도,제주시,2012,11,809969.1289
제주특별자치도,제주시,2012,12,812470.4048
제주특별자치도,제주시,2013,1,945505.7923
제주특별자치도,제주시,2013,2,826402.5328
제주특별자치도,제주시,2013,3,803086.7953
제주특별자치도,제주시,2013,4,835019.2184
제주특별자치도,제주시,2013,5,823039.686
제주특별자치도,제주시,2013,6,837446.3165
제주특별자치도,제주시,2013,7,852106.3789
제주특별자치도,제주시,2013,8,849211.4064
제주특별자치도,제주시,2013,9,856054.0685
제주특별자치도,제주시,2013,10,877430.0771
제주특별자치도,제주시,2013,11,865460.2921
제주특별자치도,제주시,2013,12,1007333.436
제주특별자치도,제주시,2014,1,896799.6442
제주특별자치도,제주시,2014,2,896830.8206
제주특별자치도,제주시,2014,3,893578.0825
제주특별자치도,제주시,2014,4,920400.1818
제주특별자치도,제주시,2014,5,955338.5382
제주특별자치도,제주시,2014,6,938939.7499
제주특별자치도,제주시,2014,7,932662.9006
제주특별자치도,제주시,2014,8,883009.2817
제주특별자치도,제주시,2014,9,885129.2771
제주특별자치도,제주시,2014,10,1038496.399
제주특별자치도,제주시,2014,11,1036397.188
제주특별자치도,제주시,2014,12,979915.9365
제주특별자치도,제주시,2015,1,1080124.683
제주특별자치도,제주시,2015,2,1101870.694
제주특별자치도,제주시,2015,3,1039555.009
제주특별자치도,제주시,2015,4,1080270.28
제주특별자치도,제주시,2015,5,1002334.074
제주특별자치도,제주시,2015,6,984695.9897
제주특별자치도,제주시,2015,7,951125.39
제주특별자치도,제주시,2015,8,1017257.807
제주특별자치도,제주시,2015,9,1002729.267
제주특별자치도,제주시,2015,10,1079667.091
제주특별자치도,제주시,2015,11,919083.5631
제주특별자치도,제주시,2015,12,919749.1512
제주특별자치도,제주시,2016,1,1083366.679
제주특별자치도,제주시,2016,2,1098463.428
제주특별자치도,제주시,2016,3,1102584.762
제주특별자치도,제주시,2016,4,1061993.504
제주특별자치도,제주시,2016,5,1118903.47
제주특별자치도,제주시,2016,6,1062293.44
제주특별자치도,제주시,2016,7,1058360.953
제주특별자치도,제주시,2016,8,1162760.691
제주특별자치도,제주시,2016,9,1122991.479
제주특별자치도,제주시,2016,10,1091398.283
제주특별자치도,제주시,2016,11,1085543.988
제주특별자치도,제주시,2016,12,1110305.322
제주특별자치도,제주시,2017,1,1107075.132
제주특별자치도,제주시,2017,2,1137372.613
제주특별자치도,제주시,2017,3,1119877.759
제주특별자치도,제주시,2017,4,1098757.567
제주특별자치도,제주시,2017,5,1150019.869
제주특별자치도,제주시,2017,6,1079812.578
제주특별자치도,제주시,2017,7,1165733.126
제주특별자치도,제주시,2017,8,1126869.486
제주특별자치도,제주시,2017,9,1098239.661
제주특별자치도,제주시,2017,10,1097089.911
제주특별자치도,제주시,2017,11,1128371.412
제주특별자치도,제주시,2017,12,1186811.887
제주특별자치도,제주시,2018,1,1192396.501
제주특별자치도,제주시,2018,2,1171444.89
제주특별자치도,제주시,2018,3,1175228.828
제주특별자치도,제주시,2018,4,1147445.395
제주특별자치도,제주시,2018,5,1116137.199
제주특별자치도,제주시,2018,6,1163700.777
제주특별자치도,제주시,2018,7,1212477.288
제주특별자치도,제주시,2018,8,1201612.722
제주특별자치도,제주시,2018,9,1146678.241
제주특별자치도,제주시,2018,10,1111368.401
제주특별자치도,제주시,2018,11,923633.2594
제주특별자치도,제주시,2018,12,1102867.5
제주특별자치도,제주시,2019,1,1366960.261
제주특별자치도,제주시,2019,2,1273974.203
제주특별자치도,제주시,2019,3,1186017.107
제주특별자치도,제주시,2019,4,1140800.661
제주특별자치도,제주시,2019,5,1112726.895
제주특별자치도,제주시,2019,6,1095628.425
제주특별자치도,제주시,2019,7,1147708.575
제주특별자치도,제주시,2019,8,1183032.888
제주특별자치도,제주시,2019,9,1141010.661
제주특별자치도,제주시,2019,10,1232482.504
제주특별자치도,제주시,2019,11,1185243.42
제주특별자치도,제주시,2019,12,1068549.399
제주특별자치도,제주시,2020,1,879898.6693
제주특별자치도,제주시,2020,2,1136169.157
제주특별자치도,제주시,2020,3,1104272.83
제주특별자치도,제주시,2020,4,1199961.81
제주특별자치도,제주시,2020,5,1061377.77
제주특별자치도,제주시,2020,6,1183463.71
제주특별자치도,제주시,2020,7,1061377.77
제주특별자치도,제주시,2020,8,1066877.137
제주특별자치도,제주시,2020,9,1097673.59
제주특별자치도,제주시,2020,10,1127370.17
제주특별자치도,제주시,2020,11,1164765.864
제주특별자치도,제주시,2020,12,1141668.523
제주특별자치도,제주시,2021,1,999547.516
제주특별자치도,제주시,2021,2,1103710.889
제주특별자치도,제주시,2021,3,1132119.081
제주특별자치도,제주시,2021,4,1114232.442
제주특별자치도,제주시,2021,5,1148953.566
제주특별자치도,제주시,2021,6,1097397.957
제주특별자치도,제주시,2021,7,1135275.547
제주특별자치도,제주시,2021,8,1112128.131
제주특별자치도,제주시,2021,9,1108971.665
제주특별자치도,제주시,2021,10,1125806.15
제주특별자치도,제주시,2021,11,1101606.578
제주특별자치도,제주시,2021,12,1141588.479
충청남도,계룡시,2010,1,89479.35729
충청남도,계룡시,2010,2,92751.33955
충청남도,계룡시,2010,3,95384.41404
충청남도,계룡시,2010,4,95709.67619
충청남도,계룡시,2010,5,93616.12382
충청남도,계룡시,2010,6,96584.78624
충청남도,계룡시,2010,7,96941.02573
충청남도,계룡시,2010,8,98704.15305
충청남도,계룡시,2010,9,98718.351
충청남도,계룡시,2010,10,98900.34292
충청남도,계룡시,2010,11,99774.16225
충청남도,계룡시,2010,12,98034.26793
충청남도,계룡시,2011,1,96052.59546
충청남도,계룡시,2011,2,96696.73952
충청남도,계룡시,2011,3,96117.87201
충청남도,계룡시,2011,4,95866.61887
충청남도,계룡시,2011,5,97685.74083
충청남도,계룡시,2011,6,98465.36453
충청남도,계룡시,2011,7,98871.80342
충청남도,계룡시,2011,8,94187.90307
충청남도,계룡시,2011,9,99852.1833
충청남도,계룡시,2011,10,101076.4265
충청남도,계룡시,2011,11,98875.49832
충청남도,계룡시,2011,12,97869.25415
충청남도,계룡시,2012,1,100611.6833
충청남도,계룡시,2012,2,105378.8235
충청남도,계룡시,2012,3,103443.5482
충청남도,계룡시,2012,4,105740.9803
충청남도,계룡시,2012,5,100717.3124
충청남도,계룡시,2012,6,100479.647
충청남도,계룡시,2012,7,98922.87576
충청남도,계룡시,2012,8,96050.77121
충청남도,계룡시,2012,9,98423.65268
충청남도,계룡시,2012,10,101346.0568
충청남도,계룡시,2012,11,99811.92038
충청남도,계룡시,2012,12,99737.72853
충청남도,계룡시,2013,1,102656.643
충청남도,계룡시,2013,2,101218.7816
충청남도,계룡시,2013,3,100448.0583
충청남도,계룡시,2013,4,102030.1991
충청남도,계룡시,2013,5,102000.6033
충청남도,계룡시,2013,6,103226.3616
충청남도,계룡시,2013,7,104284.4106
충청남도,계룡시,2013,8,105007.0407
충청남도,계룡시,2013,9,103077.1496
충청남도,계룡시,2013,10,109278.6975
충청남도,계룡시,2013,11,107096.0091
충청남도,계룡시,2013,12,107075.0455
충청남도,계룡시,2014,1,103153.6402
충청남도,계룡시,2014,2,102139.1373
충청남도,계룡시,2014,3,102071.3423
충청남도,계룡시,2014,4,104126.9819
충청남도,계룡시,2014,5,99430.97135
충청남도,계룡시,2014,6,102025.3386
충청남도,계룡시,2014,7,102768.6618
충청남도,계룡시,2014,8,103618.5198
충청남도,계룡시,2014,9,102674.2331
충청남도,계룡시,2014,10,102125.8204
충청남도,계룡시,2014,11,102308.6246
충청남도,계룡시,2014,12,108815.7287
충청남도,계룡시,2015,1,112595.3998
충청남도,계룡시,2015,2,114523.8235
충청남도,계룡시,2015,3,112471.3644
충청남도,계룡시,2015,4,111755.8761
충청남도,계룡시,2015,5,106571.1973
충청남도,계룡시,2015,6,114175.2188
충청남도,계룡시,2015,7,112505.3109
충청남도,계룡시,2015,8,116533.1966
충청남도,계룡시,2015,9,115214.5047
충청남도,계룡시,2015,10,110229.5881
충청남도,계룡시,2015,11,113030.1764
충청남도,계룡시,2015,12,112582.3434
충청남도,계룡시,2016,1,112206.1642
충청남도,계룡시,2016,2,113867.3017
충청남도,계룡시,2016,3,114453.2819
충청남도,계룡시,2016,4,113809.22
충청남도,계룡시,2016,5,117621.9631
충청남도,계룡시,2016,6,112509.4799
충청남도,계룡시,2016,7,114362.9325
충청남도,계룡시,2016,8,116228.0015
충청남도,계룡시,2016,9,117802.6618
충청남도,계룡시,2016,10,122274.9553
충청남도,계룡시,2016,11,126600.1083
충청남도,계룡시,2016,12,125888.9298
충청남도,계룡시,2017,1,107751.1975
충청남도,계룡시,2017,2,110481.9992
충청남도,계룡시,2017,3,115362.418
충청남도,계룡시,2017,4,113540.0594
충청남도,계룡시,2017,5,114096.0703
충청남도,계룡시,2017,6,112553.9061
충청남도,계룡시,2017,7,114551.3863
충청남도,계룡시,2017,8,114761.5322
충청남도,계룡시,2017,9,111729.7403
충청남도,계룡시,2017,10,122276.4359
충청남도,계룡시,2017,11,116651.7505
충청남도,계룡시,2017,12,114946.5043
충청남도,계룡시,2018,1,118090.1618
충청남도,계룡시,2018,2,118930.2001
충청남도,계룡시,2018,3,118113.9161
충청남도,계룡시,2018,4,116527.777
충청남도,계룡시,2018,5,113775.5179
충청남도,계룡시,2018,6,114502.1834
충청남도,계룡시,2018,7,116256.7621
충청남도,계룡시,2018,8,120754.9619
충청남도,계룡시,2018,9,113683.7399
충청남도,계룡시,2018,10,114934.0797
충청남도,계룡시,2018,11,111775.8381
충청남도,계룡시,2018,12,114673.8622
충청남도,계룡시,2019,1,114275.4841
충청남도,계룡시,2019,2,110812.6571
충청남도,계룡시,2019,3,109457.7808
충청남도,계룡시,2019,4,110509.0157
충청남도,계룡시,2019,5,112502.9639
충청남도,계룡시,2019,6,110632.8839
충청남도,계룡시,2019,7,115004.4426
충청남도,계룡시,2019,8,111277.4367
충청남도,계룡시,2019,9,115119.5413
충청남도,계룡시,2019,10,110339.1081
충청남도,계룡시,2019,11,107766.3778
충청남도,계룡시,2019,12,116735.308
충청남도,계룡시,2020,1,120729.6957
충청남도,계룡시,2020,2,116497.9331
충청남도,계룡시,2020,3,124588.0674
충청남도,계룡시,2020,4,116000.0787
충청남도,계룡시,2020,5,107785.4809
충청남도,계룡시,2020,6,116995.7875
충청남도,계룡시,2020,7,118240.4236
충청남도,계룡시,2020,8,124214.6766
충청남도,계룡시,2020,9,132304.8108
충청남도,계룡시,2020,10,137283.355
충청남도,계룡시,2020,11,139399.2362
충청남도,계룡시,2020,12,138652.4546
충청남도,계룡시,2021,1,122986.4354
충청남도,계룡시,2021,2,126115.0377
충청남도,계룡시,2021,3,120073.5987
충청남도,계룡시,2021,4,120828.7786
충청남도,계룡시,2021,5,116944.9964
충청남도,계룡시,2021,6,119534.1845
충청남도,계룡시,2021,7,120181.4816
충청남도,계룡시,2021,8,121044.5443
충청남도,계룡시,2021,9,122015.4898
충청남도,계룡시,2021,10,116944.9964
충청남도,계룡시,2021,11,121260.31
충청남도,계룡시,2021,12,124173.1466
충청남도,공주시,2010,1,256948.3321
충청남도,공주시,2010,2,266344.1348
충청남도,공주시,2010,3,273905.2541
충청남도,공주시,2010,4,274839.2747
충청남도,공주시,2010,5,268827.4436
충청남도,공주시,2010,6,277352.235
충청남도,공주시,2010,7,278375.21
충청남도,공주시,2010,8,283438.1948
충청남도,공주시,2010,9,283478.9655
충청남도,공주시,2010,10,284001.5723
충청남도,공주시,2010,11,286510.8261
충청남도,공주시,2010,12,281514.5571
충청남도,공주시,2011,1,297464.1528
충청남도,공주시,2011,2,299458.995
충청남도,공주시,2011,3,297666.307
충청남도,공주시,2011,4,296888.2041
충청남도,공주시,2011,5,302521.8215
충청남도,공주시,2011,6,304936.229
충청남도,공주시,2011,7,306194.9248
충청남도,공주시,2011,8,291689.4089
충청남도,공주시,2011,9,309231.0517
충청남도,공주시,2011,10,313022.3961
충청남도,공주시,2011,11,306206.3675
충청남도,공주시,2011,12,303090.1417
충청남도,공주시,2012,1,261738.0532
충청남도,공주시,2012,2,274139.615
충청남도,공주시,2012,3,269105.0585
충청남도,공주시,2012,4,275081.7542
충청남도,공주시,2012,5,262012.8438
충청남도,공주시,2012,6,261394.565
충청남도,공주시,2012,7,257344.6748
충청남도,공주시,2012,8,249872.9874
충청남도,공주시,2012,9,256045.9621
충청남도,공주시,2012,10,263648.5022
충청남도,공주시,2012,11,259657.4958
충청남도,공주시,2012,12,259464.4881
충청남도,공주시,2013,1,258358.1902
충청남도,공주시,2013,2,254739.4934
충청남도,공주시,2013,3,252799.7975
충청남도,공주시,2013,4,256781.6053
충청남도,공주시,2013,5,256707.121
충청남도,공주시,2013,6,259792.0134
충청남도,공주시,2013,7,262454.828
충청남도,공주시,2013,8,264273.487
충청남도,공주시,2013,9,259416.4883
충청남도,공주시,2013,10,275024.0578
충청남도,공주시,2013,11,269530.8389
충청남도,공주시,2013,12,269478.0791
충청남도,공주시,2014,1,256513.1128
충청남도,공주시,2014,2,253990.339
충청남도,공주시,2014,3,253821.7526
충청남도,공주시,2014,4,258933.5306
충청남도,공주시,2014,5,247255.9177
충청남도,공주시,2014,6,253707.3548
충청남도,공주시,2014,7,255555.7833
충청남도,공주시,2014,8,257669.1332
충청남도,공주시,2014,9,255320.9667
충청남도,공주시,2014,10,253957.2238
충청남도,공주시,2014,11,254411.8048
충청남도,공주시,2014,12,270593.0807
충청남도,공주시,2015,1,266241.8545
충청남도,공주시,2015,2,270801.7842
충청남도,공주시,2015,3,265948.5618
충청남도,공주시,2015,4,264256.726
충청남도,공주시,2015,5,251997.091
충청남도,공주시,2015,6,269977.4774
충청남도,공주시,2015,7,266028.8314
충청남도,공주시,2015,8,275553.126
충청남도,공주시,2015,9,272434.9615
충청남도,공주시,2015,10,260647.6821
충청남도,공주시,2015,11,267269.9226
충청남도,공주시,2015,12,266210.9816
충청남도,공주시,2016,1,267765.1792
충청남도,공주시,2016,2,271729.2644
충청남도,공주시,2016,3,273127.6286
충청남도,공주시,2016,4,271590.66
충청남도,공주시,2016,5,280689.2674
충청남도,공주시,2016,6,268489.002
충청남도,공주시,2016,7,272912.0218
충청남도,공주시,2016,8,277362.7624
충청남도,공주시,2016,9,281120.4811
충청남도,공주시,2016,10,291793.0182
충청남도,공주시,2016,11,302114.4243
충청남도,공주시,2016,12,300417.2907
충청남도,공주시,2017,1,267562.6337
충청남도,공주시,2017,2,274343.6303
충청남도,공주시,2017,3,286462.4534
충청남도,공주시,2017,4,281937.2593
충청남도,공주시,2017,5,283317.9192
충청남도,공주시,2017,6,279488.4906
충청남도,공주시,2017,7,284448.5382
충청남도,공주시,2017,8,284970.3624
충청남도,공주시,2017,9,277441.9614
충청남도,공주시,2017,10,303631.0127
충청남도,공주시,2017,11,289664.0623
충청남도,공주시,2017,12,285429.6764
충청남도,공주시,2018,1,285713.0409
충청남도,공주시,2018,2,287745.4701
충청남도,공주시,2018,3,285770.5132
충청남도,공주시,2018,4,281932.9316
충청남도,공주시,2018,5,275273.9831
충청남도,공주시,2018,6,277032.1127
충청남도,공주시,2018,7,281277.2251
충청남도,공주시,2018,8,292160.3869
충청남도,공주시,2018,9,275051.9311
충청남도,공주시,2018,10,278077.0634
충청남도,공주시,2018,11,270435.8612
충청남도,공주시,2018,12,277447.4806
충청남도,공주시,2019,1,291520.0254
충청남도,공주시,2019,2,282686.2547
충청남도,공주시,2019,3,279229.9265
충청남도,공주시,2019,4,281911.6569
충청남도,공주시,2019,5,286998.2757
충청남도,공주시,2019,6,282227.648
충청남도,공주시,2019,7,293379.6194
충청남도,공주시,2019,8,283871.9206
충청남도,공주시,2019,9,293673.2395
충청남도,공주시,2019,10,281478.2177
충청남도,공주시,2019,11,274915.1091
충청남도,공주시,2019,12,297795.1065
충청남도,공주시,2020,1,273154.4426
충청남도,공주시,2020,2,263579.957
충청남도,공주시,2020,3,281884.1207
충청남도,공주시,2020,4,262453.5469
충청남도,공주시,2020,5,243867.7807
충청남도,공주시,2020,6,264706.367
충청남도,공주시,2020,7,267522.3922
충청남도,공주시,2020,8,281039.3131
충청남도,공주시,2020,9,299343.4768
충청남도,공주시,2020,10,310607.5775
충청남도,공주시,2020,11,315394.8203
충청남도,공주시,2020,12,313705.2052
충청남도,공주시,2021,1,299381.7013
충청남도,공주시,2021,2,306997.5516
충청남도,공주시,2021,3,292291.0821
충청남도,공주시,2021,4,294129.3908
충청남도,공주시,2021,5,284675.2318
충청남도,공주시,2021,6,290978.0045
충청남도,공주시,2021,7,292553.6976
충청남도,공주시,2021,8,294654.6218
충청남도,공주시,2021,9,297018.1616
충청남도,공주시,2021,10,284675.2318
충청남도,공주시,2021,11,295179.8529
충청남도,공주시,2021,12,302270.4721
충청남도,금산군,2010,1,165009.9544
충청남도,금산군,2010,2,171043.8561
충청남도,금산군,2010,3,175899.5403
충청남도,금산군,2010,4,176499.3601
충청남도,금산군,2010,5,172638.6151
충청남도,금산군,2010,6,178113.1611
충청남도,금산군,2010,7,178770.1066
충청남도,금산군,2010,8,182021.5108
충청남도,금산군,2010,9,182047.6934
충청남도,금산군,2010,10,182383.3069
충청남도,금산군,2010,11,183994.7276
충청남도,금산군,2010,12,180786.1676
충청남도,금산군,2011,1,172436.1089
충청남도,금산군,2011,2,173592.493
충청남도,금산군,2011,3,172553.295
충청남도,금산군,2011,4,172102.2389
충청남도,금산군,2011,5,175367.9738
충청남도,금산군,2011,6,176767.5745
충청남도,금산군,2011,7,177497.2241
충청남도,금산군,2011,8,169088.5648
충청남도,금산군,2011,9,179257.2275
충청남도,금산군,2011,10,181455.0206
충청남도,금산군,2011,11,177503.8573
충청남도,금산군,2011,12,175697.4217
충청남도,금산군,2012,1,173773.1263
충청남도,금산군,2012,2,182006.7712
충청남도,금산군,2012,3,178664.2285
충청남도,금산군,2012,4,182632.2762
충청남도,금산군,2012,5,173955.5653
충청남도,금산군,2012,6,173545.0776
충청남도,금산군,2012,7,170856.2746
충청남도,금산군,2012,8,165895.6719
충청남도,금산군,2012,9,169994.0332
충청남도,금산군,2012,10,175041.5116
충청남도,금산군,2012,11,172391.8026
충청남도,금산군,2012,12,172263.661
충청남도,금산군,2013,1,183750.7651
충청남도,금산군,2013,2,181177.058
충청남도,금산군,2013,3,179797.498
충청남도,금산군,2013,4,182629.4587
충청남도,금산군,2013,5,182576.4836
충청남도,금산군,2013,6,184770.5358
충청남도,금산군,2013,7,186664.3957
충청남도,금산군,2013,8,187957.8711
충청남도,금산군,2013,9,184503.453
충청남도,금산군,2013,10,195603.9442
충청남도,금산군,2013,11,191697.0304
충청남도,금산군,2013,12,191659.5064
충청남도,금산군,2014,1,186413.4911
충청남도,금산군,2014,2,184580.1381
충청남도,금산군,2014,3,184457.6229
충청남도,금산군,2014,4,188172.4598
충청남도,금산군,2014,5,179686.0921
충청남도,금산군,2014,6,184374.4876
충청남도,금산군,2014,7,185717.7796
충청남도,금산군,2014,8,187253.5956
충청남도,금산군,2014,9,185547.1334
충청남도,금산군,2014,10,184556.0727
충청남도,금산군,2014,11,184886.4262
충청남도,금산군,2014,12,196645.7009
충청남도,금산군,2015,1,188235.9153
충청남도,금산군,2015,2,191459.8357
충청남도,금산군,2015,3,188028.5541
충청남도,금산군,2015,4,186832.4076
충청남도,금산군,2015,5,178164.711
충청남도,금산군,2015,6,190877.0417
충청남도,금산군,2015,7,188085.3056
충청남도,금산군,2015,8,194819.0865
충청남도,금산군,2015,9,192614.5099
충청남도,금산군,2015,10,184280.774
충청남도,금산군,2015,11,188962.7707
충청남도,금산군,2015,12,188214.0878
충청남도,금산군,2016,1,169737.3464
충청남도,금산군,2016,2,172250.1949
충청남도,금산군,2016,3,173136.6231
충청남도,금산군,2016,4,172162.333
충청남도,금산군,2016,5,177929.9742
충청남도,금산군,2016,6,170196.1805
충청남도,금산군,2016,7,172999.9492
충청남도,금산군,2016,8,175821.2903
충청남도,금산군,2016,9,178203.3222
충청남도,금산군,2016,10,184968.6833
충청남도,금산군,2016,11,191511.4611
충청남도,금산군,2016,12,190435.6418
충청남도,금산군,2017,1,167016.7454
충청남도,금산군,2017,2,171249.5487
충청남도,금산군,2017,3,178814.306
충청남도,금산군,2017,4,175989.6097
충청남도,금산군,2017,5,176851.4389
충청남도,금산군,2017,6,174461.0503
충청남도,금산군,2017,7,177557.1889
충청남도,금산군,2017,8,177882.9197
충청남도,금산군,2017,9,173183.575
충청남도,금산군,2017,10,189531.187
충청남도,금산군,2017,11,180812.7999
충청남도,금산군,2017,12,178169.6306
충청남도,금산군,2018,1,180033.7143
충청남도,금산군,2018,2,181314.39
충청남도,금산군,2018,3,180069.9287
충청남도,금산군,2018,4,177651.789
충청남도,금산군,2018,5,173455.8474
충청남도,금산군,2018,6,174563.6813
충청남도,금산군,2018,7,177238.6147
충청남도,금산군,2018,8,184096.3207
충청남도,금산군,2018,9,173315.9278
충청남도,금산군,2018,10,175222.1264
충청남도,금산군,2018,11,170407.2464
충청남도,금산군,2018,12,174825.4133
충청남도,금산군,2019,1,184970.442
충청남도,금산군,2019,2,179365.3846
충청남도,금산군,2019,3,177172.3327
충청남도,금산군,2019,4,178873.8996
충청남도,금산군,2019,5,182101.3765
충청남도,금산군,2019,6,179074.3971
충청남도,금산군,2019,7,186150.3606
충청남도,금산군,2019,8,180117.6936
충청남도,금산군,2019,9,186336.6636
충청남도,금산군,2019,10,178598.881
충청남도,금산군,2019,11,174434.5665
충청남도,금산군,2019,12,188952.0022
충청남도,금산군,2020,1,177738.7301
충청남도,금산군,2020,2,171508.7127
충청남도,금산군,2020,3,183419.04
충청남도,금산군,2020,4,170775.7695
충청남도,금산군,2020,5,158682.2065
충청남도,금산군,2020,6,172241.656
충청남도,금산군,2020,7,174074.014
충청남도,금산군,2020,8,182869.3326
충청남도,금산군,2020,9,194779.6599
충청남도,금산군,2020,10,202109.0921
충청남도,금산군,2020,11,205224.1007
충청남도,금산군,2020,12,204124.6859
충청남도,금산군,2021,1,180351.1337
충청남도,금산군,2021,2,184939.0134
충청남도,금산군,2021,3,176079.6595
충청남도,금산군,2021,4,177187.0788
충청남도,금산군,2021,5,171491.7798
충청남도,금산군,2021,6,175288.6458
충청남도,금산군,2021,7,176237.8623
충청남도,금산군,2021,8,177503.4842
충청남도,금산군,2021,9,178927.309
충청남도,금산군,2021,10,171491.7798
충청남도,금산군,2021,11,177819.8897
충청남도,금산군,2021,12,182091.364
충청남도,논산시,2010,1,242196.3798
충청남도,논산시,2010,2,251052.7494
충청남도,논산시,2010,3,258179.7687
충청남도,논산시,2010,4,259060.1652
충청남도,논산시,2010,5,253393.4861
충청남도,논산시,2010,6,261428.8511
충청남도,논산시,2010,7,262393.0949
충청남도,논산시,2010,8,267165.4029
충청남도,논산시,2010,9,267203.8329
충청남도,논산시,2010,10,267696.4357
충청남도,논산시,2010,11,270061.6279
충청남도,논산시,2010,12,265352.2053
충청남도,논산시,2011,1,262643.7363
충청남도,논산시,2011,2,264405.0672
충청남도,논산시,2011,3,262822.2268
충청남도,논산시,2011,4,262135.2067
충청남도,논산시,2011,5,267109.3668
충청남도,논산시,2011,6,269241.1497
충청남도,논산시,2011,7,270352.5057
충청남도,논산시,2011,8,257544.9696
충청남도,논산시,2011,9,273033.2312
충청남도,논산시,2011,10,276380.7702
충청남도,논산시,2011,11,270362.609
충청남도,논산시,2011,12,267611.1609
충청남도,논산시,2012,1,261696.6672
충청남도,논산시,2012,2,274096.268
충청남도,논산시,2012,3,269062.5076
충청남도,논산시,2012,4,275038.2583
충청남도,논산시,2012,5,261971.4143
충청남도,논산시,2012,6,261353.2332
충청남도,논산시,2012,7,257303.9835
충청남도,논산시,2012,8,249833.4774
충청남도,논산시,2012,9,256005.4761
충청남도,논산시,2012,10,263606.8141
충청남도,논산시,2012,11,259616.4387
충청남도,논산시,2012,12,259423.4615
충청남도,논산시,2013,1,278578.948
충청남도,논산시,2013,2,274677.029
충청남도,논산시,2013,3,272585.5201
충청남도,논산시,2013,4,276878.9696
충청남도,논산시,2013,5,276798.6557
충청남도,논산시,2013,6,280124.9914
충청남도,논산시,2013,7,282996.2149
충청남도,논산시,2013,8,284957.2136
충청남도,논산시,2013,9,279720.0753
충청남도,논산시,2013,10,296549.1926
충청남도,논산시,2013,11,290626.0394
충청남도,논산시,2013,12,290569.1503
충청남도,논산시,2014,1,283728.1893
충청남도,논산시,2014,2,280937.7587
충청남도,논산시,2014,3,280751.286
충청남도,논산시,2014,4,286405.4043
충청남도,논산시,2014,5,273488.8406
충청남도,논산시,2014,6,280624.7509
충청남도,논산시,2014,7,282669.2908
충청남도,논산시,2014,8,285006.8592
충청남도,논산시,2014,9,282409.561
충청남도,논산시,2014,10,280901.1301
충청남도,논산시,2014,11,281403.9404
충청남도,논산시,2014,12,299301.9889
충청남도,논산시,2015,1,294737.6033
충청남도,논산시,2015,2,299785.5803
충청남도,논산시,2015,3,294412.9196
충청남도,논산시,2015,4,292540.0073
충청남도,논산시,2015,5,278968.229
충청남도,논산시,2015,6,298873.0482
충청남도,논산시,2015,7,294501.7804
충청남도,논산시,2015,8,305045.4561
충청남도,논산시,2015,9,301593.5558
충청남도,논산시,2015,10,288544.689
충청남도,논산시,2015,11,295875.7051
충청남도,논산시,2015,12,294703.426
충청남도,논산시,2016,1,283426.573
충청남도,논산시,2016,2,287622.5147
충청남도,논산시,2016,3,289102.6682
충청남도,논산시,2016,4,287475.8035
충청남도,논산시,2016,5,297106.582
충청남도,논산시,2016,6,284192.7317
충청남도,논산시,2016,7,288874.4507
충청남도,논산시,2016,8,293585.512
충청남도,논산시,2016,9,297563.017
충청남도,논산시,2016,10,308859.7832
충청남도,논산시,2016,11,319784.8809
충청남도,논산시,2016,12,317988.4832
충청남도,논산시,2017,1,275999.0451
충청남도,논산시,2017,2,282993.8506
충청남도,논산시,2017,3,295494.7876
충청남도,논산시,2017,4,290826.9113
충청남도,논산시,2017,5,292251.1042
충청남도,논산시,2017,6,288300.9315
충청남도,논산시,2017,7,293417.3724
충청남도,논산시,2017,8,293955.65
충청남도,논산시,2017,9,286189.8739
충청남도,논산시,2017,10,313204.6819
충청남도,논산시,2017,11,298797.345
충청남도,논산시,2017,12,294429.4464
충청남도,논산시,2018,1,303204.568
충청남도,논산시,2018,2,305361.4238
충청남도,논산시,2018,3,303265.5588
충청남도,논산시,2018,4,299193.0382
충청남도,논산시,2018,5,292126.4247
충청남도,논산시,2018,6,293992.1881
충청남도,논산시,2018,7,298497.1888
충청남도,논산시,2018,8,310046.6245
충청남도,논산시,2018,9,291890.7785
충청남도,논산시,2018,10,295101.1114
충청남도,논산시,2018,11,286992.1101
충청남도,논산시,2018,12,294432.9851
충청남도,논산시,2019,1,325872.8883
충청남도,논산시,2019,2,315998.1417
충청남도,논산시,2019,3,312134.5182
충청남도,논산시,2019,4,315132.2649
충청남도,논산시,2019,5,320818.2934
충청남도,논산시,2019,6,315485.4926
충청남도,논산시,2019,7,327951.6178
충청남도,논산시,2019,8,317323.5271
충청남도,논산시,2019,9,328279.8382
충청남도,논산시,2019,10,314647.749
충청남도,논산시,2019,11,307311.2406
충청남도,논산시,2019,12,332887.4281
충청남도,논산시,2020,1,327189.177
충청남도,논산시,2020,2,315720.6904
충청남도,논산시,2020,3,337645.7383
충청남도,논산시,2020,4,314371.4567
충청남도,논산시,2020,5,292109.1003
충청남도,논산시,2020,6,317069.9241
충청남도,논산시,2020,7,320443.0084
충청남도,논산시,2020,8,336633.8131
충청남도,논산시,2020,9,358558.861
충청남도,논산시,2020,10,372051.1982
충청남도,논산시,2020,11,377785.4415
충청남도,논산시,2020,12,375761.5909
충청남도,논산시,2021,1,330451.9525
충청남도,논산시,2021,2,338858.1863
충청남도,논산시,2021,3,322625.4588
충청남도,논산시,2021,4,324654.5498
충청남도,논산시,2021,5,314219.225
충청남도,논산시,2021,6,321176.1082
충청남도,논산시,2021,7,322915.329
충청남도,논산시,2021,8,325234.29
충청남도,논산시,2021,9,327843.1212
충청남도,논산시,2021,10,314219.225
충청남도,논산시,2021,11,325814.0303
충청남도,논산시,2021,12,333640.5239
충청남도,당진시,2010,1,0
충청남도,당진시,2010,2,0
충청남도,당진시,2010,3,0
충청남도,당진시,2010,4,0
충청남도,당진시,2010,5,0
충청남도,당진시,2010,6,0
충청남도,당진시,2010,7,0
충청남도,당진시,2010,8,0
충청남도,당진시,2010,9,0
충청남도,당진시,2010,10,0
충청남도,당진시,2010,11,0
충청남도,당진시,2010,12,0
충청남도,당진시,2011,1,0
충청남도,당진시,2011,2,0
충청남도,당진시,2011,3,0
충청남도,당진시,2011,4,0
충청남도,당진시,2011,5,0
충청남도,당진시,2011,6,0
충청남도,당진시,2011,7,0
충청남도,당진시,2011,8,0
충청남도,당진시,2011,9,0
충청남도,당진시,2011,10,0
충청남도,당진시,2011,11,0
충청남도,당진시,2011,12,0
충청남도,당진시,2012,1,863347.6605
충청남도,당진시,2012,2,904254.4344
충청남도,당진시,2012,3,887647.8596
충청남도,당진시,2012,4,907362.0975
충청남도,당진시,2012,5,864254.0622
충청남도,당진시,2012,6,862214.6583
충청남도,당진시,2012,7,848856.0231
충청남도,당진시,2012,8,824210.5281
충청남도,당진시,2012,9,844572.1958
충청남도,당진시,2012,10,869649.3107
충청남도,당진시,2012,11,856484.9045
충청남도,당진시,2012,12,855848.2651
충청남도,당진시,2013,1,890428.9962
충청남도,당진시,2013,2,877957.1929
충청남도,당진시,2013,3,871272.0497
충청남도,당진시,2013,4,884995.3118
충청남도,당진시,2013,5,884738.6023
충청남도,당진시,2013,6,895370.6542
충청남도,당진시,2013,7,904548.0189
충청남도,당진시,2013,8,910816.0092
충청남도,당진시,2013,9,894076.4104
충청남도,당진시,2013,10,947867.7473
충청남도,당진시,2013,11,928935.4215
충청남도,당진시,2013,12,928753.5856
충청남도,당진시,2014,1,960946.3395
충청남도,당진시,2014,2,951495.5545
충청남도,당진시,2014,3,950863.9985
충청남도,당진시,2014,4,970013.6797
충청남도,당진시,2014,5,926267.1465
충청남도,당진시,2014,6,950435.4426
충청남도,당진시,2014,7,957360.0034
충청남도,당진시,2014,8,965277.0094
충청남도,당진시,2014,9,956480.3361
충청남도,당진시,2014,10,951371.4989
충청남도,당진시,2014,11,953074.4446
충청남도,당진시,2014,12,1013692.546
충청남도,당진시,2015,1,972174.6455
충청남도,당진시,2015,2,988825.1007
충청남도,당진시,2015,3,971103.6955
충청남도,당진시,2015,4,964926.0046
충청남도,당진시,2015,5,920160.2921
충청남도,당진시,2015,6,985815.1674
충청남도,당진시,2015,7,971396.7976
충청남도,당진시,2015,8,1006174.492
충청남도,당진시,2015,9,994788.6015
충청남도,당진시,2015,10,951747.6823
충청남도,당진시,2015,11,975928.6073
충청남도,당진시,2015,12,972061.9139
충청남도,당진시,2016,1,878754.5964
충청남도,당진시,2016,2,891763.9732
충청남도,당진시,2016,3,896353.1396
충청남도,당진시,2016,4,891309.0999
충청남도,당진시,2016,5,921169.006
충청남도,당진시,2016,6,881130.0459
충청남도,당진시,2016,7,895645.5588
충청남도,당진시,2016,8,910252.0464
충청남도,당진시,2016,9,922584.1674
충청남도,당진시,2016,10,957609.4127
충청남도,당진시,2016,11,991482.3123
충청남도,당진시,2016,12,985912.6413
충청남도,당진시,2017,1,901925.4579
충청남도,당진시,2017,2,924783.4833
충청남도,당진시,2017,3,965634.7597
충청남도,당진시,2017,4,950380.807
충청남도,당진시,2017,5,955034.8658
충청남도,당진시,2017,6,942126.2656
충청남도,당진시,2017,7,958846.0637
충청남도,당진시,2017,8,960605.078
충청남도,당진시,2017,9,935227.6311
충청남도,당진시,2017,10,1023508.165
충청남도,당진시,2017,11,976427.0458
충청남도,당진시,2017,12,962153.3771
충청남도,당진시,2018,1,994513.0938
충청남도,당진시,2018,2,1001587.596
충청남도,당진시,2018,3,994713.144
충청남도,당진시,2018,4,981355.2479
충청남도,당진시,2018,5,958176.7067
충청남도,당진시,2018,6,964296.4235
충청남도,당진시,2018,7,979072.8572
충청남도,당진시,2018,8,1016955.087
충청남도,당진시,2018,9,957403.7855
충청남도,당진시,2018,10,967933.6995
충청남도,당진시,2018,11,941336.1189
충청남도,당진시,2018,12,965742.2407
충청남도,당진시,2019,1,975137.2035
충청남도,당진시,2019,2,945588.1582
충청남도,당진시,2019,3,934026.7084
충청남도,당진시,2019,4,942997.1213
충청남도,당진시,2019,5,960011.9087
충청남도,당진시,2019,6,944054.1147
충청남도,당진시,2019,7,981357.5629
충청남도,당진시,2019,8,949554.2219
충청남도,당진시,2019,9,982339.7249
충청남도,당진시,2019,10,941547.2631
충청남도,당진시,2019,11,919593.6039
충청남도,당진시,2019,12,996127.4086
충청남도,당진시,2020,1,925386.794
충청남도,당진시,2020,2,892950.5558
충청남도,당진시,2020,3,954961.0111
충청남도,당진시,2020,4,889134.5278
충청남도,당진시,2020,5,826170.0655
충청남도,당진시,2020,6,896766.5838
충청남도,당진시,2020,7,906306.6539
충청남도,당진시,2020,8,952098.9901
충청남도,당진시,2020,9,1014109.445
충청남도,당진시,2020,10,1052269.726
충청남도,당진시,2020,11,1068487.845
충청남도,당진시,2020,12,1062763.803
충청남도,당진시,2021,1,1002609.927
충청남도,당진시,2021,2,1028114.917
충청남도,당진시,2021,3,978863.9026
충청남도,당진시,2021,4,985020.2793
충청남도,당진시,2021,5,953358.9132
충청남도,당진시,2021,6,974466.4906
충청남도,당진시,2021,7,979743.385
충청남도,당진시,2021,8,986779.2441
충청남도,당진시,2021,9,994694.5857
충청남도,당진시,2021,10,953358.9132
충청남도,당진시,2021,11,988538.2089
충청남도,당진시,2021,12,1012284.234
충청남도,보령시,2010,1,289585.4146
충청남도,보령시,2010,2,300174.6541
충청남도,보령시,2010,3,308696.1722
충청남도,보령시,2010,4,309748.8303
충청남도,보령시,2010,5,302973.388
충청남도,보령시,2010,6,312580.982
충청남도,보령시,2010,7,313733.8932
충청남도,보령시,2010,8,319439.9686
충청남도,보령시,2010,9,319485.918
충청남도,보령시,2010,10,320074.9053
충청남도,보령시,2010,11,322902.8797
충청남도,보령시,2010,12,317271.9941
충청남도,보령시,2011,1,309223.7744
충청남도,보령시,2011,2,311297.4784
충청남도,보령시,2011,3,309433.9203
충청남도,보령시,2011,4,308625.0567
충청남도,보령시,2011,5,314481.3874
충청남도,보령시,2011,6,316991.2434
충청남도,보령시,2011,7,318299.6991
충청남도,보령시,2011,8,303220.7381
충청남도,보령시,2011,9,321455.8529
충청남도,보령시,2011,10,325397.0802
충청남도,보령시,2011,11,318311.5942
충청남도,보령시,2011,12,315072.175
충청남도,보령시,2012,1,293850.2885
충청남도,보령시,2012,2,307773.3786
충청남도,보령시,2012,3,302121.1402
충청남도,보령시,2012,4,308831.1075
충청남도,보령시,2012,5,294158.7927
충청남도,보령시,2012,6,293464.6582
충청남도,보령시,2012,7,288917.8933
충청남도,보령시,2012,8,280529.5161
충청남도,보령시,2012,9,287459.8435
충청남도,보령시,2012,10,295995.1275
충청남도,보령시,2012,11,291514.4707
충청남도,보령시,2012,12,291297.7832
충청남도,보령시,2013,1,311642.0013
충청남도,보령시,2013,2,307276.9843
충청남도,보령시,2013,3,304937.2453
충청남도,보령시,2013,4,309740.2615
충청남도,보령시,2013,5,309650.4155
충청남도,보령시,2013,6,313371.5364
충청남도,보령시,2013,7,316583.5301
충청남도,보령시,2013,8,318777.2693
충청남도,보령시,2013,9,312918.5629
충청남도,보령시,2013,10,331745.0386
충청남도,보령시,2013,11,325118.8978
충청남도,보령시,2013,12,325055.2569
충청남도,보령시,2014,1,355675.0848
충청남도,보령시,2014,2,352177.0656
충청남도,보령시,2014,3,351943.3078
충청남도,보령시,2014,4,359031.1796
충청남도,보령시,2014,5,342839.2746
충청남도,보령시,2014,6,351784.6864
충청남도,보령시,2014,7,354347.6742
충청남도,보령시,2014,8,357277.9958
충청남도,보령시,2014,9,354022.0829
충청남도,보령시,2014,10,352131.1489
충청남도,보령시,2014,11,352761.4602
충청남도,보령시,2014,12,375198.0392
충청남도,보령시,2015,1,344719.3463
충청남도,보령시,2015,2,350623.3616
충청남도,보령시,2015,3,344339.6026
충청남도,보령시,2015,4,342149.081
충청남도,보령시,2015,5,326275.794
충청남도,보령시,2015,6,349556.0819
충청남도,보령시,2015,7,344443.5324
충청남도,보령시,2015,8,356775.2097
충청남도,보령시,2015,9,352737.9345
충청남도,보령시,2015,10,337476.2347
충청남도,보령시,2015,11,346050.4479
충청남도,보령시,2015,12,344679.3733
충청남도,보령시,2016,1,311742.2633
충청남도,보령시,2016,2,316357.4
충청남도,보령시,2016,3,317985.428
충청남도,보령시,2016,4,316196.0316
충청남도,보령시,2016,5,326788.9716
충청남도,보령시,2016,6,312584.9651
충청남도,보령시,2016,7,317734.4105
충청남도,보령시,2016,8,322916.1296
충청남도,보령시,2016,9,327291.0067
충청남도,보령시,2016,10,339716.3747
충청남도,보령시,2016,11,351732.9427
충청남도,보령시,2016,12,349757.0761
충청남도,보령시,2017,1,345321.087
충청남도,보령시,2017,2,354072.7616
충청남도,보령시,2017,3,369713.53
충청남도,보령시,2017,4,363873.2341
충청남도,보령시,2017,5,365655.1382
충청남도,보령시,2017,6,360712.8097
충청남도,보령시,2017,7,367114.3353
충청남도,보령시,2017,8,367787.8108
충청남도,보령시,2017,9,358071.5228
충청남도,보령시,2017,10,391871.5776
충청남도,보령시,2017,11,373845.5832
충청남도,보령시,2017,12,368380.6096
충청남도,보령시,2018,1,356843.153
충청남도,보령시,2018,2,359381.5686
충청남도,보령시,2018,3,356914.9334
충청남도,보령시,2018,4,352121.961
충청남도,보령시,2018,5,343805.2242
충청남도,보령시,2018,6,346001.0515
충청남도,보령시,2018,7,351303.0121
충청남도,보령시,2018,8,364895.6075
충청남도,보령시,2018,9,343527.8908
충청남도,보령시,2018,10,347306.1495
충청남도,보령시,2018,11,337762.6205
충청남도,보령시,2018,12,346519.828
충청남도,보령시,2019,1,385547.8085
충청남도,보령시,2019,2,373864.7657
충청남도,보령시,2019,3,369293.6227
충청남도,보령시,2019,4,372840.3267
충청남도,보령시,2019,5,379567.5995
충청남도,보령시,2019,6,373258.2387
충청남도,보령시,2019,7,388007.2018
충청남도,보령시,2019,8,375432.8601
충청남도,보령시,2019,9,388395.5271
충청남도,보령시,2019,10,372267.0847
충청남도,보령시,2019,11,363587.0905
충청남도,보령시,2019,12,393846.874
충청남도,보령시,2020,1,341913.3936
충청남도,보령시,2020,2,329928.8005
충청남도,보령시,2020,3,352840.5227
충청남도,보령시,2020,4,328518.8483
충청남도,보령시,2020,5,305254.638
충청남도,보령시,2020,6,331338.7526
충청남도,보령시,2020,7,334863.633
충청남도,보령시,2020,8,351783.0586
충청남도,보령시,2020,9,374694.7809
충청남도,보령시,2020,10,388794.3023
충청남도,보령시,2020,11,394786.5988
충청남도,보령시,2020,12,392671.6706
충청남도,보령시,2021,1,349786.8098
충청남도,보령시,2021,2,358684.8953
충청남도,보령시,2021,3,341502.3854
충청남도,보령시,2021,4,343650.1991
충청남도,보령시,2021,5,332604.2999
충청남도,보령시,2021,6,339968.2327
충청남도,보령시,2021,7,341809.2159
충청남도,보령시,2021,8,344263.8602
충청남도,보령시,2021,9,347025.335
충청남도,보령시,2021,10,332604.2999
충청남도,보령시,2021,11,344877.5212
충청남도,보령시,2021,12,353161.9457
충청남도,부여군,2010,1,143000.9083
충청남도,부여군,2010,2,148230.0076
충청남도,부여군,2010,3,152438.0401
충청남도,부여군,2010,4,152957.8558
충청남도,부여군,2010,5,149612.0574
충청남도,부여군,2010,6,154356.4078
충청남도,부여군,2010,7,154925.7299
충청남도,부여군,2010,8,157743.4614
충청남도,부여군,2010,9,157766.1518
충청남도,부여군,2010,10,158057.0011
충청남도,부여군,2010,11,159453.4903
충청남도,부여군,2010,12,156672.8884
충청남도,부여군,2011,1,136902.0316
충청남도,부여군,2011,2,137820.1185
충청남도,부여군,2011,3,136995.0691
충청남도,부여군,2011,4,136636.9625
충청남도,부여군,2011,5,139229.7242
충청남도,부여군,2011,6,140340.9078
충청남도,부여군,2011,7,140920.1978
충청남도,부여군,2011,8,134244.3191
충청남도,부여군,2011,9,142317.5156
충청남도,부여군,2011,10,144062.4073
충청남도,부여군,2011,11,140925.4641
충청남도,부여군,2011,12,139491.2824
충청남도,부여군,2012,1,130427.4094
충청남도,부여군,2012,2,136607.2658
충청남도,부여군,2012,3,134098.4821
충청남도,부여군,2012,4,137076.7458
충청남도,부여군,2012,5,130564.3411
충청남도,부여군,2012,6,130256.2448
충청남도,부여군,2012,7,128238.1329
충청남도,부여군,2012,8,124514.8958
충청남도,부여군,2012,9,127590.9678
충청남도,부여군,2012,10,131379.4105
충청남도,부여군,2012,11,129390.6411
충청남도,부여군,2012,12,129294.4629
충청남도,부여군,2013,1,135318.6651
충청남도,부여군,2013,2,133423.3228
충청남도,부여군,2013,3,132407.3803
충청남도,부여군,2013,4,134492.9071
충청남도,부여군,2013,5,134453.8949
충청남도,부여군,2013,6,136069.6498
충청남도,부여군,2013,7,137464.3357
충청남도,부여군,2013,8,138416.8834
충청남도,부여군,2013,9,135872.9634
충청남도,부여군,2013,10,144047.6431
충청남도,부여군,2013,11,141170.494
충청남도,부여군,2013,12,141142.8603
충청남도,부여군,2014,1,137324.6577
충청남도,부여군,2014,2,135974.0872
충청남도,부여군,2014,3,135883.8343
충청남도,부여군,2014,4,138620.4318
충청남도,부여군,2014,5,132368.8052
충청남도,부여군,2014,6,135822.5912
충청남도,부여군,2014,7,136812.1501
충청남도,부여군,2014,8,137943.5349
충청남도,부여군,2014,9,136686.4406
충청남도,부여군,2014,10,135956.3589
충청남도,부여군,2014,11,136199.7195
충청남도,부여군,2014,12,144862.3885
충청남도,부여군,2015,1,152153.6073
충청남도,부여군,2015,2,154759.5453
충청남도,부여군,2015,3,151985.9945
충청남도,부여군,2015,4,151019.1333
충청남도,부여군,2015,5,144012.9183
충청남도,부여군,2015,6,154288.4651
충청남도,부여군,2015,7,152031.8675
충청남도,부여군,2015,8,157474.8727
충청남도,부여군,2015,9,155692.884
충청남도,부여군,2015,10,148956.6137
충청남도,부여군,2015,11,152741.1343
충청남도,부여군,2015,12,152135.9639
충청남도,부여군,2016,1,146503.5262
충청남도,부여군,2016,2,148672.4133
충청남도,부여군,2016,3,149437.5064
충청남도,부여군,2016,4,148596.5781
충청남도,부여군,2016,5,153574.7388
충청남도,부여군,2016,6,146899.5545
충청남도,부여군,2016,7,149319.5405
충청남도,부여군,2016,8,151754.6936
충청남도,부여군,2016,9,153810.6705
충청남도,부여군,2016,10,159649.9822
충청남도,부여군,2016,11,165297.1779
충청남도,부여군,2016,12,164368.6179
충청남도,부여군,2017,1,147389.1761
충청남도,부여군,2017,2,151124.5463
충청남도,부여군,2017,3,157800.3042
충청남도,부여군,2017,4,155307.5621
충청남도,부여군,2017,5,156068.1105
충청남도,부여군,2017,6,153958.6368
충청남도,부여군,2017,7,156690.9217
충청남도,부여군,2017,8,156978.373
충청남도,부여군,2017,9,152831.2886
충청남도,부여군,2017,10,167257.7526
충청남도,부여군,2017,11,159563.9379
충청남도,부여군,2017,12,157231.3901
충청남도,부여군,2018,1,161114.4355
충청남도,부여군,2018,2,162260.5283
충청남도,부여군,2018,3,161146.8443
충청남도,부여군,2018,4,158982.8206
충청남도,부여군,2018,5,155227.8197
충청남도,부여군,2018,6,156219.2342
충청남도,부여군,2018,7,158613.0657
충청남도,부여군,2018,8,164750.1131
충청남도,부여군,2018,9,155102.6039
충청남도,부여군,2018,10,156808.485
충청남도,부여군,2018,11,152499.5883
충청남도,부여군,2018,12,156453.4614
충청남도,부여군,2019,1,157580.1886
충청남도,부여군,2019,2,152805.1229
충청남도,부여군,2019,3,150936.8162
충청남도,부여군,2019,4,152386.4166
충청남도,부여군,2019,5,155135.9717
충청남도,부여군,2019,6,152557.2246
충청남도,부여군,2019,7,158585.386
충청남도,부여군,2019,8,153446.0308
충청남도,부여군,2019,9,158744.1013
충청남도,부여군,2019,10,152152.1225
충청남도,부여군,2019,11,148604.4558
충청남도,부여군,2019,12,160972.163
충청남도,부여군,2020,1,149698.4266
충청남도,부여군,2020,2,144451.2652
충청남도,부여군,2020,3,154482.6031
충청남도,부여군,2020,4,143833.9521
충청남도,부여군,2020,5,133648.286
충청남도,부여군,2020,6,145068.5783
충청남도,부여군,2020,7,146611.8611
충청남도,부여군,2020,8,154019.6183
충청남도,부여군,2020,9,164050.9561
충청남도,부여군,2020,10,170224.0871
충청남도,부여군,2020,11,172847.6678
충청남도,부여군,2020,12,171921.6982
충청남도,부여군,2021,1,157723.997
충청남도,부여군,2021,2,161736.2741
충청남도,부여군,2021,3,153988.4287
충청남도,부여군,2021,4,154956.9094
충청남도,부여군,2021,5,149976.1516
충청남도,부여군,2021,6,153296.6568
충청남도,부여군,2021,7,154126.7831
충청남도,부여군,2021,8,155233.6181
충청남도,부여군,2021,9,156478.8076
충청남도,부여군,2021,10,149976.1516
충청남도,부여군,2021,11,155510.3269
충청남도,부여군,2021,12,159245.8952
충청남도,서산시,2010,1,1067956.889
충청남도,서산시,2010,2,1107008.756
충청남도,서산시,2010,3,1138435.111
충청남도,서산시,2010,4,1142317.19
충청남도,서산시,2010,5,1117330.157
충청남도,서산시,2010,6,1152761.832
충청남도,서산시,2010,7,1157013.633
충청남도,서산시,2010,8,1178056.966
충청남도,서산시,2010,9,1178226.422
충청남도,서산시,2010,10,1180398.538
충청남도,서산시,2010,11,1190827.774
충청남도,서산시,2010,12,1170061.732
충청남도,서산시,2011,1,1152781.01
충청남도,서산시,2011,2,1160511.744
충청남도,서산시,2011,3,1153564.431
충청남도,서산시,2011,4,1150549.001
충청남도,서산시,2011,5,1172381.303
충청남도,서산시,2011,6,1181738.004
충청남도,서산시,2011,7,1186615.904
충청남도,서산시,2011,8,1130401.792
충청남도,서산시,2011,9,1198381.993
충청남도,서산시,2011,10,1213074.821
충청남도,서산시,2011,11,1186660.249
충청남도,서산시,2011,12,1174583.749
충청남도,서산시,2012,1,1277031.449
충청남도,서산시,2012,2,1337539.213
충청남도,서산시,2012,3,1312975.391
충청남도,서산시,2012,4,1342135.952
충청남도,서산시,2012,5,1278372.164
충청남도,서산시,2012,6,1275355.555
충청남도,서산시,2012,7,1255595.963
충청남도,서산시,2012,8,1219141.272
충청남도,서산시,2012,9,1249259.486
충청남도,서산시,2012,10,1286352.613
충청남도,서산시,2012,11,1266880.318
충청남도,서산시,2012,12,1265938.625
충청남도,서산시,2013,1,1227090.879
충청남도,서산시,2013,2,1209903.618
충청남도,서산시,2013,3,1200690.892
충청남도,서산시,2013,4,1219602.775
충청남도,서산시,2013,5,1219249.007
충청남도,서산시,2013,6,1233900.926
충청남도,서산시,2013,7,1246548.156
충청남도,서산시,2013,8,1255186.008
충청남도,서산시,2013,9,1232117.342
충청남도,서산시,2013,10,1306246.621
충청남도,서산시,2013,11,1280156.181
충청남도,서산시,2013,12,1279905.595
충청남도,서산시,2014,1,1368482.296
충청남도,서산시,2014,2,1355023.447
충청남도,서산시,2014,3,1354124.049
충청남도,서산시,2014,4,1381395.082
충청남도,서산시,2014,5,1319095.707
충청남도,서산시,2014,6,1353513.743
충청남도,서산시,2014,7,1363375
충청남도,서산시,2014,8,1374649.597
충청남도,서산시,2014,9,1362122.267
충청남도,서산시,2014,10,1354846.779
충청남도,서산시,2014,11,1357271.942
충청남도,서산시,2014,12,1443598.093
충청남도,서산시,2015,1,1291465.875
충청남도,서산시,2015,2,1313584.837
충청남도,서산시,2015,3,1290043.192
충청남도,서산시,2015,4,1281836.563
충청남도,서산시,2015,5,1222368.452
충청남도,서산시,2015,6,1309586.352
충청남도,서산시,2015,7,1290432.558
충청남도,서산시,2015,8,1336632.287
충청남도,서산시,2015,9,1321506.93
충청남도,서산시,2015,10,1264330.086
충청남도,서산시,2015,11,1296452.75
충청남도,서산시,2015,12,1291316.119
충청남도,서산시,2016,1,1273022.645
충청남도,서산시,2016,2,1291868.898
충청남도,서산시,2016,3,1298517.071
충청남도,서산시,2016,4,1291209.938
충청남도,서산시,2016,5,1334466.994
충청남도,서산시,2016,6,1276463.88
충청남도,서산시,2016,7,1297492.022
충청남도,서산시,2016,8,1318651.957
충청남도,서산시,2016,9,1336517.091
충청남도,서산시,2016,10,1387257.003
충청남도,서산시,2016,11,1436327.549
충청남도,서산시,2016,12,1428258.952
충청남도,서산시,2017,1,1319108.65
충청남도,서산시,2017,2,1352539.594
충청남도,서산시,2017,3,1412286.518
충청남도,서산시,2017,4,1389976.891
충청남도,서산시,2017,5,1396783.672
충청남도,서산시,2017,6,1377904.233
충청남도,서산시,2017,7,1402357.729
충청남도,서산시,2017,8,1404930.371
충청남도,서산시,2017,9,1367814.654
충청남도,서산시,2017,10,1496929.111
충청남도,서산시,2017,11,1428070.747
충청남도,서산시,2017,12,1407194.831
충청남도,서산시,2018,1,1445540.179
충청남도,서산시,2018,2,1455823.077
충청남도,서산시,2018,3,1445830.955
충청남도,서산시,2018,4,1426415.046
충청남도,서산시,2018,5,1392724.678
충청남도,서산시,2018,6,1401619.781
충청남도,서산시,2018,7,1423097.556
충청남도,서산시,2018,8,1478159.963
충청남도,서산시,2018,9,1391601.225
충청남도,서산시,2018,10,1406906.618
충청남도,서산시,2018,11,1368246.623
충청남도,서산시,2018,12,1403721.299
충청남도,서산시,2019,1,1489663.031
충청남도,서산시,2019,2,1444522.593
충청남도,서산시,2019,3,1426860.807
충청남도,서산시,2019,4,1440564.41
충청남도,서산시,2019,5,1466556.957
충청남도,서산시,2019,6,1442179.12
충청남도,서산시,2019,7,1499165.529
충청남도,서산시,2019,8,1450581.329
충청남도,서산시,2019,9,1500665.924
충청남도,서산시,2019,10,1438349.542
충청남도,서산시,2019,11,1404812.154
충청남도,서산시,2019,12,1521728.603
충청남도,서산시,2020,1,1266748.987
충청남도,서산시,2020,2,1222347.476
충청남도,서산시,2020,3,1307232.717
충청남도,서산시,2020,4,1217123.769
충청남도,서산시,2020,5,1130932.601
충청남도,서산시,2020,6,1227571.183
충청남도,서산시,2020,7,1240630.451
충청남도,서산시,2020,8,1303314.937
충청남도,서산시,2020,9,1388200.178
충청남도,서산시,2020,10,1440437.25
충청남도,서산시,2020,11,1462638.006
충청남도,서산시,2020,12,1454802.445
충청남도,서산시,2021,1,1452941.095
충청남도,서산시,2021,2,1489901.877
충청남도,서산시,2021,3,1418529.332
충청남도,서산시,2021,4,1427450.9
충청남도,서산시,2021,5,1381568.55
충청남도,서산시,2021,6,1412156.784
충청남도,서산시,2021,7,1419803.842
충청남도,서산시,2021,8,1429999.92
충청남도,서산시,2021,9,1441470.508
충청남도,서산시,2021,10,1381568.55
충청남도,서산시,2021,11,1432548.939
충청남도,서산시,2021,12,1466960.702
충청남도,서천군,2010,1,137123.3614
충청남도,서천군,2010,2,142137.537
충청남도,서천군,2010,3,146172.6132
충청남도,서천군,2010,4,146671.0638
충청남도,서천군,2010,5,143462.7826
충청남도,서천군,2010,6,148012.1332
충청남도,서천군,2010,7,148558.0553
충청남도,서천군,2010,8,151259.9739
충청남도,서천군,2010,9,151281.7317
충청남도,서천군,2010,10,151560.6267
충청남도,서천군,2010,11,152899.7181
충청남도,서천군,2010,12,150233.4031
충청남도,서천군,2011,1,150887.0779
충청남도,서천군,2011,2,151898.9508
충청남도,서천군,2011,3,150989.6195
충청남도,서천군,2011,4,150594.931
충청남도,서천군,2011,5,153452.5529
충청남도,서천군,2011,6,154677.248
충청남도,서천군,2011,7,155315.7146
충청남도,서천군,2011,8,147957.8704
충청남도,서천군,2011,9,156855.7735
충청남도,서천군,2011,10,158778.9124
충청남도,서천군,2011,11,155321.5189
충청남도,서천군,2011,12,153740.8302
충청남도,서천군,2012,1,159028.4805
충청남도,서천군,2012,2,166563.5007
충청남도,서천군,2012,3,163504.5727
충청남도,서천군,2012,4,167135.9317
충청남도,서천군,2012,5,159195.4395
충청남도,서천군,2012,6,158819.7817
충청남도,서천군,2012,7,156359.1235
충청남도,서천군,2012,8,151819.4279
충청남도,서천군,2012,9,155570.0433
충청남도,서천군,2012,10,160189.2433
충청남도,서천군,2012,11,157764.3621
충청남도,서천군,2012,12,157647.0932
충청남도,서천군,2013,1,168579.5593
충청남도,서천군,2013,2,166218.3479
충청남도,서천군,2013,3,164952.69
충청남도,서천군,2013,4,167550.8326
충청남도,서천군,2013,5,167502.2313
충청남도,서천군,2013,6,169515.1337
충청남도,서천군,2013,7,171252.6289
충청남도,서천군,2013,8,172439.3097
충청남도,서천군,2013,9,169270.1023
충청남도,서천군,2013,10,179454.0922
충청남도,서천군,2013,11,175869.7489
충청남도,서천군,2013,12,175835.3231
충청남도,서천군,2014,1,166366.6322
충청남도,서천군,2014,2,164730.4376
충청남도,서천군,2014,3,164621.0976
충청남도,서천군,2014,4,167936.4419
충청남도,서천군,2014,5,160362.696
충청남도,서천군,2014,6,164546.9026
충청남도,서천군,2014,7,165745.7373
충청남도,서천군,2014,8,167116.3921
충청남도,서천군,2014,9,165593.4424
충청남도,서천군,2014,10,164708.9601
충청남도,서천군,2014,11,165003.7875
충청남도,서천군,2014,12,175498.4728
충청남도,서천군,2015,1,165673.1691
충청남도,서천군,2015,2,168510.6568
충청남도,서천군,2015,3,165490.6631
충청남도,서천군,2015,4,164437.8917
충청남도,서천군,2015,5,156809.1416
충청남도,서천군,2015,6,167997.719
충청남도,서천군,2015,7,165540.6121
충청남도,서천군,2015,8,171467.2538
충청남도,서천군,2015,9,169526.927
충청남도,서천군,2015,10,162192.1075
충청남도,서천군,2015,11,166312.9006
충청남도,서천군,2015,12,165653.9579
충청남도,서천군,2016,1,161179.8254
충청남도,서천군,2016,2,163565.9854
충청남도,서천군,2016,3,164407.7233
충청남도,서천군,2016,4,163482.5533
충청남도,서천군,2016,5,168959.4116
충청남도,서천군,2016,6,161615.5267
충청남도,서천군,2016,7,164277.9399
충청남도,서천군,2016,8,166957.0396
충청남도,서천군,2016,9,169218.9784
충청남도,서천군,2016,10,175643.2553
충청남도,서천군,2016,11,181856.1708
충청남도,서천군,2016,12,180834.5903
충청남도,서천군,2017,1,148621.3017
충청남도,서천군,2017,2,152387.8984
충청남도,서천군,2017,3,159119.4634
충청남도,서천군,2017,4,156605.8829
충청남도,서천군,2017,5,157372.7891
충청남도,서천군,2017,6,155245.681
충청남도,서천군,2017,7,158000.8069
충청남도,서천군,2017,8,158290.6612
충청남도,서천군,2017,9,154108.9085
충청남도,서천군,2017,10,168655.9731
충청남도,서천군,2017,11,160897.8406
충청남도,서천군,2017,12,158545.7934
충청남도,서천군,2018,1,167285.6651
충청남도,서천군,2018,2,168475.6572
충청남도,서천군,2018,3,167319.3152
충청남도,서천군,2018,4,165072.4021
충청남도,서천군,2018,5,161173.5719
충청남도,서천군,2018,6,162202.9609
충청남도,서천군,2018,7,164688.4843
충청남도,서천군,2018,8,171060.6015
충청남도,서천군,2018,9,161043.5599
충청남도,서천군,2018,10,162814.7821
충청남도,서천군,2018,11,158340.84
충청남도,서천군,2018,12,162446.1599
충청남도,서천군,2019,1,188390.5474
충청남도,서천군,2019,2,182681.8525
충청남도,서천군,2019,3,180448.251
충청남도,서천군,2019,4,182181.28
충청남도,서천군,2019,5,185468.4329
충청남도,서천군,2019,6,182385.4846
충청남도,서천군,2019,7,189592.2828
충청남도,서천군,2019,8,183448.0717
충청남도,서천군,2019,9,189782.0305
충청남도,서천군,2019,10,181901.1762
충청남도,서천군,2019,11,177659.8635
충청남도,서천군,2019,12,192445.7267
충청남도,서천군,2020,1,170167.2626
충청남도,서천군,2020,2,164202.6369
충청남도,서천군,2020,3,175605.5978
충청남도,서천군,2020,4,163500.9162
충청남도,서천군,2020,5,151922.5251
충청남도,서천군,2020,6,164904.3575
충청남도,서천군,2020,7,166658.6592
충청남도,서천군,2020,8,175079.3073
충청남도,서천군,2020,9,186482.2682
충청남도,서천군,2020,10,193499.4749
충청남도,서천군,2020,11,196481.7877
충청남도,서천군,2020,12,195429.2067
충청남도,서천군,2021,1,185476.052
충청남도,서천군,2021,2,190194.3025
충청남도,서천군,2021,3,181083.1981
충청남도,서천군,2021,4,182222.0862
충청남도,서천군,2021,5,176364.9477
충청남도,서천군,2021,6,180269.7067
충청남도,서천군,2021,7,181245.8964
충청남도,서천군,2021,8,182547.4828
충청남도,서천군,2021,9,184011.7674
충청남도,서천군,2021,10,176364.9477
충청남도,서천군,2021,11,182872.8793
충청남도,서천군,2021,12,187265.7332
충청남도,소계,2010,1,7134248.323
충청남도,소계,2010,2,7395125.633
충청남도,소계,2010,3,7605062.403
충청남도,소계,2010,4,7630995.769
충청남도,소계,2010,5,7464075.455
충청남도,소계,2010,6,7700768.872
충청남도,소계,2010,7,7729172.082
충청남도,소계,2010,8,7869747.39
충청남도,소계,2010,9,7870879.402
충청남도,소계,2010,10,7885389.737
충청남도,소계,2010,11,7955059.93
충청남도,소계,2010,12,7816337.005
충청남도,소계,2011,1,8076612.861
충청남도,소계,2011,2,8130775.919
충청남도,소계,2011,3,8082101.66
충청남도,소계,2011,4,8060974.961
충청남도,소계,2011,5,8213936.406
충청남도,소계,2011,6,8279491.312
충청남도,소계,2011,7,8313666.854
충청남도,소계,2011,8,7919819.612
충청남도,소계,2011,9,8396102.407
충청남도,소계,2011,10,8499043.284
충청남도,소계,2011,11,8313977.541
충청남도,소계,2011,12,8229367.182
충청남도,소계,2012,1,8245590.441
충청남도,소계,2012,2,8636279.522
충청남도,소계,2012,3,8477674.802
충청남도,소계,2012,4,8665959.938
충청남도,소계,2012,5,8254247.229
충청남도,소계,2012,6,8234769.457
충청남도,소계,2012,7,8107184.893
충청남도,소계,2012,8,7871802.708
충청남도,소계,2012,9,8066271.264
충청남도,소계,2012,10,8305775.728
충청남도,소계,2012,11,8180046.19
충청남도,소계,2012,12,8173965.827
충청남도,소계,2013,1,8015972.449
충청남도,소계,2013,2,7903696.645
충청남도,소계,2013,3,7843514.503
충청남도,소계,2013,4,7967056.404
충청남도,소계,2013,5,7964745.41
충청남도,소계,2013,6,8060459.088
충청남도,소계,2013,7,8143077.133
충청남도,소계,2013,8,8199503.909
충청남도,소계,2013,9,8048807.826
충청남도,소계,2013,10,8533057.414
충청남도,소계,2013,11,8362621.587
충청남도,소계,2013,12,8360984.633
충청남도,소계,2014,1,8367421.864
충청남도,소계,2014,2,8285129.335
충청남도,소계,2014,3,8279630.073
충청남도,소계,2014,4,8446375.555
충청남도,소계,2014,5,8065453.455
충청남도,소계,2014,6,8275898.431
충청남도,소계,2014,7,8336193.911
충청남도,소계,2014,8,8405131.09
충청남도,소계,2014,9,8328534.225
충청남도,소계,2014,10,8284049.123
충청남도,소계,2014,11,8298877.49
충청남도,소계,2014,12,8826708.449
충청남도,소계,2015,1,8435081.624
충청남도,소계,2015,2,8579549.44
충청남도,소계,2015,3,8425789.517
충청남도,소계,2015,4,8372188.729
충청남도,소계,2015,5,7983778.641
충청남도,소계,2015,6,8553433.728
충청남도,소계,2015,7,8428332.62
충청남도,소계,2015,8,8730081.58
충청남도,소계,2015,9,8631291.807
충청남도,소계,2015,10,8257846.902
충청남도,소계,2015,11,8467652.905
충청남도,소계,2015,12,8434103.507
충청남도,소계,2016,1,8330287.899
충청남도,소계,2016,2,8453612.266
충청남도,소계,2016,3,8497115.967
충청남도,소계,2016,4,8449300.226
충청남도,소계,2016,5,8732361.749
충청남도,소계,2016,6,8352806.335
충청남도,소계,2016,7,8490408.348
충청남도,소계,2016,8,8628872.769
충청남도,소계,2016,9,8745776.987
충청남도,소계,2016,10,9077804.129
충청남도,소계,2016,11,9398907.434
충청남도,소계,2016,12,9346108.89
충청남도,소계,2017,1,8672795.522
충청남도,소계,2017,2,8892595.26
충청남도,소계,2017,3,9285415.714
충청남도,소계,2017,4,9138735.729
충청남도,소계,2017,5,9183488.541
충청남도,소계,2017,6,9059361.154
충청남도,소계,2017,7,9220136.513
충청남도,소계,2017,8,9237050.962
충청남도,소계,2017,9,8993024.8
충청남도,소계,2017,10,9841918.699
충청남도,소계,2017,11,9389192.905
충청남도,소계,2017,12,9251939.201
충청남도,소계,2018,1,9405783.797
충청남도,소계,2018,2,9472692.152
충청남도,소계,2018,3,9407675.807
충청남도,소계,2018,4,9281341.139
충청남도,소계,2018,5,9062125.978
충청남도,소계,2018,6,9120004.284
충청남도,소계,2018,7,9259755.024
충청남도,소계,2018,8,9618032.921
충청남도,소계,2018,9,9054815.939
충청남도,소계,2018,10,9154404.467
충청남도,소계,2018,11,8902853.135
충청남도,소계,2018,12,9133678.357
충청남도,소계,2019,1,9546306.126
충청남도,소계,2019,2,9257029.672
충청남도,소계,2019,3,9143846.482
충청남도,소계,2019,4,9231664.183
충청남도,소계,2019,5,9398233.943
충청남도,소계,2019,6,9242011.837
충청남도,소계,2019,7,9607201.612
충청남도,소계,2019,8,9295856.267
충청남도,소계,2019,9,9616816.689
충청남도,소계,2019,10,9217470.498
충청남도,소계,2019,11,9002550.638
충청남도,소계,2019,12,9751794.053
충청남도,소계,2020,1,9120253.169
충청남도,소계,2020,2,8800574.192
충청남도,소계,2020,3,9411725.178
충청남도,소계,2020,4,8762964.901
충청남도,소계,2020,5,8142411.592
충청남도,소계,2020,6,8838183.484
충청남도,소계,2020,7,8932206.712
충청남도,소계,2020,8,9383518.209
충청남도,소계,2020,9,9994669.195
충청남도,소계,2020,10,10370762.11
충청남도,소계,2020,11,10530601.6
충청남도,소계,2020,12,10474187.66
충청남도,소계,2021,1,10035322.35
충청남도,소계,2021,2,10290606.86
충청남도,소계,2021,3,9797643.659
충청남도,소계,2021,4,9859264.059
충청남도,소계,2021,5,9542359.143
충청남도,소계,2021,6,9753629.087
충청남도,소계,2021,7,9806446.573
충청남도,소계,2021,8,9876869.888
충청남도,소계,2021,9,9956096.117
충청남도,소계,2021,10,9542359.143
충청남도,소계,2021,11,9894475.717
충청남도,소계,2021,12,10132154.4
충청남도,아산시,2010,1,1720811.221
충청남도,아산시,2010,2,1783735.944
충청남도,아산시,2010,3,1834373.592
충청남도,아산시,2010,4,1840628.83
충청남도,아산시,2010,5,1800366.936
충청남도,아산시,2010,6,1857458.401
충청남도,아산시,2010,7,1864309.377
충청남도,아산시,2010,8,1898216.743
충청남도,아산시,2010,9,1898489.789
충청남도,아산시,2010,10,1901989.744
충청남도,아산시,2010,11,1918794.493
충청남도,아산시,2010,12,1885333.93
충청남도,아산시,2011,1,1967003.467
충청남도,아산시,2011,2,1980194.506
충청남도,아산시,2011,3,1968340.226
충청남도,아산시,2011,4,1963194.964
충청남도,아산시,2011,5,2000447.671
충청남도,아산시,2011,6,2016413.117
충청남도,아산시,2011,7,2024736.335
충청남도,아산시,2011,8,1928817.55
충청남도,아산시,2011,9,2044812.946
충청남도,아산시,2011,10,2069883.488
충청남도,아산시,2011,11,2024812.001
충청남도,아산시,2011,12,2004205.73
충청남도,아산시,2012,1,1880271.566
충청남도,아산시,2012,2,1969361.799
충청남도,아산시,2012,3,1933194.595
충청남도,아산시,2012,4,1976129.93
충청남도,아산시,2012,5,1882245.604
충청남도,아산시,2012,6,1877804.018
충청남도,아산시,2012,7,1848710.452
충청남도,아산시,2012,8,1795035.408
충청남도,아산시,2012,9,1839380.771
충청남도,아산시,2012,10,1893995.833
충청남도,아산시,2012,11,1865325.275
충청남도,아산시,2012,12,1863938.748
충청남도,아산시,2013,1,1815413.741
충청남도,아산시,2013,2,1789986.129
충청남도,아산시,2013,3,1776356.405
충청남도,아산시,2013,4,1804335.502
충청남도,아산시,2013,5,1803812.12
충청남도,아산시,2013,6,1825488.832
충청남도,아산시,2013,7,1844199.717
충청남도,아산시,2013,8,1856978.945
충청남도,아산시,2013,9,1822850.118
충청남도,아산시,2013,10,1932520.325
충청남도,아산시,2013,11,1893920.948
충청남도,아산시,2013,12,1893550.219
충청남도,아산시,2014,1,1858215.301
충청남도,아산시,2014,2,1839939.99
충청남도,아산시,2014,3,1838718.728
충청남도,아산시,2014,4,1875749.131
충청남도,아산시,2014,5,1791154.941
충청남도,아산시,2014,6,1837890.014
충청남도,아산시,2014,7,1851280.278
충청남도,아산시,2014,8,1866589.667
충청남도,아산시,2014,9,1849579.235
충청남도,아산시,2014,10,1839700.099
충청남도,아산시,2014,11,1842993.144
충청남도,아산시,2014,12,1960212.472
충청남도,아산시,2015,1,1969862.176
충청남도,아산시,2015,2,2003600.046
충청남도,아산시,2015,3,1967692.171
충청남도,아산시,2015,4,1955174.667
충청남도,아산시,2015,5,1864468.451
충청남도,아산시,2015,6,1997501.19
충청남도,아산시,2015,7,1968286.067
충청남도,아산시,2015,8,2038754.13
충청남도,아산시,2015,9,2015683.549
충청남도,아산시,2015,10,1928472.183
충청남도,아산시,2015,11,1977468.615
충청남도,아산시,2015,12,1969633.755
충청남도,아산시,2016,1,2087958.847
충청남도,아산시,2016,2,2118869.688
충청남도,아산시,2016,3,2129773.745
충청남도,아산시,2016,4,2117788.889
충청남도,아산시,2016,5,2188737.315
충청남도,아산시,2016,6,2093603.018
충청남도,아산시,2016,7,2128092.503
충청남도,아산시,2016,8,2162798.148
충청남도,아산시,2016,9,2192099.8
충청남도,아산시,2016,10,2275321.294
충청남도,아산시,2016,11,2355804.766
충청남도,아산시,2016,12,2342570.987
충청남도,아산시,2017,1,2226145.804
충청남도,아산시,2017,2,2282564.321
충청남도,아산시,2017,3,2383394.048
충청남도,아산시,2017,4,2345744.015
충청남도,아산시,2017,5,2357231.233
충청남도,아산시,2017,6,2325370.034
충청남도,아산시,2017,7,2366638.088
충청남도,아산시,2017,8,2370979.713
충청남도,아산시,2017,9,2308342.722
충청남도,아산시,2017,10,2526238.046
충청남도,아산시,2017,11,2410031.729
충청남도,아산시,2017,12,2374801.248
충청남도,아산시,2018,1,2391926.59
충청남도,아산시,2018,2,2408941.639
충청남도,아산시,2018,3,2392407.735
충청남도,아산시,2018,4,2360280.348
충청남도,아산시,2018,5,2304533.099
충청남도,아산시,2018,6,2319251.773
충청남도,아산시,2018,7,2354790.917
충청남도,아산시,2018,8,2445902.349
충청남도,아산시,2018,9,2302674.129
충청남도,아산시,2018,10,2327999.87
충청남도,아산시,2018,11,2264029.41
충청남도,아산시,2018,12,2322729.141
충청남도,아산시,2019,1,2571153.215
충청남도,아산시,2019,2,2493240.976
충청남도,아산시,2019,3,2462756.795
충청남도,아산시,2019,4,2486409.166
충청남도,아산시,2019,5,2531272.212
충청남도,아산시,2019,6,2489196.15
충청남도,아산시,2019,7,2587554.494
충청남도,아산시,2019,8,2503698.333
충청남도,아산시,2019,9,2590144.17
충청남도,아산시,2019,10,2482586.311
충청남도,아산시,2019,11,2424700.896
충청남도,아산시,2019,12,2626498.282
충청남도,아산시,2020,1,2526684.033
충청남도,아산시,2020,2,2438119.851
충청남도,아산시,2020,3,2607433.729
충청남도,아산시,2020,4,2427700.535
충청남도,아산시,2020,5,2255781.828
충청남도,아산시,2020,6,2448539.166
충청남도,아산시,2020,7,2474587.455
충청남도,아산시,2020,8,2599619.242
충청남도,아산시,2020,9,2768933.121
충청남도,아산시,2020,10,2873126.277
충청남도,아산시,2020,11,2917408.368
충청남도,아산시,2020,12,2901779.395
충청남도,아산시,2021,1,2806766.559
충청남도,아산시,2021,2,2878166.761
충청남도,아산시,2021,3,2740290.509
충청남도,아산시,2021,4,2757525.04
충청남도,아산시,2021,5,2668890.307
충청남도,아산시,2021,6,2727980.129
충청남도,아산시,2021,7,2742752.585
충청남도,아산시,2021,8,2762449.192
충청남도,아산시,2021,9,2784607.875
충청남도,아산시,2021,10,2668890.307
충청남도,아산시,2021,11,2767373.344
충청남도,아산시,2021,12,2833849.394
충청남도,연기군,2010,1,201722.3614
충청남도,연기군,2010,2,209098.7218
충청남도,연기군,2010,3,215034.7278
충청남도,연기군,2010,4,215767.9992
충청남도,연기군,2010,5,211048.2924
충청남도,연기군,2010,6,217740.8482
충청남도,연기군,2010,7,218543.9549
충청남도,연기군,2010,8,222518.7511
충청남도,연기군,2010,9,222550.759
충청남도,연기군,2010,10,222961.0418
충청남도,연기군,2010,11,224930.981
충청남도,연기군,2010,12,221008.5613
충청남도,연기군,2011,1,252523.8539
충청남도,연기군,2011,2,254217.3193
충청남도,연기군,2011,3,252695.467
충청남도,연기군,2011,4,252034.9184
충청남도,연기군,2011,5,256817.42
충청남도,연기군,2011,6,258867.0635
충청남도,연기군,2011,7,259935.5981
충청남도,연기군,2011,8,247621.547
충청남도,연기군,2011,9,262513.0329
충청남도,연기군,2011,10,265731.5884
충청남도,연기군,2011,11,259945.312
충청남도,연기군,2011,12,257299.8795
충청남도,연기군,2012,1,278287.5621
충청남도,연기군,2012,2,291473.2658
충청남도,연기군,2012,3,286120.3779
충청남도,연기군,2012,4,292474.9758
충청남도,연기군,2012,5,278579.7276
충청남도,연기군,2012,6,277922.3554
충청남도,연기군,2012,7,273616.3936
충청남도,연기군,2012,8,265672.2767
충청남도,연기군,2012,9,272235.5642
충청남도,연기군,2012,10,280318.8074
충청남도,연기군,2012,11,276075.4525
충청남도,연기군,2012,12,275870.2411
충청남도,연기군,2013,1,0
충청남도,연기군,2013,2,0
충청남도,연기군,2013,3,0
충청남도,연기군,2013,4,0
충청남도,연기군,2013,5,0
충청남도,연기군,2013,6,0
충청남도,연기군,2013,7,0
충청남도,연기군,2013,8,0
충청남도,연기군,2013,9,0
충청남도,연기군,2013,10,0
충청남도,연기군,2013,11,0
충청남도,연기군,2013,12,0
충청남도,연기군,2014,1,0
충청남도,연기군,2014,2,0
충청남도,연기군,2014,3,0
충청남도,연기군,2014,4,0
충청남도,연기군,2014,5,0
충청남도,연기군,2014,6,0
충청남도,연기군,2014,7,0
충청남도,연기군,2014,8,0
충청남도,연기군,2014,9,0
충청남도,연기군,2014,10,0
충청남도,연기군,2014,11,0
충청남도,연기군,2014,12,0
충청남도,연기군,2015,1,0
충청남도,연기군,2015,2,0
충청남도,연기군,2015,3,0
충청남도,연기군,2015,4,0
충청남도,연기군,2015,5,0
충청남도,연기군,2015,6,0
충청남도,연기군,2015,7,0
충청남도,연기군,2015,8,0
충청남도,연기군,2015,9,0
충청남도,연기군,2015,10,0
충청남도,연기군,2015,11,0
충청남도,연기군,2015,12,0
충청남도,연기군,2016,1,0
충청남도,연기군,2016,2,0
충청남도,연기군,2016,3,0
충청남도,연기군,2016,4,0
충청남도,연기군,2016,5,0
충청남도,연기군,2016,6,0
충청남도,연기군,2016,7,0
충청남도,연기군,2016,8,0
충청남도,연기군,2016,9,0
충청남도,연기군,2016,10,0
충청남도,연기군,2016,11,0
충청남도,연기군,2016,12,0
충청남도,연기군,2017,1,0
충청남도,연기군,2017,2,0
충청남도,연기군,2017,3,0
충청남도,연기군,2017,4,0
충청남도,연기군,2017,5,0
충청남도,연기군,2017,6,0
충청남도,연기군,2017,7,0
충청남도,연기군,2017,8,0
충청남도,연기군,2017,9,0
충청남도,연기군,2017,10,0
충청남도,연기군,2017,11,0
충청남도,연기군,2017,12,0
충청남도,연기군,2018,1,0
충청남도,연기군,2018,2,0
충청남도,연기군,2018,3,0
충청남도,연기군,2018,4,0
충청남도,연기군,2018,5,0
충청남도,연기군,2018,6,0
충청남도,연기군,2018,7,0
충청남도,연기군,2018,8,0
충청남도,연기군,2018,9,0
충청남도,연기군,2018,10,0
충청남도,연기군,2018,11,0
충청남도,연기군,2018,12,0
충청남도,연기군,2019,1,0
충청남도,연기군,2019,2,0
충청남도,연기군,2019,3,0
충청남도,연기군,2019,4,0
충청남도,연기군,2019,5,0
충청남도,연기군,2019,6,0
충청남도,연기군,2019,7,0
충청남도,연기군,2019,8,0
충청남도,연기군,2019,9,0
충청남도,연기군,2019,10,0
충청남도,연기군,2019,11,0
충청남도,연기군,2019,12,0
충청남도,연기군,2020,1,0
충청남도,연기군,2020,2,0
충청남도,연기군,2020,3,0
충청남도,연기군,2020,4,0
충청남도,연기군,2020,5,0
충청남도,연기군,2020,6,0
충청남도,연기군,2020,7,0
충청남도,연기군,2020,8,0
충청남도,연기군,2020,9,0
충청남도,연기군,2020,10,0
충청남도,연기군,2020,11,0
충청남도,연기군,2020,12,0
충청남도,연기군,2021,1,0
충청남도,연기군,2021,2,0
충청남도,연기군,2021,3,0
충청남도,연기군,2021,4,0
충청남도,연기군,2021,5,0
충청남도,연기군,2021,6,0
충청남도,연기군,2021,7,0
충청남도,연기군,2021,8,0
충청남도,연기군,2021,9,0
충청남도,연기군,2021,10,0
충청남도,연기군,2021,11,0
충청남도,연기군,2021,12,0
충청남도,예산군,2010,1,155358.2413
충청남도,예산군,2010,2,161039.2098
충청남도,예산군,2010,3,165610.8768
충청남도,예산군,2010,4,166175.6121
충청남도,예산군,2010,5,162540.6887
충청남도,예산군,2010,6,167695.0191
충청남도,예산군,2010,7,168313.5388
충청남도,예산군,2010,8,171374.7628
충청남도,예산군,2010,9,171399.414
충청남도,예산군,2010,10,171715.3968
충청남도,예산군,2010,11,173232.5628
충청남도,예산군,2010,12,170211.6769
충청남도,예산군,2011,1,170235.115
충청남도,예산군,2011,2,171376.7389
충청남도,예산군,2011,3,170350.8054
충청남도,예산군,2011,4,169905.5066
충청남도,예산군,2011,5,173129.5573
충청남도,예산군,2011,6,174511.2933
충청남도,예산군,2011,7,175231.6296
충청남도,예산군,2011,8,166930.2994
충청남도,예산군,2011,9,176969.1681
충청남도,예산군,2011,10,179138.9084
충청남도,예산군,2011,11,175238.1781
충청남도,예산군,2011,12,173454.8
충청남도,예산군,2012,1,179548.9707
충청남도,예산군,2012,2,188056.2841
충청남도,예산군,2012,3,184602.6425
충청남도,예산군,2012,4,188702.5796
충청남도,예산군,2012,5,179737.4735
충청남도,예산군,2012,6,179313.3421
충청남도,예산군,2012,7,176535.1691
충청남도,예산군,2012,8,171409.6866
충청남도,예산군,2012,9,175644.2687
충청남도,예산군,2012,10,180859.5144
충청남도,예산군,2012,11,178121.7348
충청남도,예산군,2012,12,177989.334
충청남도,예산군,2013,1,188047.7975
충청남도,예산군,2013,2,185413.904
충청남도,예산군,2013,3,184002.0829
충청남도,예산군,2013,4,186900.2693
충청남도,예산군,2013,5,186846.0553
충청남도,예산군,2013,6,189091.4157
충청남도,예산군,2013,7,191029.5637
충청남도,예산군,2013,8,192353.2872
충청남도,예산군,2013,9,188818.0871
충청남도,예산군,2013,10,200178.1646
충청남도,예산군,2013,11,196179.8872
충청남도,예산군,2013,12,196141.4856
충청남도,예산군,2014,1,216342.6514
충청남도,예산군,2014,2,214214.949
충청남도,예산군,2014,3,214072.7636
충청남도,예산군,2014,4,218384.027
충청남도,예산군,2014,5,208535.1514
충청남도,예산군,2014,6,213976.2807
충청남도,예산군,2014,7,215535.2417
충청남도,예산군,2014,8,217317.6368
충청남도,예산군,2014,9,215337.1978
충청남도,예산군,2014,10,214187.0197
충청남도,예산군,2014,11,214570.4124
충청남도,예산군,2014,12,228217.6685
충청남도,예산군,2015,1,222742.9395
충청남도,예산군,2015,2,226557.8624
충청남도,예산군,2015,3,222497.5653
충청남도,예산군,2015,4,221082.1437
충청남도,예산군,2015,5,210825.5026
충청남도,예산군,2015,6,225868.2318
충청남도,예산군,2015,7,222564.7203
충청남도,예산군,2015,8,230532.9243
충청남도,예산군,2015,9,227924.2092
충청남도,예산군,2015,10,218062.7497
충청남도,예산군,2015,11,223603.0406
충청남도,예산군,2015,12,222717.1106
충청남도,예산군,2016,1,229053.7835
충청남도,예산군,2016,2,232444.7723
충청남도,예산군,2016,3,233640.9719
충청남도,예산군,2016,4,232326.2062
충청남도,예산군,2016,5,240109.4082
충청남도,예산군,2016,6,229672.9617
충청남도,예산군,2016,7,233456.5358
충청남도,예산군,2016,8,237263.8232
충청남도,예산군,2016,9,240478.2803
충청남도,예산군,2016,10,249607.8655
충청남도,예산군,2016,11,258437.0834
충청남도,예산군,2016,12,256985.3081
충청남도,예산군,2017,1,234734.4498
충청남도,예산군,2017,2,240683.4624
충청남도,예산군,2017,3,251315.3853
충청남도,예산군,2017,4,247345.4029
충청남도,예산군,2017,5,248556.6648
충청남도,예산군,2017,6,245197.0821
충청남도,예산군,2017,7,249548.5643
충청남도,예산군,2017,8,250006.3641
충청남도,예산군,2017,9,243401.6486
충청남도,예산군,2017,10,266377.4748
충청남도,예산군,2017,11,254124.1777
충청남도,예산군,2017,12,250409.3233
충청남도,예산군,2018,1,248918.4472
충청남도,예산군,2018,2,250689.1368
충청남도,예산군,2018,3,248968.5181
충청남도,예산군,2018,4,245625.1466
충청남도,예산군,2018,5,239823.7484
충청남도,예산군,2018,6,241355.4632
충청남도,예산군,2018,7,245053.883
충청남도,예산군,2018,8,254535.4934
충청남도,예산군,2018,9,239630.2926
충청남도,예산군,2018,10,242265.8435
충청남도,예산군,2018,11,235608.6878
충청남도,예산군,2018,12,241717.3393
충청남도,예산군,2019,1,249627.4946
충청남도,예산군,2019,2,242063.1702
충청남도,예산군,2019,3,239103.5295
충청남도,예산군,2019,4,241399.885
충청남도,예산군,2019,5,245755.5375
충청남도,예산군,2019,6,241670.467
충청남도,예산군,2019,7,251219.8579
충청남도,예산군,2019,8,243078.4515
충청남도,예산군,2019,9,251471.2837
충청남도,예산군,2019,10,241028.7327
충청남도,예산군,2019,11,235408.7677
충청남도,예산군,2019,12,255000.8229
충청남도,예산군,2020,1,242218.2932
충청남도,예산군,2020,2,233728.1674
충청남도,예산군,2020,3,249959.2902
충청남도,예산군,2020,4,232729.3291
충청남도,예산군,2020,5,216248.4968
충청남도,예산군,2020,6,234727.0058
충청남도,예산군,2020,7,237224.1016
충청남도,예산군,2020,8,249210.1614
충청남도,예산군,2020,9,265441.2842
충청남도,예산군,2020,10,275429.6674
충청남도,예산군,2020,11,279674.7303
충청남도,예산군,2020,12,278176.4728
충청남도,예산군,2021,1,269632.9525
충청남도,예산군,2021,2,276492.0363
충청남도,예산군,2021,3,263246.9088
충청남도,예산군,2021,4,264902.5498
충청남도,예산군,2021,5,256387.825
충청남도,예산군,2021,6,262064.3082
충청남도,예산군,2021,7,263483.429
충청남도,예산군,2021,8,265375.59
충청남도,예산군,2021,9,267504.2712
충청남도,예산군,2021,10,256387.825
충청남도,예산군,2021,11,265848.6303
충청남도,예산군,2021,12,272234.6739
충청남도,천안시,2010,1,1631987.577
충청남도,천안시,2010,2,1691664.295
충청남도,천안시,2010,3,1739688.163
충청남도,천안시,2010,4,1745620.523
충청남도,천안시,2010,5,1707436.84
충청남도,천안시,2010,6,1761581.397
충청남도,천안시,2010,7,1768078.744
충청남도,천안시,2010,8,1800235.903
충청남도,천안시,2010,9,1800494.855
충청남도,천안시,2010,10,1803814.152
충청남도,천안시,2010,11,1819751.485
충청남도,천안시,2010,12,1788018.066
충청남도,천안시,2011,1,1849967.604
충청남도,천안시,2011,2,1862373.782
충청남도,천안시,2011,3,1851224.827
충청남도,천안시,2011,4,1846385.705
충청남도,천안시,2011,5,1881421.892
충청남도,천안시,2011,6,1896437.401
충청남도,천안시,2011,7,1904265.391
충청남도,천안시,2011,8,1814053.733
충청남도,천안시,2011,9,1923147.453
충청남도,천안시,2011,10,1946726.308
충청남도,천안시,2011,11,1904336.555
충청남도,천안시,2011,12,1884956.348
충청남도,천안시,2012,1,1895913.657
충청남도,천안시,2012,2,1985745.037
충청남도,천안시,2012,3,1949276.956
충청남도,천안시,2012,4,1992569.473
충청남도,천안시,2012,5,1897904.118
충청남도,천안시,2012,6,1893425.581
충청남도,천안시,2012,7,1864089.985
충청남도,천안시,2012,8,1809968.415
충청남도,천안시,2012,9,1854682.689
충청남도,천안시,2012,10,1909752.097
충청남도,천안시,2012,11,1880843.027
충청남도,천안시,2012,12,1879444.966
충청남도,천안시,2013,1,1930560.861
충청남도,천안시,2013,2,1903520.44
충청남도,천안시,2013,3,1889026.217
충청남도,천안시,2013,4,1918779.957
충청남도,천안시,2013,5,1918223.379
충청남도,천안시,2013,6,1941274.991
충청남도,천안시,2013,7,1961172.659
충청남도,천안시,2013,8,1974762.442
충청남도,천안시,2013,9,1938468.909
충청남도,천안시,2013,10,2055095.221
충청남도,천안시,2013,11,2014047.583
충청남도,천안시,2013,12,2013653.34
충청남도,천안시,2014,1,1915894.738
충청남도,천안시,2014,2,1897052.157
충청남도,천안시,2014,3,1895792.987
충청남도,천안시,2014,4,1933972.823
충청남도,천안시,2014,5,1846752.81
충청남도,천안시,2014,6,1894938.55
충청남도,천안시,2014,7,1908744.451
충청남도,천안시,2014,8,1924529.047
충청남도,천안시,2014,9,1906990.607
충청남도,천안시,2014,10,1896804.82
충청남도,천안시,2014,11,1900200.083
충청남도,천안시,2014,12,2021057.925
충청남도,천안시,2015,1,1860938.691
충청남도,천안시,2015,2,1892811.027
충청남도,천안시,2015,3,1858888.677
충청남도,천안시,2015,4,1847063.328
충청남도,천안시,2015,5,1761372.71
충청남도,천안시,2015,6,1887049.406
충청남도,천안시,2015,7,1859449.733
충청남도,천안시,2015,8,1926021.266
충청남도,천안시,2015,9,1904226.372
충청남도,천안시,2015,10,1821837.357
충청남도,천안시,2015,11,1868124.533
충청남도,천안시,2015,12,1860722.9
충청남도,천안시,2016,1,1852494.217
충청남도,천안시,2016,2,1879919.16
충청남도,천안시,2016,3,1889593.538
충청남도,천안시,2016,4,1878960.246
충청남도,천안시,2016,5,1941907.631
충청남도,천안시,2016,6,1857501.879
충청남도,천안시,2016,7,1888101.894
충청남도,천안시,2016,8,1918893.692
충청남도,천안시,2016,9,1944890.919
충청남도,천안시,2016,10,2018727.306
충청남도,천안시,2016,11,2090134.444
충청남도,천안시,2016,12,2078393.073
충청남도,천안시,2017,1,1957684.76
충청남도,천안시,2017,2,2007299.512
충청남도,천안시,2017,3,2095969.724
충청남도,천안시,2017,4,2062860.08
충청남도,천안시,2017,5,2072962.001
충청남도,천안시,2017,6,2044943.089
충청남도,천안시,2017,7,2081234.441
충청남도,천안시,2017,8,2085052.49
충청남도,천안시,2017,9,2029969.178
충청남도,천안시,2017,10,2221587.514
충청남도,천안시,2017,11,2119395.045
충청남도,천안시,2017,12,2088413.168
충청남도,천안시,2018,1,2122419.845
충청남도,천안시,2018,2,2137517.749
충청남도,천안시,2018,3,2122846.778
충청남도,천안시,2018,4,2094339.296
충청남도,천안시,2018,5,2044873.285
충청남도,천안시,2018,6,2057933.554
충청남도,천안시,2018,7,2089468.379
충청남도,천안시,2018,8,2170313.967
충청남도,천안시,2018,9,2043223.771
충청남도,천안시,2018,10,2065695.973
충청남도,천안시,2018,11,2008933.288
충청남도,천안시,2018,12,2061019.115
충청남도,천안시,2019,1,1972897.406
충청남도,천안시,2019,2,1913113.783
충청남도,천안시,2019,3,1889722.66
충청남도,천안시,2019,4,1907871.597
충청남도,천안시,2019,5,1942295.912
충청남도,천안시,2019,6,1910010.106
충청남도,천안시,2019,7,1985482.435
충청남도,천안시,2019,8,1921137.922
충청남도,천안시,2019,9,1987469.545
충청남도,천안시,2019,10,1904938.244
충청남도,천안시,2019,11,1860521.605
충청남도,천안시,2019,12,2015364.784
충청남도,천안시,2020,1,1999789.14
충청남도,천안시,2020,2,1929693.439
충청남도,천안시,2020,3,2063699.927
충청남도,천안시,2020,4,1921446.885
충청남도,천안시,2020,5,1785378.758
충청남도,천안시,2020,6,1937939.992
충청남도,천안시,2020,7,1958556.375
충청남도,천안시,2020,8,2057515.012
충청남도,천안시,2020,9,2191521.501
충청남도,천안시,2020,10,2273987.033
충청남도,천안시,2020,11,2309034.884
충청남도,천안시,2020,12,2296665.054
충청남도,천안시,2021,1,2230787.233
충청남도,천안시,2021,2,2287535.33
충청남도,천안시,2021,3,2177952.799
충청남도,천안시,2021,4,2191650.615
충청남도,천안시,2021,5,2121204.703
충청남도,천안시,2021,6,2168168.644
충청남도,천안시,2021,7,2179909.63
충청남도,천안시,2021,8,2195564.277
충청남도,천안시,2021,9,2213175.755
충청남도,천안시,2021,10,2121204.703
충청남도,천안시,2021,11,2199477.939
충청남도,천안시,2021,12,2252312.373
충청남도,청양군,2010,1,63446.98808
충청남도,청양군,2010,2,65767.04743
충청남도,청양군,2010,3,67634.07744
충청남도,청양군,2010,4,67864.71056
충청남도,청양군,2010,5,66380.23866
충청남도,청양군,2010,6,68485.22348
충청남도,청양군,2010,7,68737.82166
충청남도,청양군,2010,8,69987.9996
충청남도,청양군,2010,9,69998.06692
충청남도,청양군,2010,10,70127.11164
충청남도,청양군,2010,11,70746.70934
충청남도,청양군,2010,12,69513.0052
충청남도,청양군,2011,1,68875.11312
충청남도,청양군,2011,2,69337.00064
충청남도,청양군,2011,3,68921.92008
충청남도,청양군,2011,4,68741.75745
충청남도,청양군,2011,5,70046.17021
충청남도,청양군,2011,6,70605.20424
충청남도,청양군,2011,7,70896.64379
충청남도,청양군,2011,8,67538.02381
충청남도,청양군,2011,9,71599.6313
충청남도,청양군,2011,10,72477.48254
충청남도,청양군,2011,11,70899.29324
충청남도,청양군,2011,12,70177.75958
충청남도,청양군,2012,1,70811.49771
충청남도,청양군,2012,2,74166.65816
충청남도,청양군,2012,3,72804.59223
충청남도,청양군,2012,4,74421.54769
충청남도,청양군,2012,5,70885.84049
충청남도,청양군,2012,6,70718.56923
충청남도,청양군,2012,7,69622.89827
충청남도,청양군,2012,8,67601.48268
충청남도,청양군,2012,9,69271.54013
충청남도,청양군,2012,10,71328.35703
충청남도,청양군,2012,11,70248.61666
충청남도,청양군,2012,12,70196.39971
충청남도,청양군,2013,1,75500.26049
충청남도,청양군,2013,2,74442.76528
충청남도,청양군,2013,3,73875.92608
충청남도,청양군,2013,4,75039.53359
충청남도,청양군,2013,5,75017.76696
충청남도,청양군,2013,6,75919.26803
충청남도,청양군,2013,7,76697.42488
충청남도,청양군,2013,8,77228.89331
충청남도,청양군,2013,9,75809.52796
충청남도,청양군,2013,10,80370.54289
충청남도,청양군,2013,11,78765.25428
충청남도,청양군,2013,12,78749.83625
충청남도,청양군,2014,1,83141.60401
충청남도,청양군,2014,2,82323.91692
충청남도,청양군,2014,3,82269.27434
충청남도,청양군,2014,4,83926.11526
충청남도,청양군,2014,5,80141.14123
충청남도,청양군,2014,6,82232.19545
충청남도,청양군,2014,7,82831.31225
충청남도,청양군,2014,8,83516.29595
충청남도,청양군,2014,9,82755.20295
충청남도,청양군,2014,10,82313.18356
충청남도,청양군,2014,11,82460.52335
충청남도,청양군,2014,12,87705.23472
충청남도,청양군,2015,1,89808.74307
충청남도,청양군,2015,2,91346.89926
충청남도,청양군,2015,3,89709.80953
충청남도,청양군,2015,4,89139.11922
충청남도,청양군,2015,5,85003.69726
충청남도,청양군,2015,6,91068.84395
충청남도,청양군,2015,7,89736.88608
충청남도,청양군,2015,8,92949.6226
충청남도,청양군,2015,9,91897.80287
충청남도,청양군,2015,10,87921.71598
충청남도,청양군,2015,11,90155.53116
충청남도,청양군,2015,12,89798.32901
충청남도,청양군,2016,1,85530.33187
충청남도,청양군,2016,2,86796.5515
충청남도,청양군,2016,3,87243.22105
충청남도,청양군,2016,4,86752.27809
충청남도,청양군,2016,5,89658.58173
충청남도,청양군,2016,6,85761.53748
충청남도,청양군,2016,7,87174.3513
충청남도,청양군,2016,8,88596.0198
충청남도,청양군,2016,9,89796.32123
충청남도,청양군,2016,10,93205.37408
충청남도,청양군,2016,11,96502.26761
충청남도,청양군,2016,12,95960.16426
충청남도,청양군,2017,1,92778.16737
충청남도,청양군,2017,2,95129.49882
충청남도,청양군,2017,3,99331.73808
충청남도,청양군,2017,4,97762.61308
충청남도,청양군,2017,5,98241.36113
충청남도,청양군,2017,6,96913.49499
충청남도,청양군,2017,7,98633.40677
충청남도,청양군,2017,8,98814.35092
충청남도,청양군,2017,9,96203.85468
충청남도,청양군,2017,10,105284.9889
충청남도,청양군,2017,11,100441.9058
충청남도,청양군,2017,12,98973.61946
충청남도,청양군,2018,1,97355.10188
충청남도,청양군,2018,2,98047.64062
충청남도,청양군,2018,3,97374.68524
충청남도,청양군,2018,4,96067.05104
충청남도,청양군,2018,5,93798.05202
충청남도,청양군,2018,6,94397.12473
충청남도,청양군,2018,7,95843.62274
충청남도,청양군,2018,8,99551.99855
충청남도,청양군,2018,9,93722.38904
충청남도,청양군,2018,10,94753.18578
충청남도,청양군,2018,11,92149.48936
충청남도,청양군,2018,12,94538.659
충청남도,청양군,2019,1,98883.18202
충청남도,청양군,2019,2,95886.77945
충청남도,청양군,2019,3,94714.39781
충청남도,청양군,2019,4,95624.03696
충청남도,청양군,2019,5,97349.4109
충청남도,청양군,2019,6,95731.22072
충청남도,청양군,2019,7,99513.95369
충청남도,청양군,2019,8,96288.95567
충청남도,청양군,2019,9,99613.54922
충청남도,청양군,2019,10,95477.01499
충청남도,청양군,2019,11,93250.81783
충청남도,청양군,2019,12,101011.6807
충청남도,청양군,2020,1,95706.63971
충청남도,청양군,2020,2,92351.97398
충청남도,청양군,2020,3,98765.30551
충청남도,청양군,2020,4,91957.30743
충청남도,청양군,2020,5,85445.30926
충청남도,청양군,2020,6,92746.64054
충청남도,청양군,2020,7,93733.30693
충청남도,청양군,2020,8,98469.30559
충청남도,청양군,2020,9,104882.6371
충청남도,청양군,2020,10,108829.3027
충청남도,청양군,2020,11,110506.6355
충청남도,청양군,2020,12,109914.6357
충청남도,청양군,2021,1,100824.9539
충청남도,청양군,2021,2,103389.7993
충청남도,청양군,2021,3,98436.9945
충청남도,청양군,2021,4,99056.0951
충청남도,청양군,2021,5,95872.14918
충청남도,청양군,2021,6,97994.77979
충청남도,청양군,2021,7,98525.43744
충청남도,청양군,2021,8,99232.98098
충청남도,청양군,2021,9,100028.9675
충청남도,청양군,2021,10,95872.14918
충청남도,청양군,2021,11,99409.86686
충청남도,청양군,2021,12,101797.8263
충청남도,태안군,2010,1,187096.4213
충청남도,태안군,2010,2,193937.9565
충청남도,태안군,2010,3,199443.5706
충청남도,태안군,2010,4,200123.6759
충청남도,태안군,2010,5,195746.1729
충청남도,태안군,2010,6,201953.483
충청남도,태안군,2010,7,202698.3602
충청남도,태안군,2010,8,206384.9626
충청남도,태안군,2010,9,206414.6497
충청남도,태안군,2010,10,206795.1848
충청남도,태안군,2010,11,208622.293
충청남도,태안군,2010,12,204984.2696
충청남도,태안군,2011,1,198795.8122
충청남도,태안군,2011,2,200128.9687
충청남도,태안군,2011,3,198930.9122
충청남도,태안군,2011,4,198410.9047
충청남도,태안군,2011,5,202175.861
충청남도,태안군,2011,6,203789.4137
충청남도,태안군,2011,7,204630.6023
충청남도,태안군,2011,8,194936.5408
충청남도,태안군,2011,9,206659.6512
충청남도,태안군,2011,10,209193.4133
충청남도,태안군,2011,11,204638.2495
충청남도,태안군,2011,12,202555.6704
충청남도,태안군,2012,1,184978.3525
충청남도,태안군,2012,2,193742.9186
충청남도,태안군,2012,3,190184.8423
충청남도,태안군,2012,4,194408.7574
충청남도,태안군,2012,5,185172.5555
충청남도,태안군,2012,6,184735.5987
충청남도,태안군,2012,7,181873.4165
충청남도,태안군,2012,8,176592.9446
충청남도,태안군,2012,9,180955.5761
충청남도,태안군,2012,10,186328.5257
충청남도,태안군,2012,11,183507.9584
충청남도,태안군,2012,12,183371.5539
충청남도,태안군,2013,1,211051.9072
충청남도,태안군,2013,2,208095.8064
충청남도,태안군,2013,3,206511.2755
충청남도,태안군,2013,4,209764.0005
충청남도,태안군,2013,5,209703.1545
충청남도,태안군,2013,6,212223.1924
충청남도,태안군,2013,7,214398.4364
충청남도,태안군,2013,8,215884.0926
충청남도,태안군,2013,9,211916.4272
충청남도,태안군,2013,10,224666.1965
충청남도,태안군,2013,11,220178.805
충청남도,태안군,2013,12,220135.7058
충청남도,태안군,2014,1,231031.4056
충청남도,태안군,2014,2,228759.2412
충청남도,태안군,2014,3,228607.402
충청남도,태안군,2014,4,233211.3821
충청남도,태안군,2014,5,222693.8093
충청남도,태안군,2014,6,228504.3683
충청남도,태안군,2014,7,230169.1762
충청남도,태안군,2014,8,232072.5884
충청남도,태안군,2014,9,229957.6859
충청남도,태안군,2014,10,228729.4156
충청남도,태안군,2014,11,229138.8391
충청남도,태안군,2014,12,243712.6863
충청남도,태안군,2015,1,248095.1987
충청남도,태안군,2015,2,252344.3302
충청남도,태안군,2015,3,247821.8963
충청남도,태안군,2015,4,246245.3736
충청남도,태안군,2015,5,234821.3374
충청남도,태안군,2015,6,251576.2069
충청남도,태안군,2015,7,247896.6949
충청남도,태안군,2015,8,256771.8275
충청남도,태안군,2015,9,253866.1925
충청남도,태안군,2015,10,242882.3169
충청남도,태안군,2015,11,249053.1951
충청남도,태안군,2015,12,248066.43
충청남도,태안군,2016,1,225703.9198
충청남도,태안군,2016,2,229045.3161
충청남도,태안군,2016,3,230224.0216
충청남도,태안군,2016,4,228928.4841
충청남도,태안군,2016,5,236597.8583
충청남도,태안군,2016,6,226314.0427
충청남도,태안군,2016,7,230042.2828
충청남도,태안군,2016,8,233793.8894
충청남도,태안군,2016,9,236961.3357
충청남도,태안군,2016,10,245957.4027
충청남도,태안군,2016,11,254657.4951
충청남도,태안군,2016,12,253226.9517
충청남도,태안군,2017,1,244834.0063
충청남도,태안군,2017,2,251038.978
충청남도,태안군,2017,3,262128.3442
충청남도,태안군,2017,4,257987.5515
충청남도,태안군,2017,5,259250.9285
충청남도,태안군,2017,6,255746.7982
충청남도,태안군,2017,7,260285.5049
충청남도,태안군,2017,8,260763.0017
충청남도,태안군,2017,9,253874.1153
충청남도,태안군,2017,10,277838.4869
충청남도,태안군,2017,11,265057.9861
충청남도,태안군,2017,12,261183.2984
충청남도,태안군,2018,1,273728.5801
충청남도,태안군,2018,2,275675.7574
충청남도,태안군,2018,3,273783.6417
충청남도,태안군,2018,4,270107.0305
충청남도,태안군,2018,5,263727.3969
충청남도,태안군,2018,6,265411.7803
충청남도,태안군,2018,7,269478.8281
충청남도,태안군,2018,8,279905.487
충청남도,태안군,2018,9,263514.659
충청남도,태안군,2018,10,266412.8998
충청남도,태안군,2018,11,259092.2139
충청남도,태안군,2018,12,265809.7253
충청남도,태안군,2019,1,275218.0638
충청남도,태안군,2019,2,266878.2825
충청남도,태안군,2019,3,263615.2341
충청남도,태안군,2019,4,266147.0006
충청남도,태안군,2019,5,270949.1729
충청남도,태안군,2019,6,266445.3214
충청남도,태안군,2019,7,276973.6683
충청남도,태안군,2019,8,267997.6453
충청남도,태안군,2019,9,277250.869
충청남도,태안군,2019,10,265737.7995
충청남도,태안군,2019,11,259541.7037
충청남도,태안군,2019,12,281142.2389
충청남도,태안군,2020,1,244426.493
충청남도,태안군,2020,2,235858.9664
충청남도,태안군,2020,3,252238.0613
충청남도,태안군,2020,4,234851.0221
충청남도,태안군,2020,5,218219.9411
충청남도,태안군,2020,6,236866.9107
충청남도,태안군,2020,7,239386.7715
충청남도,태안군,2020,8,251482.1031
충청남도,태안군,2020,9,267861.1979
충청남도,태안군,2020,10,277940.641
충청남도,태안군,2020,11,282224.4042
충청남도,태안군,2020,12,280712.4878
충청남도,태안군,2021,1,262485.0847
충청남도,태안군,2021,2,269162.3368
충청남도,태안군,2021,3,256268.3327
충청남도,태안군,2021,4,257880.0832
충청남도,태안군,2021,5,249591.0805
충청남도,태안군,2021,6,255117.0823
충청남도,태안군,2021,7,256498.5828
충청남도,태안군,2021,8,258340.5834
충청남도,태안군,2021,9,260412.834
충청남도,태안군,2021,10,249591.0805
충청남도,태안군,2021,11,258801.0835
충청남도,태안군,2021,12,265017.8355
충청남도,홍성군,2010,1,159083.3511
충청남도,홍성군,2010,2,164900.5353
충청남도,홍성군,2010,3,169581.8196
충청남도,홍성군,2010,4,170160.0959
충청남도,홍성군,2010,5,166438.0159
충청남도,홍성군,2010,6,171715.9345
충청남도,홍성군,2010,7,172349.2848
충청남도,홍성군,2010,8,175483.9095
충청남도,홍성군,2010,9,175509.1517
충청남도,홍성군,2010,10,175832.7111
충청남도,홍성군,2010,11,177386.2549
충청남도,홍성군,2010,12,174292.9357
충청남도,홍성군,2011,1,175015.7816
충청남도,홍성군,2011,2,176189.4654
충청남도,홍성군,2011,3,175134.7209
충청남도,홍성군,2011,4,174676.9168
충청남도,홍성군,2011,5,177991.5077
충청남도,홍성군,2011,6,179412.0466
충청남도,홍성군,2011,7,180152.6119
충청남도,홍성군,2011,8,171618.1577
충청남도,홍성군,2011,9,181938.9452
충청남도,홍성군,2011,10,184169.6177
충청남도,홍성군,2011,11,180159.3443
충청남도,홍성군,2011,12,178325.8841
충청남도,홍성군,2012,1,215374.314
충청남도,홍성군,2012,2,225579.0888
충청남도,홍성군,2012,3,221436.3432
충청남도,홍성군,2012,4,226354.3394
충청남도,홍성군,2012,5,215600.4288
충청남도,홍성군,2012,6,215091.6706
충청남도,홍성군,2012,7,211759.1696
충청남도,홍성군,2012,8,205611.0015
충청남도,홍성군,2012,9,210690.5082
충청남도,홍성군,2012,10,216946.35
충청남도,홍성군,2012,11,213662.3023
충청남도,홍성군,2012,12,213503.4835
충청남도,홍성군,2013,1,235979.452
충청남도,홍성군,2013,2,232674.2033
충청남도,홍성군,2013,3,230902.5219
충청남도,홍성군,2013,4,234539.4294
충청남도,홍성군,2013,5,234471.3969
충청남도,홍성군,2013,6,237289.0789
충청남도,홍성군,2013,7,239721.243
충청남도,홍성군,2013,8,241382.3715
충청남도,홍성군,2013,9,236946.0814
충청남도,홍성군,2013,10,251201.7382
충청남도,홍성군,2013,11,246184.3366
충청남도,홍성군,2013,12,246136.1469
충청남도,홍성군,2014,1,244887.5046
충청남도,홍성군,2014,2,242479.0671
충청남도,홍성군,2014,3,242318.1214
충청남도,홍성군,2014,4,247198.225
충청남도,홍성군,2014,5,236049.8612
충청남도,홍성군,2014,6,242208.9083
충청남도,홍성군,2014,7,243973.5629
충청남도,홍성군,2014,8,245991.1322
충청남도,홍성군,2014,9,243749.3885
충청남도,홍성군,2014,10,242447.4528
충청남도,홍성군,2014,11,242881.4314
충청남도,홍성군,2014,12,258329.3445
충청남도,홍성군,2015,1,255636.4595
충청남도,홍성군,2015,2,260014.7504
충청남도,홍성군,2015,3,255354.8497
충청남도,홍성군,2015,4,253730.4059
충청남도,홍성군,2015,5,241959.1174
충청남도,홍성군,2015,6,259223.2787
충청남도,홍성군,2015,7,255431.9218
충청남도,홍성군,2015,8,264576.8287
충청남도,홍성군,2015,9,261582.8722
충청남도,홍성군,2015,10,250265.1236
충청남도,홍성군,2015,11,256623.5758
충청남도,홍성군,2015,12,255606.8163
충청남도,홍성군,2016,1,245208.6812
충청남도,홍성군,2016,2,248838.8325
충청남도,홍성군,2016,3,250119.3987
충청남도,홍성군,2016,4,248711.9041
충청남도,홍성군,2016,5,257044.0462
충청남도,홍성군,2016,6,245871.5293
충청남도,홍성군,2016,7,249921.9545
충청남도,홍성군,2016,8,253997.7654
충청남도,홍성군,2016,9,257438.9345
충청남도,홍성군,2016,10,267212.4187
충청남도,홍성군,2016,11,276664.3511
충청남도,홍성군,2016,12,275110.1838
충청남도,홍성군,2017,1,236935.7593
충청남도,홍성군,2017,2,242940.5611
충청남도,홍성군,2017,3,253672.1888
충청남도,홍성군,2017,4,249664.9764
충청남도,홍성군,2017,5,250887.5973
충청남도,홍성군,2017,6,247496.5089
충청남도,홍성군,2017,7,251888.7987
충청남도,홍성군,2017,8,252350.8917
충청남도,홍성군,2017,9,245684.238
충청남도,홍성군,2017,10,268875.5285
충청남도,홍성군,2017,11,256507.3216
충청남도,홍성군,2017,12,252757.6298
충청남도,홍성군,2018,1,261364.658
충청남도,홍성군,2018,2,263223.8842
충청남도,홍성군,2018,3,261417.2325
충청남도,홍성군,2018,4,257906.6886
충청남도,홍성군,2018,5,251815.2137
충청남도,홍성군,2018,6,253423.516
충청남도,홍성군,2018,7,257306.8611
충청남도,홍성군,2018,8,267262.563
충청남도,홍성군,2018,9,251612.0849
충청남도,홍성군,2018,10,254379.4164
충청남도,홍성군,2018,11,247389.3952
충청남도,홍성군,2018,12,253803.4864
충청남도,홍성군,2019,1,264869.0084
충청남도,홍성군,2019,2,256842.8288
충청남도,홍성군,2019,3,253702.4812
충청남도,홍성군,2019,4,256139.0454
충청남도,홍성군,2019,5,260760.6411
충청남도,홍성군,2019,6,256426.1484
충청남도,홍성군,2019,7,266558.5967
충청남도,홍성군,2019,8,257920.1001
충청남도,홍성군,2019,9,266825.3738
충청남도,홍성군,2019,10,255745.2316
충청남도,홍성군,2019,11,249782.1282
충청남도,홍성군,2019,12,270570.4161
충청남도,홍성군,2020,1,255862.4314
충청남도,홍성군,2020,2,246894.0575
충청남도,홍성군,2020,3,264039.4782
충청남도,홍성군,2020,4,245838.9547
충청남도,홍성군,2020,5,228429.7584
충청남도,홍성군,2020,6,247949.1603
충청남도,홍성군,2020,7,250586.9174
충청남도,홍성군,2020,8,263248.1511
충청남도,홍성군,2020,9,280393.5718
충청남도,홍성군,2020,10,290944.5998
충청남도,홍성군,2020,11,295428.7868
충청남도,홍성군,2020,12,293846.1326
충청남도,홍성군,2021,1,284244.263
충청남도,홍성군,2021,2,291475.0381
충청남도,홍성군,2021,3,277512.162
충청남도,홍성군,2021,4,279257.5215
충청남도,홍성군,2021,5,270281.3869
충청남도,홍성군,2021,6,276265.4767
충청남도,홍성군,2021,7,277761.4991
충청남도,홍성군,2021,8,279756.1957
충청남도,홍성군,2021,9,282000.2293
충청남도,홍성군,2021,10,270281.3869
충청남도,홍성군,2021,11,280254.8698
충청남도,홍성군,2021,12,286986.9708
충청북도,괴산군,2010,1,88463.08245
충청북도,괴산군,2010,2,91314.55059
충청북도,괴산군,2010,3,93503.82944
충청북도,괴산군,2010,4,93613.63123
충청북도,괴산군,2010,5,97105.32829
충청북도,괴산군,2010,6,95218.42669
충청북도,괴산군,2010,7,96960.05207
충청북도,괴산군,2010,8,96505.64157
충청북도,괴산군,2010,9,96841.80398
충청북도,괴산군,2010,10,94437.98932
충청북도,괴산군,2010,11,97650.95874
충청북도,괴산군,2010,12,100049.7056
충청북도,괴산군,2011,1,92426.12773
충청북도,괴산군,2011,2,89688.80844
충청북도,괴산군,2011,3,99114.46894
충청북도,괴산군,2011,4,99430.48963
충청북도,괴산군,2011,5,98740.4348
충청북도,괴산군,2011,6,98955.69526
충청북도,괴산군,2011,7,97309.94502
충청북도,괴산군,2011,8,95120.70026
충청북도,괴산군,2011,9,94923.75983
충청북도,괴산군,2011,10,96815.30394
충청북도,괴산군,2011,11,98390.82737
충청북도,괴산군,2011,12,94447.43879
충청북도,괴산군,2012,1,86853.66436
충청북도,괴산군,2012,2,89356.76815
충청북도,괴산군,2012,3,88543.9323
충청북도,괴산군,2012,4,89156.2507
충청북도,괴산군,2012,5,93095.27479
충청북도,괴산군,2012,6,90745.58703
충청북도,괴산군,2012,7,85607.49548
충청북도,괴산군,2012,8,89951.59174
충청북도,괴산군,2012,9,91261.01109
충청북도,괴산군,2012,10,92127.67714
충청북도,괴산군,2012,11,92941.85875
충청북도,괴산군,2012,12,91933.88846
충청북도,괴산군,2013,1,82088.68623
충청북도,괴산군,2013,2,84070.19758
충청북도,괴산군,2013,3,79368.48061
충청북도,괴산군,2013,4,81506.37292
충청북도,괴산군,2013,5,79681.24252
충청북도,괴산군,2013,6,83570.19005
충청북도,괴산군,2013,7,85297.58235
충청북도,괴산군,2013,8,87778.07242
충청북도,괴산군,2013,9,84746.1337
충청북도,괴산군,2013,10,85505.40441
충청북도,괴산군,2013,11,85857.26157
충청북도,괴산군,2013,12,87146.37565
충청북도,괴산군,2014,1,85324.21981
충청북도,괴산군,2014,2,86510.19912
충청북도,괴산군,2014,3,82264.49677
충청북도,괴산군,2014,4,82569.01897
충청북도,괴산군,2014,5,82509.97895
충청북도,괴산군,2014,6,88375.65653
충청북도,괴산군,2014,7,89538.84847
충청북도,괴산군,2014,8,87744.86055
충청북도,괴산군,2014,9,87072.63298
충청북도,괴산군,2014,10,86400.4054
충청북도,괴산군,2014,11,88200.60806
충청북도,괴산군,2014,12,91658.07438
충청북도,괴산군,2015,1,94098.96772
충청북도,괴산군,2015,2,94256.92352
충청북도,괴산군,2015,3,94782.01984
충청북도,괴산군,2015,4,94208.89642
충청북도,괴산군,2015,5,93090.39857
충청북도,괴산군,2015,6,92391.33742
충청북도,괴산군,2015,7,94982.6664
충청북도,괴산군,2015,8,95965.62109
충청북도,괴산군,2015,9,99438.51422
충청북도,괴산군,2015,10,94354.045
충청북도,괴산군,2015,11,95183.31296
충청북도,괴산군,2015,12,95627.29684
충청북도,괴산군,2016,1,92426.45864
충청북도,괴산군,2016,2,97254.88284
충청북도,괴산군,2016,3,95372.4242
충청북도,괴산군,2016,4,99313.05132
충청북도,괴산군,2016,5,101537.6818
충청북도,괴산군,2016,6,100772.1623
충청북도,괴산군,2016,7,100585.1495
충청북도,괴산군,2016,8,98559.86236
충청북도,괴산군,2016,9,100570.7639
충청북도,괴산군,2016,10,108653.4165
충청북도,괴산군,2016,11,111799.753
충청북도,괴산군,2016,12,101825.3938
충청북도,괴산군,2017,1,113531.0621
충청북도,괴산군,2017,2,110826.4551
충청북도,괴산군,2017,3,110660.3271
충청북도,괴산군,2017,4,107005.51
충청북도,괴산군,2017,5,107425.5918
충청북도,괴산군,2017,6,108011.8016
충청북도,괴산군,2017,7,108877.3604
충청북도,괴산군,2017,8,109812.7566
충청북도,괴산군,2017,9,107566.3244
충청북도,괴산군,2017,10,111213.7345
충청북도,괴산군,2017,11,106953.6611
충청북도,괴산군,2017,12,104965.4152
충청북도,괴산군,2018,1,98040.46207
충청북도,괴산군,2018,2,99081.95582
충청북도,괴산군,2018,3,101928.3109
충청북도,괴산군,2018,4,103199.6039
충청북도,괴산군,2018,5,105944.3739
충청북도,괴산군,2018,6,104060.6116
충청북도,괴산군,2018,7,100702.386
충청북도,괴산군,2018,8,106258.0056
충청북도,괴산군,2018,9,104133.595
충청북도,괴산군,2018,10,108832.1521
충청북도,괴산군,2018,11,103180.8649
충청북도,괴산군,2018,12,106927.6782
충청북도,괴산군,2019,1,111837.8184
충청북도,괴산군,2019,2,108072.0445
충청북도,괴산군,2019,3,112284.9718
충청북도,괴산군,2019,4,116381.4744
충청북도,괴산군,2019,5,111403.0286
충청북도,괴산군,2019,6,107355.9807
충청북도,괴산군,2019,7,110161.5081
충청북도,괴산군,2019,8,109165.2007
충청북도,괴산군,2019,9,107481.6783
충청북도,괴산군,2019,10,111350.4829
충청북도,괴산군,2019,11,106482.28
충청북도,괴산군,2019,12,108598.5316
충청북도,괴산군,2020,1,106266.7031
충청북도,괴산군,2020,2,108288.6911
충청북도,괴산군,2020,3,109861.3485
충청북도,괴산군,2020,4,112894.3305
충청북도,괴산군,2020,5,108962.6872
충청북도,괴산군,2020,6,106266.7031
충청북도,괴산군,2020,7,112557.3325
충청북도,괴산군,2020,8,113343.6612
충청북도,괴산군,2020,9,117162.9719
충청북도,괴산군,2020,10,113568.3265
충청북도,괴산군,2020,11,120420.6192
충청북도,괴산군,2020,12,119409.6252
충청북도,괴산군,2021,1,106089.4029
충청북도,괴산군,2021,2,121973.3986
충청북도,괴산군,2021,3,108050.39
충청북도,괴산군,2021,4,102853.7742
충청북도,괴산군,2021,5,103736.2184
충청북도,괴산군,2021,6,103638.169
충청북도,괴산군,2021,7,112364.5617
충청북도,괴산군,2021,8,110501.6239
충청북도,괴산군,2021,9,125307.0767
충청북도,괴산군,2021,10,107854.2913
충청북도,괴산군,2021,11,111384.0681
충청북도,괴산군,2021,12,133151.0251
충청북도,단양군,2010,1,74709.85546
충청북도,단양군,2010,2,77118.00998
충청북도,단양군,2010,3,78966.92483
충청북도,단양군,2010,4,79059.6559
충청북도,단양군,2010,5,82008.50388
충청북도,단양군,2010,6,80414.95613
충청북도,단양군,2010,7,81885.81355
충청북도,단양군,2010,8,81502.04959
충청북도,단양군,2010,9,81785.94932
충청북도,단양군,2010,10,79755.85223
충청북도,단양군,2010,11,82469.30596
충청북도,단양군,2010,12,84495.12316
충청북도,단양군,2011,1,79096.39927
충청북도,단양군,2011,2,76753.85713
충청북도,단양군,2011,3,84820.14558
충청북도,단양군,2011,4,85090.58965
충청북도,단양군,2011,5,84500.05477
충청북도,단양군,2011,6,84684.2703
충청북도,단양군,2011,7,83275.87073
충청북도,단양군,2011,8,81402.35961
충청북도,단양군,2011,9,81233.822
충청북도,단양군,2011,10,82852.56696
충청북도,단양군,2011,11,84200.86785
충청북도,단양군,2011,12,80826.19615
충청북도,단양군,2012,1,80528.2009
충청북도,단양군,2012,2,82849.00621
충청북도,단양군,2012,3,82095.36836
충청북도,단양군,2012,4,82663.09223
충청북도,단양군,2012,5,86315.24123
충청북도,단양군,2012,6,84136.67883
충청북도,단양군,2012,7,79372.78923
충청북도,단양군,2012,8,83400.5094
충청북도,단양군,2012,9,84614.56508
충청북도,단양군,2012,10,85418.11273
충청북도,단양군,2012,11,86172.99832
충청북도,단양군,2012,12,85238.43748
충청북도,단양군,2013,1,80157.11289
충청북도,단양군,2013,2,82091.99865
충청북도,단양군,2013,3,77500.91459
충청북도,단양군,2013,4,79588.50161
충청북도,단양군,2013,5,77806.31712
충청북도,단양군,2013,6,81603.75645
충청북도,단양군,2013,7,83290.50265
충청북도,단양군,2013,8,85712.62599
충청북도,단양군,2013,9,82752.02977
충청북도,단양군,2013,10,83493.43459
충청북도,단양군,2013,11,83837.01244
충청북도,단양군,2013,12,85095.79325
충청북도,단양군,2014,1,86520.86568
충청북도,단양군,2014,2,87723.47798
충청북도,단양군,2014,3,83418.23096
충청북도,단양군,2014,4,83727.02399
충청북도,단양군,2014,5,83667.15595
충청북도,단양군,2014,6,89615.09786
충청북도,단양군,2014,7,90794.6032
충청북도,단양군,2014,8,88975.45516
충청북도,단양군,2014,9,88293.7998
충청북도,단양군,2014,10,87612.14444
충청북도,단양군,2014,11,89437.59438
충청북도,단양군,2014,12,92943.5506
충청북도,단양군,2015,1,93903.22785
충청북도,단양군,2015,2,94060.85508
충청북도,단양군,2015,3,94584.85912
충청북도,단양군,2015,4,94012.92788
충청북도,단양군,2015,5,92896.75668
충청북도,단양군,2015,6,92199.14967
충청북도,단양군,2015,7,94785.0883
충청북도,단양군,2015,8,95765.9983
충청북도,단양군,2015,9,99231.66729
충청북도,단양군,2015,10,94157.77453
충청북도,단양군,2015,11,94985.31749
충청북도,단양군,2015,12,95428.37781
충청북도,단양군,2016,1,88454.02141
충청북도,단양군,2016,2,93074.92266
충청북도,단양군,2016,3,91273.37104
충청북도,단양군,2016,4,95044.63222
충청북도,단양군,2016,5,97173.64929
충청북도,단양군,2016,6,96441.0314
충청북도,단양군,2016,7,96262.0563
충청북도,단양군,2016,8,94323.81489
충청북도,단양군,2016,9,96248.28898
충청북도,단양군,2016,10,103983.5538
충청북도,단양군,2016,11,106994.6624
충청북도,단양군,2016,12,97448.99561
충청북도,단양군,2017,1,101755.5753
충청북도,단양군,2017,2,99331.49128
충청북도,단양군,2017,3,99182.59409
충청북도,단양군,2017,4,95906.85609
충청북도,단양군,2017,5,96283.3668
충청북도,단양군,2017,6,96808.77469
충청북도,단양군,2017,7,97584.55746
충청북도,단양군,2017,8,98422.93395
충청북도,단양군,2017,9,96409.50263
충청북도,단양군,2017,10,99678.6019
충청북도,단양군,2017,11,95860.385
충청북도,단양군,2017,12,94078.36077
충청북도,단양군,2018,1,92530.56427
충청북도,단양군,2018,2,93513.52582
충청북도,단양군,2018,3,96199.91506
충청북도,단양군,2018,4,97399.76111
충청북도,단양군,2018,5,99990.27437
충청북도,단양군,2018,6,98212.3799
충청북도,단양군,2018,7,95042.8874
충청북도,단양군,2018,8,100286.2798
충청북도,단양군,2018,9,98281.26167
충청북도,단양군,2018,10,102715.7587
충청북도,단양군,2018,11,97382.07525
충청북도,단양군,2018,12,100918.3167
충청북도,단양군,2019,1,94538.28231
충청북도,단양군,2019,2,91355.01388
충청북도,단양군,2019,3,94916.26822
충청북도,단양군,2019,4,98379.10687
충청북도,단양군,2019,5,94170.74762
충청북도,단양군,2019,6,90749.71386
충청북도,단양군,2019,7,93121.27061
충청북도,단양군,2019,8,92279.0762
충청북도,단양군,2019,9,90855.96796
충청북도,단양군,2019,10,94126.32992
충청북도,단양군,2019,11,90011.16074
충청북도,단양군,2019,12,91800.0618
충청북도,단양군,2020,1,89391.60396
충청북도,단양군,2020,2,91092.50129
충청북도,단양군,2020,3,92415.42143
충청북도,단양군,2020,4,94966.76742
충청북도,단양군,2020,5,91659.46707
충청북도,단양군,2020,6,89391.60396
충청북도,단양군,2020,7,94683.28454
충청북도,단양군,2020,8,95344.74461
충청북도,단양군,2020,9,98557.55067
충청북도,단양군,2020,10,95533.7332
충청북도,단양군,2020,11,101297.8853
충청북도,단양군,2020,12,100447.4366
충청북도,단양군,2021,1,90329.711
충청북도,단양군,2021,2,103854.1224
충청북도,단양군,2021,3,91999.39142
충청북도,단양군,2021,4,87574.7383
충청북도,단양군,2021,5,88326.09449
충청북도,단양군,2021,6,88242.61047
충청북도,단양군,2021,7,95672.68836
충청북도,단양군,2021,8,94086.49196
충청북도,단양군,2021,9,106692.5792
충청북도,단양군,2021,10,91832.42338
충청북도,단양군,2021,11,94837.84815
충청북도,단양군,2021,12,113371.3009
충청북도,보은군,2010,1,64781.02871
충청북도,보은군,2010,2,66869.14314
충청북도,보은군,2010,3,68472.34
충청북도,보은군,2010,4,68552.74725
충청북도,보은군,2010,5,71109.6978
충청북도,보은군,2010,6,69727.93013
충청북도,보은군,2010,7,71003.31282
충청북도,보은군,2010,8,70670.55051
충청북도,보은군,2010,9,70916.7204
충청북도,보은군,2010,10,69156.42014
충청북도,보은군,2010,11,71509.25998
충청북도,보은군,2010,12,73265.84913
충청북도,보은군,2011,1,61002.02507
충청북도,보은군,2011,2,59195.37122
충청북도,보은군,2011,3,65416.38678
충청북도,보은군,2011,4,65624.9631
충청북도,보은군,2011,5,65169.52108
충청북도,보은군,2011,6,65311.59481
충청북도,보은군,2011,7,64225.38574
충청북도,보은군,2011,8,62780.46571
충청북도,보은군,2011,9,62650.48336
충청북도,보은군,2011,10,63898.91845
충청북도,보은군,2011,11,64938.77723
충청북도,보은군,2011,12,62336.10745
충청북도,보은군,2012,1,65638.02619
충청북도,보은군,2012,2,67529.69989
충청북도,보은군,2012,3,66915.41445
충청북도,보은군,2012,4,67378.16258
충청북도,보은군,2012,5,70355.00608
충청북도,보은군,2012,6,68579.27368
충청북도,보은군,2012,7,64696.25746
충청북도,보은군,2012,8,67979.22665
충청북도,보은군,2012,9,68968.79574
충청북도,보은군,2012,10,69623.76233
충청북도,보은군,2012,11,70239.06479
충청북도,보은군,2012,12,69477.31017
충청북도,보은군,2013,1,66544.35676
충청북도,보은군,2013,2,68150.64875
충청북도,보은군,2013,3,64339.2498
충청북도,보은군,2013,4,66072.31042
충청북도,보은군,2013,5,64592.78706
충청북도,보은군,2013,6,67745.32273
충청북도,보은군,2013,7,69145.61569
충청북도,보은군,2013,8,71156.39969
충청북도,보은군,2013,9,68698.58947
충청북도,보은군,2013,10,69314.08453
충청북도,보은군,2013,11,69599.31395
충청북도,보은군,2013,12,70644.32114
충청북도,보은군,2014,1,85209.65083
충청북도,보은군,2014,2,86394.03767
충청북도,보은군,2014,3,82154.03623
충청북도,보은군,2014,4,82458.14953
충청북도,보은군,2014,5,82399.18879
충청북도,보은군,2014,6,88256.99024
충청북도,보은군,2014,7,89418.6203
충청북도,보은군,2014,8,87627.04126
충청북도,보은군,2014,9,86955.71632
충청북도,보은군,2014,10,86284.39138
충청북도,보은군,2014,11,88082.17681
충청북도,보은군,2014,12,91535.00063
충청북도,보은군,2015,1,83542.15763
충청북도,보은군,2015,2,83682.39263
충청북도,보은군,2015,3,84148.57925
충청북도,보은군,2015,4,83639.75361
충청북도,보은군,2015,5,82646.73822
충청북도,보은군,2015,6,82026.1036
충청북도,보은군,2015,7,84326.7156
충청북도,보은군,2015,8,85199.3942
충청북도,보은군,2015,9,88282.6691
충청북도,보은군,2015,10,83768.61821
충청북도,보은군,2015,11,84504.85195
충청북도,보은군,2015,12,84899.026
충청북도,보은군,2016,1,79759.44005
충청북도,보은군,2016,2,83926.13016
충청북도,보은군,2016,3,82301.66192
충청북도,보은군,2016,4,85702.22727
충청북도,보은군,2016,5,87621.97276
충청북도,보은군,2016,6,86961.3675
충청북도,보은군,2016,7,86799.98474
충청북도,보은군,2016,8,85052.26262
충청북도,보은군,2016,9,86787.57068
충청북도,보은군,2016,10,93762.4982
충청북도,보은군,2016,11,96477.63017
충청북도,보은군,2016,12,87870.25394
충청북도,보은군,2017,1,98405.19928
충청북도,보은군,2017,2,96060.92995
충청북도,보은군,2017,3,95916.93532
충청북도,보은군,2017,4,92749.05336
충청북도,보은군,2017,5,93113.16718
충청북도,보은군,2017,6,93621.27564
충청북도,보은군,2017,7,94371.5152
충청북도,보은군,2017,8,95182.28753
충청북도,보은군,2017,9,93235.1499
충청북도,보은군,2017,10,96396.61171
충청북도,보은군,2017,11,92704.11236
충청북도,보은군,2017,12,90980.76257
충청북도,보은군,2018,1,88220.86879
충청북도,보은군,2018,2,89158.04801
충청북도,보은군,2018,3,91719.31622
충청북도,보은군,2018,4,92863.27835
충청북도,보은군,2018,5,95333.13608
충청북도,보은군,2018,6,93638.04867
충청북도,보은군,2018,7,90616.17818
충청북도,보은군,2018,8,95615.35483
충청북도,보은군,2018,9,93703.72222
충청북도,보은군,2018,10,97931.67846
충청북도,보은군,2018,11,92846.41622
충청북도,보은군,2018,12,96217.95396
충청북도,보은군,2019,1,89983.46839
충청북도,보은군,2019,2,86953.56847
충청북도,보은군,2019,3,90343.2431
충청북도,보은군,2019,4,93639.24368
충청북도,보은군,2019,5,89633.64137
충청북도,보은군,2019,6,86377.43155
충청북도,보은군,2019,7,88634.72772
충청북도,보은군,2019,8,87833.10987
충청북도,보은군,2019,9,86478.56637
충청북도,보은군,2019,10,89591.3637
충청북도,보은군,2019,11,85674.46161
충청북도,보은군,2019,12,87377.17418
충청북도,보은군,2020,1,83758.29961
충청북도,보은군,2020,2,85352.00933
충청북도,보은군,2020,3,86591.56133
충청북도,보은군,2020,4,88982.12591
충청북도,보은군,2020,5,85883.2459
충청북도,보은군,2020,6,83758.29961
충청북도,보은군,2020,7,88716.50762
충청북도,보은군,2020,8,89336.28362
충청북도,보은군,2020,9,92346.6242
충청북도,보은군,2020,10,89513.36248
충청북도,보은군,2020,11,94914.26763
충청북도,보은군,2020,12,94117.41277
충청북도,보은군,2021,1,85422.47041
충청북도,보은군,2021,2,98212.15637
충청북도,보은군,2021,3,87001.44398
충청북도,보은군,2021,4,82817.16401
충청북도,보은군,2021,5,83527.70212
충청북도,보은군,2021,6,83448.75344
충청북도,보은군,2021,7,90475.18585
충청북도,보은군,2021,8,88975.16095
충청북도,보은군,2021,9,100896.4114
충청북도,보은군,2021,10,86843.54663
충청북도,보은군,2021,11,89685.69906
충청북도,보은군,2021,12,107212.3057
충청북도,소계,2010,1,3370499.425
충청북도,소계,2010,2,3479142.166
충청북도,소계,2010,3,3562555.075
충청북도,소계,2010,4,3566738.593
충청북도,소계,2010,5,3699774.461
충청북도,소계,2010,6,3627882.316
충청북도,소계,2010,7,3694239.345
충청북도,소계,2010,8,3676926.017
충청북도,소계,2010,9,3689734.018
충청북도,소계,2010,10,3598147.158
충청북도,소계,2010,11,3720563.326
충청북도,소계,2010,12,3811957.101
충청북도,소계,2011,1,3685230.052
충청북도,소계,2011,2,3576087.198
충청북도,소계,2011,3,3951908.713
충청북도,소계,2011,4,3964509.143
충청북도,소계,2011,5,3936995.161
충청북도,소계,2011,6,3945578.063
충청북도,소계,2011,7,3879958.433
충청북도,소계,2011,8,3792668.499
충청북도,소계,2011,9,3784816.057
충청북도,소계,2011,10,3860236.021
충청북도,소계,2011,11,3923055.555
충청북도,소계,2011,12,3765824.105
충청북도,소계,2012,1,3826225.95
충청북도,소계,2012,2,3936496.953
충청북도,소계,2012,3,3900688.52
충청북도,소계,2012,4,3927663.416
충청북도,소계,2012,5,4101192.032
충청북도,소계,2012,6,3997679.574
충청북도,소계,2012,7,3771327.59
충청북도,소계,2012,8,3962701.138
충청북도,소계,2012,9,4020385.915
충청북도,소계,2012,10,4058565.768
충청북도,소계,2012,11,4094433.487
충청북도,소계,2012,12,4050028.658
충청북도,소계,2013,1,4038285.876
충청북도,소계,2013,2,4135764.709
충청북도,소계,2013,3,3904467.582
충청북도,소계,2013,4,4009639.448
충청북도,소계,2013,5,3919853.649
충청북도,소계,2013,6,4111167.246
충청북도,소계,2013,7,4196144.9
충청북도,소계,2013,8,4318170.583
충청북도,소계,2013,9,4169016.834
충청북도,소계,2013,10,4206368.536
충청북도,소계,2013,11,4223677.862
충청북도,소계,2013,12,4287094.776
충청북도,소계,2014,1,4240588.962
충청북도,소계,2014,2,4299531.789
충청북도,소계,2014,3,4088521.614
충청북도,소계,2014,4,4103656.279
충청북도,소계,2014,5,4100722.008
충청북도,소계,2014,6,4392244.481
충청북도,소계,2014,7,4450054.783
충청북도,소계,2014,8,4360894.104
충청북도,소계,2014,9,4327484.589
충청북도,소계,2014,10,4294075.073
충청북도,소계,2014,11,4383544.623
충청북도,소계,2014,12,4555379.696
충청북도,소계,2015,1,4562163.506
충청북도,소계,2015,2,4569821.616
충청북도,소계,2015,3,4595279.655
충청북도,소계,2015,4,4567493.136
충청북도,소계,2015,5,4513265.442
충청북도,소계,2015,6,4479373.133
충청북도,소계,2015,7,4605007.524
충청북도,소계,2015,8,4652663.733
충청북도,소계,2015,9,4821038.654
충청북도,소계,2015,10,4574530.318
충청북도,소계,2015,11,4614735.393
충청북도,소계,2015,12,4636260.89
충청북도,소계,2016,1,4464329.686
충청북도,소계,2016,2,4697549.457
충청북도,소계,2016,3,4606624.022
충청북도,소계,2016,4,4796961.928
충청북도,소계,2016,5,4904414.749
충청북도,소계,2016,6,4867439.067
충청북도,소계,2016,7,4858406.082
충청북도,소계,2016,8,4760581.828
충청북도,소계,2016,9,4857711.237
충청북도,소계,2016,10,5248114.88
충청북도,소계,2016,11,5400087.414
충청북도,소계,2016,12,4918311.65
충청북도,소계,2017,1,5382106.253
충청북도,소계,2017,2,5253890.4
충청북도,소계,2017,3,5246014.856
충청북도,소계,2017,4,5072752.901
충청북도,소계,2017,5,5092667.491
충청북도,소계,2017,6,5120457.625
충청북도,소계,2017,7,5161490.712
충청북도,소계,2017,8,5205834.536
충청북도,소계,2017,9,5099339.13
충청북도,소계,2017,10,5272249.947
충청북도,소계,2017,11,5070294.928
충청북도,소계,2017,12,4976039.221
충청북도,소계,2018,1,5195247.889
충청북도,소계,2018,2,5250437.534
충청북도,소계,2018,3,5401268.322
충청북도,소계,2018,4,5468635.227
충청북도,소계,2018,5,5614082.935
충청북도,소계,2018,6,5514260.757
충청북도,소계,2018,7,5336305.512
충청북도,소계,2018,8,5630702.544
충청북도,소계,2018,9,5518128.213
충청북도,소계,2018,10,5767108.767
충청북도,소계,2018,11,5467642.232
충청북도,소계,2018,12,5666189.067
충청북도,소계,2019,1,5668036.926
충청북도,소계,2019,2,5477184.262
충청북도,소계,2019,3,5690699.048
충청북도,소계,2019,4,5898313.328
충청북도,소계,2019,5,5646001.406
충청북도,소계,2019,6,5440893.537
충청북도,소계,2019,7,5583080.077
충청북도,소계,2019,8,5532586.362
충청북도,소계,2019,9,5447263.995
충청북도,소계,2019,10,5643338.346
충청북도,소계,2019,11,5396613.63
충청북도,소계,2019,12,5503867.083
충청북도,소계,2020,1,5193294.933
충청북도,소계,2020,2,5292110.27
충청북도,소계,2020,3,5368966.644
충청북도,소계,2020,4,5517189.649
충청북도,소계,2020,5,5325048.716
충청북도,소계,2020,6,5193294.933
충청북도,소계,2020,7,5500720.426
충청북도,소계,2020,8,5539148.613
충청북도,소계,2020,9,5725799.805
충청북도,소계,2020,10,5550128.095
충청북도,소계,2020,11,5885002.292
충청북도,소계,2020,12,5835594.624
충청북도,소계,2021,1,5548898.806
충청북도,소계,2021,2,6379695.115
충청북도,소계,2021,3,5651466.252
충청북도,소계,2021,4,5379662.521
충청북도,소계,2021,5,5425817.871
충청북도,소계,2021,6,5420689.499
충청북도,소계,2021,7,5877114.632
충청북도,소계,2021,8,5779675.559
충청북도,소계,2021,9,6554059.773
충청북도,소계,2021,10,5641209.507
충청북도,소계,2021,11,5825830.909
충청북도,소계,2021,12,6964329.555
충청북도,영동군,2010,1,71975.60611
충청북도,영동군,2010,2,74295.62641
충청북도,영동군,2010,3,76076.87422
충청북도,영동군,2010,4,76166.2115
충청북도,영동군,2010,5,79007.13683
충청북도,영동군,2010,6,77471.91012
충청북도,영동군,2010,7,78888.93674
충청북도,영동군,2010,8,78519.21787
충청북도,영동군,2010,9,78792.72737
충청북도,영동군,2010,10,76836.92827
충청북도,영동군,2010,11,79451.07436
충청북도,영동군,2010,12,81402.75021
충청북도,영동군,2011,1,76584.56059
충청북도,영동군,2011,2,74316.4098
충청북도,영동군,2011,3,82126.53975
충청북도,영동군,2011,4,82388.39542
충청북도,영동군,2011,5,81816.61396
충청북도,영동군,2011,6,81994.97941
충청북도,영동군,2011,7,80631.30593
충청북도,영동군,2011,8,78817.2913
충청북도,영동군,2011,9,78654.10588
충청북도,영동군,2011,10,80221.44488
충청북도,영동군,2011,11,81526.92822
충청북도,영동군,2011,12,78259.42487
충청북도,영동군,2012,1,77498.93268
충청북도,영동군,2012,2,79732.43513
충청북도,영동군,2012,3,79007.14724
충청북도,영동군,2012,4,79553.51477
충청북도,영동군,2012,5,83068.27911
충청북도,영동군,2012,6,80971.66875
충청북도,영동군,2012,7,76386.98468
충청북도,영동군,2012,8,80263.19216
충청북도,영동군,2012,9,81431.57812
충청북도,영동군,2012,10,82204.89833
충청북도,영동군,2012,11,82931.38703
충청북도,영동군,2012,12,82031.98201
충청북도,영동군,2013,1,74212.17935
충청북도,영동군,2013,2,76003.56234
충청북도,영동군,2013,3,71752.98069
충청북도,영동군,2013,4,73685.7397
충청북도,영동군,2013,5,72035.73273
충청북도,영동군,2013,6,75551.53112
충청북도,영동군,2013,7,77113.17808
충청북도,영동군,2013,8,79355.66218
충청북도,영동군,2013,9,76614.64158
충청북도,영동군,2013,10,77301.05937
충청북도,영동군,2013,11,77619.15541
충청북도,영동군,2013,12,78784.57747
충청북도,영동군,2014,1,77347.21082
충청북도,영동군,2014,2,78422.31226
충청북도,영동군,2014,3,74573.54299
충청북도,영동군,2014,4,74849.59524
충청북도,영동군,2014,5,74796.07491
충청북도,영동군,2014,6,80113.36702
충청북도,영동군,2014,7,81167.81149
충청북도,영동군,2014,8,79541.5445
충청북도,영동군,2014,9,78932.16386
충청북도,영동군,2014,10,78322.78322
충청북도,영동군,2014,11,79954.68392
충청북도,영동군,2014,12,83088.90978
충청북도,영동군,2015,1,84592.6889
충청북도,영동군,2015,2,84734.68733
충청북도,영동군,2015,3,85206.73618
충청북도,영동군,2015,4,84691.51213
충청북도,영동군,2015,5,83686.00971
충청북도,영동군,2015,6,83057.57069
충청북도,영동군,2015,7,85387.11257
충청북도,영동군,2015,8,86270.76499
충청북도,영동군,2015,9,89392.81165
충청북도,영동군,2015,10,84821.99718
충청북도,영동군,2015,11,85567.48896
충청북도,영동군,2015,12,85966.6197
충청북도,영동군,2016,1,73130.22323
충청북도,영동군,2016,2,76950.59832
충청북도,영동군,2016,3,75461.14798
충청북도,영동군,2016,4,78579.07487
충청북도,영동군,2016,5,80339.26045
충청북도,영동군,2016,6,79733.56149
충청북도,영동군,2016,7,79585.59208
충청북도,영동군,2016,8,77983.13213
충청북도,영동군,2016,9,79574.20981
충청북도,영동군,2016,10,85969.41527
충청북도,영동군,2016,11,88458.87868
충청북도,영동군,2016,12,80566.9057
충청북도,영동군,2017,1,84709.5403
충청북도,영동군,2017,2,82691.5374
충청북도,영동군,2017,3,82567.58339
충청북도,영동군,2017,4,79840.59512
충청북도,영동군,2017,5,80154.03297
충청북도,영동군,2017,6,80591.42484
충청북도,영동군,2017,7,81237.24893
충청북도,영동군,2017,8,81935.18107
충청북도,영동군,2017,9,80259.0386
충청북도,영동군,2017,10,82980.50026
충청북도,영동군,2017,11,79801.90884
충청북도,영동군,2017,12,78318.40827
충청북도,영동군,2018,1,77281.25504
충청북도,영동군,2018,2,78102.22163
충청북도,영동군,2018,3,80345.88602
충청북도,영동군,2018,4,81347.99392
충청북도,영동군,2018,5,83511.58296
충청북도,영동군,2018,6,82026.69073
충청북도,영동군,2018,7,79379.53992
충청북도,영동군,2018,8,83758.80586
충청북도,영동군,2018,9,82084.22059
충청북도,영동군,2018,10,85787.89943
충청북도,영동군,2018,11,81333.22274
충청북도,영동군,2018,12,84286.68116
충청북도,영동군,2019,1,82478.26854
충청북도,영동군,2019,2,79701.08175
충청북도,영동군,2019,3,82808.03572
충청북도,영동군,2019,4,85829.12866
충청북도,영동군,2019,5,82157.61934
충청북도,영동군,2019,6,79172.99835
충청북도,영동군,2019,7,81242.0215
충청북도,영동군,2019,8,80507.26374
충청북도,영동군,2019,9,79265.69788
충청북도,영동군,2019,10,82118.86789
충청북도,영동군,2019,11,78528.66062
충청북도,영동군,2019,12,80089.35602
충청북도,영동군,2020,1,82042.28129
충청북도,영동군,2020,2,83603.3395
충청북도,영동군,2020,3,84817.49588
충청북도,영동군,2020,4,87159.08319
충청북도,영동군,2020,5,84123.69223
충청북도,영동군,2020,6,82042.28129
충청북도,영동군,2020,7,86898.90682
충청북도,영동군,2020,8,87505.98501
충청북도,영동군,2020,9,90454.65051
충청북도,영동군,2020,10,87679.43592
충청북도,영동군,2020,11,92969.68873
충청북도,영동군,2020,12,92189.15963
충청북도,영동군,2021,1,90315.1394
충청북도,영동군,2021,2,103837.3691
충청북도,영동군,2021,3,91984.55048
충청북도,영동군,2021,4,87560.61112
충청북도,영동군,2021,5,88311.84611
충청북도,영동군,2021,6,88228.37556
충청북도,영동군,2021,7,95657.25486
충청북도,영동군,2021,8,94071.31433
충청북도,영동군,2021,9,106675.368
충청북도,영동군,2021,10,91817.60938
충청북도,영동군,2021,11,94822.54932
충청북도,영동군,2021,12,113353.0123
충청북도,옥천군,2010,1,92097.2545
충청북도,옥천군,2010,2,95065.86445
충청북도,옥천군,2010,3,97345.08156
충청북도,옥천군,2010,4,97459.39415
충청북도,옥천군,2010,5,101094.5344
충청북도,옥천군,2010,6,99130.11657
충청북도,옥천군,2010,7,100943.2901
충청북도,옥천군,2010,8,100470.2118
충청북도,옥천군,2010,9,100820.1842
충청북도,옥천군,2010,10,98317.61788
충청북도,옥천군,2010,11,101662.58
충청북도,옥천군,2010,12,104159.8704
충청북도,옥천군,2011,1,98334.57644
충청북도,옥천군,2011,2,95422.27081
충청북도,옥천군,2011,3,105450.4777
충청북도,옥천군,2011,4,105786.7004
충청북도,옥천군,2011,5,105052.533
충청북도,옥천군,2011,6,105281.5542
충청북도,옥천군,2011,7,103530.5975
충청북도,옥천군,2011,8,101201.4027
충청북도,옥천군,2011,9,100991.8726
충청북도,옥천군,2011,10,103004.3359
충청북도,옥천군,2011,11,104680.5765
충청북도,옥천군,2011,12,100485.1022
충청북도,옥천군,2012,1,94538.89769
충청북도,옥천군,2012,2,97263.48825
충청북도,옥천군,2012,3,96378.72873
충청북도,옥천군,2012,4,97045.22803
충청북도,옥천군,2012,5,101332.7961
충청북도,옥천군,2012,6,98775.19655
충청북도,옥천군,2012,7,93182.46175
충청북도,옥천군,2012,8,97910.94471
충청북도,옥천군,2012,9,99336.22783
충청북도,옥천군,2012,10,100279.5807
충청북도,옥천군,2012,11,101165.805
충청북도,옥천군,2012,12,100068.6446
충청북도,옥천군,2013,1,103836.4601
충청북도,옥천군,2013,2,106342.9337
충청북도,옥천군,2013,3,100395.5898
충청북도,옥천군,2013,4,103099.8744
충청북도,옥천군,2013,5,100791.2118
충청북도,옥천군,2013,6,105710.459
충청북도,옥천군,2013,7,107895.4897
충청북도,옥천군,2013,8,111033.1366
충청북도,옥천군,2013,9,107197.9457
충청북도,옥천군,2013,10,108158.3702
충청북도,옥천군,2013,11,108603.4449
충청북도,옥천군,2013,12,110234.0843
충청북도,옥천군,2014,1,100336.3723
충청북도,옥천군,2014,2,101731.0157
충청북도,옥천군,2014,3,96738.31409
충청북도,옥천군,2014,4,97096.41467
충청북도,옥천군,2014,5,97026.987
충청북도,옥천군,2014,6,103924.6863
충청북도,옥천군,2014,7,105292.5331
충청북도,옥천군,2014,8,103182.9065
충청북도,옥천군,2014,9,102392.4056
충청북도,옥천군,2014,10,101601.9046
충청북도,옥천군,2014,11,103718.8394
충청북도,옥천군,2014,12,107784.6208
충청북도,옥천군,2015,1,105547.1051
충청북도,옥천군,2015,2,105724.2779
충청북도,옥천군,2015,3,106313.2578
충청북도,옥천군,2015,4,105670.4078
충청북도,옥천군,2015,5,104415.8328
충청북도,옥천군,2015,6,103631.7235
충청북도,옥천군,2015,7,106538.3151
충청북도,옥천군,2015,8,107640.8567
충청북도,옥천군,2015,9,111536.2641
충청북도,옥천군,2015,10,105833.2152
충청북도,옥천군,2015,11,106763.3724
충청북도,옥천군,2015,12,107261.3717
충청북도,옥천군,2016,1,96283.65633
충청북도,옥천군,2016,2,101313.5833
충청북도,옥천군,2016,3,99352.56475
충청북도,옥천군,2016,4,103457.6445
충청북도,옥천군,2016,5,105775.1146
충청북도,옥천군,2016,6,104977.648
충청북도,옥천군,2016,7,104782.8307
충청북도,옥천군,2016,8,102673.023
충청북도,옥천군,2016,9,104767.8447
충청북도,옥천군,2016,10,113187.8076
충청북도,옥천군,2016,11,116465.4489
충청북도,옥천군,2016,12,106074.8336
충청북도,옥천군,2017,1,115006.2666
충청북도,옥천군,2017,2,112266.5164
충청북도,옥천군,2017,3,112098.2297
충청북도,옥천군,2017,4,108395.9225
충청북도,옥천군,2017,5,108821.4627
충청북도,옥천군,2017,6,109415.2896
충청북도,옥천군,2017,7,110292.0955
충청북도,옥천군,2017,8,111239.646
충청북도,옥천군,2017,9,108964.0241
충청북도,옥천군,2017,10,112658.828
충청북도,옥천군,2017,11,108343.3999
충청북도,옥천군,2017,12,106329.3191
충청북도,옥천군,2018,1,102943.6295
충청북도,옥천군,2018,2,104037.2101
충청북도,옥천군,2018,3,107025.9162
충청북도,옥천군,2018,4,108360.7887
충청북도,옥천군,2018,5,111242.8292
충청북도,옥천군,2018,6,109264.8567
충청북도,옥천군,2018,7,105738.6807
충청북도,옥천군,2018,8,111572.1461
충청북도,옥천군,2018,9,109341.4902
충청북도,옥천군,2018,10,114275.03
충청북도,옥천군,2018,11,108341.1125
충청북도,옥천군,2018,12,112275.3101
충청북도,옥천군,2019,1,117480.5437
충청북도,옥천군,2019,2,113524.7694
충청북도,옥천군,2019,3,117950.2581
충청북도,옥천군,2019,4,122253.4478
충청북도,옥천군,2019,5,117023.8168
충청북도,옥천군,2019,6,112772.577
충청북도,옥천군,2019,7,115719.6559
충청북도,옥천군,2019,8,114673.0804
충청북도,옥천군,2019,9,112904.6166
충청북도,옥천군,2019,10,116968.62
충청북도,옥천군,2019,11,111854.7941
충청북도,옥천군,2019,12,114077.8202
충청북도,옥천군,2020,1,103555.766
충청북도,옥천군,2020,2,105526.1717
충청북도,옥천군,2020,3,107058.7095
충청북도,옥천군,2020,4,110014.318
충청북도,옥천군,2020,5,106182.9736
충청북도,옥천군,2020,6,103555.766
충청북도,옥천군,2020,7,109685.9171
충청북도,옥천군,2020,8,110452.1859
충청북도,옥천군,2020,9,114174.0634
충청북도,옥천군,2020,10,110671.1199
충청북도,옥천군,2020,11,117348.6059
충청북도,옥천군,2020,12,116363.403
충청북도,옥천군,2021,1,107567.9078
충청북도,옥천군,2021,2,123673.2693
충청북도,옥천군,2021,3,109556.2241
충청북도,옥천군,2021,4,104287.1861
충청북도,옥천군,2021,5,105181.9284
충청북도,옥천군,2021,6,105082.5126
충청북도,옥천군,2021,7,113930.5198
충청북도,옥천군,2021,8,112041.6193
충청북도,옥천군,2021,9,127053.4069
충청북도,옥천군,2021,10,109357.3924
충청북도,옥천군,2021,11,112936.3617
충청북도,옥천군,2021,12,135006.6718
충청북도,음성군,2010,1,349205.3379
충청북도,음성군,2010,2,360461.422
충청북도,음성군,2010,3,369103.5339
충청북도,음성군,2010,4,369536.9732
충청북도,음성군,2010,5,383320.3415
충청북도,음성군,2010,6,375871.8546
충청북도,음성군,2010,7,382746.8681
충청북도,음성군,2010,8,380953.0964
충청북도,음성군,2010,9,382280.0873
충청북도,음성군,2010,10,372791.1018
충청북도,음성군,2010,11,385474.2012
충청북도,음성군,2010,12,394943.1819
충청북도,음성군,2011,1,390417.9203
충청북도,음성군,2011,2,378855.1888
충청북도,음성군,2011,3,418670.1941
충청북도,음성군,2011,4,420005.0996
충청북도,음성군,2011,5,417090.2336
충청북도,음성군,2011,6,417999.517
충청북도,음성군,2011,7,411047.6907
충청북도,음성군,2011,8,401800.085
충청북도,음성군,2011,9,400968.1874
충청북도,음성군,2011,10,408958.2735
충청북도,음성군,2011,11,415613.4542
충청북도,음성군,2011,12,398956.156
충청북도,음성군,2012,1,416443.2348
충청북도,음성군,2012,2,428445.0387
충청북도,음성군,2012,3,424547.6787
충청북도,음성군,2012,4,427483.6038
충청북도,음성군,2012,5,446370.3134
충청북도,음성군,2012,6,435104.104
충청북도,음성군,2012,7,410468.1433
충청북도,음성군,2012,8,431297.0802
충청북도,음성군,2012,9,437575.4432
충청북도,음성군,2012,10,441730.9064
충청북도,음성군,2012,11,445634.719
충청북도,음성군,2012,12,440801.7345
충청북도,음성군,2013,1,474329.3669
충청북도,음성군,2013,2,485779.045
충청북도,음성군,2013,3,458611.325
충청북도,음성군,2013,4,470964.6121
충청북도,음성군,2013,5,460418.5432
충청북도,음성군,2013,6,482889.8739
충청북도,음성군,2013,7,492871.1872
충청북도,음성군,2013,8,507204.0915
충청북도,음성군,2013,9,489684.7763
충청북도,음성군,2013,10,494072.0361
충청북도,음성군,2013,11,496105.1565
충청북도,음성군,2013,12,503553.9865
충청북도,음성군,2014,1,512319.0241
충청북도,음성군,2014,2,519440.0944
충청북도,음성군,2014,3,493947.2848
충청북도,음성군,2014,4,495775.7518
충청북도,음성군,2014,5,495421.2531
충청북도,음성군,2014,6,530641.0092
충청북도,음성군,2014,7,537625.2554
충청북도,음성군,2014,8,526853.4706
충청북도,음성군,2014,9,522817.1609
충청북도,음성군,2014,10,518780.8512
충청북도,음성군,2014,11,529589.9517
충청북도,음성군,2014,12,550349.8927
충청북도,음성군,2015,1,555596.3024
충청북도,음성군,2015,2,556528.9339
충청북도,음성군,2015,3,559629.3034
충청북도,음성군,2015,4,556245.3635
충청북도,음성군,2015,5,549641.3243
충청북도,음성군,2015,6,545513.7998
충청북도,음성군,2015,7,560813.9974
충청북도,음성군,2015,8,566617.738
충청북도,음성군,2015,9,587123.0275
충청북도,음성군,2015,10,557102.3762
충청북도,음성군,2015,11,561998.6915
충청북도,음성군,2015,12,564620.1421
충청북도,음성군,2016,1,574030.2553
충청북도,음성군,2016,2,604018.0058
충청북도,음성군,2016,3,592326.676
충청북도,음성군,2016,4,616800.6115
충청북도,음성군,2016,5,630617.0575
충청북도,음성군,2016,6,625862.6685
충청북도,음성군,2016,7,624701.1936
충청북도,음성군,2016,8,612122.8032
충청북도,음성군,2016,9,624611.8494
충청북도,음성군,2016,10,674810.5396
충청북도,음성군,2016,11,694351.3977
충청북도,음성군,2016,12,632403.942
충청북도,음성군,2017,1,673593.0787
충청북도,음성군,2017,2,657546.3291
충청북도,음성군,2017,3,656560.6719
충청북도,음성군,2017,4,634876.2145
충청북도,음성군,2017,5,637368.6087
충청북도,음성군,2017,6,640846.6601
충청북도,음성군,2017,7,645982.1222
충청북도,음성군,2017,8,651531.937
충청북도,음성군,2017,9,638203.5922
충청북도,음성군,2017,10,659844.1031
충청북도,음성군,2017,11,634568.589
충청북도,음성군,2017,12,622772.0935
충청북도,음성군,2018,1,612417.0475
충청북도,음성군,2018,2,618922.8158
충청북도,음성군,2018,3,636702.7848
충청북도,음성군,2018,4,644644.0114
충청북도,음성군,2018,5,661789.4216
충청북도,음성군,2018,6,650022.3597
충청북도,음성군,2018,7,629044.9534
충청북도,음성군,2018,8,663748.545
충청북도,음성군,2018,9,650478.2563
충청북도,음성군,2018,10,679828.1428
충청북도,음성군,2018,11,644526.9569
충청북도,음성군,2018,12,667931.7047
충청북도,음성군,2019,1,655976.2834
충청북도,음성군,2019,2,633888.4207
충청북도,음성군,2019,3,658599.0282
충청북도,음성군,2019,4,682626.7551
충청북도,음성군,2019,5,653426.0568
충청북도,음성군,2019,6,629688.403
충청북도,음성군,2019,7,646144.0118
충청북도,음성군,2019,8,640300.2462
충청북도,음성군,2019,9,630425.6723
충청북도,음성군,2019,10,653117.8541
충청북도,음성군,2019,11,624563.7772
충청북도,음성군,2019,12,636976.4912
충청북도,음성군,2020,1,606055.7783
충청북도,음성군,2020,2,617587.495
충청북도,음성군,2020,3,626556.608
충청북도,음성군,2020,4,643854.1831
충청북도,음성군,2020,5,621431.4006
충청북도,음성군,2020,6,606055.7783
충청북도,음성군,2020,7,641932.2303
충청북도,음성군,2020,8,646416.7868
충청북도,음성군,2020,9,668198.9184
충청북도,음성군,2020,10,647698.0887
충청북도,음성군,2020,11,686777.7953
충청북도,음성군,2020,12,681011.937
충청북도,음성군,2021,1,658290.5486
충청북도,음성군,2021,2,756851.6104
충청북도,음성군,2021,3,670458.5809
충청북도,음성군,2021,4,638213.2953
충청북도,음성군,2021,5,643688.9098
충청북도,음성군,2021,6,643080.5082
충청북도,음성군,2021,7,697228.252
충청북도,음성군,2021,8,685668.6213
충청북도,음성군,2021,9,777537.2653
충청북도,음성군,2021,10,669241.7777
충청북도,음성군,2021,11,691144.2359
충청북도,음성군,2021,12,826209.3946
충청북도,제천시,2010,1,187836.1197
충청북도,제천시,2010,2,193890.7212
충청북도,제천시,2010,3,198539.2778
충청북도,제천시,2010,4,198772.423
충청북도,제천시,2010,5,206186.4403
충청북도,제천시,2010,6,202179.9297
충청북도,제천시,2010,7,205877.9713
충청북도,제천시,2010,8,204913.1088
충청북도,제천시,2010,9,205626.8918
충청북도,제천시,2010,10,200522.8054
충청북도,제천시,2010,11,207344.9926
충청북도,제천시,2010,12,212438.3185
충청북도,제천시,2011,1,195141.6823
충청북도,제천시,2011,2,189362.3091
충청북도,제천시,2011,3,209262.9507
충청북도,제천시,2011,4,209930.1734
충청북도,제천시,2011,5,208473.2427
충청북도,제천시,2011,6,208927.7277
충청북도,제천시,2011,7,205453.0125
충청북도,제천시,2011,8,200830.8033
충청북도,제천시,2011,9,200414.9978
충청북도,제천시,2011,10,204408.664
충청북도,제천시,2011,11,207735.1075
충청북도,제천시,2011,12,199409.3288
충청북도,제천시,2012,1,206050.4665
충청북도,제천시,2012,2,211988.7963
충청북도,제천시,2012,3,210060.4355
충청북도,제천시,2012,4,211513.0914
충청북도,제천시,2012,5,220857.9793
충청북도,제천시,2012,6,215283.6116
충청북도,제천시,2012,7,203094.0722
충청북도,제천시,2012,8,213399.9478
충청북도,제천시,2012,9,216506.3967
충청북도,제천시,2012,10,218562.4636
충청북도,제천시,2012,11,220494.0171
충청북도,제천시,2012,12,218102.7219
충청북도,제천시,2013,1,214182.6631
충청북도,제천시,2013,2,219352.7468
충청북도,제천시,2013,3,207085.2066
충청북도,제천시,2013,4,212663.3135
충청북도,제천시,2013,5,207901.253
충청북도,제천시,2013,6,218048.1463
충청북도,제천시,2013,7,222555.1923
충청북도,제천시,2013,8,229027.1922
충청북도,제천시,2013,9,221116.3735
충청북도,제천시,2013,10,223097.4336
충청북도,제천시,2013,11,224015.4859
충청북도,제천시,2013,12,227378.9931
충청북도,제천시,2014,1,232459.2257
충청북도,제천시,2014,2,235690.3344
충청북도,제천시,2014,3,224123.2473
충청북도,제천시,2014,4,224952.8945
충청북도,제천시,2014,5,224792.0445
충청북도,제천시,2014,6,240772.6286
충청북도,제천시,2014,7,243941.6549
충청북도,제천시,2014,8,239054.0738
충청북도,제천시,2014,9,237222.6419
충청북도,제천시,2014,10,235391.21
충청북도,제천시,2014,11,240295.7226
충청북도,제천시,2014,12,249715.3217
충청북도,제천시,2015,1,243771.527
충청북도,제천시,2015,2,244180.7252
충청북도,제천시,2015,3,245541.0327
충청북도,제천시,2015,4,244056.3068
충청북도,제천시,2015,5,241158.7413
충청북도,제천시,2015,6,239347.7628
충청북도,제천시,2015,7,246060.825
충청북도,제천시,2015,8,248607.2543
충청북도,제천시,2015,9,257604.0847
충청북도,제천시,2015,10,244432.3268
충청북도,제천시,2015,11,246580.6173
충청북도,제천시,2015,12,247730.796
충청북도,제천시,2016,1,225397.7307
충청북도,제천시,2016,2,237172.6691
충청북도,제천시,2016,3,232581.9717
충청북도,제천시,2016,4,242191.8651
충청북도,제천시,2016,5,247617.0069
충청북도,제천시,2016,6,245750.1567
충청북도,제천시,2016,7,245294.094
충청북도,제천시,2016,8,240355.0849
충청북도,제천시,2016,9,245259.0123
충청북도,제천시,2016,10,264969.9434
충청북도,제천시,2016,11,272642.8231
충청북도,제천시,2016,12,248318.6419
충청북도,제천시,2017,1,262069.5838
충청북도,제천시,2017,2,255826.4006
충청북도,제천시,2017,3,255442.9186
충청북도,제천시,2017,4,247006.3166
충청북도,제천시,2017,5,247976.0129
충청북도,제천시,2017,6,249329.1911
충청북도,제천시,2017,7,251327.2051
충청북도,제천시,2017,8,253486.4281
충청북도,제천시,2017,9,248300.8734
충청북도,제천시,2017,10,256720.3775
충청북도,제천시,2017,11,246886.6312
충청북도,제천시,2017,12,242297.061
충청북도,제천시,2018,1,239885.0733
충청북도,제천시,2018,2,242433.3968
충청북도,제천시,2018,3,249397.8488
충청북도,제천시,2018,4,252508.4444
충청북도,제천시,2018,5,259224.3384
충청북도,제천시,2018,6,254615.1549
충청북도,제천시,2018,7,246398.2598
충청북도,제천시,2018,8,259991.7312
충청북도,제천시,2018,9,254793.7306
충청북도,제천시,2018,10,266290.1442
충청북도,제천시,2018,11,252462.5938
충청북도,제천시,2018,12,261630.2839
충청북도,제천시,2019,1,263829.6967
충청북도,제천시,2019,2,254946.0918
충청북도,제천시,2019,3,264884.5488
충청북도,제천시,2019,4,274548.3553
충청북도,제천시,2019,5,262804.011
충청북도,제천시,2019,6,253256.8701
충청북도,제천시,2019,7,259875.2165
충청북도,제천시,2019,8,257524.8893
충청북도,제천시,2019,9,253553.3953
충청북도,제천시,2019,10,262680.0537
충청북도,제천시,2019,11,251195.7765
충청북도,제천시,2019,12,256188.0951
충청북도,제천시,2020,1,239103.0952
충청북도,제천시,2020,2,243652.6255
충청북도,제천시,2020,3,247191.1491
충청북도,제천시,2020,4,254015.4447
충청북도,제천시,2020,5,245169.1356
충청북도,제천시,2020,6,239103.0952
충청북도,제천시,2020,7,253257.1896
충청북도,제천시,2020,8,255026.4514
충청북도,제천시,2020,9,263620.0087
충청북도,제천시,2020,10,255531.9548
충청북도,제천시,2020,11,270949.8076
충청북도,제천시,2020,12,268675.0425
충청북도,제천시,2021,1,256049.1524
충청북도,제천시,2021,2,294385.5319
충청북도,제천시,2021,3,260782.0387
충청북도,제천시,2021,4,248239.8899
충청북도,제천시,2021,5,250369.6887
충청북도,제천시,2021,6,250133.0444
충청북도,제천시,2021,7,271194.3887
충청북도,제천시,2021,8,266698.1467
충청북도,제천시,2021,9,302431.4387
충청북도,제천시,2021,10,260308.7501
충청북도,제천시,2021,11,268827.9455
충청북도,제천시,2021,12,321362.9842
충청북도,증평군,2010,1,75526.94559
충청북도,증평군,2010,2,77961.43773
충청북도,증평군,2010,3,79830.57387
충청북도,증평군,2010,4,79924.31913
충청북도,증평군,2010,5,82905.4182
충청북도,증평군,2010,6,81294.44207
충청북도,증평군,2010,7,82781.38602
충청북도,증평군,2010,8,82393.42489
충청북도,증평군,2010,9,82680.42959
충청북도,증평군,2010,10,80628.12965
충청북도,증평군,2010,11,83371.26
충청북도,증평군,2010,12,85419.23325
충청북도,증평군,2011,1,85806.66203
충청북도,증평군,2011,2,83265.38678
충청북도,증평군,2011,3,92015.99102
충청북도,증평군,2011,4,92309.37863
충청북도,증평군,2011,5,91668.74482
충청북도,증평군,2011,6,91868.58855
충청북도,증평군,2011,7,90340.70527
충청북도,증평군,2011,8,88308.252
충청북도,증평군,2011,9,88125.41625
충청북도,증평군,2011,10,89881.48989
충청북도,증평군,2011,11,91344.17592
충청북도,증평군,2011,12,87683.20884
충청북도,증평군,2012,1,77707.72035
충청북도,증평군,2012,2,79947.24002
충청북도,증평군,2012,3,79219.99815
충청북도,증평군,2012,4,79767.83763
충청북도,증평군,2012,5,83292.071
충청북도,증평군,2012,6,81189.81222
충청북도,증평군,2012,7,76592.77669
충청북도,증평군,2012,8,80479.42695
충청북도,증평군,2012,9,81650.96062
충청북도,증평군,2012,10,82426.36421
충청북도,증평군,2012,11,83154.81012
충청북도,증평군,2012,12,82252.98204
충청북도,증평군,2013,1,80600.16946
충청북도,증평군,2013,2,82545.75001
충청북도,증평군,2013,3,77929.28942
충청북도,증평군,2013,4,80028.41526
충청북도,증평군,2013,5,78236.38001
충청북도,증평군,2013,6,82054.80913
충청북도,증평군,2013,7,83750.87857
충청북도,증평군,2013,8,86186.38984
충청북도,증평군,2013,9,83209.42936
충청북도,증평군,2013,10,83954.93219
충청북도,증평군,2013,11,84300.40911
충청북도,증평군,2013,12,85566.14765
충청북도,증평군,2014,1,87701.32066
충청북도,증평군,2014,2,88920.34091
충청북도,증평군,2014,3,84556.35488
충청북도,증평군,2014,4,84869.36095
충청북도,증평군,2014,5,84808.6761
충청북도,증평군,2014,6,90837.76927
충청북도,증평군,2014,7,92033.3673
충청북도,증평군,2014,8,90189.39955
충청북도,증평군,2014,9,89498.44396
충청북도,증평군,2014,10,88807.48838
충청북도,증평군,2014,11,90657.84401
충청북도,증평군,2014,12,94211.63405
충청북도,증평군,2015,1,81240.72625
충청북도,증평군,2015,2,81377.09804
충청북도,증평군,2015,3,81830.44207
충청북도,증평군,2015,4,81335.63364
충청북도,증평군,2015,5,80369.97398
충청북도,증평군,2015,6,79766.43669
충청북도,증평군,2015,7,82003.6711
충청북도,증평군,2015,8,82852.30903
충청북도,증평군,2015,9,85850.64542
충청북도,증평군,2015,10,81460.94825
충청북도,증평군,2015,11,82176.90012
충청북도,증평군,2015,12,82560.21541
충청북도,증평군,2016,1,74119.20318
충청북도,증평군,2016,2,77991.24329
충청북도,증평군,2016,3,76481.6503
충청북도,증평군,2016,4,79641.74262
충청북도,증평군,2016,5,81425.73216
충청북도,증평군,2016,6,80811.84199
충청북도,증평군,2016,7,80661.87151
충청북도,증평군,2016,8,79037.74062
충청북도,증평군,2016,9,80650.33532
충청북도,증평군,2016,10,87132.02663
충청북도,증평군,2016,11,89655.15641
충청북도,증평군,2016,12,81656.45598
충청북도,증평군,2017,1,88864.28112
충청북도,증평군,2017,2,86747.30143
충청북도,증평군,2017,3,86617.26785
충청북도,증평군,2017,4,83756.52925
충청북도,증평군,2017,5,84085.34026
충청북도,증평군,2017,6,84544.18484
충청북도,증평군,2017,7,85221.6846
충청북도,증평군,2017,8,85953.84816
충청북도,증평군,2017,9,84195.49609
충청북도,증평군,2017,10,87050.43702
충청북도,증평군,2017,11,83715.94552
충청북도,증평군,2017,12,82159.68385
충청북도,증평군,2018,1,81287.82209
충청북도,증평군,2018,2,82151.35085
충청북도,증평군,2018,3,84511.3357
충청북도,증평군,2018,4,85565.39685
충청북도,증평군,2018,5,87841.15494
충청북도,증평군,2018,6,86279.28001
충청북도,증평군,2018,7,83494.89039
충청북도,증평군,2018,8,88101.19486
충청북도,증평군,2018,9,86339.79244
충청북도,증평군,2018,10,90235.48469
충청북도,증평군,2018,11,85549.85988
충청북도,증평군,2018,12,88656.43731
충청북도,증평군,2019,1,86243.95287
충청북도,증평군,2019,2,83339.96894
충청북도,증평군,2019,3,86588.77614
충청북도,증평군,2019,4,89747.80216
충청북도,증평군,2019,5,85908.66389
충청북도,증평군,2019,6,82787.77501
충청북도,증평군,2019,7,84951.2629
충청북도,증평군,2019,8,84182.95853
충청북도,증평군,2019,9,82884.70689
충청북도,증평군,2019,10,85868.14319
충청북도,증평군,2019,11,82114.01895
충청북도,증평군,2019,12,83745.97053
충청북도,증평군,2020,1,84655.93222
충청북도,증평군,2020,2,86266.72163
충청북도,증평군,2020,3,87519.55783
충청북도,증평군,2020,4,89935.74194
충청북도,증평군,2020,5,86803.65143
충청북도,증평군,2020,6,84655.93222
충청북도,증평군,2020,7,89667.27704
충청북도,증평군,2020,8,90293.69515
충청북도,증평군,2020,9,93336.29736
충청북도,증평군,2020,10,90472.67175
충청북도,증평군,2020,11,95931.45807
충청북도,증평군,2020,12,95126.06337
충청북도,증평군,2021,1,94725.84305
충청북도,증평군,2021,2,108908.4554
충청북도,증평군,2021,3,96476.78285
충청북도,증평군,2021,4,91836.79239
충청북도,증평군,2021,5,92624.71529
충청북도,증평군,2021,6,92537.1683
충청북도,증평군,2021,7,100328.8504
충청북도,증평군,2021,8,98665.4576
충청북도,증평군,2021,9,111885.0531
충청북도,증평군,2021,10,96301.68887
충청북도,증평군,2021,11,99453.38051
충청북도,증평군,2021,12,118888.8123
충청북도,진천군,2010,1,330156.4061
충청북도,진천군,2010,2,340798.4778
충청북도,진천군,2010,3,348969.168
충청북도,진천군,2010,4,349378.9634
충청북도,진천군,2010,5,362410.4577
충청북도,진천군,2010,6,355368.281
충청북도,진천군,2010,7,361868.2668
충청북도,진천군,2010,8,360172.3442
충청북도,진천군,2010,9,361426.9487
충청북도,진천군,2010,10,352455.5813
충청북도,진천군,2010,11,364446.8257
충청북도,진천군,2010,12,373399.2794
충청북도,진천군,2011,1,350409.1356
충청북도,진천군,2011,2,340031.3159
충청북도,진천군,2011,3,375766.2064
충청북도,진천군,2011,4,376964.315
충청북도,진천군,2011,5,374348.1552
충청북도,진천군,2011,6,375164.2581
충청북도,진천군,2011,7,368924.8328
충청북도,진천군,2011,8,360624.8923
충청북도,진천군,2011,9,359878.2449
충청북도,진천군,2011,10,367049.5324
충청북도,진천군,2011,11,373022.7114
충청북도,진천군,2011,12,358072.4001
충청북도,진천군,2012,1,340648.8126
충청북도,진천군,2012,2,350466.2376
충청북도,진천군,2012,3,347278.2136
충청북도,진천군,2012,4,349679.788
충청북도,진천군,2012,5,365129.0368
충청북도,진천군,2012,6,355913.325
충청북도,진천군,2012,7,335761.2128
충청북도,진천군,2012,8,352799.1956
충청북도,진천군,2012,9,357934.87
충청북도,진천군,2012,10,361334.0215
충청북도,진천군,2012,11,364527.3237
충청북도,진천군,2012,12,360573.9628
충청북도,진천군,2013,1,368116.7275
충청북도,진천군,2013,2,377002.5742
충청북도,진천군,2013,3,355918.2963
충청북도,진천군,2013,4,365505.4143
충청북도,진천군,2013,5,357320.8391
충청북도,진천군,2013,6,374760.3512
충청북도,진천군,2013,7,382506.6318
충청북도,진천군,2013,8,393630.0878
충청북도,진천군,2013,9,380033.7275
충청북도,진천군,2013,10,383438.5846
충청북도,진천군,2013,11,385016.4452
충청북도,진천군,2013,12,390797.3205
충청북도,진천군,2014,1,383516.3699
충청북도,진천군,2014,2,388847.1245
충청북도,진천군,2014,3,369763.4885
충청북도,진천군,2014,4,371132.2587
충청북도,진천군,2014,5,370866.8849
충청북도,진천군,2014,6,397232.0058
충청북도,진천군,2014,7,402460.3355
충청북도,진천군,2014,8,394396.6962
충청북도,진천군,2014,9,391375.1593
충청북도,진천군,2014,10,388353.6224
충청북도,진천군,2014,11,396445.1958
충청북도,진천군,2014,12,411985.8586
충청북도,진천군,2015,1,486175.1894
충청북도,진천군,2015,2,486991.2897
충청북도,진천군,2015,3,489704.2717
충청북도,진천군,2015,4,486743.1511
충청북도,진천군,2015,5,480964.279
충청북도,진천군,2015,6,477352.4839
충청북도,진천군,2015,7,490740.9396
충청북도,진천군,2015,8,495819.5094
충청북도,진천군,2015,9,513762.6869
충청북도,진천군,2015,10,487493.0811
충청북도,진천군,2015,11,491777.6075
충청북도,진천군,2015,12,494071.5109
충청북도,진천군,2016,1,491907.0667
충청북도,진천군,2016,2,517604.6432
충청북도,진천군,2016,3,507585.9243
충청북도,진천군,2016,4,528558.5155
충청북도,진천군,2016,5,540398.3225
충청북도,진천군,2016,6,536324.1164
충청북도,진천군,2016,7,535328.807
충청북도,진천군,2016,8,524549.9342
충청북도,진천군,2016,9,535252.2447
충청북도,진천군,2016,10,578269.2987
충청북도,진천군,2016,11,595014.5592
충청북도,진천군,2016,12,541929.5677
충청북도,진천군,2017,1,582988.9755
충청북도,진천군,2017,2,569100.6526
충청북도,진천군,2017,3,568247.5749
충청북도,진천군,2017,4,549479.8648
충청북도,진천군,2017,5,551637.0104
충청북도,진천군,2017,6,554647.2337
충청북도,진천군,2017,7,559091.9317
충청북도,진천군,2017,8,563895.2484
충청북도,진천군,2017,9,552359.6813
충청북도,진천군,2017,10,571089.3561
충청북도,진천군,2017,11,549213.6176
충청북도,진천군,2017,12,539003.8529
충청북도,진천군,2018,1,544491.7358
충청북도,진천군,2018,2,550275.9266
충청북도,진천군,2018,3,566083.8572
충청북도,진천군,2018,4,573144.2947
충청북도,진천군,2018,5,588388.0476
충청북도,진천군,2018,6,577926.1115
충청북도,진천군,2018,7,559275.3826
충청북도,진천군,2018,8,590129.8778
충청북도,진천군,2018,9,578331.4431
충청북도,진천군,2018,10,604426.0312
충청북도,진천군,2018,11,573040.2231
충청북도,진천군,2018,12,593849.0687
충청북도,진천군,2019,1,621993.0677
충청북도,진천군,2019,2,601049.479
충청북도,진천군,2019,3,624479.9398
충청북도,진천군,2019,4,647262.8969
충청북도,진천군,2019,5,619574.957
충청북도,진천군,2019,6,597067.0456
충청북도,진천군,2019,7,612670.1624
충청북도,진천군,2019,8,607129.1363
충청북도,진천군,2019,9,597766.1202
충청북도,진천군,2019,10,619282.7209
충청북도,진천군,2019,11,592207.9038
충청북도,진천군,2019,12,603977.5703
충청북도,진천군,2020,1,590833.1267
충청북도,진천군,2020,2,602075.1946
충청북도,진천군,2020,3,610819.0252
충청북도,진천군,2020,4,627682.1272
충청북도,진천군,2020,5,605822.5506
충청북도,진천군,2020,6,590833.1267
충청북도,진천군,2020,7,625808.4492
충청북도,진천군,2020,8,630180.3645
충청북도,진천군,2020,9,651415.3817
충청북도,진천군,2020,10,631429.4831
충청북도,진천군,2020,11,669527.6023
충청북도,진천군,2020,12,663906.5683
충청북도,진천군,2021,1,605145.6576
충청북도,진천군,2021,2,695749.7209
충청북도,진천군,2021,3,616331.3444
충청북도,진천군,2021,4,586689.2743
충청북도,진천군,2021,5,591722.8334
충청북도,진천군,2021,6,591163.549
충청북도,진천군,2021,7,640939.8554
충청북도,진천군,2021,8,630313.4529
충청북도,진천군,2021,9,714765.3885
충청북도,진천군,2021,10,615212.7757
충청북도,진천군,2021,11,635347.012
충청북도,진천군,2021,12,759508.1358
충청북도,청주시,2010,1,1647212.094
충청북도,청주시,2010,2,1700307.382
충청북도,청주시,2010,3,1741072.484
충청북도,청주시,2010,4,1743117.03
충청북도,청주시,2010,5,1808133.594
충청북도,청주시,2010,6,1772998.856
충청북도,청주시,2010,7,1805428.502
충청북도,청주시,2010,8,1796967.227
충청북도,청주시,2010,9,1803226.683
충청북도,청주시,2010,10,1758466.852
충청북도,청주시,2010,11,1818293.415
충청북도,청주시,2010,12,1862958.881
충청북도,청주시,2011,1,1847894.415
충청북도,청주시,2011,2,1793166.632
충청북도,청주시,2011,3,1981615.784
충청북도,청주시,2011,4,1987934.05
충청북도,청주시,2011,5,1974137.643
충청북도,청주시,2011,6,1978441.39
충청북도,청주시,2011,7,1945537.57
충청북도,청주시,2011,8,1901767.553
충청북도,청주시,2011,9,1897830.083
충청북도,청주시,2011,10,1935648.11
충청북도,청주시,2011,11,1967147.871
충청북도,청주시,2011,12,1888306.899
충청북도,청주시,2012,1,1957368.293
충청북도,청주시,2012,2,2013779.223
충청북도,청주시,2012,3,1995460.835
충청북도,청주시,2012,4,2009260.283
충청북도,청주시,2012,5,2098031.677
충청북도,청주시,2012,6,2045078.191
충청북도,청주시,2012,7,1929284.141
충청북도,청주시,2012,8,2027184.401
충청북도,청주시,2012,9,2056693.99
충청북도,청주시,2012,10,2076225.516
충청북도,청주시,2012,11,2094574.233
충청북도,청주시,2012,12,2071858.218
충청북도,청주시,2013,1,2047218.845
충청북도,청주시,2013,2,2096635.976
충청북도,청주시,2013,3,1979379.335
충청북도,청주시,2013,4,2032696.469
충청북도,청주시,2013,5,1987179.339
충청북도,청주시,2013,6,2084166.233
충청북도,청주시,2013,7,2127245.861
충청북도,청주시,2013,8,2189107.078
충청북도,청주시,2013,9,2113493.222
충청북도,청주시,2013,10,2132428.758
충청북도,청주시,2013,11,2141203.763
충청북도,청주시,2013,12,2173353.122
충청북도,청주시,2014,1,2082405.352
충청북도,청주시,2014,2,2111350.119
충청북도,청주시,2014,3,2007730.381
충청북도,청주시,2014,4,2015162.487
충청북도,청주시,2014,5,2013721.569
충청북도,청주시,2014,6,2156878.089
충청북도,청주시,2014,7,2185266.712
충청북도,청주시,2014,8,2141483.012
충청북도,청주시,2014,9,2125076.764
충청북도,청주시,2014,10,2108670.517
충청북도,청주시,2014,11,2152605.892
충청북도,청주시,2014,12,2236988.104
충청북도,청주시,2015,1,2230898.241
충청북도,청주시,2015,2,2234643.057
충청북도,청주시,2015,3,2247092.04
충청북도,청주시,2015,4,2233504.43
충청북도,청주시,2015,5,2206987.084
충청북도,청주시,2015,6,2190413.743
충청북도,청주시,2015,7,2251848.968
충청북도,청주시,2015,8,2275152.857
충청북도,청주시,2015,9,2357488.204
충청북도,청주시,2015,10,2236945.613
충청북도,청주시,2015,11,2256605.897
충청북도,청주시,2015,12,2267131.866
충청북도,청주시,2016,1,2175878.02
충청북도,청주시,2016,2,2289547.442
충청북도,청주시,2016,3,2245231.123
충청북도,청주시,2016,4,2338000.272
충청북도,청주시,2016,5,2390371.904
충청북도,청주시,2016,6,2372350.257
충청북도,청주시,2016,7,2367947.653
충청북도,청주시,2016,8,2320268.907
충청북도,청주시,2016,9,2367608.992
충청북도,청주시,2016,10,2557888.556
충청북도,청주시,2016,11,2631958.734
충청북도,청주시,2016,12,2397145.141
충청북도,청주시,2017,1,2676178.937
충청북도,청주시,2017,2,2612425.353
충청북도,청주시,2017,3,2608509.346
충청북도,청주시,2017,4,2522357.201
충청북도,청주시,2017,5,2532259.46
충청북도,청주시,2017,6,2546077.725
충청북도,청주시,2017,7,2566480.868
충청북도,청주시,2017,8,2588530.23
충청북도,청주시,2017,9,2535576.841
충청북도,청주시,2017,10,2621554.387
충청북도,청주시,2017,11,2521135.008
충청북도,청주시,2017,12,2474267.643
충청북도,청주시,2018,1,2679179.342
충청북도,청주시,2018,2,2707640.535
충청북도,청주시,2018,3,2785423.683
충청북도,청주시,2018,4,2820164.666
충청북도,청주시,2018,5,2895171.77
충청북도,청주시,2018,6,2843693.664
충청북도,청주시,2018,7,2751922.487
충청북도,청주시,2018,8,2903742.47
충청북도,청주시,2018,9,2845688.104
충청북도,청주시,2018,10,2974086.897
충청북도,청주시,2018,11,2819652.58
충청북도,청주시,2018,12,2922042.802
충청북도,청주시,2019,1,2890333.588
충청북도,청주시,2019,2,2793011.028
충청북도,청주시,2019,3,2901889.81
충청북도,청주시,2019,4,3007759.714
충청북도,청주시,2019,5,2879096.893
충청북도,청주시,2019,6,2774505.097
충청북도,청주시,2019,7,2847011.07
충청북도,청주시,2019,8,2821262.529
충청북도,청주시,2019,9,2777753.62
충청북도,청주시,2019,10,2877738.904
충청북도,청주시,2019,11,2751925.198
충청북도,청주시,2019,12,2806617.548
충청북도,청주시,2020,1,2634522.561
충청북도,청주시,2020,2,2684650.897
충청북도,청주시,2020,3,2723639.603
충청북도,청주시,2020,4,2798832.107
충청북도,청주시,2020,5,2701360.342
충청북도,청주시,2020,6,2634522.561
충청북도,청주시,2020,7,2790477.384
충청북도,청주시,2020,8,2809971.737
충청북도,청주시,2020,9,2904658.595
충청북도,청주시,2020,10,2815541.553
충청북도,청주시,2020,11,2985420.914
충청북도,청주시,2020,12,2960356.746
충청북도,청주시,2021,1,2885909.029
충청북도,청주시,2021,2,3317995.224
충청북도,청주시,2021,3,2939253.004
충청북도,청주시,2021,4,2797891.471
충청북도,청주시,2021,5,2821896.26
충청북도,청주시,2021,6,2819229.061
충청북도,청주시,2021,7,3056609.748
충청북도,청주시,2021,8,3005932.972
충청북도,청주시,2021,9,3408679.981
충청북도,청주시,2021,10,2933918.607
충청북도,청주시,2021,11,3029937.761
충청북도,청주시,2021,12,3622055.88
충청북도,충주시,2010,1,379009.2526
충청북도,충주시,2010,2,391226.0189
충청북도,충주시,2010,3,400605.7162
충청북도,충주시,2010,4,401076.1486
충청북도,충주시,2010,5,416035.8974
충청북도,충주시,2010,6,407951.6983
충청북도,충주시,2010,7,415413.4792
충청북도,충주시,2010,8,413466.613
충청북도,충주시,2010,9,414906.8597
충청북도,충주시,2010,10,404608.0099
충청북도,충주시,2010,11,418373.5843
충청북도,충주시,2010,12,428650.7218
충청북도,충주시,2011,1,410230.9589
충청북도,충주시,2011,2,398081.4386
충청북도,충주시,2011,3,439916.987
충청북도,충주시,2011,4,441319.6366
충청북도,충주시,2011,5,438256.8462
충청북도,충주시,2011,6,439212.2742
충청북도,충주시,2011,7,431907.6546
충청북도,충주시,2011,8,422190.7488
충청북도,충주시,2011,9,421316.6338
충청북도,충주시,2011,10,429712.2031
충청북도,충주시,2011,11,436705.1228
충청북도,충주시,2011,12,419202.4953
충청북도,충주시,2012,1,424325.1301
충청북도,충주시,2012,2,436554.0884
충청북도,충주시,2012,3,432582.9643
충청북도,충주시,2012,4,435574.4568
충청북도,충주시,2012,5,454818.6294
충청북도,충주시,2012,6,443339.1879
충청북도,충주시,2012,7,418236.9498
충청북도,충주시,2012,8,439460.1097
충청북도,충주시,2012,9,445857.3014
충청북도,충주시,2012,10,450091.4138
충청북도,충주시,2012,11,454069.1126
충청북도,충주시,2012,12,449144.6557
충청북도,충주시,2013,1,448049.1725
충청북도,충주시,2013,2,458864.4817
충청북도,충주시,2013,3,433201.9879
충청북도,충주시,2013,4,444870.8418
충청북도,충주시,2013,5,434909.0772
충청북도,충주시,2013,6,456135.385
충청북도,충주시,2013,7,465563.6841
충청북도,충주시,2013,8,479102.4746
충청북도,충주시,2013,9,462553.8162
충청북도,충주시,2013,10,466698.0001
충청북도,충주시,2013,11,468618.4755
충청북도,충주시,2013,12,475654.6035
충청북도,충주시,2014,1,508380.3662
충청북도,충주시,2014,2,515446.6904
충청북도,충주시,2014,3,490149.867
충청북도,충주시,2014,4,491964.2769
충청북도,충주시,2014,5,491612.5035
충청북도,충주시,2014,6,526561.4937
충청북도,충주시,2014,7,533492.0457
충청북도,충주시,2014,8,522803.0732
충청북도,충주시,2014,9,518797.7943
충청북도,충주시,2014,10,514792.5154
충청북도,충주시,2014,11,525518.5166
충청북도,충주시,2014,12,546118.8572
충청북도,충주시,2015,1,502797.2904
충청북도,충주시,2015,2,503641.2928
충청북도,충주시,2015,3,506447.0303
충청북도,충주시,2015,4,503384.6704
충청북도,충주시,2015,5,497408.2214
충청북도,충주시,2015,6,493672.9407
충청북도,충주시,2015,7,507519.1414
충청북도,충주시,2015,8,512771.3452
충청북도,충주시,2015,9,531327.9914
충청북도,충주시,2015,10,504160.2402
충청북도,충주시,2015,11,508591.2525
충청북도,충주시,2015,12,510963.5834
충청북도,충주시,2016,1,492198.8743
충청북도,충주시,2016,2,517911.6951
충청북도,충주시,2016,3,507887.0329
충청북도,충주시,2016,4,528872.0653
충청북도,충주시,2016,5,540718.8959
충청북도,충주시,2016,6,536642.2729
충청북도,충주시,2016,7,535646.3731
충청북도,충주시,2016,8,524861.1061
충청북도,충주시,2016,9,535569.7654
충청북도,충주시,2016,10,578612.3378
충청북도,충주시,2016,11,595367.5319
충청북도,충주시,2016,12,542251.0495
충청북도,충주시,2017,1,583617.3339
충청북도,충주시,2017,2,569714.0419
충청북도,충주시,2017,3,568860.0447
충청북도,충주시,2017,4,550072.1063
충청북도,충주시,2017,5,552231.577
충청북도,충주시,2017,6,555245.0448
충청북도,충주시,2017,7,559694.5334
충청북도,충주시,2017,8,564503.0271
충청북도,충주시,2017,9,552955.0268
충청북도,충주시,2017,10,571704.8889
충청북도,충주시,2017,11,549805.5722
충청북도,충주시,2017,12,539584.8032
충청북도,충주시,2018,1,577619.5455
충청북도,충주시,2018,2,583755.6564
충청북도,충주시,2018,3,600525.3686
충청북도,충주시,2018,4,608015.3752
충청북도,충주시,2018,5,624186.5841
충청북도,충주시,2018,6,613088.1259
충청북도,충주시,2018,7,593302.6547
충청북도,충주시,2018,8,626034.3902
충청북도,충주시,2018,9,613518.1186
충청북도,충주시,2018,10,641200.3461
충청북도,충주시,2018,11,607904.9717
충청북도,충주시,2018,12,629979.863
충청북도,충주시,2019,1,650531.0521
충청북도,충주시,2019,2,628626.5399
충청북도,충주시,2019,3,653132.0257
충청북도,충주시,2019,4,676960.2995
충청북도,충주시,2019,5,648001.9949
충청북도,충주시,2019,6,624461.3864
충청북도,충주시,2019,7,640780.3979
충청북도,충주시,2019,8,634985.1411
충청북도,충주시,2019,9,625192.5356
충청북도,충주시,2019,10,647696.3506
충청북도,충주시,2019,11,619379.2998
충청북도,충주시,2019,12,631688.9765
충청북도,충주시,2020,1,570119.5157
충청북도,충주시,2020,2,580967.4557
충청북도,충주시,2020,3,589404.7424
충청북도,충주시,2020,4,605676.6525
충청북도,충주시,2020,5,584583.4358
충청북도,충주시,2020,6,570119.5157
충청북도,충주시,2020,7,603868.6625
충청북도,충주시,2020,8,608087.3059
충청북도,충주시,2020,9,628577.8593
충청북도,충주시,2020,10,609292.6325
충청북도,충주시,2020,11,646055.096
충청북도,충주시,2020,12,640631.126
충청북도,충주시,2021,1,567685.8677
충청북도,충주시,2021,2,652681.3488
충청북도,충주시,2021,3,578179.1369
충청북도,충주시,2021,4,550371.9734
충청북도,충주시,2021,5,555093.9445
충청북도,충주시,2021,6,554569.2811
충청북도,충주시,2021,7,601264.3293
충청북도,충주시,2021,8,591295.7235
충청북도,충주시,2021,9,670519.9065
충청북도,충주시,2021,10,577129.81
충청북도,충주시,2021,11,596017.6947
충청북도,충주시,2021,12,712492.9836
